Тип;Название;Ккал;Белки;Жиры;Углеводы;МассаПорции;Примечание;Источник
ПРОДУКТ;0.0% Radler minder zoet;19;0.5;0;4.6;0;;
ПРОДУКТ;0.5% Fat Fresh Skimmed Milk;36;3.1;0.5;4.7;0;;
ПРОДУКТ;0930,estu6Tr;100;100;100;100;0;;
ПРОДУКТ;100 % Laranja Natural;47;0.7;0.2;10.5;0;;
ПРОДУКТ;100 % грейпфрутовый сок;40;0;0;10;0;;
ПРОДУКТ;100 г очищенных жареных семечек;710;26;65;6;0;;
ПРОДУКТ;100% Golden Whey Pro Капучино;394;69.7;7.58;6.06;0;;
ПРОДУКТ;100% Pure Orange Juice;42;0.6;0.1;10;0;;
ПРОДУКТ;100% Pure Whey Биологически активная добавка к пище;382;75;6.4;5.6;0;;
ПРОДУКТ;100% frutta succo di arancia di Sicilia;33;0.6;0;8.1;0;;
ПРОДУКТ;100% Коллаген без вкуса;400;100;0.1;0.1;0;;
ПРОДУКТ;140 g;371;5;5;73;0;;
ПРОДУКТ;15 Backfisch-Stäbchen;175;11;7.3;16;0;;
ПРОДУКТ;15% сметана;160;2.9;15;3;0;;
ПРОДУКТ;1668 Sour Cream 15;157.4;2.7;15;2.9;0;;
ПРОДУКТ;2 Lemon Curd Iced Buns;334;4.8;6.9;62.3;0;;
ПРОДУКТ;2,3 Fat Kefir;49;2.7;2.3;4.4;0;;
ПРОДУКТ;20 Protein yoghurt;99;10;1.6;10;0;;
ПРОДУКТ;20 копеек;237;3.9;14.5;22.6;0;;
ПРОДУКТ;20% skābais krējums;204;2.8;20;3.2;0;;
ПРОДУКТ;21 06 E852913 Doritos BITS SWEET PAPRIKA FLAVOUR;514;6.1;25;59;0;;
ПРОДУКТ;2: Спагетти тонкие;350;13;1.5;72;0;;
ПРОДУКТ;3 in 1 Coffee;106.67;1.33;3.33;17.33;0;;
ПРОДУКТ;3 Спагетти;340;10;1;72;0;;
ПРОДУКТ;3 корочки сыр;410;11;10;68;0;;
ПРОДУКТ;3 корочки сёмга сыр;390;10;10;65;0;;
ПРОДУКТ;30 куриных яиц;160.13;12.7;11.5;0.7;0;;
ПРОДУКТ;30112024 31430202A5;537;6.6;34;46;0;;
ПРОДУКТ;343: Перья;350;13;1.5;72;0;;
ПРОДУКТ;35 со вкусом шоколада;537.76;5.5;33;55;0;;
ПРОДУКТ;35 со сливочной начинкой;527.49;4.5;30;60;0;;
ПРОДУКТ;4 Bâtonnets Chocolat au lait cookies;334;3.7;20;33;0;;
ПРОДУКТ;5 x Milchschnitte / 4 x Kinder Pingui;490.12;7.9;27.9;34;0;;
ПРОДУКТ;5 батончиков Snickers;496.41;7.6;25.8;58.3;0;;
ПРОДУКТ;5 злаков;350;12;3;70;0;;
ПРОДУКТ;5 злаков хлопья зерновые;370;12;3;73;0;;
ПРОДУКТ;6 HOLLANDSKE VAFLER;441;3.5;17;68;0;;
ПРОДУКТ;7 Brownies au chocolat;475;5.4;30;47;0;;
ПРОДУКТ;777 чеснок;341;0.7;10;72;0;;
ПРОДУКТ;7days braskes ir vaniles;436;5.3;25;46;0;;
ПРОДУКТ;7up;44;0;0;11;0;;
ПРОДУКТ;8 Овощей Овощная Смесь;45;2.5;0.2;8;0;;
ПРОДУКТ;8 злаков;278;10.3;9.7;37.1;0;;
ПРОДУКТ;ACEITUNAS PARTIDAS ALIÑADAS ESTILO CHUPADEDOS;140;1.4;14;0;0;;
ПРОДУКТ;AGURKŲ GARSTYČIŲ SALOTOS;91;1.5;1.1;18;0;;
ПРОДУКТ;AH Halfvolle koffiemelk;120;7.5;4.5;12;0;;
ПРОДУКТ;ALPEN GOLD;538;4.4;30;61;0;;
ПРОДУКТ;ANCHOR масло сливочное;740;0.6;82.9;0.6;0;;
ПРОДУКТ;Acacia Honey;12.19;0;0;3;0;;
ПРОДУКТ;Accoрти Краковское. Желе в шоколаде;355;0.8;7.3;70;0;;
ПРОДУКТ;Aceto Balsamico di Modena I.G.P. Invecchiato;82.3;0.84;6.21;5.26;0;;
ПРОДУКТ;Aceto Balsamico di Modena IGP (Уксус бальзамический;184;0.5;0;41;0;;
ПРОДУКТ;Actimel Вишня;72.97;2.9;1.5;11.5;0;;
ПРОДУКТ;Actimel Гранат;72.15;2.7;1.5;11.5;0;;
ПРОДУКТ;Actimel Земляника и шиповник;72.15;2.7;1.5;11.5;0;;
ПРОДУКТ;Actimel Клубника;72.15;2.7;1.5;11.5;0;;
ПРОДУКТ;Actimel Малина и клюква;72.15;2.7;1.5;11.5;0;;
ПРОДУКТ;Actimel Мультифрукт;74.21;2.7;1.5;12;0;;
ПРОДУКТ;Actimel Натуральный;69.39;2.8;1.6;10.5;0;;
ПРОДУКТ;Actimel Черника и ежевика;72.97;2.9;1.5;11.5;0;;
ПРОДУКТ;Actimuno;69;2.7;1.5;12.7;0;;
ПРОДУКТ;Actimuno черника-ежевика;71.6;2.84;1.58;12.3;0;;
ПРОДУКТ;Active Energy;75;8.7;0.5;9;0;;
ПРОДУКТ;Active Energy «Манго + Маракуйя;75;8.7;0.5;9;0;;
ПРОДУКТ;Active Energy с соком граната и малины;75;8.7;0.5;9;0;;
ПРОДУКТ;Activia 0;52;4.4;1;8.3;0;;
ПРОДУКТ;Activia Ballaststoffe;64;2.8;1.2;10;0;;
ПРОДУКТ;Activia borůvka;86;3.8;2.8;11.1;0;;
ПРОДУКТ;Activity bio bites;405;20;19;35;0;;
ПРОДУКТ;Adrenaline Rush;54;0.5;0;12.5;0;;
ПРОДУКТ;Adrenaline Rush со вкусом Гуанабана-Лацм;18;0;0;4.1;0;;
ПРОДУКТ;Adrenaline Vitaminpower со вкусом апельсина;16.49;0.3;0;3.8;0;;
ПРОДУКТ;Adrenaline Vitaminpower со вкусом ягод;15.77;0.3;0;3.3;0;;
ПРОДУКТ;Adrenaline Zero sugar;3.11;0;0;0.13;0;;
ПРОДУКТ;Adžika;78;3.4;0;17;0;;
ПРОДУКТ;Adžika Gruzijas;90;1.5;2.5;15.2;0;;
ПРОДУКТ;Agneau de pâques;305;6.1;6.1;55.1;0;;
ПРОДУКТ;Agua aqua minerale без газа смотка на витрине;80;20;0;0;0;;
ПРОДУКТ;Ahjukartul;113;2.2;3.5;17.7;0;;
ПРОДУКТ;Air Popped Tortilla Chips Yellow Cheddar;450;6.5;13;73;0;;
ПРОДУКТ;Airwaves;143;0;0;60;0;;
ПРОДУКТ;Ajvar scharf;64;1.4;2.5;7.5;0;;
ПРОДУКТ;Akbar salati;137;2;9;12;0;;
ПРОДУКТ;Alaska-Seelachsfilets;121;13;1.2;14;0;;
ПРОДУКТ;Albeni;506;5.3;26;62;0;;
ПРОДУКТ;Albeni Latte;490;5.2;24;63;0;;
ПРОДУКТ;Albeni XXL;486;3.9;26.3;58.4;0;;
ПРОДУКТ;Albeni Карамельный крем;532;7.2;27.7;62.4;0;;
ПРОДУКТ;Albert mleko plnotucne 3,5;64;3.3;3.5;4.7;0;;
ПРОДУКТ;Almette;256;6.7;24;3.2;0;;
ПРОДУКТ;Almond;39;0.8;2.5;3;0;;
ПРОДУКТ;Almond Milk;15;0.5;1.4;0;0;;
ПРОДУКТ;Almond No Added Sugar;38;0.9;2.2;3;0;;
ПРОДУКТ;Almond cake;403;11;27;30;0;;
ПРОДУКТ;Almonds, Raw;552;21.2;48.9;6.8;0;;
ПРОДУКТ;Alpaka Cola;354;0.1;0.2;86;0;;
ПРОДУКТ;Alpen Gold - 90;491;5.4;26;59;0;;
ПРОДУКТ;Alpen Gold strawberry yogurt milk chocolate;563;4.9;35;55;0;;
ПРОДУКТ;Alpen gold max fun;502;5.2;24;64;0;;
ПРОДУКТ;Alpro Soya;39;3;1.7;2.5;0;;
ПРОДУКТ;Alpro Soya No Sugars;33;3.3;1.8;0.5;0;;
ПРОДУКТ;Alpro Soya drink Banana flavor;58;3;1.8;7.3;0;;
ПРОДУКТ;Altero Golden масло подсолнечное с добавлением оливкового;899;0;99.9;0;0;;
ПРОДУКТ;Amare вареная сгущенка;510;5;26;64;0;;
ПРОДУКТ;Ambrasiana Delizie;520;5.4;29;58;0;;
ПРОДУКТ;Amor di Pane;426.39;11;12;67;0;;
ПРОДУКТ;Ananasje Jus d’ananas;48;0.2;0;11.2;0;;
ПРОДУКТ;Angel Hair;508;6.1;28;58;0;;
ПРОДУКТ;Anko Paste;267;4.4;1;59.1;0;;
ПРОДУКТ;Anteo Fıstığı Aromalı Vanilya Kakao;164;2.6;6.4;24;0;;
ПРОДУКТ;Antioxidant;17;0;0;4.2;0;;
ПРОДУКТ;Apceptas brētliņas tomātu mērcē 240g;149;9;5;11;0;;
ПРОДУКТ;Aperol;660.1;0.1;0;63;0;;
ПРОДУКТ;Apfelsaft;43;0.5;0.5;10;0;;
ПРОДУКТ;Apfelschorle;23;0;0;5.6;0;;
ПРОДУКТ;Apollo Lakkrís Súkkulaði;503;7.2;26;55;0;;
ПРОДУКТ;Appelsiini-mandarine juoma;32;0;0;8;0;;
ПРОДУКТ;Apple - Grape Juice;49;0;0;12;0;;
ПРОДУКТ;Apple Juice (From Concentrate;45;0.1;0.1;11;0;;
ПРОДУКТ;Apple chips;338;2.2;0.1;73.9;0;;
ПРОДУКТ;Apple juice;53;0;0;13;0;;
ПРОДУКТ;Apple-Pear Juice;40;0.4;0;9.5;0;;
ПРОДУКТ;Apple-pear-blueberry-raspberry;57;0.4;0.5;12.4;0;;
ПРОДУКТ;Apricot smoothie;48;0.1;0.1;12;0;;
ПРОДУКТ;Arance marmellata di;254;0;0;63;0;;
ПРОДУКТ;Aranciata Rossa (orange sanguine;38;0;0;9.1;0;;
ПРОДУКТ;Aranciata Rossa Sparkling Water;38;0.1;0;8.9;0;;
ПРОДУКТ;Aromatični Mandarina;18;0;0;4.3;0;;
ПРОДУКТ;Astrakhan Fish Dried Calamari;280.9;35.1;4.5;25;0;;
ПРОДУКТ;Atlantic Salmon fillet;61.2;22;7;0;0;;
ПРОДУКТ;Auksinės razinos;292;2.7;0.4;69;0;;
ПРОДУКТ;Aura Fruit Mustikas;23;0;0;5.55;0;;
ПРОДУКТ;Aurutatud Peet;53;1.6;0;10.2;0;;
ПРОДУКТ;Author's milk chocolate bar - strawberries and pistachio;652;3;60;35;0;;
ПРОДУКТ;Auzu Biezputra ar zemenem;100;10;5.9;1;0;;
ПРОДУКТ;Avocado;21;0.9;0.1;3.3;0;;
ПРОДУКТ;Ayran;41;1.9;2;3.8;0;;
ПРОДУКТ;Azersud;59;3.1;3.2;4.4;0;;
ПРОДУКТ;BA! Kakao mleko;407;4.9;9.7;73;0;;
ПРОДУКТ;BBB Sos Chipotle;115;1.2;0.5;23;0;;
ПРОДУКТ;BBQ острая для гриля и шашлыка;217.97;7.9;3.1;33.1;0;;
ПРОДУКТ;BCAA Powder вкус апельсин;379;85.3;0.4;2.9;0;;
ПРОДУКТ;BEST WHEY PROTEIN;385;73;6.7;6.1;0;;
ПРОДУКТ;BGOXHOBEHUE;536;6.5;34;51;0;;
ПРОДУКТ;BUCHERON 72;550;8;40;31;0;;
ПРОДУКТ;BURRATA;250.48;11.2;16;1.6;0;;
ПРОДУКТ;Babayevskiy Elite Chocolate 75;525.81;10.5;37;32;0;;
ПРОДУКТ;Babkini Sunflower Seeds;642.86;14.29;46.43;32.14;0;;
ПРОДУКТ;Babushkina Krynka;90;3.2;2;14.8;0;;
ПРОДУКТ;Babyfox молочный шоколад;570;8;38;49;0;;
ПРОДУКТ;Bad apple;35.8;0;0;9.2;0;;
ПРОДУКТ;Bagete ar vistas fileju un mērci;192;8.2;3.32;31;0;;
ПРОДУКТ;Bahlsen Leibniz Butter Biscuitsleibniz;441;8.4;12;74;0;;
ПРОДУКТ;Bake Rolls salt;443;14;14.5;62;0;;
ПРОДУКТ;Baked Bar Oat;400;40;10;36;0;;
ПРОДУКТ;Baked Spiced Croutons For Salad;465;11;17;67;0;;
ПРОДУКТ;Baked beans;79;4.3;0.6;11;0;;
ПРОДУКТ;Balancer;240;15;8;14;0;;
ПРОДУКТ;Balkabaklı frappe;37;0.5;0.9;6.4;0;;
ПРОДУКТ;Baltika;30;0;0;5.5;0;;
ПРОДУКТ;Baltymai;364;90;1.5;2;0;;
ПРОДУКТ;Bam Buk Condensed Milk;470;4.5;17;74;0;;
ПРОДУКТ;Banana Chips;490;1.33;20;76.67;0;;
ПРОДУКТ;Banana Cocktail;55;8;0.4;5.2;0;;
ПРОДУКТ;Banana Land Yummi Gummi;333;8;0;77.5;0;;
ПРОДУКТ;Banana protein bar;478;28;18;51;0;;
ПРОДУКТ;Banana yoghurt;108;2.8;5.1;13;0;;
ПРОДУКТ;Banana-strawberry cocktail;70;1.5;3;9.5;0;;
ПРОДУКТ;Bao Buns;211.27;11.27;3.52;33.8;0;;
ПРОДУКТ;Barbecue Souce;56;2;0.8;12.4;0;;
ПРОДУКТ;Barilla;350;13;2;67;0;;
ПРОДУКТ;Barilla makarna;359;12.5;2;71.2;0;;
ПРОДУКТ;Barista Milk;64;3.3;3.5;4.8;0;;
ПРОДУКТ;Barkleys Cinnamon;385;0.5;0.9;98;0;;
ПРОДУКТ;Barley Groats;364;8.8;1.7;77.9;0;;
ПРОДУКТ;Barni, chocolate;398;5.2;16;60;0;;
ПРОДУКТ;Basmati ryžiai;350;6.9;0.5;79.7;0;;
ПРОДУКТ;Basmati white rice;330;7;1;71.4;0;;
ПРОДУКТ;Batonik z masy twarogowej z nadzieniem z mlekiem zagęszczonym słodzonym oblany czekoladą;351;11.5;21.2;27.7;0;;
ПРОДУКТ;Battistero;387.5;6.25;18.75;51.25;0;;
ПРОДУКТ;Bebida de Almendra;17;0.78;1.4;0.5;0;;
ПРОДУКТ;Beef Burger Americano;234;12.4;18.2;5.1;0;;
ПРОДУКТ;Beef Jerky;358;66.14;5.25;13;0;;
ПРОДУКТ;Beef Pepperoni Pizza;258;12.9;9.9;29.4;0;;
ПРОДУКТ;Beef Tenderloin;147;20.6;7.65;0;0;;
ПРОДУКТ;Beerenmischung;41.35;2.8;0;5.9;0;;
ПРОДУКТ;Beerka Мясные Снеки Сырокопченые;225;45;5;0;0;;
ПРОДУКТ;Beetroot cutlets;135;10.6;2.1;18.5;0;;
ПРОДУКТ;Belgian chocolate - Dark 72% almonds;567;9.2;45;28;0;;
ПРОДУКТ;Belvita;408;0.59;15;62;0;;
ПРОДУКТ;Belvita Утреннее печенье;102;8.2;15;68;0;;
ПРОДУКТ;Benjalin чипс Дзадзики 2411;440;6.4;14;71;0;;
ПРОДУКТ;Berry sauce;161;0.8;0.6;38;0;;
ПРОДУКТ;Besee;395;1.5;0;97.2;0;;
ПРОДУКТ;Bhakar Badi мини-рулеты с начинкой из нутовой муки с солью;542.3;7.4;37.9;42.9;0;;
ПРОДУКТ;Bhelpuri Mixture Хрустящая смесь с воздушным рисом;511.2;12.2;27.6;53.5;0;;
ПРОДУКТ;Bib snail pear mango stripe;221.43;7.14;0;50;0;;
ПРОДУКТ;Bibigo cheese tteokbokki ramyun;380;7.7;10.1;64.6;0;;
ПРОДУКТ;Bibim sous;250;3.33;4.67;50;0;;
ПРОДУКТ;Biezpiena Sieriņš ar aveņu pildījumu;380;13;22.8;30.5;0;;
ПРОДУКТ;Biezpiens;84;18.9;0.5;0.9;0;;
ПРОДУКТ;Biezpiens 9;157;17;9;2;0;;
ПРОДУКТ;Bifrut Вафли Черничные;490;4.5;32;59;0;;
ПРОДУКТ;Big Bon Discovery Лапша с соусом сальса по-мексикански с курицей;380;6;18;47;0;;
ПРОДУКТ;Big Bon Max;380;6.5;18;47;0;;
ПРОДУКТ;Big lunch noodles;411.09;7;20;51;0;;
ПРОДУКТ;Bijela Riza (Dugo Zrno;351;8.2;0.9;77;0;;
ПРОДУКТ;Bikano Chatak masala;535;6.4;33.2;52.6;0;;
ПРОДУКТ;Bio Carrot Juice;29;0.8;0;6;0;;
ПРОДУКТ;Bio Integrale Elicoidali n° 49;348;14;1.9;65.8;0;;
ПРОДУКТ;Bio Integrale Farfalle n° 85;348;14;1.9;65.8;0;;
ПРОДУКТ;Bio Integrale Penne Rigate n° 66;348;14;1.9;65.8;0;;
ПРОДУКТ;Bio Integrale Spaghetti n° 3;348;14;1.9;65.8;0;;
ПРОДУКТ;Bio Mus Jogurt+Zboża Jabłko Gruszka;85;1.9;1.4;15;0;;
ПРОДУКТ;Bio Penne Rigate N. 32 500 GR. Delverde;354;11;1.4;71;0;;
ПРОДУКТ;Bio Soja Boisson;32;3;1.7;1;0;;
ПРОДУКТ;Bio Sommer Gemuse;36;2.2;0.5;4.1;0;;
ПРОДУКТ;Bio Sonnenblumen Kastenbrot;281;9.1;8.2;40;0;;
ПРОДУКТ;Bio mozzarella;243;18.1;18.5;1;0;;
ПРОДУКТ;Bio Баланс Биокефирный 1;38;3;1;4.3;0;;
ПРОДУКТ;Bio Кефирный 1;38;3.2;1;4;0;;
ПРОДУКТ;Bio-Gemüsechips mit Meersalz;547;5.7;37;37;0;;
ПРОДУКТ;Bio-Skyr Дыня канталупа;35;6;0;3;0;;
ПРОДУКТ;Bio-Skyr Страчателла-пломбир;35;6;0;3;0;;
ПРОДУКТ;Bio-Skyr черника-голубика;35;6;0;3;0;;
ПРОДУКТ;Bio-skyr Гранат;35;6;0;3;0;;
ПРОДУКТ;Bio-skyr клубника-киви;35;6;0;3;0;;
ПРОДУКТ;Bioghurt sans lactose;71;4.8;3.5;4.2;0;;
ПРОДУКТ;Birds trifle kits;83;2.1;2;14.2;0;;
ПРОДУКТ;Biscoitos Com Manteiga De Amendoim;520;7.3;26.7;61.6;0;;
ПРОДУКТ;Biscolata Pia Orange;435;3.4;16.6;67.1;0;;
ПРОДУКТ;Biscotti Cereali e cioccolato;437;8.6;17;58;0;;
ПРОДУКТ;Biscuit Choco Boy Orion 45G Corée;530;8;29;59;0;;
ПРОДУКТ;Biscuits au Son;419;9.2;9.6;70;0;;
ПРОДУКТ;Biskrem;502.9;6.2;23.3;65.6;0;;
ПРОДУКТ;Bitter 56% Dark Chocolate;550;6.9;33;51;0;;
ПРОДУКТ;Bitter Lemon;32;0;0;7.6;0;;
ПРОДУКТ;Bitter Горький шоколад 70% какао;499.6;9.4;38;30;0;;
ПРОДУКТ;Bitter. Горький шоколад 70 % какао;530.35;9.4;38;30;0;;
ПРОДУКТ;Bitterschokolade ohne Zuckerzusatz 72% Kakao Charged;450;10;35;24;0;;
ПРОДУКТ;Bizcolate;468;5.2;26;53;0;;
ПРОДУКТ;Bla Band;155;2.75;6.09;20.3;0;;
ПРОДУКТ;Black Currant;31;1.3;0.2;6.1;0;;
ПРОДУКТ;Black Olive Tapenade;223;1.1;22.7;0.9;0;;
ПРОДУКТ;Black Tea;1.26;0;0.01;0.3;0;;
ПРОДУКТ;Black monster;180;0;0;1;0;;
ПРОДУКТ;Black olives pitted;115;0.84;10.68;6.26;0;;
ПРОДУКТ;Bliss;323.17;3.66;19.51;32.93;0;;
ПРОДУКТ;Blood orange & peach flavours;400;5;20;70;0;;
ПРОДУКТ;Blue energy;3;0.2;0;0.13;0;;
ПРОДУКТ;Blätterteiggebäck;542;6.5;32;56;0;;
ПРОДУКТ;Blütenhonig;306;0.5;0.5;75;0;;
ПРОДУКТ;Bockwurst;312;13;28;2;0;;
ПРОДУКТ;Boiled Chicken Sausages;267.21;13;24;0.5;0;;
ПРОДУКТ;Boisson d'avoine;37;0.4;1.2;5.6;0;;
ПРОДУКТ;Bombbar;352;25;17;6.3;0;;
ПРОДУКТ;Bombbar Coconut Cake;355;25;17.9;6.5;0;;
ПРОДУКТ;Bombbar pancake;281;33;6.3;6.1;0;;
ПРОДУКТ;Bombbar tiramisu;312;33.3;8.83;7;0;;
ПРОДУКТ;Bombbar tropic mix cake;303;25;13;7;0;;
ПРОДУКТ;Bombbar wafer Тирамису;367.5;25;28;12;0;;
ПРОДУКТ;Bon Crème Kokos Migdał;123;2.8;6.3;13.8;0;;
ПРОДУКТ;Boneau Water peach flavour;10;0;0;2.4;0;;
ПРОДУКТ;Boondi хрустящие шарики из нутовой муки;569.2;10.6;40.4;40.8;0;;
ПРОДУКТ;Bostonas steiks;169;20;9;2;0;;
ПРОДУКТ;Boulettes végétariennes à la sauce tomates;106;7.6;4.3;8;0;;
ПРОДУКТ;Bounty;487.72;3.86;25.96;58.95;0;;
ПРОДУКТ;Bounty Ice Cream;346.15;4.1;21.28;33.33;0;;
ПРОДУКТ;Bounty Trio;484;3.7;25.4;58.7;0;;
ПРОДУКТ;Bounty hi protein;420;60;12.57;14.29;0;;
ПРОДУКТ;Bounty мини;484;3.3;25.1;60;0;;
ПРОДУКТ;Braadharing partjes;168;15;12;1;0;;
ПРОДУКТ;Bran;355.8;10.7;4;73;0;;
ПРОДУКТ;Bran Bread;265;8.7;3.8;49;0;;
ПРОДУКТ;Bran cu tărâțe;254.5;8.1;1.7;49.2;0;;
ПРОДУКТ;Brassé bio fraise;97;4.2;2.8;12.9;0;;
ПРОДУКТ;Bratheringsfilets;227;14;14;9.3;0;;
ПРОДУКТ;Bratkartoffeln;98;2.4;2.6;15;0;;
ПРОДУКТ;Bratwurst Sausages;346;21;27.2;2.47;0;;
ПРОДУКТ;Breadsticks with cheese;486;15;14;75;0;;
ПРОДУКТ;Bresaola;184;39;2.8;0.8;0;;
ПРОДУКТ;Bridge Coffee 3 в 1 Капучино;420;3.5;9.5;79;0;;
ПРОДУКТ;Bridge Coffee 3 в 1 лесной орех;430;1.5;12;79;0;;
ПРОДУКТ;Bridge Coffee Моккачино 3 в 1;430;3.5;11;78;0;;
ПРОДУКТ;Brioche pepitas con masa madre;369;8.1;15;48;0;;
ПРОДУКТ;Broadway sourcream & onion;554;6.3;33;56;0;;
ПРОДУКТ;Broileri Kintsuliha Shaslõkk;136;17;5.3;4.7;0;;
ПРОДУКТ;Broileri Rinnafilee Šašlõkk;125;19;4.1;1.6;0;;
ПРОДУКТ;Broileripoolkoivad;128;16;6.7;1;0;;
ПРОДУКТ;Brown Rice Mini Cakes;314;15.6;1.3;60.4;0;;
ПРОДУКТ;Browni;433;6.8;23;49;0;;
ПРОДУКТ;Brownie Chocolate Chunk;519.44;32;11.73;37.33;0;;
ПРОДУКТ;Brownie Вишня;385;12;28;18;0;;
ПРОДУКТ;Brownies;393;4.1;5.1;81;0;;
ПРОДУКТ;Brumik;388;6;15;58;0;;
ПРОДУКТ;Bruni кекс глазированный с какао начинкой;416;3.7;21.5;51.5;0;;
ПРОДУКТ;Bruschette Chips;447;8.8;14;70;0;;
ПРОДУКТ;Bruschette Chips Fine Cheese;447;8.8;14;70;0;;
ПРОДУКТ;Bruschette Chips Pizza Flavour;453;9.1;14;71;0;;
ПРОДУКТ;Brânză proaspătă;114;15.1;5.5;1.1;0;;
ПРОДУКТ;Bubble Gum Chocolate imp;536;6.4;31;56;0;;
ПРОДУКТ;Bubble Gum Sour Blast;40;0.5;0;9.6;0;;
ПРОДУКТ;Bubbly and Serrano chilli potato crisps;499;7;28;53;0;;
ПРОДУКТ;Bucheron;490;8;33;40;0;;
ПРОДУКТ;Buckwheat;359;14.1;1.45;72.4;0;;
ПРОДУКТ;Buckwheat groats roasted;109;4.2;0.8;20;0;;
ПРОДУКТ;Bucuria;501;9.8;25.8;57.4;0;;
ПРОДУКТ;Buldak 3x Spicy chicken flavor ramen;400;10;12.9;60.7;0;;
ПРОДУКТ;Bulgur;375;13.75;1.25;76.25;0;;
ПРОДУКТ;Bulgur Fine Line;331;13;1.9;68;0;;
ПРОДУКТ;Bunte Bärchen;333;5.7;0.5;75.4;0;;
ПРОДУКТ;Buratino;37;0;0;9;0;;
ПРОДУКТ;Burger Cheese Slices;271.03;16;22;3;0;;
ПРОДУКТ;Burger Souse;348;1.2;31;14;0;;
ПРОДУКТ;Burgery Rybne Z Mintaja;150;14;5.6;11;0;;
ПРОДУКТ;Burn Original;56;0;0;13.5;0;;
ПРОДУКТ;Burn apple qiwi;50;0;0;12;0;;
ПРОДУКТ;Burratine;243;12;21;1.5;0;;
ПРОДУКТ;Burro Biologico Di Panna Italiana;751;0.5;83;0.5;0;;
ПРОДУКТ;Burroso Nel Gusto;716;0.1;79;1.1;0;;
ПРОДУКТ;Butter Cookie;500;7.69;17.31;76.92;0;;
ПРОДУКТ;Butter Croissants;370;9.2;16;46;0;;
ПРОДУКТ;Butter Salt Caramel Waffle;469;7.7;19;66;0;;
ПРОДУКТ;Butter Süssrahmbutter;744;0.6;82.5;0.8;0;;
ПРОДУКТ;Butterfly Biscuits;466.67;6.67;20;66.67;0;;
ПРОДУКТ;Butterkeks der Klassiker - Familienpackung;438;7.5;12;73.8;0;;
ПРОДУКТ;Buzhenina Pork;130;22;4;1;0;;
ПРОДУКТ;Bystro Syrniki;204;3.6;8.6;28;0;;
ПРОДУКТ;Bífidus desnatado;40;4.2;0.5;5.5;0;;
ПРОДУКТ;C-moll Hazelnut;542;6.6;32;57;0;;
ПРОДУКТ;CARAMEL & SEA SALT ICE CREAM;238;4;6.9;39.5;0;;
ПРОДУКТ;CASA KAKAU;491;5;35.2;42;0;;
ПРОДУКТ;CHIKA BISCUIT apple strudel;308;30;10.6;10.4;0;;
ПРОДУКТ;CHIKAPIE Печенье протеиновое «Банан в шоколаде;316;25;15;4.3;0;;
ПРОДУКТ;CHIKASPORT Protein white chocolate + almonds;513;19.3;38.7;11.2;0;;
ПРОДУКТ;CHIKASPORT Молочный шоколад с фундуком;543;20;42.5;10.2;0;;
ПРОДУКТ;CHIKASPORT молочный шоколад с кешью;526;21.2;40;21.2;0;;
ПРОДУКТ;CHUVS;392;4;8.7;72.3;0;;
ПРОДУКТ;CREME FRAICHE 18;189;2;18;3.1;0;;
ПРОДУКТ;CROISSANT WITH APRICOT FILLING;404;4;15;51;0;;
ПРОДУКТ;CURVIES ORIGINAL;495;4.7;25;61;0;;
ПРОДУКТ;Cacao;309;24;11;13;0;;
ПРОДУКТ;Cacao Powder;379;25;11;45;0;;
ПРОДУКТ;Cacao Soluble;377;5.7;2.8;78;0;;
ПРОДУКТ;Cacao butter;553.33;4;34;57.33;0;;
ПРОДУКТ;Cacao powder Extra Brute;384;19;23;8.8;0;;
ПРОДУКТ;Cafe Jazz Коктейль орехи и сухофрукты;490;12;29;44;0;;
ПРОДУКТ;Caffe Bonetti;208.1;17.97;9.02;27.82;0;;
ПРОДУКТ;Caffè latte;72;2.8;2.6;8.9;0;;
ПРОДУКТ;Calisma 2ème âge de 6 à 12 mois;476;9.7;22.4;57.2;0;;
ПРОДУКТ;Camembert Classic;288;18;24;0.5;0;;
ПРОДУКТ;Camembert Камамбер Тревиль;258.4;16;21.6;0;0;;
ПРОДУКТ;Camenbert;356;18;31;1.3;0;;
ПРОДУКТ;Can tuna shredded;85;17.8;1.3;0.4;0;;
ПРОДУКТ;Canada Dry;27;0;0;6.5;0;;
ПРОДУКТ;Candi;334;5.4;0.2;76;0;;
ПРОДУКТ;Candy milky Dubai trend;495;12;36;18;0;;
ПРОДУКТ;Cannelloni Spinaci;219;7.6;14;14;0;;
ПРОДУКТ;Cantucci D'Abruzzo pistacchi e cedro;406.25;9.38;12.5;65.62;0;;
ПРОДУКТ;Canónigos y rúcula;26;2.4;0.5;1.5;0;;
ПРОДУКТ;Capellini;358;12;1.3;73;0;;
ПРОДУКТ;Capellini n.1;359;14;2;69.7;0;;
ПРОДУКТ;Cappuccino Candy;449;0.9;11.5;85.4;0;;
ПРОДУКТ;Cappuccino Di Torino;435.29;2.8;10;85.2;0;;
ПРОДУКТ;Cappuccino Karamell;423;2.9;8.5;83;0;;
ПРОДУКТ;Cappuccino caramel;60;2.3;2.6;7.2;0;;
ПРОДУКТ;Cappuchino caramel;60;2.3;2.6;7.2;0;;
ПРОДУКТ;Caramel et biscuit;495;5;25.1;62.2;0;;
ПРОДУКТ;Caramelita;250;3.7;10.6;34.7;0;;
ПРОДУКТ;Caramels beurre salé;398;2.5;8.5;78;0;;
ПРОДУКТ;Carat;1;0.2;0;0.3;0;;
ПРОДУКТ;CarboMinor / КарбоМинор;190;31;3;3;0;;
ПРОДУКТ;Carne de Vacuno;211;18;15.1;0.8;0;;
ПРОДУКТ;Carrot apricot apple juice;36;0.6;0;9;0;;
ПРОДУКТ;Carré;529;8.1;31.2;52.3;0;;
ПРОДУКТ;Casein Moccachino;342;80;2;2;0;;
ПРОДУКТ;Cashews;613;20;49;21;0;;
ПРОДУКТ;Caviar Santa-bremor Cod 130G 1 / 12;144;17.5;6.5;3.9;0;;
ПРОДУКТ;Caviar Spread With Shrimp;348;5.8;34;4.7;0;;
ПРОДУКТ;Ceci della Sicilia;121;7.7;2.2;15;0;;
ПРОДУКТ;Ceci pronto all'uso;125;6.7;2.2;16.8;0;;
ПРОДУКТ;Cedar Snowstorm Candy (Кедровая Метелица;510;10;27;57;0;;
ПРОДУКТ;Cepumi Christmas;442;6.6;16;68.6;0;;
ПРОДУКТ;Cereal con muesli natura;460;8.3;18;63;0;;
ПРОДУКТ;Cervelat wurst;306;19;25;1;0;;
ПРОДУКТ;Ceylon Tea, 3.5 Ounce Tin;1.26;0;0.01;0.3;0;;
ПРОДУКТ;Chair de tomates;32.9;1.5;0.3;4.8;0;;
ПРОДУКТ;Champignons de Paris;18;2.1;0.5;0.5;0;;
ПРОДУКТ;Chana Обжаренный нут с куркумой и чёрным перцем;490;18;20;60;0;;
ПРОДУКТ;Cheburek;307;11;16;29;0;;
ПРОДУКТ;Cheddar Cheese Nuggets;251;10;12.6;24.3;0;;
ПРОДУКТ;Cheddar Crunchy Cheese Bits;605;42.3;46.8;1.5;0;;
ПРОДУКТ;Cheddar Slices;361;23;29;0;0;;
ПРОДУКТ;Cheddar Valley Spire;416;25.4;34.9;0.1;0;;
ПРОДУКТ;Cheddar White;390;28;32.5;0;0;;
ПРОДУКТ;Cheeps;546;3.3;34;52;0;;
ПРОДУКТ;Cheerios Cereales;373.33;9;3.67;71;0;;
ПРОДУКТ;Cheese Gouda;347;26;27;0;0;;
ПРОДУКТ;Cheese Slivochniy;330;25;25.6;0;0;;
ПРОДУКТ;Cheese Tokpokki;258;5.83;2.92;52.5;0;;
ПРОДУКТ;Cheese Tortillas;302;7.25;7.25;50;0;;
ПРОДУКТ;Cheese рамен;418;9.5;12;68;0;;
ПРОДУКТ;Cheeze “Царский;224;25.7;13.5;0;0;;
ПРОДУКТ;Cherrissimo classic;416;3.7;17;62;0;;
ПРОДУКТ;Cherry Sugar Free Chewing Gum;163;0;0;66;0;;
ПРОДУКТ;Cherry chocolate;301.39;30;8.1;11.7;0;;
ПРОДУКТ;Cherry gummies;329;0.8;1.6;75;0;;
ПРОДУКТ;Chewing Gum Spearmint;179;0.5;0.5;71;0;;
ПРОДУКТ;Chiafrø;482;21;34;42.8;0;;
ПРОДУКТ;Chicken Casserole Mix;331;5.6;2;71;0;;
ПРОДУКТ;Chicken Frankfurters;113.14;12.5;24;1.5;0;;
ПРОДУКТ;Chicken Gyoza;148;5.7;2.3;25;0;;
ПРОДУКТ;Chicken Kebab;197;6.6;8.7;23.1;0;;
ПРОДУКТ;Chicken Nuggets;192;10.5;7.6;20.5;0;;
ПРОДУКТ;Chicken Panini;241;14.2;6.2;31.4;0;;
ПРОДУКТ;Chicken Pelmeni;247;20.4;8.6;22;0;;
ПРОДУКТ;Chicken Teriyaki with Rice;194;12;4.6;26.2;0;;
ПРОДУКТ;Chicken Tikka Masala;141;2.5;9;12;0;;
ПРОДУКТ;Chicken Zinger Wrap;104.58;2;23;7;0;;
ПРОДУКТ;Chicken fillet chips;288;58.4;4.5;3.6;0;;
ПРОДУКТ;Chika Biscuit Арахисовый;344;30;16.1;4.1;0;;
ПРОДУКТ;Chika Biscuit Бисквит капучино;337;30;15.4;4.1;0;;
ПРОДУКТ;Chika Layers Батончик протеиновый «Фисташковый йогурт;328;30;13.8;3.6;0;;
ПРОДУКТ;Chikabar батончик глазированный с начинкой «Кокос;373;25;20;5.8;0;;
ПРОДУКТ;Chikalayers hazelnut&caramel;336;30;14.2;39.5;0;;
ПРОДУКТ;Chikalayers peanut&caramel;333.33;30;14.17;3.83;0;;
ПРОДУКТ;Chikapie Печенье глазированное с начинкой Арахисовое;181;15;9;2.5;0;;
ПРОДУКТ;Chikasport protein milk chokolate;507;21;38;11;0;;
ПРОДУКТ;Chiken Cotlet;190;13;10;13;0;;
ПРОДУКТ;Chikon Наггетсы Классические;282;9;14;30;0;;
ПРОДУКТ;Chili Cheese Nuggets;247;9.2;11;26;0;;
ПРОДУКТ;Chili Ketchup;96;1.1;0.3;22;0;;
ПРОДУКТ;Chilli Sauce;212;0;0;51;0;;
ПРОДУКТ;Chinese soup;370;9;14;5;0;;
ПРОДУКТ;Chio rio;530;3.5;30;58;0;;
ПРОДУКТ;Chipotle Burger Style Sauce;271;1;22;16;0;;
ПРОДУКТ;Chips BBQ;479;5.9;22;61;0;;
ПРОДУКТ;Chips Max Sour Cream;546;6.3;34;52;0;;
ПРОДУКТ;Chips cașcaval;517;6.5;30;52;0;;
ПРОДУКТ;Chips piper thailandez;520;3.9;30;57;0;;
ПРОДУКТ;Chips smântână și cașcaval;520;3.9;30;57;0;;
ПРОДУКТ;Chips strips creme & oignon cooke's;510;7;26;62;0;;
ПРОДУКТ;Chipsuri leodor;515;5.7;31;51;0;;
ПРОДУКТ;Chleb Firmowy;213;6.7;1.1;43;0;;
ПРОДУКТ;Chleb Litewski Borodinski;250;6.3;1;51.1;0;;
ПРОДУКТ;Chleb Rustykalny;229;6.8;5.3;39;0;;
ПРОДУКТ;Chleb Zwykły;255;7.6;1.7;51;0;;
ПРОДУКТ;Chleb z ziarnami;262;9.7;5.8;40;0;;
ПРОДУКТ;Chleb Żytni IG;262;7.6;5.7;43;0;;
ПРОДУКТ;Chleb żytni pełnoziarnisty z siemieniem lnianym;227;6.9;5.4;33;0;;
ПРОДУКТ;Choco Balls;378;8.4;2.5;78;0;;
ПРОДУКТ;Choco Banana Protein Bar;392;25;16;41;0;;
ПРОДУКТ;Choco Bar;414;7.3;20;55;0;;
ПРОДУКТ;Choco Brownie;474;5.7;19;67;0;;
ПРОДУКТ;Choco Cheesecake;401;10.2;25.6;32.4;0;;
ПРОДУКТ;Choco Chip;480;6;28;52;0;;
ПРОДУКТ;Choco Cookies;508;5.7;27;60;0;;
ПРОДУКТ;Choco Curlz;392;9.6;3.6;77;0;;
ПРОДУКТ;Choco Ops;369.5;7.4;3.1;78;0;;
ПРОДУКТ;Choco Pie;445.27;3.94;18.3;66.3;0;;
ПРОДУКТ;Choco Pie - Мучное кондитерское изделие в глазури«Choco Pie» («Чоко Пай;506.67;4.5;18;63;0;;
ПРОДУКТ;Choco Pie Matcha;440;6;20;59;0;;
ПРОДУКТ;Choco Pie Вишня;430;5;18;61;0;;
ПРОДУКТ;Choco Prunes;398;4.2;19.65;52.05;0;;
ПРОДУКТ;Choco cookie;496;6.9;24;63;0;;
ПРОДУКТ;Choco pie какао;420;4.5;16;64;0;;
ПРОДУКТ;Choco&Nuts White;589;8.9;41;45;0;;
ПРОДУКТ;Choco-Pie;430;4.5;18;63;0;;
ПРОДУКТ;Choco-Pie (яблоко-корица;420;5;17;62;0;;
ПРОДУКТ;Choco-Pie Чёрная Смородина;427;5;18;61;0;;
ПРОДУКТ;Choco-pie Dark Cacao;470;6;22;61;0;;
ПРОДУКТ;Choco-pie Манго;430;5;18;61;0;;
ПРОДУКТ;ChocoPie Вишня;440;5;19;62;0;;
ПРОДУКТ;Chocochip & orange;430;5;19;60;0;;
ПРОДУКТ;Chocolade Казахстанский;550;7.4;35.2;50.9;0;;
ПРОДУКТ;Chocolat;560;0;38;38;0;;
ПРОДУКТ;Chocolat Produit de Fromage à la Crème;300;6.67;16.67;30;0;;
ПРОДУКТ;Chocolat noir extra fin;450;10;35;24;0;;
ПРОДУКТ;Chocolat noisettes/raisin - 100 G;550;7;35;51;0;;
ПРОДУКТ;Chocolat with almond 75;540;11;38;31;0;;
ПРОДУКТ;Chocolat 《Babaevskij》 aux noisettes;555;8.5;38;41;0;;
ПРОДУКТ;Chocolate;547;5.4;34;55;0;;
ПРОДУКТ;Chocolate Bar;489;8;23.2;60;0;;
ПРОДУКТ;Chocolate Brownie;473;2.3;24;58;0;;
ПРОДУКТ;Chocolate Millennium Favorite Brut dark 74;552;9.2;40.6;37.4;0;;
ПРОДУКТ;Chocolate Mint;389;1;6.5;81;0;;
ПРОДУКТ;Chocolate Mochi Bread;386;7.24;10.7;64.8;0;;
ПРОДУКТ;Chocolate Protein Milkshake;81;6.1;1.8;9.8;0;;
ПРОДУКТ;Chocolate Schogetten Black & White;555;5.4;34;56;0;;
ПРОДУКТ;Chocolate Stroopwafels;435;3.5;17;66;0;;
ПРОДУКТ;Chocolate Vanilla;256;3.6;8.7;38.3;0;;
ПРОДУКТ;Chocolate Violets;459;3.5;18;67;0;;
ПРОДУКТ;Chocolate hazelnut protein bar;328;33;13.6;6.9;0;;
ПРОДУКТ;Chocolate mints;456;4;17;70;0;;
ПРОДУКТ;Chokladknappar;558;9;35;51;0;;
ПРОДУКТ;Chorizo de pavo;256;24;17;1.8;0;;
ПРОДУКТ;Choucroute d'Alsace;77;0.5;6.9;2;0;;
ПРОДУКТ;Chrunchitos;302;13.1;5.9;61.2;0;;
ПРОДУКТ;Chuch-Hela Cherry;400.9;4.8;9.5;74.2;0;;
ПРОДУКТ;Chuck Eye Steak;196;19.4;13.3;0;0;;
ПРОДУКТ;Chupa Chips Pinkies;330;4.3;0;77;0;;
ПРОДУКТ;Chupa Chups Sparkling Grape;48;0;0;12.2;0;;
ПРОДУКТ;Chupa chups® роллсы;360;0.4;0.5;86;0;;
ПРОДУКТ;Cicibebe;443;4.7;14;74;0;;
ПРОДУКТ;Cido pineapple nectar;44;0;0;11;0;;
ПРОДУКТ;Cini Minis;412;6.1;9;73.4;0;;
ПРОДУКТ;Cini Minis Churros;393;7.6;5.5;75.6;0;;
ПРОДУКТ;Cini Minis Protein;418;15.1;9.6;64.5;0;;
ПРОДУКТ;Cinni bits;398;10;6.2;73;0;;
ПРОДУКТ;Citir;633;28;52.7;24;0;;
ПРОДУКТ;Citrosodina;234;0.1;0.9;83.57;0;;
ПРОДУКТ;Citrus Shield;40;0;0;10;0;;
ПРОДУКТ;Classic;516.01;6.5;32;51;0;;
ПРОДУКТ;Classic Fish fingers;204;11;9;19;0;;
ПРОДУКТ;Classic Tofu;75;8.7;3.7;1.7;0;;
ПРОДУКТ;Classic mayonnaise;470;0.8;50;4.8;0;;
ПРОДУКТ;Classic surimi sticks;112;8.2;3.2;13.2;0;;
ПРОДУКТ;Clonbawn Milk;63;3.3;3.5;4.5;0;;
ПРОДУКТ;Coca (original;42;0;0;10.6;0;;
ПРОДУКТ;Coca Cola;42;0;0;10.6;0;;
ПРОДУКТ;Coca-Cola;42;0;0;10.8;0;;
ПРОДУКТ;Coca-Cola classic;44;0;0;10.9;0;;
ПРОДУКТ;Coca-Cola] Carbonated softdrink with cola taste;42;0;0;10.6;0;;
ПРОДУКТ;Coco Tropic батончик глазированный «Манго-маракуйя;399;6.8;29;8.8;0;;
ПРОДУКТ;Coco coconut;405.11;7;30;7.3;0;;
ПРОДУКТ;Coco white choco;391.73;7.8;27.5;8.3;0;;
ПРОДУКТ;Coconut Almonds;550;7.5;35;55;0;;
ПРОДУКТ;Coconut Cream;226;2.4;23;2.6;0;;
ПРОДУКТ;Coconut Oil;857;0;100;0;0;;
ПРОДУКТ;Coconut Pineapple Nectar;95;1;3;21;0;;
ПРОДУКТ;Coconut Water;20;0.1;0;4.8;0;;
ПРОДУКТ;Coconut ice cream;217.14;2.97;12.34;22.86;0;;
ПРОДУКТ;Coffe;53.3;2.9;2.5;4.8;0;;
ПРОДУКТ;Coffe cream;134;2.7;12;3.9;0;;
ПРОДУКТ;Coffee;296;19.4;1.1;42.6;0;;
ПРОДУКТ;Coffee drink;434;1.7;9.1;86.3;0;;
ПРОДУКТ;Coke Original Taste;42;0;0;10.6;0;;
ПРОДУКТ;Coke Zero caffeine free;1;0;0;0.2;0;;
ПРОДУКТ;Cola;20;0.5;0.5;5;0;;
ПРОДУКТ;Cola Malina;49;0;0;12;0;;
ПРОДУКТ;Collab passion fruit and lime;7.27;1.79;0;0;0;;
ПРОДУКТ;Colomba Mora;399;7.9;17;52;0;;
ПРОДУКТ;Combino Medium Shells;357.14;12.5;1.79;71.43;0;;
ПРОДУКТ;Comfort Bioyoghurt;73;2.8;1.5;12;0;;
ПРОДУКТ;Comfort Yogurt;87;4.1;3;11;0;;
ПРОДУКТ;Conchiglie;363;14.5;1.5;71.1;0;;
ПРОДУКТ;Conchiglie Макароны;356;12;1.4;72;0;;
ПРОДУКТ;Condenced milk;338.5;7.2;8.5;58.3;0;;
ПРОДУКТ;Condensed sweetened milk;322;7.3;8;55;0;;
ПРОДУКТ;Condimento al tartufo;819;0;91;0;0;;
ПРОДУКТ;Confit oignon et mangue;139;0.5;0.5;33;0;;
ПРОДУКТ;Cookie Caramel;306;3.1;14;41;0;;
ПРОДУКТ;Cookie Choko;472;9.3;17.7;67.4;0;;
ПРОДУКТ;Cookie Cream Chika Biscuit Cappuccino;294.22;30;11;3.8;0;;
ПРОДУКТ;Cookie Rings;370;7.5;4;75;0;;
ПРОДУКТ;Cookie nuts;443.3;6.2;32.5;31.2;0;;
ПРОДУКТ;Cookie “Korovka” With Cream Flavor;457;6.67;20;66.7;0;;
ПРОДУКТ;Cookies;541;5.89;31;59.9;0;;
ПРОДУКТ;Cookies & Cream Golden 7 Protein Blend;391.3;50;5.43;32.61;0;;
ПРОДУКТ;Cookies Tout Chocolat;495;5.5;26;58;0;;
ПРОДУКТ;Cookies bubble gum;539;5.6;29;62;0;;
ПРОДУКТ;Cool Cola с дубайским шоколадом;20;0;0;4.7;0;;
ПРОДУКТ;Cool taste guyabano fruit juice drink of ten a;63;0;0.5;15;0;;
ПРОДУКТ;Coop Mango Mahlajäätis;118;0;0;29;0;;
ПРОДУКТ;Coop X-tra Jordgubbar;32;0.8;0.4;5.5;0;;
ПРОДУКТ;Coop X-tra Milk chocolate;515;5;27;63;0;;
ПРОДУКТ;Coppa maga coconut;264;3;22;15;0;;
ПРОДУКТ;Corazones De Romana;17;1.2;0.3;3.3;0;;
ПРОДУКТ;Corn Flakes;379;8.2;1;82.7;0;;
ПРОДУКТ;Corn cakes with salt - Auchan;380;10;10;72;0;;
ПРОДУКТ;Cornetto;408;6.6;15;60;0;;
ПРОДУКТ;Cornichons;33;0.5;0.5;6.5;0;;
ПРОДУКТ;Cornichons Gurken;35;1.2;0.3;5.5;0;;
ПРОДУКТ;Cornish Cruncher Cheddar Cheese;416;25.4;34.9;0.1;0;;
ПРОДУКТ;Cornstarch;370;0.19;0.78;90.58;0;;
ПРОДУКТ;Corny Big choco-banana;424;4.9;13.8;67.8;0;;
ПРОДУКТ;Corny Big cranberry;391.01;5.9;7.7;71;0;;
ПРОДУКТ;Cottage Cheese, 12% Fat;153;10;12;1.2;0;;
ПРОДУКТ;Cottage cheese;99;13;3.6;3.8;0;;
ПРОДУКТ;Cottage cheese, 0% fat;81;17.2;0.6;1.6;0;;
ПРОДУКТ;Coulis 3x210g Heinz;37;1.6;0.1;7.1;0;;
ПРОДУКТ;Country Bacon Flavor;500;7;25;61;0;;
ПРОДУКТ;Couscous;349;12;1.5;70;0;;
ПРОДУКТ;Couscous Premium;361;13;1.6;74;0;;
ПРОДУКТ;Covrigei;412.3;9.6;7.9;74.1;0;;
ПРОДУКТ;Crab Sticks;94;6.61;0.7;15.2;0;;
ПРОДУКТ;Crack It Кокосовый;500;7;25;64;0;;
ПРОДУКТ;Cracker Mit Sesam 250g Packung Stiratini;442;11;13;68;0;;
ПРОДУКТ;Craft Bars;525;7.9;31.4;52.62;0;;
ПРОДУКТ;Cranberry Drink Leicht;6;0;0;1.9;0;;
ПРОДУКТ;Cream & Onion Flavour;500;7;25;61;0;;
ПРОДУКТ;Cream 30;293;2.3;30;3.4;0;;
ПРОДУКТ;Cream Buronka ultra-pasteurized 10;118;3;10;4;0;;
ПРОДУКТ;Cream Cheese With Herbs;149;6;12;4.4;0;;
ПРОДУКТ;Cream Cheese Сливочный;280;7.1;26.6;3;0;;
ПРОДУКТ;Creamy Chicken instant soup with croutons;435;6.6;22.6;50.4;0;;
ПРОДУКТ;Creamy Peanut Butter;580;20;47;25;0;;
ПРОДУКТ;Crema de cacao;206;3.4;5.5;32.9;0;;
ПРОДУКТ;Crema e Aroma Beans;396.6;14.4;15.4;40.2;0;;
ПРОДУКТ;Cremiger Blüten Honig;302;0.4;0.01;75.1;0;;
ПРОДУКТ;Cremissimo Heidelbeertraum;177;2;5.9;29;0;;
ПРОДУКТ;Crevettes d'Equateur assaisonnées ASC;71;9.4;3.5;0.4;0;;
ПРОДУКТ;Crisp buckweat bread;370;12;3;66;0;;
ПРОДУКТ;Crispers;527;15;33;41;0;;
ПРОДУКТ;Crisps Крекер Кокос - кэроб;417;6.9;24.6;40.8;0;;
ПРОДУКТ;Crisps Крекер Кокос - шоколад;433;7.9;26.5;38.5;0;;
ПРОДУКТ;Crisps Крекер Кокос-Лайм;440;7.3;29;36;0;;
ПРОДУКТ;Crisps Крекер Манго;435;6.9;27.3;39.1;0;;
ПРОДУКТ;Crispy Tofee;563;2.2;35;58;0;;
ПРОДУКТ;Crispy granola with natural honey with berries;395.5;7.3;13.5;63.1;0;;
ПРОДУКТ;Croissant Bun Strawberry Cheesecake;407;4.8;21.2;48.6;0;;
ПРОДУКТ;Croque végé pesto chevre et tomate;270;9.3;14;27;0;;
ПРОДУКТ;Crunch;327;29.17;10;15;0;;
ПРОДУКТ;Crunch Клюква-черника;425;7.5;27.5;40;0;;
ПРОДУКТ;Crunch черника - ваниль;440;10;27;38;0;;
ПРОДУКТ;Crunchy Cookies by Well Done;494.26;5.9;26;57;0;;
ПРОДУКТ;Crunchy Protein Raspberry Protein Bar;389;25;16;41;0;;
ПРОДУКТ;Crunchy prażone musli orzechowe;446;9.6;15.7;63.1;0;;
ПРОДУКТ;Crvenkapica (as Okusom Jagode;527;2;28.6;65.3;0;;
ПРОДУКТ;Crème fraîche natur;308;2.3;32;2.3;0;;
ПРОДУКТ;Cubes de blé diététiques;290;14;3;40;0;;
ПРОДУКТ;Cubes de fromage à la méditerranéenne affinés dans l’huile (aux olives;514;8.4;53;0.7;0;;
ПРОДУКТ;Cucumbers;35;0;0;8.75;0;;
ПРОДУКТ;Cukr skořicový;380;0.4;0.3;92.5;0;;
ПРОДУКТ;Curd;101;18;1.8;3.3;0;;
ПРОДУКТ;Curd Snack Vanilla;407;8.7;23.3;40.7;0;;
ПРОДУКТ;Curry Udon;444.76;8.86;17.9;62.1;0;;
ПРОДУКТ;Currywurst;307;12.5;28;1.2;0;;
ПРОДУКТ;Císařská směs;84;3.2;0.5;17;0;;
ПРОДУКТ;Cāļa pusspārni;153;15;9.9;0.9;0;;
ПРОДУКТ;Cушеный анона;348;2;0;84;0;;
ПРОДУКТ;DO-RE-MI JÄÄTIS;202;2.5;9.2;27;0;;
ПРОДУКТ;DZALA;45.41;0;0;10.5;0;;
ПРОДУКТ;Dadu ice cream;100;4.17;13.89;23.61;0;;
ПРОДУКТ;Daily Nuts;520;10;28;58;0;;
ПРОДУКТ;Dairy moo ice cream balls strawberry;156;2.1;9;16.6;0;;
ПРОДУКТ;Dakota Sunflower Seeds;640;29.7;53.9;3;0;;
ПРОДУКТ;DalColle Croissant Cioccolato;442;6.3;22;53;0;;
ПРОДУКТ;Danie Instant Smak Teriyaki;114.33;2.33;4.67;15.37;0;;
ПРОДУКТ;Danielle Yogurt;113.64;5.45;5;11.02;0;;
ПРОДУКТ;Danish Blue Cheese;341;20;29;0.5;0;;
ПРОДУКТ;Dankek Lokmalik , Kakaolu;426;5.1;24.4;45.7;0;;
ПРОДУКТ;Danone живой йогурт банан;70;2.8;1.2;11.9;0;;
ПРОДУКТ;Danone творожный апельсин и маракуйя;108;6.1;3.6;12.8;0;;
ПРОДУКТ;Dare десерт бар кокос;488;5.8;27;59;0;;
ПРОДУКТ;Dark;526;5.1;29;56;0;;
ПРОДУКТ;Dark 60% cacao;566;6.4;38;46;0;;
ПРОДУКТ;Dark Chocolate;621;8.2;53.3;20.4;0;;
ПРОДУКТ;Dark Chocolate 85;565;11;46;18;0;;
ПРОДУКТ;Dark Chocolate 85% Zero Sugar;587;10;48;26;0;;
ПРОДУКТ;Dark Chocolate Mango;453;5.1;21.2;57.9;0;;
ПРОДУКТ;Dark Hazlenuts Chocolate;566;8;38;44;0;;
ПРОДУКТ;Dark Kvas Rye and barley malt;34;0;0;7.4;0;;
ПРОДУКТ;Dark Milk Chocolate 55;598;8.5;45;35;0;;
ПРОДУКТ;Dark Milk Fruit Nut;544;9.8;32.8;52.4;0;;
ПРОДУКТ;Dark chocolate 70% Mint;400;8.5;38;15;0;;
ПРОДУКТ;Dark chocolate chips;561;7;36;50.2;0;;
ПРОДУКТ;Dark chocolate raspberry & chia;498;6.6;28.1;51.4;0;;
ПРОДУКТ;Dark chocolate with abseinthe filling;459;4;25;52;0;;
ПРОДУКТ;Dark. Тёмный шоколад с фундуком;525.33;5.8;33;52;0;;
ПРОДУКТ;Das gute Zirndorfer Landbier alkoholfrei;19.5;0.7;0;3.3;0;;
ПРОДУКТ;De Olio Вега-Масло Лайм И Масло Авокадо;655;0.5;72.5;0.1;0;;
ПРОДУКТ;DeSenviş;327;23.5;25.5;0.7;0;;
ПРОДУКТ;Debrecínská pečeně;120;19.3;4.5;0.5;0;;
ПРОДУКТ;Deli;284;7.7;7.5;46;0;;
ПРОДУКТ;Delicious Burger Курячий;272;11.2;16.5;19.6;0;;
ПРОДУКТ;Delikatess Geflügel-Gutsherren-Brühwurst;200;13;16;1;0;;
ПРОДУКТ;Delikäiser мраморная ветчина;230;12;18;5;0;;
ПРОДУКТ;Della Mamma;232;3;12.8;25.2;0;;
ПРОДУКТ;Desa Ar Sieru;152;13;9.5;3.6;0;;
ПРОДУКТ;Desa BALTIJOS 1+1;369;24.9;29.9;1.1;0;;
ПРОДУКТ;Deser mleczny o smaku truskawkowym z bitą śmietana waniliowa;1;3.1;5;16;0;;
ПРОДУКТ;Deserta Izlase;344;15.2;27.9;8.1;0;;
ПРОДУКТ;Dessert Tiramisu;270;4;12;34;0;;
ПРОДУКТ;Dessert souffle;339;22;17;10.2;0;;
ПРОДУКТ;Dessert strawberry & cream flavor;410;3.4;13.5;68.6;0;;
ПРОДУКТ;Dessertsauce Karamell;230;0.5;1;55;0;;
ПРОДУКТ;Die mag ich;361;13;2.5;70;0;;
ПРОДУКТ;DinkelSchoko Muffins;378;7.4;4.8;74;0;;
ПРОДУКТ;Dip Nacho Cheese Style;130;2.5;9.9;7.7;0;;
ПРОДУКТ;Dirol Манго;175.19;0.4;1.5;68;0;;
ПРОДУКТ;Doctor's Signature Sausage;259;11;23;2.1;0;;
ПРОДУКТ;Dog Adult Yorkshire'i terjereid;300;18.2;25;0.7;0;;
ПРОДУКТ;Doktori Vorst;234;12;18;6;0;;
ПРОДУКТ;Donut протеиновый с шоколадной начинкой;366;17;22;19;0;;
ПРОДУКТ;Dorschleber;539;5.2;58;1.4;0;;
ПРОДУКТ;Doshirak Poulet;472;9.9;22.4;57.8;0;;
ПРОДУКТ;Doshirak boeuf;400;8;17;54;0;;
ПРОДУКТ;Doshirak oriental style-chicken mild;460;0;19;62;0;;
ПРОДУКТ;Double Coco;490;4.75;41;28.75;0;;
ПРОДУКТ;Dr Pepper & Cream Soda;42;0;0;11.27;0;;
ПРОДУКТ;Dr. Korner медовые хлебцы;318;9;2;66;0;;
ПРОДУКТ;Dr.Korner кукурузно-рисовые хлебцы Прованские травы;170;7;1;68;0;;
ПРОДУКТ;Draugu dilles;534;6.2;32;53;0;;
ПРОДУКТ;Dried Beef Bar;243.79;35.3;5;11.8;0;;
ПРОДУКТ;Dried Mangoes;333.33;2.5;0;82.5;0;;
ПРОДУКТ;Dried mango;358;1.23;0.67;86.7;0;;
ПРОДУКТ;Drip coffee;202;14;16;0.4;0;;
ПРОДУКТ;Drive me Original;43.02;0;0;10.6;0;;
ПРОДУКТ;Dropz Сладкий Микс;551;2.21;30.48;67;0;;
ПРОДУКТ;Dubai Crunchy Cake;380.24;2.5;15.36;58;0;;
ПРОДУКТ;Dubai White Chocolate;559;9.2;36;48;0;;
ПРОДУКТ;Dubai style chocolate;560;8.9;37;47;0;;
ПРОДУКТ;Dubbel frisss;23;0;0;5.6;0;;
ПРОДУКТ;Duck paté;171;12;10;8.3;0;;
ПРОДУКТ;Dumle Original;474;3.4;21;66;0;;
ПРОДУКТ;Duo Schoko Creme, Nussetti;587;3.8;40.8;49.7;0;;
ПРОДУКТ;Duroc Käse-Griller;302;16;26;1.1;0;;
ПРОДУКТ;Dusted Cocoa Truffles;554;4.3;36;49;0;;
ПРОДУКТ;Dynami:t Game - Лидское пиво - 500 мл;45;0;0;11;0;;
ПРОДУКТ;Dzintara saldskabmaize;246;5.7;0.8;52;0;;
ПРОДУКТ;Dżem truskawkowy Kids;139;0.5;0.5;33;0;;
ПРОДУКТ;E-ON Almond Rush;42;0;0;10.5;0;;
ПРОДУКТ;E-ON Блэк Пауэр (Black Power;46;0;0;11.2;0;;
ПРОДУКТ;EDAMER;315;27;23;15;0;;
ПРОДУКТ;ERDBEEREN in Milchschokolade;450.83;5.3;30.3;59.3;0;;
ПРОДУКТ;Eco botanica;200;1;0;81;0;;
ПРОДУКТ;Edelmazipantaler;432;5.4;19.7;53.1;0;;
ПРОДУКТ;Egg Noodle;339;14;1.4;70;0;;
ПРОДУКТ;Egg White;45;10.5;0;0.7;0;;
ПРОДУКТ;Eierlikör Genuss;204;2.9;7.8;29;0;;
ПРОДУКТ;Eins komma Fünf;24;0.5;0.5;5.6;0;;
ПРОДУКТ;Eis Kaffee;499;7.2;27;54;0;;
ПРОДУКТ;Eis Nogger Choc;194;3.2;8;26;0;;
ПРОДУКТ;Eistee zirone;24;0.08;0.1;5.7;0;;
ПРОДУКТ;Ekde Matjesfilet;247;13;21.5;0.3;0;;
ПРОДУКТ;Ekologiczny makaron pełnoziarnisty świderki;353;12;2.3;67;0;;
ПРОДУКТ;Ekologiškas jogurtas;98;3.9;3.1;13.7;0;;
ПРОДУКТ;Ekzo vegan Манго-маракуйя на кокосовой основе;136;0.5;0.5;31.4;0;;
ПРОДУКТ;Elbow Macaroni;375;12.5;1.79;73.21;0;;
ПРОДУКТ;Elegant Milk Chocolate Bar;398;5.57;33.63;18.26;0;;
ПРОДУКТ;Elgovita;437.07;7;19;68;0;;
ПРОДУКТ;Elite 100% Whey Protein Powder;411.76;73.53;8.82;5.88;0;;
ПРОДУКТ;Emma vaniljarahka;125;9.1;4;13;0;;
ПРОДУКТ;Emmental;370;28.2;28.5;0;0;;
ПРОДУКТ;Emmental Francese;369;27;29;0.5;0;;
ПРОДУКТ;Emmentaler;395;29;31;0.1;0;;
ПРОДУКТ;Endurosnack - zelené jablko;118;1.8;0;37;0;;
ПРОДУКТ;Energy Ball Bio Kakao;397;21;16;42;0;;
ПРОДУКТ;Energy Drink;50;0;0;13;0;;
ПРОДУКТ;Energy Drink Gorilla Mango Coconut;54;0;0;13.6;0;;
ПРОДУКТ;Energy drink 0.355;46;0;0;11;0;;
ПРОДУКТ;Epica crispy йогурт лимон;180;6.6;8.6;17.7;0;;
ПРОДУКТ;Epica без сахара;60;4.69;2.9;3.8;0;;
ПРОДУКТ;Epica йогурт натуральный состав без сахара;100;7;6;4.2;0;;
ПРОДУКТ;Epica манго;80;3.4;2.5;10.9;0;;
ПРОДУКТ;Epicerie / Thé Bio Et équitable / Thé Vert;5.1;0;0;1.09;0;;
ПРОДУКТ;Erdbeer schnüre;337;1;1.6;89;0;;
ПРОДУКТ;Erdbeer-Jogurt-Sahnetorte;227;3.6;12.6;24.5;0;;
ПРОДУКТ;Erdbeere & heidelbeere in apfel;53;0.4;0.5;10;0;;
ПРОДУКТ;Erdbeermarmelade;224;0.4;0.1;54.2;0;;
ПРОДУКТ;Erdnüsse Jumbo;637;27;53;9.3;0;;
ПРОДУКТ;Escalopes Panados Vegetarianos;245;15;14;14;0;;
ПРОДУКТ;Eskimo chocolate ice cream;214;3;13.8;19.5;0;;
ПРОДУКТ;Espresso Napoli;1;0.1;0;0;0;;
ПРОДУКТ;Ester Rolls;508;3.8;25;67;0;;
ПРОДУКТ;Estrella Potato sticks;517.45;5.9;31;51;0;;
ПРОДУКТ;Estrella Деревенская «Сметана и лук;516.01;5.9;33;51;0;;
ПРОДУКТ;Etui 10 grandes bretzels;369;11.5;6.1;64.6;0;;
ПРОДУКТ;Eucaliptus sin azúcar;233;0;0;97;0;;
ПРОДУКТ;Evelina;502;6.6;25;61;0;;
ПРОДУКТ;Everything But The Bagel Topped Hummus;300;6.67;23.33;16.67;0;;
ПРОДУКТ;Excellence 85% Cocoa;584;12.5;46;22;0;;
ПРОДУКТ;Explosions Sriracha By Croky;516.97;6.2;29;55;0;;
ПРОДУКТ;Exponenta High-Pro Вишня-Пломбир;62;12.5;0;3;0;;
ПРОДУКТ;Extra Creamy Oat;46;0.7;2.3;6.1;0;;
ПРОДУКТ;Extra Dark 74% Cocoa;571;9.9;42;32;0;;
ПРОДУКТ;Extra Dark Chocolate 90% Cocoa;613;9.7;54;12;0;;
ПРОДУКТ;Extra virgin olive oil;900;0;100;0;0;;
ПРОДУКТ;FAT REDUCED COCOA POWDER;309;24;11;13;0;;
ПРОДУКТ;FERRERO ROCHENER;603;8.2;42.7;44.4;0;;
ПРОДУКТ;FIG BAR Raspberry;350.88;5.26;8.77;66.67;0;;
ПРОДУКТ;FRACHIONI BIO LOGICO;824;0;91.6;0;0;;
ПРОДУКТ;FRESH MIX WASHED Salatisegu;22;1.2;0.2;3.1;0;;
ПРОДУКТ;Faerosk Laks;283;18.4;23.3;0;0;;
ПРОДУКТ;Familia;253;7.9;0.7;53.7;0;;
ПРОДУКТ;Fanta;32;0;0;7.8;0;;
ПРОДУКТ;Fanta - Exotic;53;0;0;13.2;0;;
ПРОДУКТ;Fanta Manderine;2.4;0;0;0.6;0;;
ПРОДУКТ;Fanta Мангуава;26;0;0;6.1;0;;
ПРОДУКТ;Fanta груша;37;0;0;9.1;0;;
ПРОДУКТ;Farmi Tais Piim;68;3.4;3.9;4.8;0;;
ПРОДУКТ;Fasulyeli ton;238;12;11;20;0;;
ПРОДУКТ;Fave di Cacao in granella Biologiche;598;13;54;3.5;0;;
ПРОДУКТ;Faworki;317;8.2;9.6;48;0;;
ПРОДУКТ;Ferrero Darkchoc Küsschen;602;8.7;44.1;39.6;0;;
ПРОДУКТ;Festligt Potato Crisps with Pickled Mushroom Flavour;519;8.4;27;61;0;;
ПРОДУКТ;Feta Cheese;276;16.5;23;0.7;0;;
ПРОДУКТ;Feta less salt;270;17;22;1;0;;
ПРОДУКТ;Fettarmer Kefir Mild;43;3.4;0.9;4;0;;
ПРОДУКТ;Figuur Vermicelli;355;12;1.5;72;0;;
ПРОДУКТ;Fileja Gabaliņi;122;15;6.3;0.7;0;;
ПРОДУКТ;Filetes de Caballa en Salsa de Tomate;100;15.9;3.1;1.5;0;;
ПРОДУКТ;Filetes de atún;92;20.13;1.22;1;0;;
ПРОДУКТ;Filets De Harengs;177;17;12;0;0;;
ПРОДУКТ;Filets de harengs fumés -25% de sel;227;20;16;0.8;0;;
ПРОДУКТ;Filety śledziowe w sosie koperkowym;99.67;2.13;9.03;2.23;0;;
ПРОДУКТ;Filladel Original;253;8.8;22.5;3.9;0;;
ПРОДУКТ;Fine Drops;392;0;0;97;0;;
ПРОДУКТ;Fine lentils;312;22.9;1.3;52.2;0;;
ПРОДУКТ;Finn Crisp Original;350;10;2.6;61;0;;
ПРОДУКТ;Firklover;566;9.1;37;48;0;;
ПРОДУКТ;First Collagen порошок со вкусом Малина;320;80;0;0;0;;
ПРОДУКТ;Firstbar;330;35;12;12;0;;
ПРОДУКТ;Fisch Snack;278;51.8;3.2;10.5;0;;
ПРОДУКТ;Fischstäbchen;185;13;7.9;15;0;;
ПРОДУКТ;Fish day;167.8;12.3;6.6;14.8;0;;
ПРОДУКТ;Fiskepinner;223;12;9.9;21;0;;
ПРОДУКТ;Fit;101;11;2.2;12;0;;
ПРОДУКТ;Fit and stule spelt flakes chocolate and raspberry;367;11;6.1;62;0;;
ПРОДУКТ;Fitkit;280;26;8;24;0;;
ПРОДУКТ;Fitlab Цельнозерновой Ржаной хлеб;218;5.7;1.4;42;0;;
ПРОДУКТ;Fitness Cappuccino;382;7.3;9;67.2;0;;
ПРОДУКТ;Fitness Cheese;290;30;19;0;0;;
ПРОДУКТ;Fitness Ready Mix;79;1.1;0.2;16;0;;
ПРОДУКТ;Fitness Shock Protein Brownie;466;15;34;20;0;;
ПРОДУКТ;Fitness Shock hi protein;302;33;8.8;8.2;0;;
ПРОДУКТ;Fitness Shock protein brownie banana chocolate;466;15;34;20;0;;
ПРОДУКТ;Fitness Shock яблоко x корица;358;30;14.3;9.3;0;;
ПРОДУКТ;Fitness strawberry;362;6.2;4.8;71.7;0;;
ПРОДУКТ;Fitness хлопья из цельной пшеницы;355;9.7;2.6;73.2;0;;
ПРОДУКТ;FitnessShock фисташка-малина;347;30;12.9;9.6;0;;
ПРОДУКТ;FitnessShock шоколадный трюфель;308;30;10;9;0;;
ПРОДУКТ;Fitoцикорий растворимый;280;3.5;0.2;65;0;;
ПРОДУКТ;Fitstart Хлебцы гречневые смотка;407;13.3;3.6;80.3;0;;
ПРОДУКТ;Flake style imitation a blend of alaska pollock and/or pacific whiting with king crabmeat;94.12;7.06;0;15.29;0;;
ПРОДУКТ;Flammkuchen Dinkel;249;7.6;3.3;46;0;;
ПРОДУКТ;Flap Jack клюквенный;427;13;21;40;0;;
ПРОДУКТ;Flap Jack малина-спирулина;398;12.5;18.3;38;0;;
ПРОДУКТ;Flap Jack шоколадный;432;13;22;39;0;;
ПРОДУКТ;Flap Jack яблочно-грушевый;423;13;21;39;0;;
ПРОДУКТ;Flavored powder Soy Isolate Cheese Protein;391;90;1;3;0;;
ПРОДУКТ;Flavorite кокос-миндаль;160;5.9;8.9;14;0;;
ПРОДУКТ;Flax-Relax;364.43;11.5;25.37;22.66;0;;
ПРОДУКТ;Flint;440;12;10;72;0;;
ПРОДУКТ;Flint Crostini Di Pane;415;10.2;7.6;76.4;0;;
ПРОДУКТ;Flour For Pizza Napolitana;338;13;0.9;69;0;;
ПРОДУКТ;Flour Zlatni Puder;350;9.8;1.2;80.1;0;;
ПРОДУКТ;Flämische Törtchen;466;4.6;24;54;0;;
ПРОДУКТ;Flødeskum Vispgrädde;336;2.3;35;3;0;;
ПРОДУКТ;Foccacia Rosmarin-Knoblauch;309;8.1;11.9;40.5;0;;
ПРОДУКТ;Fontana mango juice;62;0.5;0.5;13.5;0;;
ПРОДУКТ;Force, Rich Peach;18.79;0;0;4.3;0;;
ПРОДУКТ;Four berries crunch;197;4.1;6.2;29.4;0;;
ПРОДУКТ;Francouzská polevka;42;1.6;0.6;7.5;0;;
ПРОДУКТ;Frappe Coffee Macchiato, Лесной Орех;65;2.3;2.6;8.7;0;;
ПРОДУКТ;Freah Cream 10;119;3;10;4;0;;
ПРОДУКТ;Free Range Large Eggs;140;12;10;0;0;;
ПРОДУКТ;Freelact Milk 1,5;113;8.3;3.9;11.3;0;;
ПРОДУКТ;French Fries;122;2.3;2.4;21.5;0;;
ПРОДУКТ;French Mustard;75.5;4.7;5.7;3.9;0;;
ПРОДУКТ;French combi white;251;7.2;22;6;0;;
ПРОДУКТ;Fresa Sabor;257;2.9;9.5;39;0;;
ПРОДУКТ;Fresh Mango;85;0;0;5;0;;
ПРОДУКТ;Fresh Metalmarja;35;0;0;8.5;0;;
ПРОДУКТ;Fresh Taste Сок апельсиновый с мякотью;35;0;0;9;0;;
ПРОДУКТ;Fresh laban full fat;59;3;3.2;10;0;;
ПРОДУКТ;Fresh-pie;440;5;24;50;0;;
ПРОДУКТ;Fried Dill Pickle With Ranch Potato Chips;571;7.14;35.7;53.6;0;;
ПРОДУКТ;Friky vegan butter;603;1;66;2;0;;
ПРОДУКТ;Frische Bio-Vollmilch;68;3.4;3.9;4.8;0;;
ПРОДУКТ;Frische Hähnchen-Brustfilet;103;22.1;1.6;0;0;;
ПРОДУКТ;Frischkäsering;310;8.7;24.4;12.5;0;;
ПРОДУКТ;Frites Allumettes;144;2.4;3.8;24;0;;
ПРОДУКТ;Frollini con Cacao e Nocciole;505;7;25;62;0;;
ПРОДУКТ;Fruchtcocktail;60;1.6;0;13;0;;
ПРОДУКТ;Fruchtgurt;95;3.3;3;12.8;0;;
ПРОДУКТ;Fruchtmark Apfel;60;0.5;0.5;12;0;;
ПРОДУКТ;Frugo Watermelon&Strawberry;10;0;0;2.2;0;;
ПРОДУКТ;Fruit & Nut Bar Кокос;460;8;24;51;0;;
ПРОДУКТ;Fruit & Nut Bar Лесные ягоды;410;8;18;51;0;;
ПРОДУКТ;Fruit & Nut Bar Солёная карамель;450;5;22;53;0;;
ПРОДУКТ;Fruit & Nut Bar Яблочный штрудель;430;7;22;46;0;;
ПРОДУКТ;Fruit Pasta;303;0.6;0.5;74;0;;
ПРОДУКТ;Fruit Smoothie;66;0;0;15;0;;
ПРОДУКТ;Fruit balls;441.8;6.35;23.51;54.74;0;;
ПРОДУКТ;Fruity Pebbles;388.89;2.78;4.17;86.11;0;;
ПРОДУКТ;Frullà puro Banana;88;1;0.4;19;0;;
ПРОДУКТ;Frutti di Bosco;216;0.6;0;52;0;;
ПРОДУКТ;Fruttis Сливочное лакомство Клубника-Земляника;125.17;2.2;5;17;0;;
ПРОДУКТ;Fruttis “лесные Ягоды;140;2.1;8;16;0;;
ПРОДУКТ;Früchte Müsli;336;8.6;5;59.4;0;;
ПРОДУКТ;Fucus y eSpirulina;336;71;2.7;0.5;0;;
ПРОДУКТ;Fun Burgers;334;4.1;0.3;77.4;0;;
ПРОДУКТ;Funny Cat;460;6;19;67;0;;
ПРОДУКТ;Furstkeg Alkoholfrei;28;0.5;0.5;6.6;0;;
ПРОДУКТ;Fuse Tea;55;0;0;13.3;0;;
ПРОДУКТ;Fuse Tea со вкусом лайма и мяты;19;0;0;4.5;0;;
ПРОДУКТ;Fusilli;358;14.5;1.5;71.1;0;;
ПРОДУКТ;Fusilli 85;353;14;1.5;70;0;;
ПРОДУКТ;Fusilli 98;354;12.5;1.3;71.7;0;;
ПРОДУКТ;Fusilli No. 28 Le Integrali;354.68;15;2;65;0;;
ПРОДУКТ;Fusilli pasta;357;13;1.9;70;0;;
ПРОДУКТ;Fussilli;361;14;1.5;71;0;;
ПРОДУКТ;Fuze Tea Limette Minze;19;0;0;4.4;0;;
ПРОДУКТ;Fuzetea Lemon;19;0;0;4.4;0;;
ПРОДУКТ;Fuzetea Peach;19;0;0;4.4;0;;
ПРОДУКТ;Fyrtakt Jelly Candy;358;0;0;88;0;;
ПРОДУКТ;Földimogyoró;598;24;49;12;0;;
ПРОДУКТ;GARDĀ Мини-тостовый хлеб;295;8.5;3.6;53.3;0;;
ПРОДУКТ;GERÖSTETER MAIS BBQ-GESCHMACK;426;7.8;15;61.3;0;;
ПРОДУКТ;GLADIO;45;0;0;11;0;;
ПРОДУКТ;GRAN MORAVIA сыр;378;31;28;0.6;0;;
ПРОДУКТ;GRØNNE OLIVEN;134;1.3;13;1.6;0;;
ПРОДУКТ;GYM;317;33.3;10.8;31.7;0;;
ПРОДУКТ;Galba;580;7.8;37;53;0;;
ПРОДУКТ;Galbani Gorgonzola D.O.P. Intenso;332;19;28;1;0;;
ПРОДУКТ;Gallo Harina Mix Sin Gluten;351;2.5;0.5;83;0;;
ПРОДУКТ;Ganthiya острые палочки из нутовой муки;597.8;11.7;47;32;0;;
ПРОДУКТ;Gardu Mini;412;42.7;25.9;1.9;0;;
ПРОДУКТ;Garlic;110;7.9;0.6;16.3;0;;
ПРОДУКТ;Garlic cream cheese;212;5.2;19;4.5;0;;
ПРОДУКТ;Gazpacho tradicional;44;0.8;2.4;3.6;0;;
ПРОДУКТ;Gegrillte Paprika;35;0.6;0;7.5;0;;
ПРОДУКТ;Geisha;550;8;35;51;0;;
ПРОДУКТ;Gelatina al gusto di amarena;46;1.6;0;10;0;;
ПРОДУКТ;Gelfugel-salami;216;22;14;0.5;0;;
ПРОДУКТ;Gemüsepfanne Asiatische Art;200;8.3;8.6;17.6;0;;
ПРОДУКТ;Genoa Salami;350;23.75;28.75;0;0;;
ПРОДУКТ;Georgian Lemonade Pear;47;0;0;11.8;0;;
ПРОДУКТ;Gerber;56;0.3;0.2;12.7;0;;
ПРОДУКТ;German Bread;219;6.56;1.09;46.9;0;;
ПРОДУКТ;Gerookte Makrel Filet Naturel;250;22;18;0;0;;
ПРОДУКТ;Gerstengrütze/Barley groats;354;12;2.3;73;0;;
ПРОДУКТ;Gervais original XL;189;6;17;3;0;;
ПРОДУКТ;Get Health Конопляный Протеин;354;56;7;15;0;;
ПРОДУКТ;Gewalzte Bandnudeln;366;15.1;3.3;67.6;0;;
ПРОДУКТ;Giant Green Olives;124;1.1;12;1;0;;
ПРОДУКТ;Giant vanilla classic;311;3.3;19.3;30.5;0;;
ПРОДУКТ;Giga Marshmallows;335;4.1;0;79.6;0;;
ПРОДУКТ;Gigant ice cream with coca and vanilla flavor;264;4.4;15;27.8;0;;
ПРОДУКТ;Gingembre et curcuma;70;0;0;4.1;0;;
ПРОДУКТ;Ginger Ale;34;0;0;8.4;0;;
ПРОДУКТ;Ginger Beer;536;4.6;32;56;0;;
ПРОДУКТ;Gingerbread;337;7.2;0.7;74;0;;
ПРОДУКТ;Gingerbread With Fruit Filling;360;6.4;6.3;68;0;;
ПРОДУКТ;Girasoli;227;10;4.8;35;0;;
ПРОДУКТ;Global village смесь мексиканская;80;3.5;1;14;0;;
ПРОДУКТ;Gnocchi Паста;358;13.6;1.5;71.1;0;;
ПРОДУКТ;Goat Cream Cheese;261;4.5;25;4.6;0;;
ПРОДУКТ;Goat labne;57.1;3.4;3.5;3;0;;
ПРОДУКТ;Goat's cheese;368;21.8;31.2;0;0;;
ПРОДУКТ;Gold Standard 100% Whey Double Rich Chocolate;387.1;76;4.6;5.3;0;;
ПРОДУКТ;Gold honey nutflakes;394;7.6;4.6;80.3;0;;
ПРОДУКТ;Golden Flakes Хлопья кукурузные с мёдом и корицей;374;5.9;0.9;83.6;0;;
ПРОДУКТ;Golden Kings of Ukraine, Масло Облепиховое (Холодного Прессования;899;0;99.8;0;0;;
ПРОДУКТ;Golden Nut;576;8.7;41.4;42.3;0;;
ПРОДУКТ;Golia Herbs Clean Breath;227;0;0;90;0;;
ПРОДУКТ;GoodMix salted peanut оранжевый смотка;123;1.7;6.9;13;0;;
ПРОДУКТ;Goodmix Малиновый рассвет;527;6.1;28;62;0;;
ПРОДУКТ;Goodmix Попкорн;526;6.1;28;62;0;;
ПРОДУКТ;Goodmix Снежный миндаль;531;5.1;28;63;0;;
ПРОДУКТ;Goodmix со фкусом печенья;526;6.1;28;62;0;;
ПРОДУКТ;Goodmix соленая карамель;526;6.1;28;62;0;;
ПРОДУКТ;Goodmix соленый арахис;528;6;28;61;0;;
ПРОДУКТ;Gorilla energy drink;50;0;0;12;0;;
ПРОДУКТ;Gorilla energy mango coconut;20;0;0;4.9;0;;
ПРОДУКТ;Gouda;345;23;27;2.4;0;;
ПРОДУКТ;Gouda Ser Topiony;203;13;14;6.3;0;;
ПРОДУКТ;Gouda en tranche;347;26;27;0;0;;
ПРОДУКТ;Gouda jung;344;23;28;0;0;;
ПРОДУКТ;Gouda sade yarim yagli gouda peyniri;282;18.2;17.5;9.7;0;;
ПРОДУКТ;Gouda, 48 % Fett i. Tr;335;23;27;2.5;0;;
ПРОДУКТ;Goudse 30+ Jong;282;30;18;0;0;;
ПРОДУКТ;Gourde BOBSNAIL smoothie poure mûre;51;0.5;0.3;10;0;;
ПРОДУКТ;Gourmet peppermint bark on a chocolate cookie;531;8.85;26.55;61.95;0;;
ПРОДУКТ;Graci muesli nuts;390;11.1;8.5;61.7;0;;
ПРОДУКТ;Grand Cocktail;100;3;4;13;0;;
ПРОДУКТ;Grand Desert шоколад;130;2.6;5.2;17.3;0;;
ПРОДУКТ;Grand Dessert Double Choc;125;2.8;4.6;18;0;;
ПРОДУКТ;Grand Dessert Double Nut;122.9;2.7;4.9;17;0;;
ПРОДУКТ;Grand Dessert Schoko;123.3;2.8;4.9;17;0;;
ПРОДУКТ;Grand Dessert Vanille;117.9;2.6;4.7;16.3;0;;
ПРОДУКТ;Grand Duo Ваниль Шоколад;95;2.6;1.8;17.6;0;;
ПРОДУКТ;Grande nanette;433;5.1;21.9;53.9;0;;
ПРОДУКТ;Granola;470.7;11.4;19.2;63.2;0;;
ПРОДУКТ;Granola 3 types of chocolate;479;8.4;18;68;0;;
ПРОДУКТ;Granola Crunchy, Тропическая;368;9.25;11.5;64.5;0;;
ПРОДУКТ;Granola bayas de goji y baobab;394.1;10.3;10.7;67.2;0;;
ПРОДУКТ;Granola chocolate (шоколадная гранола;456;8.6;16;66;0;;
ПРОДУКТ;Gratin Cheese grated (Edam and Tilsiter;324;26;23.3;2;0;;
ПРОДУКТ;Grecki Jogurt;103;3.3;8;3.6;0;;
ПРОДУКТ;Greek Cow’s Milk Yoghurt;71;4.1;3.5;5.8;0;;
ПРОДУКТ;Greek Strained Yoghurt;99;9.4;5;4.1;0;;
ПРОДУКТ;Greek Vintage Tastes;360;0;0;90;0;;
ПРОДУКТ;Greek Yoghurt (peach;81;5.5;1.7;11;0;;
ПРОДУКТ;Greek Yoghurt Strawberry;68;5.9;0;11;0;;
ПРОДУКТ;Greek Yogurt;130;10;4.5;12;0;;
ПРОДУКТ;Greek Yogurt Mango Peach;121;4.8;5.9;12.3;0;;
ПРОДУКТ;Greek yogurt plain;80;8.6;4;2.6;0;;
ПРОДУКТ;Green & black tea blend;108;10;0;21;0;;
ПРОДУКТ;Green Peas;65;4.4;0.5;9.8;0;;
ПРОДУКТ;Green Peas Tender;74;5.5;0.7;7.4;0;;
ПРОДУКТ;Green Vegetables for Cream Soup;34;2.1;0.4;4;0;;
ПРОДУКТ;Green idea Готовый пищевой продукт на основе крахмала со вкусом сыра Моцарелла;308;0;24;23;0;;
ПРОДУКТ;Green milk almond;70;0.5;2;12;0;;
ПРОДУКТ;Green milk Банан;45;2;1;7;0;;
ПРОДУКТ;Grekos;254;3.4;13;30;0;;
ПРОДУКТ;Grekos grcki tip joqurta sa sumskim vocem;134;3.5;7.8;12.5;0;;
ПРОДУКТ;Greniki хлебцы с кориандром и тмином;340;10.6;3.23;62.95;0;;
ПРОДУКТ;Grenki ржаные баварские колбаски;380.98;8.7;6.2;77.3;0;;
ПРОДУКТ;Gresskarkjerner Økologisk 300g Eldorado;574;30;47;2.7;0;;
ПРОДУКТ;Gretchen Gin Pralinen;462;4.4;20.9;56.9;0;;
ПРОДУКТ;Greußener Salami;389;25;32;0.1;0;;
ПРОДУКТ;Grieķu jogurts;62;8.7;2;2.3;0;;
ПРОДУКТ;Grillpølser 240g Go'Vegan;153;8.3;11.6;2.2;0;;
ПРОДУКТ;Grilovani Pileći Batak Sa Začinjenim Krompirom;183;15;10;8.3;0;;
ПРОДУКТ;Grisbì Chocolate;544;6;33;54;0;;
ПРОДУКТ;Grissini;435;11;12;69;0;;
ПРОДУКТ;Griķi;354;13.1;3.2;65.3;0;;
ПРОДУКТ;Gruusia Leib;254;8.9;1.4;52;0;;
ПРОДУКТ;Gruyere Igp France;405;27;33;0.5;0;;
ПРОДУКТ;Grüne Erbsen Penne;339;22;1.9;54;0;;
ПРОДУКТ;Grüner Tee;1;0.1;0;0.2;0;;
ПРОДУКТ;Grünländer, Чеддер;369;23.5;30.5;0;0;;
ПРОДУКТ;Guava Juice;38;0;0;9.5;0;;
ПРОДУКТ;Gulaschsuppe;54;3.5;1.8;5.7;0;;
ПРОДУКТ;Gummi Candy;332;4.2;0;76;0;;
ПРОДУКТ;Gummi-Bärchen;337;4.8;0.5;78;0;;
ПРОДУКТ;Gundega;320;0;0;80;0;;
ПРОДУКТ;Gut & Günstig Marmorkuchen;436;5.5;23;53;0;;
ПРОДУКТ;Gut Dessert Choco;130;7.5;5.8;12;0;;
ПРОДУКТ;Guylian Opus Pralines In Doos 180G Belgian choco;553;6.3;36;49;0;;
ПРОДУКТ;Gym gym - Raspberries;303.06;33;10;23;0;;
ПРОДУКТ;Gårdsgods Smör & Raps;667;0.4;75;0.5;0;;
ПРОДУКТ;Góralki mleczne;550;7;34;54;0;;
ПРОДУКТ;H-Milch fettarme;47;3.4;1.5;4.9;0;;
ПРОДУКТ;HASELNUSS-NOUGAT KROKANT handgeschöpft;572;7.7;41;43;0;;
ПРОДУКТ;HEAVENLY HAZELNUT;100;6.7;4.7;6.9;0;;
ПРОДУКТ;HEINZ Томатный Кетчуп;110;1;0.1;25;0;;
ПРОДУКТ;HERSHES молоко шоколадное;68.09;2.13;1.02;12.34;0;;
ПРОДУКТ;HIMBEER малина;436;2.8;14;74;0;;
ПРОДУКТ;HYPOFREE;370;0;0;92;0;;
ПРОДУКТ;Hallonsylt;158;0.5;0.5;36;0;;
ПРОДУКТ;Halls ментол экстра;385;0;0;98;0;;
ПРОДУКТ;Halls оригинальный;390.54;0;0;96;0;;
ПРОДУКТ;Halva;579;12;39;45;0;;
ПРОДУКТ;Halva Cu Vanilie;576.4;16.2;33.7;48.5;0;;
ПРОДУКТ;Ham;254;31.9;14.2;0.1;0;;
ПРОДУКТ;Hamburgare Nöt 18;235;18;18;0;0;;
ПРОДУКТ;Happukoor 20;204;2.8;20;3.2;0;;
ПРОДУКТ;Hardkaramellen;390;0.5;0.2;97;0;;
ПРОДУКТ;Haribo Goldbears;330;7.1;0.1;75.2;0;;
ПРОДУКТ;Haribo harry potter Sauer;345;4.9;0.8;79;0;;
ПРОДУКТ;Hartwell Original;27;0.3;0;6.3;0;;
ПРОДУКТ;Havarti;396;19;35;1.3;0;;
ПРОДУКТ;Hayter’s Farm;110;21;1;5;0;;
ПРОДУКТ;Hazelnut & Cocoa cream;561;4.8;36;53;0;;
ПРОДУКТ;Hazelnut & Nougat Protein Ice Cream Bar;293;9.9;21;17;0;;
ПРОДУКТ;Hazelnut wafers;555.56;5.56;27.78;66.67;0;;
ПРОДУКТ;Hazelnut&cocoa cream;561;4.8;36;53;0;;
ПРОДУКТ;Heinz Баффало острый;140;1;1.5;30;0;;
ПРОДУКТ;Heinz Грушево-горчичный соус;140;0.3;0.3;33;0;;
ПРОДУКТ;Heinz Цезарь;440;1;42;13;0;;
ПРОДУКТ;Hell watermelon;46;0;0;11;0;;
ПРОДУКТ;Hello Kitty Blueberry Marshmallow;367;3.33;0;86.7;0;;
ПРОДУКТ;Hello džus jahoda;36;0;0;9;0;;
ПРОДУКТ;Hemp protein;384;51;12;0;0;;
ПРОДУКТ;Hendl Mehrwohl;107;22;1.6;0.9;0;;
ПРОДУКТ;Herbatniki Petit Beurre;440;8;14;70;0;;
ПРОДУКТ;Herin in ulei de rapita;193;19;13;0;0;;
ПРОДУКТ;Heringsfilets in Salzalke Botschkovaja;143;12.8;10.2;0;0;;
ПРОДУКТ;Hernekeitto;86;4.2;2.8;10;0;;
ПРОДУКТ;Hernis;400;79;9;0;0;;
ПРОДУКТ;Herring fillets;163;11.8;12.9;0.5;0;;
ПРОДУКТ;Hessische Löwen-Bier Steaks;222;17.2;16.7;0.7;0;;
ПРОДУКТ;Hi Protein «Черничный Дессерт;345;30;12.9;9.2;0;;
ПРОДУКТ;Hi-Pro Protein Cocktail, Клубника;45.26;6.32;0;5.05;0;;
ПРОДУКТ;HiBurger Котлеты растительные замороженные «Hi;239;10;19;4.7;0;;
ПРОДУКТ;HiBurger растительные котлеты замороженные;252;12.5;20;7;0;;
ПРОДУКТ;HiGGETS наггетсы растительные;196;7.7;12.5;10;0;;
ПРОДУКТ;HiGgeets Наггетсы растительные;234;9.5;15;16.7;0;;
ПРОДУКТ;HiPelly Пельмени с растительным фаршем;225;9;8.5;27;0;;
ПРОДУКТ;High Protein Bar;360;45.1;7.71;28;0;;
ПРОДУКТ;High Protein Blueberry milk product;65;10;0.3;6;0;;
ПРОДУКТ;High Protein Rise Pudding Vanilla Flavour;92;7.8;2.2;10.6;0;;
ПРОДУКТ;High Protein Strawberry;66.5;12.5;0.4;3.3;0;;
ПРОДУКТ;High Protein Yogurt By Pilos;55;5;2;4.2;0;;
ПРОДУКТ;High protein;80;10;1.5;6;0;;
ПРОДУКТ;High protein cocoa quark;97;8;3.9;7.3;0;;
ПРОДУКТ;High-Pro Манго-маракуйя;62;12.5;0;3;0;;
ПРОДУКТ;High-Pro Соленая Карамель;60;12;0;2.5;0;;
ПРОДУКТ;High-pro Кокос-миндаль;60;12;0;2.5;0;;
ПРОДУКТ;High-pro дыня;60;12;0;2.5;0;;
ПРОДУКТ;High-pro малина-банан;60;12;0;2.5;0;;
ПРОДУКТ;High-pro натуральный;60;12;0;2.5;0;;
ПРОДУКТ;High-pro черника-земляника;60;12;0;2.5;0;;
ПРОДУКТ;Hight Protein Caffe Latte cocktail;55;8;0.4;5.1;0;;
ПРОДУКТ;Hiirte сыр;334;26;25;0;0;;
ПРОДУКТ;Himbeer Panna Cotta;532;5.6;34.7;46.9;0;;
ПРОДУКТ;Himbeeren;49.2;1.19;0.8;5.83;0;;
ПРОДУКТ;Himbeermarmelade;231;0.7;0.2;54.2;0;;
ПРОДУКТ;Hit;514;5.8;25;63;0;;
ПРОДУКТ;Hit Choco;496;6.9;23;64;0;;
ПРОДУКТ;Hkoo;251;7.9;2.7;49;0;;
ПРОДУКТ;Hochland - Chedar Shredded Pizza / Branza Rasa Pizza;324;25;24;2;0;;
ПРОДУКТ;Hochland плавленный сыр с ветчиной;290;9;26;5;0;;
ПРОДУКТ;Hohland грибной;289;9;26;5;0;;
ПРОДУКТ;Hokkaido Milk Cube;248;7.6;3.8;46.6;0;;
ПРОДУКТ;Hokkaido Milk Latte;489;7.14;25;64.3;0;;
ПРОДУКТ;Holandské kakao;288;23;10;10;0;;
ПРОДУКТ;Homemade Eggplant;127;1.63;9;10;0;;
ПРОДУКТ;Honey;328;0;0;81.7;0;;
ПРОДУКТ;Honey Rings;381;8.5;2.5;78;0;;
ПРОДУКТ;Honig Joghurt;178;17;8;9;0;;
ПРОДУКТ;Hot Chicken Wings Chips;517;6.7;30;52;0;;
ПРОДУКТ;Hot Corn;480;6.5;23;60;0;;
ПРОДУКТ;Hot and Spicy Seasoning;166.35;8.9;2.2;23.4;0;;
ПРОДУКТ;Hot chicken flavour Instant noodles;410;7.5;19;51.17;0;;
ПРОДУКТ;Hovězí mleté maso;218;18.6;16;0;0;;
ПРОДУКТ;Hrișcă;335;13.3;3.4;61.5;0;;
ПРОДУКТ;Hrách (žlutý;299;22;0.8;40;0;;
ПРОДУКТ;Huel Berry;400;30;12;39;0;;
ПРОДУКТ;Huel Cinnamon Swirl 3.1;400;30;12;39;0;;
ПРОДУКТ;Hugo;39;0;0;9.5;0;;
ПРОДУКТ;Huhn Extra Pikant;321;11;29;3.9;0;;
ПРОДУКТ;Huile d'olive;828;0;92;0;0;;
ПРОДУКТ;Hummus mit topping;390;7.3;34;12;0;;
ПРОДУКТ;Hähnchen Kassler;104;21;2;0.5;0;;
ПРОДУКТ;Hähnchen Mini Frikadellen;246;16.4;17.4;4;0;;
ПРОДУКТ;Hähnchen-brustfilet;103;22.1;1.6;0;0;;
ПРОДУКТ;Hаленчовская Слива. Шоколадные Конфеты;434;3.6;18;62;0;;
ПРОДУКТ;I love eco coconut oil;898;0;100;0;0;;
ПРОДУКТ;ICE 3/1;55;0.4;1.7;9.2;0;;
ПРОДУКТ;ICE Tea;1.87;0;0;0.47;0;;
ПРОДУКТ;IERAUGA SALDSKĀB MAIZE;263;7.7;2.2;50.8;0;;
ПРОДУКТ;IERAUGA SEKLU klaips;265;8.4;6.1;40.3;0;;
ПРОДУКТ;IKEA Frozen Meatballs;244;13;19;5.3;0;;
ПРОДУКТ;IMPERATOR пломбир с ванильным вкусом;219;34;13.3;21.3;0;;
ПРОДУКТ;IONIS Kalamata Extra Virgin Olive Oil;824;0;91.6;0;0;;
ПРОДУКТ;ISO Whey Zero Clear Лайм;353;85;0.7;1.5;0;;
ПРОДУКТ;ISO Whey Zero Clear Тропические фрукты;352;84;0.5;3.4;0;;
ПРОДУКТ;ISO Whey Zero Ананас-Манго;372;84;1.6;5.2;0;;
ПРОДУКТ;ISO Whey Zero со вкусом ванили;372;84;1.6;5.2;0;;
ПРОДУКТ;ISO Whey zero clear Персиковый чай со льдом;352;84;0.5;2.8;0;;
ПРОДУКТ;ITALIAN DRESSING;62;0.2;5;2.8;0;;
ПРОДУКТ;Iaurt Cremos;124;4;10;4.5;0;;
ПРОДУКТ;Iaurt Natur;63;3.4;3.5;4.5;0;;
ПРОДУКТ;Ice Cookie С Арахисовой Пастой;313;4.5;13.5;43.4;0;;
ПРОДУКТ;Ice Cream Cones;281;3.9;14;34;0;;
ПРОДУКТ;Ice Cream Kiwi;149;1.5;4.5;25.5;0;;
ПРОДУКТ;Ice Cream Utopia Ahududu;322;4.19;17.3;36.1;0;;
ПРОДУКТ;Ice Tea pêche;19;0.5;0.5;4.6;0;;
ПРОДУКТ;Ice coffee salted caramel;52;2.4;0.7;8.8;0;;
ПРОДУКТ;Iceberg Lavada;7.6;0.9;0.1;3;0;;
ПРОДУКТ;Iced Coffee Latte;211;1.4;1;9;0;;
ПРОДУКТ;Ierauga Tostermaize;267;9.26;1.48;49.6;0;;
ПРОДУКТ;Ierauga sēklu maize;303.23;10.32;9.68;40.97;0;;
ПРОДУКТ;Il Pandoro Originale Verona;392;6.7;21;44;0;;
ПРОДУКТ;Imperium Ice Cream Nougat Caramel Peanut;285;4.9;15.7;31;0;;
ПРОДУКТ;Indian Tonic;36;0;0;8.6;0;;
ПРОДУКТ;Indijas rieksti;603;21;48;20;0;;
ПРОДУКТ;Indomie noodles mi goreng rendang;379;8;16;50;0;;
ПРОДУКТ;Infusion Water Greip;16;0;0;4;0;;
ПРОДУКТ;Infusión frutos rojos;2;0.38;0.2;0.5;0;;
ПРОДУКТ;Innocent;122;3;0;0;0;;
ПРОДУКТ;Instant Kafa, 3u1;420;2.7;7.72;83.7;0;;
ПРОДУКТ;Instant Noodles (Beef in Spycy sauce;400;6.5;20;50;0;;
ПРОДУКТ;Instant Noodles Chicken flavour;451;8.7;19.7;58;0;;
ПРОДУКТ;Instant Noodles Shrimp & Lime;420;6.7;20;52.8;0;;
ПРОДУКТ;Instant OATS Apricot;319;8.6;4.5;58.6;0;;
ПРОДУКТ;Instant Pasta Carbonara;393;13.9;8.5;65.2;0;;
ПРОДУКТ;Instant Potatoes;356;7.9;4.4;68;0;;
ПРОДУКТ;Instant Tomato Soup With Croutons מרק עגבניות עם קרוטונים;405;9.5;11.6;65.6;0;;
ПРОДУКТ;Instant noodles;409;7.7;19.1;50.3;0;;
ПРОДУКТ;Intensify Pasta Sauce Mascarpone Sun-dried Tomatoes;60;1.5;2.2;7.8;0;;
ПРОДУКТ;Irish Chedar;390;26;32;0;0;;
ПРОДУКТ;Islandi Stiilis Skyr Virsikutega;83;10;0.2;10;0;;
ПРОДУКТ;Iso vanilja 2L;179;0.6;6.2;30;0;;
ПРОДУКТ;Isotonic drink;381;0;0.1;90;0;;
ПРОДУКТ;Italian mix;33;2.1;0.3;4;0;;
ПРОДУКТ;Italian sparkling water;36.97;0.03;0.03;8.36;0;;
ПРОДУКТ;JOGURTS ar meža ogām;89;3.2;2.5;13.5;0;;
ПРОДУКТ;JORDGUBB MANSIKKAVALMISTE;170;0.5;0.5;43;0;;
ПРОДУКТ;Ja ! Cola Mix;38;0.5;0.5;9.3;0;;
ПРОДУКТ;Ja! Erdnuss Choco;498;8.9;24.3;59.1;0;;
ПРОДУКТ;Jabuka;16;0;0;4.1;0;;
ПРОДУКТ;Jabłko and cynamon batonik;354.29;4.57;6.29;65.71;0;;
ПРОДУКТ;Jacobs;430;3.2;13;74;0;;
ПРОДУКТ;Jaffa Biscuit Orange Jelly;380;6.2;6.1;75.1;0;;
ПРОДУКТ;Jaffa Cake;370;3;7.5;72;0;;
ПРОДУКТ;Jaffa Grapefruit Sugar free;1;0;0;0.1;0;;
ПРОДУКТ;Jagtwurst;281;13;25;1;0;;
ПРОДУКТ;Jahodový džem;184;0;0;44;0;;
ПРОДУКТ;Jake vitamincandy Pineapple;245;0.5;0.7;88.5;0;;
ПРОДУКТ;Jakobs Milka;426;4.1;15;66;0;;
ПРОДУКТ;Jalapeño rings;18;0.5;0.5;1.4;0;;
ПРОДУКТ;Jammie;417.32;4.46;13.39;68.24;0;;
ПРОДУКТ;Jamón Serrano Reserva Loncheado;198;36.1;5;2.2;0;;
ПРОДУКТ;Japanese Mochi;292;2.4;1.2;68;0;;
ПРОДУКТ;Jasmine green tea;4.97;0;0;1.06;0;;
ПРОДУКТ;Jelly Bears;20;0;0;4.8;0;;
ПРОДУКТ;Jelly lemon flavour;51.63;1.7;0;11;0;;
ПРОДУКТ;Jet Gum Sugar Free;154;0;0;63;0;;
ПРОДУКТ;Jet gum gout menthe;157;0;0;66;0;;
ПРОДУКТ;Joghurt Eis;113;1.9;5.4;14;0;;
ПРОДУКТ;Joghurt Griechischer Art Heidelbeere;131;2.5;7.1;13;0;;
ПРОДУКТ;Joghurt Kirsche;90;2.9;3.1;12;0;;
ПРОДУКТ;Joghurt honig;133;2.5;7.3;14;0;;
ПРОДУКТ;Joghurt mild;64;3.7;3.5;4.4;0;;
ПРОДУКТ;Joghurtdrink Pfirsich Maracuja;65;2.9;0.1;12.3;0;;
ПРОДУКТ;Jogobella lactose-free;89;3.6;2.7;11.6;0;;
ПРОДУКТ;Jogurt Naturalny Kremowy;71;4.4;3;6.5;0;;
ПРОДУКТ;Jogurt Pitny (Mango-Marakuja;61;6;0.2;8.7;0;;
ПРОДУКТ;Jogurt bananowy Pilos;85;3.3;2.5;11.4;0;;
ПРОДУКТ;Jogurt Śmietankowy;49.09;2.8;9;4;0;;
ПРОДУКТ;Jogurts ar avenēm un musli;94;3.5;3;13.2;0;;
ПРОДУКТ;Jogurtti питьевой йогурт малина злаки;61.6;2.8;0.4;11.7;0;;
ПРОДУКТ;Johannisbeere;341;0.2;0.5;83;0;;
ПРОДУКТ;Juice;48;0;0;12;0;;
ПРОДУКТ;Juice Cido Apple 100% 1L 1 / 15;44;0;0;11;0;;
ПРОДУКТ;Juice apple;47;0.2;0;11.5;0;;
ПРОДУКТ;Julia;377;1.2;9.2;70;0;;
ПРОДУКТ;Jumpy‘s Sour Cream;488;5.2;24;60;0;;
ПРОДУКТ;Junger Gouda;524.86;23;29;0;0;;
ПРОДУКТ;Jus de fruits;49.2;0.92;0;11.2;0;;
ПРОДУКТ;Jus de gingembre;15;0.1;0.5;0.2;0;;
ПРОДУКТ;Jus de griotte;57;0;0;14;0;;
ПРОДУКТ;Just Brutal Sour cream and onion;430;4.5;21;56;0;;
ПРОДУКТ;Just Brutal potsto chips;450;5.5;23;56;0;;
ПРОДУКТ;Juust;351;27;27;0;0;;
ПРОДУКТ;Juustukoogi kohuke;317;12;17;29;0;;
ПРОДУКТ;K-noodles;426.67;9.17;14.17;62.5;0;;
ПРОДУКТ;K2D3-BoOst / К2Д3-Буст;80;13;0.2;0.4;0;;
ПРОДУКТ;KIRKLAND Моцарелла красная тертая;379;22.9;30;4.64;0;;
ПРОДУКТ;Kabanos;186;18;11;1.6;0;;
ПРОДУКТ;Kabanos 100% Chicken;369;23;27;6.2;0;;
ПРОДУКТ;Kabanosy;448;33;32;7;0;;
ПРОДУКТ;Kabanosy Cheese;489;26;40;6;0;;
ПРОДУКТ;Kafijas Krejums;118;3;10;4;0;;
ПРОДУКТ;Kakao o obniżonej zawartości tłuszczu ekstra ciemne;309;24;11;13;0;;
ПРОДУКТ;Kalifornische Trockenpflaumen;216;2.5;0;52.5;0;;
ПРОДУКТ;Kalkun Ohut;96;16;0.9;6.3;0;;
ПРОДУКТ;Kamarull;353;4;13;53;0;;
ПРОДУКТ;Kamatahvel;541;6.3;34;51;0;;
ПРОДУКТ;Kaminwurzen;433;29;35;0.5;0;;
ПРОДУКТ;Kaminwurzerl mild geräuchert;480;25;42;0.5;0;;
ПРОДУКТ;Kana Peek9n Wrap;306;10.1;20.1;20.2;0;;
ПРОДУКТ;Kana Riisi Salat;141;5.7;7.5;12.5;0;;
ПРОДУКТ;Kana-Chilihummuswrap;208.8;8;8.4;24;0;;
ПРОДУКТ;Kana-pekoni-bbq kolmiot;290;9.7;18;21.9;0;;
ПРОДУКТ;Kanafilee-sink;61.19;14.17;1.67;5;0;;
ПРОДУКТ;Kanan Ohutleike;94;19;1.7;0;0;;
ПРОДУКТ;Kanaviiner;174;11;12;5.6;0;;
ПРОДУКТ;Kandierte Papaya;422;1.4;13;74;0;;
ПРОДУКТ;Kantararelli;153;3.23;6.77;21;0;;
ПРОДУКТ;Karl Fazer Domino;529;10.3;32;49;0;;
ПРОДУКТ;Karl Fazer Dumle;522;9.5;29;54;0;;
ПРОДУКТ;Karl Fazer Hasselpähkinärouhe;562;10;38;45;0;;
ПРОДУКТ;Karl Fazer Молочный шоколад с изюмом и фундуком;524;11;32;48;0;;
ПРОДУКТ;Kartoffel Eintopf;92;3.6;6.2;5;0;;
ПРОДУКТ;Kartoffelchips mit Salz;552;5.5;35;52;0;;
ПРОДУКТ;Kartupeļu čipsi ar tomātu garšu;526;5.8;32;52;0;;
ПРОДУКТ;Kasha;556;12;22;28;0;;
ПРОДУКТ;Kaslander Papryka Jalapeño;338;23;27;0.5;0;;
ПРОДУКТ;Kasvissosekeitto;35;1.1;1.1;4.25;0;;
ПРОДУКТ;Kasza kuskus;353;13;0;71;0;;
ПРОДУКТ;Katja;385;4.2;36;11;0;;
ПРОДУКТ;Katjes желейные конфеты;290;0.3;0.2;61;0;;
ПРОДУКТ;Kaufland Joghurt Mild;72;4.3;3.5;5.2;0;;
ПРОДУКТ;Kaura Smoothie (Päärynä ja kiivi;78;1.4;0.7;16;0;;
ПРОДУКТ;Kaviar;217;27;11;3.2;0;;
ПРОДУКТ;Kawiorek Chleb;299;9.5;2.2;59;0;;
ПРОДУКТ;Kazandibi;158;3.6;3.5;27.7;0;;
ПРОДУКТ;Kefir;68;3;1.3;11;0;;
ПРОДУКТ;Kefir 1;38;3;1;3.7;0;;
ПРОДУКТ;Kefir 1,5;42;3.2;1.5;4;0;;
ПРОДУКТ;Kefir Zorka Moia Mild 3.5%fat 500g;59;3.3;3.5;3.6;0;;
ПРОДУКТ;Kefira saldejums ar persiku;156;5.2;2.53;27.9;0;;
ПРОДУКТ;Kefyras;54;3.2;2.5;4.2;0;;
ПРОДУКТ;Kefír 1.1;39;3.2;1.1;4.1;0;;
ПРОДУКТ;Keks Sa Karamelom (Орешки Со Сгущенкой;399.53;6.67;18.2;52.74;0;;
ПРОДУКТ;Kekse Mit Butter 130g Packung Feiny Biscuits;522;6.2;28;61;0;;
ПРОДУКТ;Kellogg's Unicorn колечки;383;8.7;1.3;83;0;;
ПРОДУКТ;Kerlli шоколад мед;440;6;15;69;0;;
ПРОДУКТ;Kerlli шоколад-черника;440;6;15;70;0;;
ПРОДУКТ;Ketchup Chili;1;1;1;1;0;;
ПРОДУКТ;Ketchup Delicate;93.8;0;0;18.8;0;;
ПРОДУКТ;Ketchup pikantny;108;1.2;0.1;25.6;0;;
ПРОДУКТ;Keto Granola Raspberry;565;15;50;17;0;;
ПРОДУКТ;Kevadrtort;231;5.9;9.9;29;0;;
ПРОДУКТ;Kexchoklad;502;9.7;24;61;0;;
ПРОДУКТ;Khatta Meetha Кисло-сладкая смесь;556;8.6;36.1;49.2;0;;
ПРОДУКТ;Khinkali;199;9.7;7.8;22;0;;
ПРОДУКТ;Kiddis big box Sauer;337;3.2;0.1;80;0;;
ПРОДУКТ;Kietojo sūrio užtepėlė su česnaku;549;3.5;58;3.8;0;;
ПРОДУКТ;Kiełbasa Śląska;228;15;18;1.2;0;;
ПРОДУКТ;Kiirpuder Mustika;360;8.4;4.8;70.8;0;;
ПРОДУКТ;Kikkoman соевый соус натурального брожения;77;10;0;3.2;0;;
ПРОДУКТ;Kim Chi Bo;420;11;12;67;0;;
ПРОДУКТ;Kimchi;85;1.6;4.1;10.29;0;;
ПРОДУКТ;Kinder Bueno 43G;572;8.6;37.3;49.5;0;;
ПРОДУКТ;Kinder Chocolate катта;568;8.7;35;53.5;0;;
ПРОДУКТ;Kinder Country;561;8.6;33.8;54.9;0;;
ПРОДУКТ;Kinder Joy;550;8.2;32;56.5;0;;
ПРОДУКТ;Kinder Сюрприз;560;8.4;34.9;52.6;0;;
ПРОДУКТ;Kinder молочный ломтик;487;4.9;33.4;41.5;0;;
ПРОДУКТ;King Kréker;456;9.1;15.4;68.9;0;;
ПРОДУКТ;King of Nuts Шоколад белый с цельным фундуком;570;11;38;47;0;;
ПРОДУКТ;King of Nuts Шоколад молочный с цельным фундуком;580;10;39;47;0;;
ПРОДУКТ;Kinkku Gouda Sandwich;245;8.7;14;19;0;;
ПРОДУКТ;Kinoa;378.6;14.2;5.8;67.4;0;;
ПРОДУКТ;Kinza blackcurrant 330ml;61.6;0;0;15.2;0;;
ПРОДУКТ;Kip Mayonaise Truffelsmaak;236;8.2;12;23;0;;
ПРОДУКТ;Kipworsten Jalapeno Cheddar;157;13.5;9.2;4.7;0;;
ПРОДУКТ;Kisela pavlaka;130;2.5;12;3;0;;
ПРОДУКТ;Kismet Islanti;541;5.1;31;60;0;;
ПРОДУКТ;Kit Kat;529.88;5.6;29;62;0;;
ПРОДУКТ;KitKat Senses taste of Deluxe Cocount;527;6.25;27.7;62.5;0;;
ПРОДУКТ;KitKat chunky cookie crumble;525;6.4;27;63;0;;
ПРОДУКТ;KitKat chunky white;521;6.2;27;63;0;;
ПРОДУКТ;Kiymali Manti;276;10.5;5;47.3;0;;
ПРОДУКТ;Kladdkaka;220;4;10;27;0;;
ПРОДУКТ;Kladenská pečeně;120;19.3;4.5;0.5;0;;
ПРОДУКТ;Klassikaline Keefir;53;3.3;2.5;4.2;0;;
ПРОДУКТ;Klassikaline röstsai;275;8.9;4.3;48;0;;
ПРОДУКТ;Knorr Quick Soup Spargel Cremesuppe Mit Knusper Croutons;37;0.7;1.7;4.5;0;;
ПРОДУКТ;Knusper Cracker pikant;491;10;23;59;0;;
ПРОДУКТ;Knusper-Sticks Käse & Gartenkräuter;440;16;18;45;0;;
ПРОДУКТ;Knusprige Bio Waffel;486.67;5.67;30;50;0;;
ПРОДУКТ;Kodujuust;102;11;5;3.2;0;;
ПРОДУКТ;Kohipiima Pähklikook;290;8.1;15.2;30.7;0;;
ПРОДУКТ;Kohuke vanilli šokolaadiglasuuriga;335;14;19;27;0;;
ПРОДУКТ;Kohupiimakreem metsmaasika;113;7.2;2.5;15.3;0;;
ПРОДУКТ;Kokos;19;0.1;0.9;2.6;0;;
ПРОДУКТ;Kokos Makronen;463;5.2;22.9;56.4;0;;
ПРОДУКТ;Kokos drink;25;0.1;0.9;4;0;;
ПРОДУКТ;Kombucha Nihon Green;22;0.4;0;5;0;;
ПРОДУКТ;Kombucha Nihon Green Tea;22;0.4;0;5;0;;
ПРОДУКТ;Konafetto Cocoa;515;4.5;54.29;61.7;0;;
ПРОДУКТ;Kong Strong Wild Power;43;0.3;0.1;10;0;;
ПРОДУКТ;Kontiki Mango Malina;100;0.3;0.1;24;0;;
ПРОДУКТ;Korenlanders Extra Donker Voer;254;13;3.8;39.5;0;;
ПРОДУКТ;Korniszony Delikatesowe;16;1.4;0.5;1.4;0;;
ПРОДУКТ;Koskenlaskija Ruoka & Dippi Maustamaton;247;9;23;1;0;;
ПРОДУКТ;Kotlet De Volatile Z Puree Ziemniaczanym I Marchewką Z Groszkiem;145;5;9.8;7.9;0;;
ПРОДУКТ;Kotorska Krempita;251;5.3;13.4;26.8;0;;
ПРОДУКТ;Kotto Al Tartufo;195;14;15;1;0;;
ПРОДУКТ;Košė;341;13;3.7;66;0;;
ПРОДУКТ;Krabovi Palychki;96;5;2;13.9;0;;
ПРОДУКТ;Krakowska Kruchq;182;27;7.6;1.4;0;;
ПРОДУКТ;Kraukšķīga Pilngraudu Kviešu Maize;310;12;2;60;0;;
ПРОДУКТ;Kreeka Jogurt Mango Ja Chiaga;50.8;3.8;6.1;13.4;0;;
ПРОДУКТ;Krekeri;490;9.3;22;63;0;;
ПРОДУКТ;Krekeriai Gaidelis;492;10;23;59;0;;
ПРОДУКТ;Krem Do Smarowania Z Mlekiem I Kakao;560;2.8;35;58;0;;
ПРОДУКТ;Krem Eritme Peyniri;242;14;18;5;0;;
ПРОДУКТ;Kremsiers Klasiskais;202;7.2;17.8;3.3;0;;
ПРОДУКТ;Kroepoek Cassave;100;1.3;24;66;0;;
ПРОДУКТ;Krokety;220;4.5;7;35;0;;
ПРОДУКТ;Kräuter Rustikana Gewürzsalz;94;2.3;2.3;13;0;;
ПРОДУКТ;Kräuterfrischkäse;220;4.8;20;4.2;0;;
ПРОДУКТ;Kréker hagymás-tejfölös;456;9.8;16.3;66.3;0;;
ПРОДУКТ;Kubus;54;0.5;0.5;12;0;;
ПРОДУКТ;Kubus play juice;33;0.1;0;7.8;0;;
ПРОДУКТ;Kukkais Blom hunaja;340;0;0;83;0;;
ПРОДУКТ;Kukkais Hunaja;330;0.5;0;82;0;;
ПРОДУКТ;Kukurydza super słodka;89;2.9;2.4;12;0;;
ПРОДУКТ;Kukurūzai;381;3.8;3.9;82;0;;
ПРОДУКТ;Kurkuma gemahlen;291;9.68;3.25;44.4;0;;
ПРОДУКТ;KusKus;358;11;2;72.2;0;;
ПРОДУКТ;Kuzu Chicken Sliced With Pepper 200GR;241;11.2;19.5;5.2;0;;
ПРОДУКТ;Kvas;34;0;0;8.6;0;;
ПРОДУКТ;Kvas Lidskyi Khlebniy;26;0.4;0;6.4;0;;
ПРОДУКТ;Kvas алив.дарк 1,5л;8.75;0;0;1.88;0;;
ПРОДУКТ;Kvas лид.тём.1,5л;34;0;0;8.6;0;;
ПРОДУКТ;Kvass Godu;37;0.3;0;7;0;;
ПРОДУКТ;Kyslá Smotana;153;2.9;14;4.1;0;;
ПРОДУКТ;Käsekrainer;284;15;24;1;0;;
ПРОДУКТ;Käsewürstchen;309;13;28;1.3;0;;
ПРОДУКТ;Kõrvitsa Salat;69;0.4;0.5;16;0;;
ПРОДУКТ;Körniger Frischkäse;91;13;4;1;0;;
ПРОДУКТ;Körniger Frischkäse Tworog;120;17;4;4;0;;
ПРОДУКТ;Křupavé stripsy;193;18;8.2;11;0;;
ПРОДУКТ;L'escalope Cordon Bleu Dinde;232;14;12;15;0;;
ПРОДУКТ;L-carnitine со вкусом Ананас;27.6;0;0;6.9;0;;
ПРОДУКТ;LAKTO smiltsērkšķu;62;3;1.8;8.5;0;;
ПРОДУКТ;La Gourmande Crème et Oignon de Roscoff;515;4.3;28;61;0;;
ПРОДУКТ;Labubu крейзи кепчук;550;5.5;37;48;0;;
ПРОДУКТ;Lach Gummi Joghurt;333;5.7;0.1;76.2;0;;
ПРОДУКТ;Lacmi os milky;562;6;35.6;52.9;0;;
ПРОДУКТ;Lagidnii ketciop;96;1.4;0.2;21;0;;
ПРОДУКТ;Laima;371;7.2;6.3;71;0;;
ПРОДУКТ;Lait des campagnes du centre de la France;47;3.3;1.6;4.8;0;;
ПРОДУКТ;Lait latte intero;64;3.2;3.6;4.8;0;;
ПРОДУКТ;Laksefilet Med Skinn (Fryst;224;20;16;0;0;;
ПРОДУКТ;Laktel молоко 2,5;52.9;3;2.5;4.6;0;;
ПРОДУКТ;Lakto;50;3.3;2;4.7;0;;
ПРОДУКТ;Lakto Protein Jogurts Kiršu;74;8.7;0;9.9;0;;
ПРОДУКТ;Lakupala;328;3.5;0.4;76;0;;
ПРОДУКТ;Lamb Dumplings;148.66;21;3.8;7;0;;
ПРОДУКТ;Lamington Молочный;400;12;27;23;0;;
ПРОДУКТ;Landana Wasabi Cheese;380;22.9;32.1;0.1;0;;
ПРОДУКТ;LantChips Original Sour Cream flavoured chips;500;8.3;27;56;0;;
ПРОДУКТ;Lapte Bio 1.8;44;3.1;1.5;4.5;0;;
ПРОДУКТ;Lasagne Bolognese;157;9.1;8.2;11;0;;
ПРОДУКТ;Lasagne all uovo ( aux oeufs;367;13.5;3.8;68;0;;
ПРОДУКТ;Latgales biezpiens;164;18;9;2.7;0;;
ПРОДУКТ;Latte Banana-caramel;65;2.3;2.7;7.9;0;;
ПРОДУКТ;Latvian chocolate;504.76;5.71;30.95;47.62;0;;
ПРОДУКТ;Latvijas Graudu Maize;262;8.7;3.1;47.2;0;;
ПРОДУКТ;Lauku Piens 3.8;67;3.2;4;4.6;0;;
ПРОДУКТ;Lavash;320;12;4.1;59;0;;
ПРОДУКТ;Lavka;85;7.1;1;11.9;0;;
ПРОДУКТ;Lawasz;246.96;7.88;2.08;48.36;0;;
ПРОДУКТ;Lay's;457;5.6;17;68;0;;
ПРОДУКТ;Lay's - Sour Cream & Dill;528;6.6;33;49;0;;
ПРОДУКТ;Lay's barbecue;518;6.9;30;53;0;;
ПРОДУКТ;Lay's Из печи «Нежный сыр с зеленью;450;5.5;16;69;0;;
ПРОДУКТ;Lay's Краб;504.3;6;30;53;0;;
ПРОДУКТ;Lay's Сметана и зелень;520;6;32;53;0;;
ПРОДУКТ;Lay's сметана и лук;504.3;6;30;53;0;;
ПРОДУКТ;Lay's сыр;520;6;32;53;0;;
ПРОДУКТ;Lays krab;520;6;32;53;0;;
ПРОДУКТ;Lays с солью большая на смотку;520;6.3;32;52;0;;
ПРОДУКТ;Lays чипсы сметана и зелень 70;520;6;32;53;0;;
ПРОДУКТ;Le parisien;229;19.7;14.3;5.7;0;;
ПРОДУКТ;Leche condensada Endulzada;342.11;7.89;7.89;57.89;0;;
ПРОДУКТ;Leemon з соком;28;0;0;7;0;;
ПРОДУКТ;Leinöl;835;0;93;0;0;;
ПРОДУКТ;Lemon Cake Flavour Protein Bar;427;32;14;43;0;;
ПРОДУКТ;Lemon Vasaras;173;2.2;6.3;26.7;0;;
ПРОДУКТ;Lemon iced sweet tea mix;375;0;0;93.75;0;;
ПРОДУКТ;Lempi Mansikka Raparperi Rahka;147;6.7;7.1;14;0;;
ПРОДУКТ;LeoDor chips chilli&lime;520;5.8;31;52;0;;
ПРОДУКТ;LeoDor Картофельные чипсы со вкусом жареных рёбрышек;519;5.7;31;52;0;;
ПРОДУКТ;Leodor chips;519;5.7;31;52;0;;
ПРОДУКТ;Les avelinas;607;9.2;47;33;0;;
ПРОДУКТ;Let's Be;42;1;0.3;9;0;;
ПРОДУКТ;Liesa varškė;86;17;0.5;3.3;0;;
ПРОДУКТ;Lightly salted tortilla;474;6.2;19.8;65.5;0;;
ПРОДУКТ;Limonade Citron Vert & Menthe;44;0;0;10.5;0;;
ПРОДУКТ;Limonāde Klasiskā;32;0;0;8;0;;
ПРОДУКТ;Limpa Limonaad;37;0;0;9.2;0;;
ПРОДУКТ;Lindor Irresistibly smooth;622;4.7;47;44;0;;
ПРОДУКТ;Lindor Pistazie;612;5.6;45;46;0;;
ПРОДУКТ;Lindt Tavoletta Ciocc Bianco;565;5.1;35;56;0;;
ПРОДУКТ;Linguine;341.78;10;1;72;0;;
ПРОДУКТ;Lion 2+1;495;3.8;23;67;0;;
ПРОДУКТ;Lion cereals karamel&schoko(nestlé;84.38;1.69;1.54;15.23;0;;
ПРОДУКТ;Livabjska Panceta;473;22.2;41.2;3.2;0;;
ПРОДУКТ;Lody mango;136;76;0.4;33;0;;
ПРОДУКТ;Long Grain Rice;341;8;0.7;73.6;0;;
ПРОДУКТ;Lotus Biscoff Speculoos melkchocolade crème;559;4.7;34;57;0;;
ПРОДУКТ;Lovita Jelly Cookies;400;2.22;10;71.11;0;;
ПРОДУКТ;Lovita печенье;509;4;26.6;61.9;0;;
ПРОДУКТ;Low calorie cookie;274;25;12;10;0;;
ПРОДУКТ;Low-calorie cookie - Cookies & cream;273.18;25;12;10;0;;
ПРОДУКТ;Low-calorie cookie - Red velvet;275.33;25;12;10;0;;
ПРОДУКТ;Luomu kevytmaito;46;3.3;1.5;4.8;0;;
ПРОДУКТ;Luppo Choco Caramel;430.56;5.56;19.44;58.33;0;;
ПРОДУКТ;Lučina salátová;202;11;16;3.5;0;;
ПРОДУКТ;LÄÄTSEKARRI BASMATIRIISIGA 300 g;126;3.4;4.2;18;0;;
ПРОДУКТ;Läkeerol Trippel Treat Mix;210;1;0.7;55;0;;
ПРОДУКТ;Lübecker Edel-Marzipan Eier;482;9.6;27.7;43.8;0;;
ПРОДУКТ;M&M's с молочным шоколадом;477;5.4;18.1;71.6;0;;
ПРОДУКТ;M&M's со вкусом карамели;476;5.3;18.5;70.5;0;;
ПРОДУКТ;MAKFA- Макароны бантики;342;12;1.3;70.5;0;;
ПРОДУКТ;MAPKET;40;0.2;3.8;0.9;0;;
ПРОДУКТ;MAX FUN (арахис, разноцветные драже, карамель;515.06;6.3;27.5;60;0;;
ПРОДУКТ;MILLENNIUM Milk Chocolate With Almond;568;9.9;38.2;46.2;0;;
ПРОДУКТ;MINI BROWNIES lidl;457;4.9;27.3;55;0;;
ПРОДУКТ;MMMAX Oreo;557;4.8;34;56;0;;
ПРОДУКТ;MMMEGA;559;5.8;36;52;0;;
ПРОДУКТ;MOJITO FRESH;45;0;0;11;0;;
ПРОДУКТ;MOUTARDE aux brisures de TRUFFE;277;8.4;23;8.7;0;;
ПРОДУКТ;MUCH BERRY MIX;84;0.7;0.6;17;0;;
ПРОДУКТ;Maamoul;425;5;15;65;0;;
ПРОДУКТ;Mac & Cheese Topokki;310;5;2;70;0;;
ПРОДУКТ;MacCoffee Latte al caramello;445.45;1.82;11.82;82.73;0;;
ПРОДУКТ;Macaron Green Tea;393;0.4;0.2;96.9;0;;
ПРОДУКТ;Macaroni;350;13;1.5;72;0;;
ПРОДУКТ;Macchiato caramel;37;1.4;1.4;4.5;0;;
ПРОДУКТ;Maccofe;400;0;7.5;90;0;;
ПРОДУКТ;Madagaskar Edelschokolade Mandelcreme;647;5.9;54.1;31.5;0;;
ПРОДУКТ;Made for Meat Black Garlic;246;0.6;20;15;0;;
ПРОДУКТ;Magdalenas;415;5;21;51;0;;
ПРОДУКТ;Maggi;179;15.8;2.2;22.7;0;;
ПРОДУКТ;Maggi на второе по-итальянски;493;5.3;38;31;0;;
ПРОДУКТ;Magnesia Plus Focus;11;0;0;2.4;0;;
ПРОДУКТ;Mahehapukoor Laktoosivaba;206;2.8;20;3.6;0;;
ПРОДУКТ;Maissnack Bio;383;7;1.3;85;0;;
ПРОДУКТ;Majas zefirs;238;1;0;56;0;;
ПРОДУКТ;Majonéza;671;0.6;73;2.9;0;;
ПРОДУКТ;Majonēze;630;3;68;2.4;0;;
ПРОДУКТ;Makaron Fusilli;353;12;1.6;71;0;;
ПРОДУКТ;Makaron Grzyby;103.51;3.29;2.5;16.67;0;;
ПРОДУКТ;Makaron Spaghetti Nr 79;358;15;1.6;70;0;;
ПРОДУКТ;Makfa grechka yormasi 800gr;309;12.6;3.3;57.1;0;;
ПРОДУКТ;Makhimi Stratachella;294;2.9;22;21;0;;
ПРОДУКТ;Makrele über Buchenholz heiß geräuchert;272;21;21;0;0;;
ПРОДУКТ;Malibu;490;4.9;26;54;0;;
ПРОДУКТ;Maltikeks;420;4.9;18;59;0;;
ПРОДУКТ;Mandarin;40;0;0;10;0;;
ПРОДУКТ;Mandarinų sultys Well-done;45;0;0;11;0;;
ПРОДУКТ;Mandorle;592;25;51;2.4;0;;
ПРОДУКТ;Mango;325;35;10;37.5;0;;
ПРОДУКТ;Mango Drink;37.5;0;0;9.38;0;;
ПРОДУКТ;Mango Haribo;343;3.5;0;81;0;;
ПРОДУКТ;Mango Panna Cotta Virsikuga;232;3.3;19.5;11.2;0;;
ПРОДУКТ;Mango Sefliritoet;181;2.6;5.1;30.7;0;;
ПРОДУКТ;Mango Soda;50.7;0;0;12.68;0;;
ПРОДУКТ;Mango Streifen;297;2.1;1.1;65;0;;
ПРОДУКТ;Mangų skonio ledai;105;1;0.1;25;0;;
ПРОДУКТ;Mannas Putraimi;340;10.3;1;70;0;;
ПРОДУКТ;Manti;302;9.4;2.8;60;0;;
ПРОДУКТ;Manuka Honey MGO 830+ (UMF 20;327;0.4;0.5;80;0;;
ПРОДУКТ;Maple Walnut;263;3.4;13.6;31.4;0;;
ПРОДУКТ;Maple syrup nature's promise albert;360;0;0;90;0;;
ПРОДУКТ;Margarine;707;0.5;79;0.5;0;;
ПРОДУКТ;Margarita;239;13.6;8.2;27;0;;
ПРОДУКТ;Marianne;442;1.7;11;83;0;;
ПРОДУКТ;Mariekiks;440;8.5;12;73;0;;
ПРОДУКТ;Marmolada o smaku dzikiej róży;238;0.4;0.4;57;0;;
ПРОДУКТ;Mars Max;460;3.85;17.5;70.88;0;;
ПРОДУКТ;Maru Sushi;149.9;5.8;5.1;19.6;0;;
ПРОДУКТ;Marzipan;450;5.5;22;58;0;;
ПРОДУКТ;Marzipan kartoffeln;427;6.2;14;68;0;;
ПРОДУКТ;Masala Is Basiiliku Near Water;16;0;0;3.9;0;;
ПРОДУКТ;Mascarpone;394;6;40;2.5;0;;
ПРОДУКТ;Maslac;746;0.65;82;0.66;0;;
ПРОДУКТ;Masło Extra 82;738;0;82;0;0;;
ПРОДУКТ;Matcha mango;420;3;11;79;0;;
ПРОДУКТ;Matkakuume smoothie;64;0.8;0.2;13.9;0;;
ПРОДУКТ;Matsoun;67;3.8;3.6;4.9;0;;
ПРОДУКТ;Mausteinen matilda;546;6.3;34;51;0;;
ПРОДУКТ;Max Fun;502;5.6;25;63;0;;
ПРОДУКТ;Max Motion Лимон-грейпфрут;71.2;0.1;0.1;15.5;0;;
ПРОДУКТ;Maxfun со взрывной карамелью, мармеладом и печеньем;498;5.1;23;65;0;;
ПРОДУКТ;Maxiduo страчателла;311;4;14.2;41.8;0;;
ПРОДУКТ;Mayo;620;16.8;67;3;0;;
ПРОДУКТ;Mayonnaise;669;0.4;72.7;3.2;0;;
ПРОДУКТ;Mayonnaise (light;329;0.3;34;5.5;0;;
ПРОДУКТ;Mayonnaise 67;616;0.1;67;3.17;0;;
ПРОДУКТ;Mayonnaise Decorative;704;1.5;76.3;2.9;0;;
ПРОДУКТ;Mayonnaise REAL 72;663;0.6;72;3.1;0;;
ПРОДУКТ;Meat Chips Острые;490;51;32;0;0;;
ПРОДУКТ;Mediterranian Herb Sauce;397;0.9;37;15;0;;
ПРОДУКТ;Mednieku desiņas;239;11.1;20.5;2.4;0;;
ПРОДУКТ;Meelania;371;21.2;31.3;0;0;;
ПРОДУКТ;Mega chips;510;7;30;53;0;;
ПРОДУКТ;Mega crispy makkajoʻxori qalamchalari;408;7.3;12.2;68.5;0;;
ПРОДУКТ;Mega gainer (strawberry flavor;365;9.9;0.3;79;0;;
ПРОДУКТ;Melange De Poisson;77;17;1;0.5;0;;
ПРОДУКТ;Melko ВО, 6;76.4;2.6;6;4.7;0;;
ПРОДУКТ;Mella;366;0.8;7.2;72;0;;
ПРОДУКТ;Melted cheese;230;8.5;18;8.5;0;;
ПРОДУКТ;Mentos;381;3.7;3.7;74.07;0;;
ПРОДУКТ;Mentos lemon & mint;16;0;0;4;0;;
ПРОДУКТ;Merci Milk Chocolate Bar;578;7.1;38.2;50.6;0;;
ПРОДУКТ;Merci ассорти шоколадных конфет;563;7.8;36.1;49.9;0;;
ПРОДУКТ;Merenda;525;3.6;28;64;0;;
ПРОДУКТ;Meringue;360;7.5;0;82;0;;
ПРОДУКТ;Mermelada frutilla;212;0.3;0.1;52.4;0;;
ПРОДУКТ;Meruňkovy extra džem;243;0.7;0.5;60;0;;
ПРОДУКТ;Meruňkové knedlíky;192;5.8;2.7;35;0;;
ПРОДУКТ;Meruňkový džem;191;0.5;0.5;47;0;;
ПРОДУКТ;Mexican Ready Meal;81;5.7;0.6;11.5;0;;
ПРОДУКТ;Mešano Mleveno Meso;238;16.2;18.9;1.31;0;;
ПРОДУКТ;Meža Ogu Kūka;272;3.8;19;22;0;;
ПРОДУКТ;Miel de thym & Gelée Royale;324;0.8;0.5;80;0;;
ПРОДУКТ;Mifu Suikale Yrtti Valkosipuli;169;24;7;2.4;0;;
ПРОДУКТ;Milchreis;117;3.5;3;18.9;0;;
ПРОДУКТ;Milchreis Apfel;107;3;2.2;18.8;0;;
ПРОДУКТ;Milchröllchen;510;6.5;25;64;0;;
ПРОДУКТ;Milchschokolade mit Haselnüssen;561;7.8;36;50;0;;
ПРОДУКТ;Milk;64;3.3;3.6;4.8;0;;
ПРОДУКТ;Milk 0,5;35.3;3;0.5;4.7;0;;
ПРОДУКТ;Milk 0.5;35;3;0.5;4.7;0;;
ПРОДУКТ;Milk 1,5;44.3;3;1.5;4.7;0;;
ПРОДУКТ;Milk 1.5;46;3.2;1.5;4.9;0;;
ПРОДУКТ;Milk 3,1;58.7;3;3.1;4.7;0;;
ПРОДУКТ;Milk 3.2;59;2.8;3.2;4.7;0;;
ПРОДУКТ;Milk Chocolat Almonds and Nougat Cachet;536;6.7;31;55;0;;
ПРОДУКТ;Milk Chocolat Whole Hazelnut Cachet;551;7.2;35;51;0;;
ПРОДУКТ;Milk Chocolate & Caramel;470;5;24;58;0;;
ПРОДУКТ;Milk Chocolate Caramel Sea Salt;536.17;7.02;31.91;53.19;0;;
ПРОДУКТ;Milk Chocolate Coated Coconut Bars;500;5;27.5;57.5;0;;
ПРОДУКТ;Milk Chocolate Pralines;566;3.77;34;56.6;0;;
ПРОДУКТ;Milk Chocolate With Caramel And Almonds;560;8.4;35.8;49.8;0;;
ПРОДУКТ;Milk Chocolate With Pistachio & Kunafah;492;8.8;30;47.2;0;;
ПРОДУКТ;Milk Jumbo;562;9.1;35.1;51.3;0;;
ПРОДУКТ;Milk Lactose free 3.2% UHT;60;3;3.2;4.7;0;;
ПРОДУКТ;Milk PRO High Protein Crème Caramel;98;9.1;1.3;12.5;0;;
ПРОДУКТ;Milk UHT;60;3;3.2;4.7;0;;
ПРОДУКТ;Milk chocolate;576;8.8;38.9;47.5;0;;
ПРОДУКТ;Milk chocolate Whole hazelnuts;555;9;37;45;0;;
ПРОДУКТ;Milk chocolate with hazelnut;560;8;36;49;0;;
ПРОДУКТ;Milk chocolate with raisins and peanuts;539;7;33;52;0;;
ПРОДУКТ;Milk Большая Перемена;59.51;3;3.2;4.7;0;;
ПРОДУКТ;Milka Almond Caramel;544;5.8;33;53;0;;
ПРОДУКТ;Milka Max Арахис и Карамель;543;8.2;33;51;0;;
ПРОДУКТ;Milka Mmmax Oreo;558;4.4;34;57;0;;
ПРОДУКТ;Milka caramel;484;4.1;24;63;0;;
ПРОДУКТ;Milka milk chocolate;539;6.5;31;57;0;;
ПРОДУКТ;Milkis;52;0.3;0;12.6;0;;
ПРОДУКТ;Milkis Banana;50;0;0;12;0;;
ПРОДУКТ;Milkshake Chocolate;58;7.3;1.4;3.8;0;;
ПРОДУКТ;Milky Chocolate Молочный шоколад с молочно-ореховой пастой;477;10;35;13;0;;
ПРОДУКТ;Milky Dream Kokteil;69;2.8;1.9;10.1;0;;
ПРОДУКТ;Milky NutBar Sweet Sauce;14;0.3;0.1;3;0;;
ПРОДУКТ;Milky Soda Cotton Candy Wonderland;190;0;0;47;0;;
ПРОДУКТ;Milky Soda Peach Yogurt;170;1;0;42;0;;
ПРОДУКТ;Milky Way черника;440;2.8;14.1;75;0;;
ПРОДУКТ;Milky Молочный шоколад со сливочной начинкой;464.71;9;36;11;0;;
ПРОДУКТ;Millennium gold;568;9.9;38.2;46.2;0;;
ПРОДУКТ;Millet;340;12;3;65;0;;
ПРОДУКТ;Miltų mišinis keksam;354;4.9;19;40;0;;
ПРОДУКТ;Mini Cheesecakes;184;17;4.6;19;0;;
ПРОДУКТ;Mini Crispy Wafers ( coated in cocoa;532;3.8;29;64;0;;
ПРОДУКТ;Mini Flapjack Bites;455;5.6;21;58;0;;
ПРОДУКТ;Mini Fondant;527;6.4;31.9;53.7;0;;
ПРОДУКТ;Mini Lavash;289;12;1.5;57;0;;
ПРОДУКТ;Mini Lentil Chips Mushroom Flavour;389;22.5;11.4;45.6;0;;
ПРОДУКТ;Mini Samosa;514.8;9.7;32.8;45.2;0;;
ПРОДУКТ;Mini Tortitas BBQ;416;21;13;52;0;;
ПРОДУКТ;Mini Weiners Hot;540;30;46;1;0;;
ПРОДУКТ;Mini bolachas;469;8.6;20;62;0;;
ПРОДУКТ;Mini cake Choco Berry;402;12;27;26;0;;
ПРОДУКТ;Mini croissants double;455;6.2;27;45;0;;
ПРОДУКТ;Mini grissini;458;13;16;64;0;;
ПРОДУКТ;Mini hash browns;197;2.8;11;20;0;;
ПРОДУКТ;Mini magdalenas;397;4.8;19.2;50.7;0;;
ПРОДУКТ;Mini-Salami;429;32;33;1;0;;
ПРОДУКТ;Minis classic;449;8.1;12;76;0;;
ПРОДУКТ;Mint Rich Bar;142.86;1.43;3.86;25.71;0;;
ПРОДУКТ;Mio/Rio;364;4.2;6.8;70;0;;
ПРОДУКТ;Mionetto Alcohol Free;11;0;0;2.6;0;;
ПРОДУКТ;Mirinda;38;0;0;9.4;0;;
ПРОДУКТ;Mirinda orange flavour;49.4;0;0;12.2;0;;
ПРОДУКТ;Mixed olives;209;1.4;21.1;2.5;0;;
ПРОДУКТ;Mleko;49;3;2;4.8;0;;
ПРОДУКТ;Mleko 1.5;44;3;1.5;4.7;0;;
ПРОДУКТ;Mochi;264.69;1.15;7.9;47.13;0;;
ПРОДУКТ;Mochi Matcha;245.71;2.86;6.29;45.71;0;;
ПРОДУКТ;Mochovská;31;1.7;0.5;3.6;0;;
ПРОДУКТ;Mogli kakao waffeln;540;8.8;34;48;0;;
ПРОДУКТ;Mojito Lemonade;28;0;0;6.7;0;;
ПРОДУКТ;Mojito зі смаком лайма та мяти;5.6;0;0;1.4;0;;
ПРОДУКТ;Moloko Миндальное;41.4;0.5;1.8;5.8;0;;
ПРОДУКТ;Moments Raspberry And Mango;287;3.4;21.3;21.5;0;;
ПРОДУКТ;Monarch Classic 3 в 1;420;1.9;11;78;0;;
ПРОДУКТ;Monarch Латте со вкусом солёной карамели;426.67;2;12;80;0;;
ПРОДУКТ;Monastârschi;246;7.5;0.9;52;0;;
ПРОДУКТ;Mondine;462;6.2;2.9;68;0;;
ПРОДУКТ;Monini Extra Virgin Olivenolje Basilikum 250ml;828;0;92;0;0;;
ПРОДУКТ;Moniviljanpuuro;110;1.7;8.2;7.4;0;;
ПРОДУКТ;Monster Energy Nitro;47;0;0.1;12;0;;
ПРОДУКТ;Monster Juice Mango;48;0;0;12;0;;
ПРОДУКТ;Monster nitro;44;0;0;11;0;;
ПРОДУКТ;Monsters protein bar strawberry;339;35.5;8;25;0;;
ПРОДУКТ;Monte snack;450.29;5.8;27.8;43.8;0;;
ПРОДУКТ;Moonirull Tumeda Pumatigq;394;6.89;16.2;55.2;0;;
ПРОДУКТ;Moonisai;449;8.6;17.8;61.3;0;;
ПРОДУКТ;Mortadela Paprykowa;189;13;13;4.3;0;;
ПРОДУКТ;Moulin à piment et ail;23.31;1.16;0.08;3.79;0;;
ПРОДУКТ;Mountain Blast;18.4;0;0;4.1;0;;
ПРОДУКТ;Mountain Dew;51.6;0;0;12.8;0;;
ПРОДУКТ;Mousse Foie Gras de Pato Mi-Cuit;533;13;53;1.2;0;;
ПРОДУКТ;Mousse au chocolate;362;5.3;29.1;17.7;0;;
ПРОДУКТ;Mousse&orange dark chocolate;523.9;5.6;29.7;56.1;0;;
ПРОДУКТ;Movenpick Swiss Chocolate;291;4.2;17.2;28.5;0;;
ПРОДУКТ;Mozzarella;321;24.5;23.5;2;0;;
ПРОДУКТ;Mozzarella Sticks;253;24;17;1;0;;
ПРОДУКТ;Mozzarella cheese grated;321;25;24;2;0;;
ПРОДУКТ;Mr.BIG (Ваниль-Шоколад;352.22;3.67;26.56;24.78;0;;
ПРОДУКТ;Muesli (Strawberry & White Chocolate;390;8;13;61;0;;
ПРОДУКТ;Muesli Cranberry & Orange;397;7.7;10.2;66.3;0;;
ПРОДУКТ;Muesli Lunch с ананасом;350;4.5;3;75;0;;
ПРОДУКТ;Muesli Яблоко, Финские Хлопья, Орех;390;7.5;13;62;0;;
ПРОДУКТ;Muesli апельсин;360;4;6;71;0;;
ПРОДУКТ;Muizas;325;6.9;8;56.4;0;;
ПРОДУКТ;Multi Vitamin;41;0;0;9.9;0;;
ПРОДУКТ;Multifruit drink;21;0.5;0.5;5;0;;
ПРОДУКТ;Multigrain Loaf;267.86;8.93;5.36;46.43;0;;
ПРОДУКТ;Munsbit;369.02;12;29;15;0;;
ПРОДУКТ;Mus Jabłko Banan;79;0.7;0.2;18;0;;
ПРОДУКТ;Muscheln in Rapsöl;161;17;9.5;1.4;0;;
ПРОДУКТ;Mushroom instant soup with croutons;414;9.2;17.9;53.7;0;;
ПРОДУКТ;Musli 3 typy čokolády;468;7.1;18;67;0;;
ПРОДУКТ;Musli apple&walnut;460;7;19.3;69.2;0;;
ПРОДУКТ;Musli v jogurte Jahodová;441;4.5;16.8;70.7;0;;
ПРОДУКТ;Mussels;58;9.7;2.1;0.5;0;;
ПРОДУКТ;Mućkalica Od Svinjskog Mesa;154;10.2;6.7;13.3;0;;
ПРОДУКТ;My Cookies | Chocolate;489;6.4;22;65;0;;
ПРОДУКТ;My sweetie pie;450;9;21;56;0;;
ПРОДУКТ;Mélange Mendiants Elite;527;12;37;32;0;;
ПРОДУКТ;Müllermilch - Bananen-Geschmack;67;3.2;1.4;10.5;0;;
ПРОДУКТ;Müllermilch High Protein Chocolate;65;6.7;1.7;5.5;0;;
ПРОДУКТ;Müllermilch Lemon Cheesecake;67;3.3;1.4;10.1;0;;
ПРОДУКТ;Müsli In Yogurt Forest Fruit;427;4;14.7;68;0;;
ПРОДУКТ;Mărgăle de brânză cu smântână;100.38;12.5;4;0;0;;
ПРОДУКТ;NAN optipro;67;1.24;3.58;7.45;0;;
ПРОДУКТ;NATURNES BIO céréales blé et avoine;394;11;2.9;78.7;0;;
ПРОДУКТ;NESCAFÉ Espresso Original, Café Soluble 100% pur Arabica, Boîte de 95g;177.39;11.63;0.66;25.53;0;;
ПРОДУКТ;NITRO TECH Chocolate Peanut Butter;371;68.6;7.14;8.57;0;;
ПРОДУКТ;NOVI FONDFNTE -30% шоколад;512;4.7;33;38;0;;
ПРОДУКТ;Nabati Wafer Cheese Cream Wafer;50;0;2;7;0;;
ПРОДУКТ;Nacho;480;6.8;22;61;0;;
ПРОДУКТ;Nachosy ser biedronka;475;6;22;61;0;;
ПРОДУКТ;Nahchi;380;12;16;47;0;;
ПРОДУКТ;Napoleon Kūka;331;4.19;11.42;52.25;0;;
ПРОДУКТ;Natty's арахисовая паста;590;21;44;28;0;;
ПРОДУКТ;Natur Radler;35;0;0;8;0;;
ПРОДУКТ;Natural Bar Red Velvet;316.2;33;13;3.2;0;;
ПРОДУКТ;Natural mix ryż, fasolka,papryka,cebula o curry;341;8.7;0.7;73;0;;
ПРОДУКТ;Naturals с паприкой;529;5.6;32;53;0;;
ПРОДУКТ;Naturals со вкусом песто;514;5.3;32;49;0;;
ПРОДУКТ;Nature Valley Chocolat;473.81;8.81;19.76;61.43;0;;
ПРОДУКТ;Naturjoghurt;71;4.3;3.5;5.2;0;;
ПРОДУКТ;Naudan Jauheliha;174.24;21;10;0;0;;
ПРОДУКТ;Naut;390;20;5;66;0;;
ПРОДУКТ;Neapolitaner;485;5.6;21.6;65.3;0;;
ПРОДУКТ;Nectar de mangue;46;0.2;0.5;10.5;0;;
ПРОДУКТ;Negro Extra;558;15;44;17;0;;
ПРОДУКТ;Nejniy;80;2.4;1.2;14.5;0;;
ПРОДУКТ;Nelino kids;535;5.4;32.1;56;0;;
ПРОДУКТ;Nemoloko гречневое классическое лайт 1,5;45;1;1.5;6.5;0;;
ПРОДУКТ;Nemoloko овсяное ванильное;60;1;3.2;6.5;0;;
ПРОДУКТ;Nemoloko овсяное классическое лайт;45;1;1.5;6.5;0;;
ПРОДУКТ;Nemoloko овсяное шоколадное;70;1;3.2;9.5;0;;
ПРОДУКТ;Nemoloko овсяный йогурт груша;130;5;5;16;0;;
ПРОДУКТ;Neo High Protein Молоко Безлактозное;45;5.3;0.5;4.8;0;;
ПРОДУКТ;Neo Имунеле Natural;64.12;1.8;0.9;11.8;0;;
ПРОДУКТ;Neo Имунеле Гранат-Вишня;72.24;2.5;1.2;12.4;0;;
ПРОДУКТ;Neo Имунеле Клюква-Малина;73.06;2.5;1.2;12.6;0;;
ПРОДУКТ;Neo Имунеле Лесные ягоды;75.11;2.5;1.2;13.1;0;;
ПРОДУКТ;Nescafe Latte;434;2.3;11;80;0;;
ПРОДУКТ;Nescafe gold coffee;63;7;0.2;9;0;;
ПРОДУКТ;Nescafe мягкий;438;1.3;12;79;0;;
ПРОДУКТ;Nescafé® Classic. Натуральный растворимый порошкообразный кофе с добавлением натурального жареного молотого кофе;128;8;1;3;0;;
ПРОДУКТ;Nesquik;400;6;3.2;85;0;;
ПРОДУКТ;Nesquik Ice Cream;202.78;2.22;8.61;27.78;0;;
ПРОДУКТ;Nesquik Strawberry Bar;370.21;6.38;9.36;64.68;0;;
ПРОДУКТ;Nesquik Super choco;432;6.8;23.7;46.6;0;;
ПРОДУКТ;Nesquik. Какао - напиток быстрорастворимый, обогащенный, для питания детей дошкольного и школьного возраста;388;6;3.2;80;0;;
ПРОДУКТ;Nesquik®. Opti-start;383.37;4.5;3.2;81;0;;
ПРОДУКТ;Nesqwik АЛФАВИТ;355.16;9;3.4;71.1;0;;
ПРОДУКТ;Nestle Nesquick;382;5.1;3.6;78;0;;
ПРОДУКТ;Nishnushim Sour cream and onion flavoured snack;491;7.5;23.8;61.8;0;;
ПРОДУКТ;Nitro, Cosmic Peach;45.6;0;0;11.6;0;;
ПРОДУКТ;Nocciola;43;0.7;3.2;2.8;0;;
ПРОДУКТ;Nocco San Citro;5;0.9;0;0;0;;
ПРОДУКТ;Noir aux Pépites de Café;520;4.6;34;50;0;;
ПРОДУКТ;Non Stop Boost;39;0;0;9.5;0;;
ПРОДУКТ;Non Stop Jungle;44;0;0;10.6;0;;
ПРОДУКТ;Non Stop Original;42;0;0;10;0;;
ПРОДУКТ;Non Stop Stalker;41;0;0;10;0;;
ПРОДУКТ;Non Stop Ultra;39;0;0;9.5;0;;
ПРОДУКТ;Non Stop Zoom;41;0;0;10;0;;
ПРОДУКТ;Nori - водорасли, за суши;391;44;5.5;37;0;;
ПРОДУКТ;Nori Chips;568;19;39;36;0;;
ПРОДУКТ;Norm-pro персик абрикос;32;5;0;3;0;;
ПРОДУКТ;Nouille chinoise Instant Noodle;361;9.9;1.7;74.4;0;;
ПРОДУКТ;Nouilles instantanée бusланч;410;7;20;51;0;;
ПРОДУКТ;Nudeln Spaghetti;359;11;2;72;0;;
ПРОДУКТ;Nuss-Frucht-Mix;504;10.8;31.7;40.5;0;;
ПРОДУКТ;Nussnugat Creme;556;5.4;35.6;51.1;0;;
ПРОДУКТ;Nussriegel Mit Sonnenblumenkernen;580;15;43;34;0;;
ПРОДУКТ;Nut&Go;540;16;36;38;0;;
ПРОДУКТ;Nut&Go Миндаль, Кокос, Карамель;540;10;39;42;0;;
ПРОДУКТ;Nutkao;528;4.2;28;64;0;;
ПРОДУКТ;Nutritional yeast flakes;389;55.6;5.56;33.3;0;;
ПРОДУКТ;Nuts;530;5.5;30;60;0;;
ПРОДУКТ;Nuts Малиновый Раф;490;5;23;66.67;0;;
ПРОДУКТ;Nuts ПРОТЕИНОВЫЙ батончик;475.56;14.89;24.44;44.44;0;;
ПРОДУКТ;Nápoj jogurtový borůvka;17.8;0.68;0.2;3.25;0;;
ПРОДУКТ;Néctar de Manga;47;0.5;0.5;11;0;;
ПРОДУКТ;O zlaki кофейные;476;7;24;57;0;;
ПРОДУКТ;O zlaki топленое молоко;454;7;17;67;0;;
ПРОДУКТ;O zlaki трюфельные;468;7.5;23;58;0;;
ПРОДУКТ;O zlaki халвичные;511;10;25;61;0;;
ПРОДУКТ;O!Kulki Kakaowe;474;7;20;64;0;;
ПРОДУКТ;OLD SAARE Kvaliteetjuust;334;25;26;0;0;;
ПРОДУКТ;OMBALLS;344;0.4;0.2;84.5;0;;
ПРОДУКТ;OPTIMENT;80;20;0;0;0;;
ПРОДУКТ;ORZECHY BRAZYLIJSKIE;684;14;66;4.8;0;;
ПРОДУКТ;Oat Drink Extra light;35;1;0.5;6.5;0;;
ПРОДУКТ;Oat chocolate milk;70;1;3.2;9.5;0;;
ПРОДУКТ;Oat cookies;440;7;17;63;0;;
ПРОДУКТ;Oat&Honey Biscuits;442;6;19.8;58.1;0;;
ПРОДУКТ;Oatmeal;373;10;5.9;65;0;;
ПРОДУКТ;Oatmeal cookies Classical;431;10;15;68.8;0;;
ПРОДУКТ;Ochakovo - Kvass 2L;24;0;0;6;0;;
ПРОДУКТ;Oddly Good Gouda;292;1.1;23;19;0;;
ПРОДУКТ;Oga jogurts zemeņu 1l;82;3.2;1.8;13.3;0;;
ПРОДУКТ;Oivariini merisuola;706;0.4;78;0.5;0;;
ПРОДУКТ;Olive Oil;900;0;100;0;0;;
ПРОДУКТ;Olive Oil For Baking & Frying;900;0;100;0;0;;
ПРОДУКТ;Olives;163;1;17;0;0;;
ПРОДУКТ;Olives Black pitted;161.3;0.5;17.7;0;0;;
ПРОДУКТ;Oliwa;819;0;91;0;0;;
ПРОДУКТ;Oliwa Z Oliwek EV;819;0;91;0;0;;
ПРОДУКТ;Oliwki Zielone Drylowane;183;1.6;18.7;0.5;0;;
ПРОДУКТ;Omar Chocolate;461;4.4;18;69;0;;
ПРОДУКТ;Onigiri;138.86;6.3;1.3;25;0;;
ПРОДУКТ;Onigiri somon teriyaki;144;4.7;5.9;17.8;0;;
ПРОДУКТ;Orage juice premium;45.2;0.8;0.2;9.4;0;;
ПРОДУКТ;Orange;35.2;0;0;8.8;0;;
ПРОДУКТ;Orange & mango juice;37;0.8;0.5;8.5;0;;
ПРОДУКТ;Orange Blast;2.62;0;0;0.22;0;;
ПРОДУКТ;Orange Intense;535;7;32;51;0;;
ПРОДУКТ;Orange juice;47;0.5;0;11.2;0;;
ПРОДУКТ;Oravská slanina;301;15.1;26.8;0.8;0;;
ПРОДУКТ;Orbit mints;244;0;1.2;97;0;;
ПРОДУКТ;Oreo - Alpen Gold Oreo - 95 G;540;5.1;32;59;0;;
ПРОДУКТ;Oreo Crispy & Thin;494;4.8;21;70;0;;
ПРОДУКТ;Oreo strawberry;489;4.74;21.6;68.4;0;;
ПРОДУКТ;Oreo Шоколадный вкус;469;5.8;20;66;0;;
ПРОДУКТ;Oreo-Joy fills;451;4.5;16;72;0;;
ПРОДУКТ;Oreos Waldbeer;484;4.5;21.5;67.5;0;;
ПРОДУКТ;Orez Bob Rotund;358;6.5;52;77;0;;
ПРОДУКТ;Orez bob lung;333;7;1;71.8;0;;
ПРОДУКТ;Organic Apple Juice;60.81;0.34;0;14.53;0;;
ПРОДУКТ;Organic Carrots;38;1.28;0;8.97;0;;
ПРОДУКТ;Organic Italian pasta Alphabet;350;11;1.7;71;0;;
ПРОДУКТ;Organic Sugar In The Raw Turbinado Cane Sugar;375;0;0;100;0;;
ПРОДУКТ;Organic vegetable pasta;400;12;1.05;67;0;;
ПРОДУКТ;Original;400;8.7;34;16;0;;
ПРОДУКТ;Original BBQ Sauce;173;1.32;2.7;35.7;0;;
ПРОДУКТ;Original Green Tea with Honey;19;0;0;5;0;;
ПРОДУКТ;Original Mayonnaise;747;1.2;81;2.6;0;;
ПРОДУКТ;Original corn flavor;500;7;25;61;0;;
ПРОДУКТ;Original schoko-bananen;396;1.8;12;70;0;;
ПРОДУКТ;Orion Cuttlefish Peanut;500;13.33;30;56.67;0;;
ПРОДУКТ;Orzech laskowy;236;3.9;11;30;0;;
ПРОДУКТ;Osaka Takoyaki UFO;460;9;20.5;60.1;0;;
ПРОДУКТ;Ostravská klobása;365;12.5;35;0.1;0;;
ПРОДУКТ;Oven Baked Bruschette Chips sweet Basil pesto;453;9.1;14;71;0;;
ПРОДУКТ;Oven Baked Grilled Vegetables Chips;443.33;5.67;14.33;70;0;;
ПРОДУКТ;Oven Baked Roasted Garlic Bread Flavour;442;5.8;14;69;0;;
ПРОДУКТ;Oven Baked Salted;443;5.5;14;71;0;;
ПРОДУКТ;Ovocná Kapsička Malina XXL;55;0.7;0.5;11;0;;
ПРОДУКТ;Owsiane z czekoladą;528.57;6.57;28.29;60;0;;
ПРОДУКТ;Owsiankaowoce i orzechy;369;11.9;8.2;57.1;0;;
ПРОДУКТ;Ozmo Cornet;510;6.2;27.7;56.7;0;;
ПРОДУКТ;PAPRIKA FLAVOUR POTATO CHIPS;498;7.4;26;56;0;;
ПРОДУКТ;PAPRIKA U PAVLACI;227;5.1;22;3;0;;
ПРОДУКТ;PENNE RIGATE N73;359;14;2;69.7;0;;
ПРОДУКТ;PESTO alla GENOVESE SENZA AGLIO;492;4.7;47;11;0;;
ПРОДУКТ;PESTO ŔOSSO;329;3.8;29;12;0;;
ПРОДУКТ;PETIT BEURRE;438;8.4;12.6;70.6;0;;
ПРОДУКТ;PIENA шоколад;523;4.6;27.3;64.5;0;;
ПРОДУКТ;PROTELINE;340;12;10;50;0;;
ПРОДУКТ;PROfeel Proteiini-Kohupiimakreem magusainetega;62;10.7;0.3;4.1;0;;
ПРОДУКТ;PWRGreens;42.04;4.8;0.03;6.01;0;;
ПРОДУКТ;Paella;138;5.6;4.5;18;0;;
ПРОДУКТ;Paesano;499;43;35;3;0;;
ПРОДУКТ;Paffito con ceci;427;9.6;13;67;0;;
ПРОДУКТ;Pai smuuti;63;0.5;0.5;14;0;;
ПРОДУКТ;Pain énergie leclerc;402;42;18;11;0;;
ПРОДУКТ;Paine Cu făină integrală de grâu și Maia Vie Cu Semințe De Dovleac;245;8.8;1.2;49.8;0;;
ПРОДУКТ;Paksu Pepe XXL Original;328;3.5;0.4;76;0;;
ПРОДУКТ;Palačinkice, Kajsija;327;4.9;7.3;60;0;;
ПРОДУКТ;Palačinkice, Čoko Nugat;376;6.2;13;58;0;;
ПРОДУКТ;Paleta Cocida;135;16;7;2;0;;
ПРОДУКТ;Paluszki surimi;112;8.2;3.2;13.2;0;;
ПРОДУКТ;Pan Dulce De Miel (Hony Cookies;418;8;18;56;0;;
ПРОДУКТ;Pan Gratí;357;8.9;1.6;74;0;;
ПРОДУКТ;Pan con avena;405;13;8;63;0;;
ПРОДУКТ;Pan de molde super 800g;265;9.1;3.1;49;0;;
ПРОДУКТ;Pangasius Filet;78;16;1.5;0;0;;
ПРОДУКТ;Pankukas Kupinatu Cugalu un Sieru;166;9.3;4.5;21.7;0;;
ПРОДУКТ;Pankukas ar galu | Блины с мясом;214;10.6;9.6;20.9;0;;
ПРОДУКТ;Papa rice рис с свининой по-тайваньски;176;3.6;4.3;30.6;0;;
ПРОДУКТ;Papita;507;5.6;24.7;64.5;0;;
ПРОДУКТ;Paprika;508;6.1;29;53;0;;
ПРОДУКТ;Paprika Crinkle cut chips;526;7.2;33;48;0;;
ПРОДУКТ;Paprika chips;530;6.5;32;53;0;;
ПРОДУКТ;Paprikachips;539;6.3;32;54;0;;
ПРОДУКТ;Paraszt-májas;232;12.8;19.8;0.7;0;;
ПРОДУКТ;Parma lay;35;3;0.5;4.7;0;;
ПРОДУКТ;Parmigiano Reggiano;402;32;30;0;0;;
ПРОДУКТ;Parmigiano Reggiano Dop;405;32;30;0;0;;
ПРОДУКТ;Party Garnelen;88;18;1;0;0;;
ПРОДУКТ;Parówki;215;13;17;2.5;0;;
ПРОДУКТ;Parówki wieprzowe;293;12;26;2;0;;
ПРОДУКТ;Passion fruit in ruby chocolate;533.33;6.67;33.33;50;0;;
ПРОДУКТ;Passion fruit juice;22.5;0;0;5.5;0;;
ПРОДУКТ;Passionnément Fondant Noir assorti;633;5.2;51;36;0;;
ПРОДУКТ;Passionsfruchtsaft, Passionsfrucht;48;0.5;0;11;0;;
ПРОДУКТ;Pasta;348;12;1.1;71;0;;
ПРОДУКТ;Pasta By La Moderna;346.4;11.8;1.6;70.2;0;;
ПРОДУКТ;Pasta Carbonara;97.8;3.28;2.97;14.2;0;;
ПРОДУКТ;Pasta Carbonara Instant;98.6;1.81;3.63;14.42;0;;
ПРОДУКТ;Pasta Di Semola Di Grano Duro;350;11.5;1.5;71;0;;
ПРОДУКТ;Pasta Nadodrzański;353;11;0.5;75;0;;
ПРОДУКТ;Pasta Salat;103;4.2;2.1;16;0;;
ПРОДУКТ;Pasta Sauce;98;3.9;6.2;6.3;0;;
ПРОДУКТ;Pasta Tuna Salad;199;8.1;14;9.6;0;;
ПРОДУКТ;Pasta Veneta;350;13;1.5;72;0;;
ПРОДУКТ;Pasta di demola di Frank duro;353.7;12.5;1.2;71.6;0;;
ПРОДУКТ;Pasteurized Milk;53;3;2.5;4.7;0;;
ПРОДУКТ;Pastilles Eucalypt;398;0.5;0.5;97;0;;
ПРОДУКТ;Pastrami;102;19.5;1.6;2.3;0;;
ПРОДУКТ;Pastrami Hota;165;27;5;3;0;;
ПРОДУКТ;Patata roja, raw;70;1.7;0.1;15.7;0;;
ПРОДУКТ;Pavlaka Za Kuvanje;205;2.3;20;3.9;0;;
ПРОДУКТ;Pavlovapesa;390;4.7;0.25;92.5;0;;
ПРОДУКТ;Pavé de pomme à l’airelle;296;0;1.9;67.9;0;;
ПРОДУКТ;Paysan Breton - L'Emmental Français Râpé;377;27;29;2;0;;
ПРОДУКТ;Pea Chips;456;13;17;60;0;;
ПРОДУКТ;Pea chips BBQ taste;455;13;17;59;0;;
ПРОДУКТ;Peach Ice Tea;21;0;0;5;0;;
ПРОДУКТ;Peach, apple & grape;42;0.4;0;10.1;0;;
ПРОДУКТ;Peanut BOOM с арахисом и карамелью;530;11;32;50;0;;
ПРОДУКТ;Peanut Butter;649;25.8;55.5;11.6;0;;
ПРОДУКТ;Peanut Butter Crunchy;603;26;48;13;0;;
ПРОДУКТ;Peanut Butter Spread Roasted Honey Nut Creamy;625;21.88;50;18.75;0;;
ПРОДУКТ;Peanut Oil;828;0;92;0;0;;
ПРОДУКТ;Peanut butter crunchy croquant;90;4;8;3;0;;
ПРОДУКТ;Peanut cracker Masala;636;22;52;20;0;;
ПРОДУКТ;Peanut cream crunchy;637;27;53;9.3;0;;
ПРОДУКТ;Peanut crunchy;587;24.4;49.7;21.3;0;;
ПРОДУКТ;Peanuts & Pistachio & Kunafa;460;15;32;42;0;;
ПРОДУКТ;Peanuts With Churrumais;494;13.8;26.8;49.5;0;;
ПРОДУКТ;Pear Purée;53;0.3;0.1;11;0;;
ПРОДУКТ;Pear juice;29;0.1;0;7.1;0;;
ПРОДУКТ;Pechuguita de pavo al horno 97%pavo sin gluten y sin lactosa;106;23;1.7;0.5;0;;
ПРОДУКТ;Peel Cooh Sakura;362;0;0;90.6;0;;
ПРОДУКТ;Peenleib;239;7.1;1.4;47;0;;
ПРОДУКТ;Pel Mini Элитные;268;14;12;26;0;;
ПРОДУКТ;Pelmeni;249;14;12;22;0;;
ПРОДУКТ;Pelmeni chicken and pork;221;9.75;5.77;30.4;0;;
ПРОДУКТ;Pelmeni with Chicken and Cheese;196;14.8;4.8;23.4;0;;
ПРОДУКТ;Penne Rigate Integrale;350;13;2;67;0;;
ПРОДУКТ;Pennine;350;12.5;1.2;70.5;0;;
ПРОДУКТ;Pepero Original Stick Biscuit & Chocolate;510.64;10;23.4;65.96;0;;
ПРОДУКТ;Pepero choco cookie;488;8.5;21;66;0;;
ПРОДУКТ;Pepinillos agridulces;18;0.8;0.1;2.4;0;;
ПРОДУКТ;Pepinillos vinagre;15;0.9;0.5;2.2;0;;
ПРОДУКТ;Pepsi Cola;28;0;0;7;0;;
ПРОДУКТ;Pergale - Dark Chocolate Sweets 373G;502;4.3;27;58;0;;
ПРОДУКТ;Pergale Dark 72;553.78;8.4;41;33;0;;
ПРОДУКТ;Pergale тёмный шоколад с начинкой из манго;494;5.2;26;59.8;0;;
ПРОДУКТ;Perinnekeksi;460;7.4;16;67;0;;
ПРОДУКТ;Perunalastu Onion;546;6.6;34;51;0;;
ПРОДУКТ;Pesmeți crab;420;13.8;9.1;70.6;0;;
ПРОДУКТ;Pesmeți icre roșii;402;12;5;76;0;;
ПРОДУКТ;Pestki Dyni;568;34;44;3.9;0;;
ПРОДУКТ;Pesto Alla Genovese Vegan;320;3.7;33;1.6;0;;
ПРОДУКТ;Petit 750g;408;10.4;8;72.4;0;;
ПРОДУКТ;Petites Madeleines Saveur Caramel;431.37;5.88;21.57;54.9;0;;
ПРОДУКТ;Peulen;33;2;0;5;0;;
ПРОДУКТ;Peynir;236;15;18;3.5;0;;
ПРОДУКТ;Pfefferminztee;57.6;3.52;0.84;5.3;0;;
ПРОДУКТ;Pfirsch-Maracuja;80;3.4;1.4;12.6;0;;
ПРОДУКТ;Pfirsich-Maracuja Joghurt Mild;425;3;4;13;0;;
ПРОДУКТ;Philadelphia Smoked Salmon;70.1;3;5;2;0;;
ПРОДУКТ;Pickles;47;1.9;0.3;7.7;0;;
ПРОДУКТ;Piens;55;3.3;2.5;4.8;0;;
ПРОДУКТ;Piens 2,5;55;3.2;2.5;4.8;0;;
ПРОДУКТ;Pihlaja Chocolates with jelly filling;375;1.2;9.1;71;0;;
ПРОДУКТ;Piim;55;3.3;2.5;4.8;0;;
ПРОДУКТ;Piim 2,5;55;3.4;2.5;4.8;0;;
ПРОДУКТ;Piine fara drojdie;245;8.6;1.4;43.9;0;;
ПРОДУКТ;Piletina U Marinadi I Sosu Sa Kus Kusom;163;15;9.1;3.4;0;;
ПРОДУКТ;Pina Colada;23;0.1;0.02;5.3;0;;
ПРОДУКТ;Pineapple Chunks in Syrup;78;0;0;19;0;;
ПРОДУКТ;Pineapple, apple & grape;47;0.6;0;11.2;0;;
ПРОДУКТ;Pink;590;6.5;43;44;0;;
ПРОДУКТ;Pink Salmon;140;21;6;0;0;;
ПРОДУКТ;Pinot Noir Reserve;75;0;0;0.5;0;;
ПРОДУКТ;Piparkukas ar medu un marcipanu;407;5.9;10;72;0;;
ПРОДУКТ;Piratki Paluszki Serowe;277;29;17;2;0;;
ПРОДУКТ;Piskefløde 36;346;2.2;36;3.3;0;;
ПРОДУКТ;Pistaatsiapähklid;577;21;45;17;0;;
ПРОДУКТ;Pistachio & Almonds;251;4.3;14;27;0;;
ПРОДУКТ;Pistachio & Cream;279;5;18.1;23.7;0;;
ПРОДУКТ;Pistachio Kunafa;546.73;7.48;32.71;57.01;0;;
ПРОДУКТ;Pistachio Kunafa Milk Chocolate Bar;529;7.89;32.6;50.8;0;;
ПРОДУКТ;Pistachio nuts;577;21;45;17;0;;
ПРОДУКТ;Pistachios Roasted Salted;614;23.6;51.2;7.8;0;;
ПРОДУКТ;Pistacje;622;25.3;49.8;16;0;;
ПРОДУКТ;Pit Bull Original;45;0;0;11;0;;
ПРОДУКТ;Pitted Ripe Olives;134;0.5;14;0;0;;
ПРОДУКТ;Pizza Corn Cakes;419;6.8;8.3;79;0;;
ПРОДУКТ;Pizza Four Cheese;233;9.6;7.9;29.7;0;;
ПРОДУКТ;Pizza Hawaii;187;9;4.8;26;0;;
ПРОДУКТ;Pizza Margherita;426;5.3;13;69;0;;
ПРОДУКТ;Pizza Mozzarella & Pesto;267;9.8;14;24;0;;
ПРОДУКТ;Pizza Šunka;100;10;5;3.8;0;;
ПРОДУКТ;Piña;314;3.4;0.8;82;0;;
ПРОДУКТ;Pişmaniye;447;4.3;13.4;77.9;0;;
ПРОДУКТ;Plant Menu;234;5.65;12.4;23.8;0;;
ПРОДУКТ;Plenny Shake, Peach;416.67;20.83;15.62;43.75;0;;
ПРОДУКТ;Pljeskavica;267;20.2;18.6;2.93;0;;
ПРОДУКТ;Plombir;250;4.29;14.29;27.14;0;;
ПРОДУКТ;Plombir Kids;325;4.7;15.4;42;0;;
ПРОДУКТ;Plombir Korovka;260;4.5;15;26;0;;
ПРОДУКТ;Poctivá šunka pečená;113;21;2.6;0.8;0;;
ПРОДУКТ;Podniebne Mleczko o smaku kokosowym;444;2.8;20;62;0;;
ПРОДУКТ;Podusiaki;458;6.1;17;68;0;;
ПРОДУКТ;Poimutetut ranskanperunat;137;2.2;3.1;24;0;;
ПРОДУКТ;Poivre noir;330.73;13.33;7.52;39.59;0;;
ПРОДУКТ;Polanki;283;13;25;1;0;;
ПРОДУКТ;Polar Bread Lapi Leib;277;7.43;3.43;52;0;;
ПРОДУКТ;Polevka s jatrovými knedlíčky;39;1.6;0.8;6.3;0;;
ПРОДУКТ;Pols Ar Kakao Cepumiem;297;2.9;21;24;0;;
ПРОДУКТ;Polus;500;6.67;28.33;56.67;0;;
ПРОДУКТ;Polvo Para Preparar Pudin;86.1;2.6;0.5;17.8;0;;
ПРОДУКТ;Polévka gulášová;45.2;1.4;1.32;6.72;0;;
ПРОДУКТ;Polędwica Sopocka;113;18;3.9;1.3;0;;
ПРОДУКТ;Pom Sticks;504;5.7;29;53;0;;
ПРОДУКТ;Pom'potes yogurtz;104;3.5;4.2;13;0;;
ПРОДУКТ;Pom-băr Pufuleți Cașcaval;521;5.8;28;59;0;;
ПРОДУКТ;Pomelo;20;0;0;4.5;0;;
ПРОДУКТ;Pomidory suszone na słońcu z przyprawami;121;5.3;1.8;21;0;;
ПРОДУКТ;Pommes Strips;135;2.4;3.2;23;0;;
ПРОДУКТ;Pommes pinnes;500;7.9;28;51;0;;
ПРОДУКТ;Pop corn;455;9;18;59;0;;
ПРОДУКТ;Popcorn;447;6;27;48;0;;
ПРОДУКТ;Popcorn Ванильная Карамель;400;4.5;6.5;82;0;;
ПРОДУКТ;Popcorn Солёный;459;6;27;48;0;;
ПРОДУКТ;Popkornas;474;4.9;19.3;67.6;0;;
ПРОДУКТ;Popping Candy Milk Chocolate;525;8;29;57;0;;
ПРОДУКТ;Porgandimahl;28;0.6;0.2;6.1;0;;
ПРОДУКТ;Porgandisalat;81;0.5;2.7;16;0;;
ПРОДУКТ;Poro;539;6.3;30;59;0;;
ПРОДУКТ;Potato Chips Grooved With Mushrooms Flavor;508;6.2;30;53;0;;
ПРОДУКТ;Potato Chips with Cheese;520;6.4;30.8;54.33;0;;
ПРОДУКТ;Potato Chips Сметана с Луком;430;4.5;21;56;0;;
ПРОДУКТ;Potato chips;514;6.4;28;59;0;;
ПРОДУКТ;Potiron - Patate Douce;46;0.6;2.2;5.1;0;;
ПРОДУКТ;Poulet Steak Gewürzt;187;17;13;0.5;0;;
ПРОДУКТ;Powerade Ледяная буря;18;0;0;4.1;0;;
ПРОДУКТ;Powidła węgierkowe;214;1.1;0.2;50;0;;
ПРОДУКТ;Prażynki smak papryka;514;1.9;27.9;62.9;0;;
ПРОДУКТ;Pražská šunka;138;20;6;0.7;0;;
ПРОДУКТ;Premium zumo de melocotón y uva;51;0.4;0;12.3;0;;
ПРОДУКТ;President French Butter;714.29;0;78.57;0;0;;
ПРОДУКТ;Primebar;380;25;12.5;45;0;;
ПРОДУКТ;Pringles Crab;522;7.1;30;54;0;;
ПРОДУКТ;Pringles Hot Smokin BBQ Ribs Flavour;522;6.1;30;55;0;;
ПРОДУКТ;Pringles ORG Original;540;4.3;33;55;0;;
ПРОДУКТ;Pringles Original;530;6.1;31;55;0;;
ПРОДУКТ;Pringles Paprika;501;4.7;31;51;0;;
ПРОДУКТ;Pringles clásico m5;548;4;32;56;0;;
ПРОДУКТ;Pro Chips Protein;341;40;8.78;25.09;0;;
ПРОДУКТ;Pro Sport 41;393;41;11;38;0;;
ПРОДУКТ;Processed Cheese With Ham;206;11;15;6.7;0;;
ПРОДУКТ;Professional Banana;27;2.5;1;2;0;;
ПРОДУКТ;Professional Isotonic Drink;23;0;0;5.2;0;;
ПРОДУКТ;Professional Vanilla;400;30;12;39;0;;
ПРОДУКТ;Proshuto Krudo;229;28;13;0.5;0;;
ПРОДУКТ;Protein - Chocolate-Banana;65;10;0.5;4.9;0;;
ПРОДУКТ;Protein Bar (cookies Flavour;384;30;19;29;0;;
ПРОДУКТ;Protein Bar Coconut Choco;377;30;18;29;0;;
ПРОДУКТ;Protein Bar Strawberry Choco;369;30;17;29;0;;
ПРОДУКТ;Protein Bar Toffee Caramel;374;30;18;28;0;;
ПРОДУКТ;Protein Bar Vanilla Yogurt;392;26;8.5;52;0;;
ПРОДУКТ;Protein Bar Вишня;406.82;29.55;15.91;31.82;0;;
ПРОДУКТ;Protein Bar батончик глазированный с дробленным арахисом;364;16;18;22;0;;
ПРОДУКТ;Protein Barre Арахис И Солёная Карамель;288.48;33.4;13.2;9;0;;
ПРОДУКТ;Protein Barre, Миндаль;288;32;14;28.8;0;;
ПРОДУКТ;Protein Baton / Tycinka;390;25;20;23;0;;
ПРОДУКТ;Protein Biscuits, Banana;273;29.8;13.3;31.6;0;;
ПРОДУКТ;Protein Biscuits, Шоколад;272.73;30.18;13.27;31.45;0;;
ПРОДУКТ;Protein Brookie, Фисташка;342;20;18;38;0;;
ПРОДУКТ;Protein Cake;281;25.7;6.43;36.8;0;;
ПРОДУКТ;Protein Cake, Twisted, Mango Peach Kiwi;262;26;6;38;0;;
ПРОДУКТ;Protein Cereal Bar;411;25;13;49;0;;
ПРОДУКТ;Protein Chips цельнозерновые чипсы со вкусом Нежный сыр;303.3;15;3;52;0;;
ПРОДУКТ;Protein Chips цельнозерновые чипсы со вкусом Сладкий Чили;271;15;3;45;0;;
ПРОДУКТ;Protein Cofee;357;69.3;6;9.3;0;;
ПРОДУКТ;Protein Cookie;300;4.29;9.14;56.6;0;;
ПРОДУКТ;Protein Cookie Chocolate Chip;407;25.42;28.81;32.2;0;;
ПРОДУКТ;Protein Cookies;505;18;33;37;0;;
ПРОДУКТ;Protein Dessert Wafers Сливочно-ореховый десерт;423;20;27;15;0;;
ПРОДУКТ;Protein Donut пончик с малиновой начинкой;355;17;21;18;0;;
ПРОДУКТ;Protein Granola Ягодная;410;20.1;10.8;54.4;0;;
ПРОДУКТ;Protein Granola, Berries;420;10;19;50;0;;
ПРОДУКТ;Protein Granola, Coco & Banana;410;10;18;52;0;;
ПРОДУКТ;Protein ISO;363.33;83.33;1.67;3.33;0;;
ПРОДУКТ;Protein Ice Cream Brownie;272.86;15.71;15.71;15.71;0;;
ПРОДУКТ;Protein Ice Cream Cacao;259.7;10.75;17.91;19.4;0;;
ПРОДУКТ;Protein Matrix-7 Chocolate cookies;330;76.3;1.5;3;0;;
ПРОДУКТ;Protein Max Yorgurt;69.42;12.5;0.6;3.5;0;;
ПРОДУКТ;Protein Max без лактозы гранат-малина;69.4;12.5;0.6;3.5;0;;
ПРОДУКТ;Protein Pancake «Черная Смородина» протеиновая смесь для приготовления блинов;361;35;5.2;38;0;;
ПРОДУКТ;Protein Pancake Банановый крем;274;25;11;4.5;0;;
ПРОДУКТ;Protein Pancakes Malina;363.6;26;6;50;0;;
ПРОДУКТ;Protein Pie, Кокос;174.1;14.1;5.3;22.3;0;;
ПРОДУКТ;Protein Shake;48.33;6.86;0.55;3.79;0;;
ПРОДУКТ;Protein Wafers Шоколадно-ореховый десерт;415;20;27;13;0;;
ПРОДУКТ;Protein Yoghurt;73;8.9;0.2;8.9;0;;
ПРОДУКТ;Protein Yogurt By Yoplait;53;9.3;0.5;2.7;0;;
ПРОДУКТ;Protein Yogurt Drink Pro feel;56;8.6;0.1;5.1;0;;
ПРОДУКТ;Protein bar;414;23;16;43.6;0;;
ПРОДУКТ;Protein bar (Cherry Brownie;291.67;33.33;7.83;34.5;0;;
ПРОДУКТ;Protein bar (cookie & milk flavour;382;50;13;24;0;;
ПРОДУКТ;Protein bar salty caramel;337;33.3;11.7;6.67;0;;
ПРОДУКТ;Protein bar Двойной шоколад;395;25;21;13;0;;
ПРОДУКТ;Protein bar батончик глазированный с дробленным миндалем;369;16;19;21;0;;
ПРОДУКТ;Protein bar батончик глазированный с дробленным фундуком;373;16;19;22;0;;
ПРОДУКТ;Protein brownie;466;15;34;20;0;;
ПРОДУКТ;Protein cocktail pistachio ice cream flavour;78;10.5;0.9;6;0;;
ПРОДУКТ;Protein cookie lemon;340;26;18;20;0;;
ПРОДУКТ;Protein pancake Двойной шоколад;276;25;13;6.8;0;;
ПРОДУКТ;Protein pancake Клубничный крем;275;25;13;6.5;0;;
ПРОДУКТ;Protein pancake Молочный крем;302;25;14;11.5;0;;
ПРОДУКТ;Protein pudding with sweeteners, tiramisu;93;11;2.5;6.5;0;;
ПРОДУКТ;Protein whey Sculpt Шоколад;370;70;4.33;12.67;0;;
ПРОДУКТ;Protein Čokolada;280;50;9.1;5.4;0;;
ПРОДУКТ;Protein Миндаль Клюква;519.44;18.06;36.11;26.11;0;;
ПРОДУКТ;Protein манго пудинг;380;27;17;26;0;;
ПРОДУКТ;Protein, Пина Колада;80;14;0.2;5.5;0;;
ПРОДУКТ;Proteina plus;82;10;2;6;0;;
ПРОДУКТ;Proteinbar;428;35;14;39;0;;
ПРОДУКТ;Proteinbar lemon cake;288;33.3;6.33;8.17;0;;
ПРОДУКТ;Proteo #18 (peanut Caramel;393;29.5;14.8;37.8;0;;
ПРОДУКТ;Proteo Cookie Crunch;395;31.6;14.8;36.2;0;;
ПРОДУКТ;Pudink vanilka;344;0;0;85;0;;
ПРОДУКТ;Pudink čokoládový;93;2.8;2;16;0;;
ПРОДУКТ;Puffed Rice;346;2.3;0.4;85;0;;
ПРОДУКТ;Pull;12;0;0;3;0;;
ПРОДУКТ;Pulmoll -Orange with Vitamine C;234;0;0;96;0;;
ПРОДУКТ;Puolikarkea vehnäjauho;350;12;1.8;70;0;;
ПРОДУКТ;Pure truffles collection;500;8;28;52;0;;
ПРОДУКТ;Puree Ziemniaczane;66;2;0.9;12;0;;
ПРОДУКТ;Puttanesca sauce;45.11;1.5;2.63;4.51;0;;
ПРОДУКТ;Pâine Panmix Maia & Fibre;258.6;8;4;46.1;0;;
ПРОДУКТ;Pähklikook;435;6.5;25;46;0;;
ПРОДУКТ;Pätkis;447;3.7;17;69;0;;
ПРОДУКТ;Päärynä juoma;36;0;0;8.8;0;;
ПРОДУКТ;Pūre Kaste;423.33;5.08;24.42;45;0;;
ПРОДУКТ;Q Fruit Pulp;331.74;0;0;82.9;0;;
ПРОДУКТ;QUESO FRESCO en Hoja de PLATANO;285.71;17.86;17.86;7.14;0;;
ПРОДУКТ;QVINTO Десерт с какао Апельсиновый;470;5.6;22.4;61.6;0;;
ПРОДУКТ;Quark-Joghurt-Creme Kirsche;51;7.5;0.2;4.4;0;;
ПРОДУКТ;Queso Cheddar Red;388;25;32;0;0;;
ПРОДУКТ;Quick Cook Oat Flakes Porridge;374;14;7.6;57;0;;
ПРОДУКТ;Quina soffiata;378;9.2;4;74;0;;
ПРОДУКТ;Quinoa;343;12.7;5;58.5;0;;
ПРОДУКТ;Qwikler pistachios;496;8.3;34;19;0;;
ПРОДУКТ;Qwikler батончик глазированный «Мягкий грильяж с арахисом;420;15;30;8;0;;
ПРОДУКТ;RAGU COSTCO;60;2;0.8;11;0;;
ПРОДУКТ;RYE BREAD;240;6;1;48;0;;
ПРОДУКТ;Rabarberi Lassi;141;5.1;7;13.6;0;;
ПРОДУКТ;Rafinowany olej słonecznikowy;828;0;92;0;0;;
ПРОДУКТ;Rahmjoghurt mild - Kirsche mit Schokosplits;148;2.8;9.4;13;0;;
ПРОДУКТ;Rainbow wild berry drink;32;0;0;7.9;0;;
ПРОДУКТ;Raisins In Milk Chocolate;393;4;13;64;0;;
ПРОДУКТ;Rakhat 80% cocoa;587;10.3;47.1;30.3;0;;
ПРОДУКТ;Rama classic;530;0.5;59;0.5;0;;
ПРОДУКТ;Ramen Snack;486;8.57;20;67.1;0;;
ПРОДУКТ;Ranch Sauce;434;1.3;43;10.3;0;;
ПРОДУКТ;Rapea Kimchi;72;0.8;0.2;16;0;;
ПРОДУКТ;Raspberries Основа Для Безалкогольных Напитков;250;0;0;62;0;;
ПРОДУКТ;Raspberry Mascarpone Yogurt;150;5.6;7.7;14.2;0;;
ПРОДУКТ;Raspberry fruit strips;622;1.4;0.87;78.8;0;;
ПРОДУКТ;Raspberry iced tea (Russian;20;0;0;0;0;;
ПРОДУКТ;Ravioli Med Porcini Svampe;335;19;12;38;0;;
ПРОДУКТ;Ravioli bolognaise;98;4.9;3.5;11;0;;
ПРОДУКТ;Raw Energy Maracuja & Coconut bar;396;3.89;18.58;46.7;0;;
ПРОДУКТ;Raw Sunflower Honey;333;0;0;81;0;;
ПРОДУКТ;Ražná mouka chlebová;330;7.5;1.1;68;0;;
ПРОДУКТ;Ražná múka;322;9.5;1.7;61;0;;
ПРОДУКТ;Rebitud Sealiha Wrap;212;10.1;8.2;24.5;0;;
ПРОДУКТ;Red Beans;70;5;0;12;0;;
ПРОДУКТ;Red Bull;46;0;0;11;0;;
ПРОДУКТ;Red Bull Energy Drink;46;0;0;11;0;;
ПРОДУКТ;Red Lentils;332;7.2;1;74.3;0;;
ПРОДУКТ;Red Lentils Strickli;351;26;1.8;55;0;;
ПРОДУКТ;Red grape juice drink;38;0;0;9.5;0;;
ПРОДУКТ;Redbull;45.89;0;0;11;0;;
ПРОДУКТ;Reese’s Miniatures Milk Chocolate & Peanut Butter Cups;500;9.09;27.27;59.09;0;;
ПРОДУКТ;Rega Fruit Mix;361;1.5;1.7;84;0;;
ПРОДУКТ;Rehe Rukkileib;84.29;2.86;0.29;16;0;;
ПРОДУКТ;Rewe Bio Streichcreme Cashew & Kräuter vegan;271;4.8;25;6.5;0;;
ПРОДУКТ;Rewe Bio Tomatensaft Aus Tomatensaftkonzentrat;18;0.8;0;2.9;0;;
ПРОДУКТ;Rex Mini Cake sweet carrot;160;4.8;10.4;10.8;0;;
ПРОДУКТ;Ribs;242;19;18;1;0;;
ПРОДУКТ;Rice Basmatti;345;9.4;1.1;76.5;0;;
ПРОДУКТ;Rice Cakes Original imp;385;8.3;3.4;78;0;;
ПРОДУКТ;Rice Cakes Sea Salt;385;8.3;3.4;78;0;;
ПРОДУКТ;Rice Flakes;370;7;2;80;0;;
ПРОДУКТ;Rice Pudding;109;3.4;3.1;16.9;0;;
ПРОДУКТ;Rich Coconut Cream;238;2.3;24;2.6;0;;
ПРОДУКТ;Rich bitter Вкус гранат;20;0;0;4.7;0;;
ПРОДУКТ;Rich cocktail Вкус Спритц красный апельсин;21;0;0;4.8;0;;
ПРОДУКТ;Rich апельсин;49;0;0;12.2;0;;
ПРОДУКТ;Ricotta Light;140;8.4;10.3;3.5;0;;
ПРОДУКТ;Ricotta fresca;97;7;6;3.7;0;;
ПРОДУКТ;Riga Gold Smoked Sardines In Oil;356;17;32;0;0;;
ПРОДУКТ;Rigo сэндвич бисквите с фъстчен крем;508;6;23;58;0;;
ПРОДУКТ;Rimi Thai Sweet Chili Sauce;190;0.5;0.6;45;0;;
ПРОДУКТ;Rimi smart Peanut cream;645;27;54;9.7;0;;
ПРОДУКТ;Rind Steaks Обчищеный 2.5- 2;107;20;2.5;1.2;0;;
ПРОДУКТ;Rindersalami;387;17;35;1;0;;
ПРОДУКТ;Risette Venere;378.95;9;2.2;80;0;;
ПРОДУКТ;Riso lungo b integrale rosso ermes biologico;361;7.5;1.9;77.4;0;;
ПРОДУКТ;Riso parboiled;374;7.5;1;80;0;;
ПРОДУКТ;Risotto Champignon;431;8.9;11;73;0;;
ПРОДУКТ;Risotto rýže;354;6.7;0.4;80.4;0;;
ПРОДУКТ;Ristorante Pizza Mozzarella;256;9.8;13;25;0;;
ПРОДУКТ;Ristorante Pizza Pollo 355g Dr.Oetker;208.45;8.73;8.17;23.66;0;;
ПРОДУКТ;Ristorante Tonno;262;9.3;14;23;0;;
ПРОДУКТ;Ritter Sport Brombeer Joghurt;566.2;5.3;37;53;0;;
ПРОДУКТ;Ritter Sport Knusperflakes;520;6.6;28;59;0;;
ПРОДУКТ;Riz soufflé;387;6.7;0.7;88;0;;
ПРОДУКТ;Rjaschenka;62;3.3;3.5;4.2;0;;
ПРОДУКТ;Roasted Almonds;619;21;52.5;10.1;0;;
ПРОДУКТ;Roaster Sunflower Seeds in Shell, Salted;665;21.4;60.8;2.6;0;;
ПРОДУКТ;Rocky Muffin шоколадный с начинкой Молочный шоколад;320;14;21;10;0;;
ПРОДУКТ;Rocky rice;517;5.1;30.5;54.2;0;;
ПРОДУКТ;Rode Vruchten Confituur;253;0.5;0.5;61;0;;
ПРОДУКТ;Rodo Chipsuri Mere Verzi;322;0;0;77;0;;
ПРОДУКТ;Roggenmischbrot;208;5.69;0.78;44;0;;
ПРОДУКТ;Roi du château;353;16;32;0.5;0;;
ПРОДУКТ;Rollton пюре картопляне;363;7.1;9;62.2;0;;
ПРОДУКТ;Rolmopsy;118;8.4;7.8;2.9;0;;
ПРОДУКТ;Root Power Mix;84;0.9;0.7;17;0;;
ПРОДУКТ;Rosbief Peper;120;22;3.5;0;0;;
ПРОДУКТ;Roshen Caramel bubble chocolate;557;7.6;33.7;55.3;0;;
ПРОДУКТ;Roshetto;528;5.2;29;60.6;0;;
ПРОДУКТ;Rosso;36;1.3;0.3;5.8;0;;
ПРОДУКТ;Rote Grütze;92;0.6;0.5;21;0;;
ПРОДУКТ;Rotini Burgu;355;12.1;1.5;75.1;0;;
ПРОДУКТ;Rotweinkäse Gereift in Barolo;406;25;33;2;0;;
ПРОДУКТ;Royal Crown Cola;45;0.5;0.5;11;0;;
ПРОДУКТ;Royal army dark chocolate;541;6;33;51;0;;
ПРОДУКТ;Royal sherbet;210;2.5;10;26;0;;
ПРОДУКТ;Rudieji ryžiai Well-done;370;7.1;1.9;77;0;;
ПРОДУКТ;Rukkileib singiga;255;9.3;13.8;21.6;0;;
ПРОДУКТ;Rum Trauben Nuss, Milk Chocolate Wih Rum Raisins & Nuts;512;8;28;56;0;;
ПРОДУКТ;Runder Salami;365;22;30;1.6;0;;
ПРОДУКТ;Russkij Kwass;41;0;0;9.2;0;;
ПРОДУКТ;Rustic, hleb;283.48;13.35;0.92;53.68;0;;
ПРОДУКТ;Rybi salát v majonéze;253;4.7;23;6.1;0;;
ПРОДУКТ;Rybí stripsy;208;12;11;15;0;;
ПРОДУКТ;Rye ciabatta with turkey and pesto sauce;254;12.9;8.8;30.8;0;;
ПРОДУКТ;Rye crispbread;452.84;10.26;1.66;90.63;0;;
ПРОДУКТ;Ryż biały długoziarnisty;358;6.8;0.6;81;0;;
ПРОДУКТ;Ryžiai Bon Gusto;360;7.5;2.9;76.1;0;;
ПРОДУКТ;Rõngik Tee;414;10.1;8.8;73;0;;
ПРОДУКТ;Rýže;348;8;0.5;77;0;;
ПРОДУКТ;Rīgas Klaips Rudzu Maize;215.79;4.9;1.5;41.7;0;;
ПРОДУКТ;Rīts;194;2;10;24;0;;
ПРОДУКТ;SEKONDA MONSTER ENERGY ULTRA VIOLET CHEST;2.8;0;0;1.4;0;;
ПРОДУКТ;SER MORSKI;326.67;24;24.67;1.33;0;;
ПРОДУКТ;SKYR RECETTE ISLANDAISE;80;7.8;0.5;11.1;0;;
ПРОДУКТ;SNACK N DRIVE;483;28;38;7.3;0;;
ПРОДУКТ;SNICKERS КРИСПЕР;480;6.8;22;61.1;0;;
ПРОДУКТ;SNOW CRAB Surimi CHUNKS;85;8.8;0.6;10.5;0;;
ПРОДУКТ;SOS 1000 WYSP;271;0.7;25;11;0;;
ПРОДУКТ;SPICY CURRY SOUP WITH COCONUT CREAM;73;1.7;3.3;8.3;0;;
ПРОДУКТ;SPÓD DO PIZZY;267;6.6;5.4;45;0;;
ПРОДУКТ;SRIRACHA HOT CHILLI SAUCE;108;2.4;0.6;23;0;;
ПРОДУКТ;SVIESTMAIZE VÕILEIVAD;261;8.7;12.5;26.7;0;;
ПРОДУКТ;Sadoqat;470;8.5;21;61;0;;
ПРОДУКТ;Saiavorm;216.5;4.7;3;42.9;0;;
ПРОДУКТ;Salade de thon à la mexicaine;189;8.4;17;6.3;0;;
ПРОДУКТ;Salametti - Klassik;505;33;41;0.5;0;;
ПРОДУКТ;Salametti - Mediterran;505;33;41;1;0;;
ПРОДУКТ;Salametti - Pikant;505;33;41;1;0;;
ПРОДУКТ;Salami;436;22;42;1;0;;
ПРОДУКТ;Salami Extra;445;15;41.4;3;0;;
ПРОДУКТ;Salami Naturalne;442;17;40;3.1;0;;
ПРОДУКТ;Salatii Juusto;206;14;16;1.4;0;;
ПРОДУКТ;Salchicha Bockwurst picante;233;15;19;0.6;0;;
ПРОДУКТ;Salchichas de pollo;182;12;12;0;0;;
ПРОДУКТ;Saldējums Plombīrs Ar Rozīnēm;232;3.7;11;29;0;;
ПРОДУКТ;Saldūs džiovinti obuoliai;310;2.7;0;72;0;;
ПРОДУКТ;Salmon;269;21;20.5;0;0;;
ПРОДУКТ;Salotos su vištiena, sūriu ir skrebučiais;143;6.7;9.7;6.6;0;;
ПРОДУКТ;Salsa Barbacoa;129;1.2;0.5;30;0;;
ПРОДУКТ;Salsa soslu patatesli tavuk;126;9.1;5.6;8.8;0;;
ПРОДУКТ;Salt & Vinegar Flavour Savoury Snack;494;5.7;29;56;0;;
ПРОДУКТ;Salt Caramel Syrop;287;0;0;71.5;0;;
ПРОДУКТ;Salted Caramel Milkshake;63.2;3;1.52;9.32;0;;
ПРОДУКТ;Salted Crackers;490;6.2;22;65;0;;
ПРОДУКТ;Salted Peanuts;607.14;25;44.64;28.57;0;;
ПРОДУКТ;Salus Чечевица красная;350;20;1;65;0;;
ПРОДУКТ;San Carlo Classic potato chips;502;6.3;27;56.3;0;;
ПРОДУКТ;Sandwich, Yogurt & Acai Berry;293.18;4.66;13.64;37.5;0;;
ПРОДУКТ;Sanpellegrino;35.15;0.12;0;8.06;0;;
ПРОДУКТ;Santa Maria potato pops;417;7.8;10;67;0;;
ПРОДУКТ;Saudi Whole milk;60;3;3;5;0;;
ПРОДУКТ;Sauerkirschen;65;0.7;0.5;14;0;;
ПРОДУКТ;Scadic. Sugar free mints. Citrus mix;230;0;0;94;0;;
ПРОДУКТ;Scandi Style Cinnamon Rolls;376;5.6;16;52;0;;
ПРОДУКТ;Scandic Strawberry Mints;220;0;0;94;0;;
ПРОДУКТ;Schab Pieczony;114;21;3;0.7;0;;
ПРОДУКТ;Schartner Bombe (Zitrone;27;0;0;6.5;0;;
ПРОДУКТ;Schmelzkäsezubereitung, Paprika-chili;324;20.3;26.1;20;0;;
ПРОДУКТ;Schoko Apfelringe;401;3.5;15.2;58.8;0;;
ПРОДУКТ;Schoko Bananen;382;1.7;11;69;0;;
ПРОДУКТ;Schoko-Kugeln;547;6;38;51;0;;
ПРОДУКТ;Schwarzbrotcroutons;456;10;18;60;0;;
ПРОДУКТ;Schweizernöt Choklad;564;6;36;51;0;;
ПРОДУКТ;Schweppes;19;0;0;4.4;0;;
ПРОДУКТ;Schweppes Pomegranate;32;0;0;7.3;0;;
ПРОДУКТ;Schweppes Taste of Tangerine;28;0;0;6.7;0;;
ПРОДУКТ;Schär Pan Rustico viaczrnný krájaný chlieb bez lepku;240;3.8;2.4;44;0;;
ПРОДУКТ;Scotti Riso Arborio GR. 500;351;6.9;1.3;77;0;;
ПРОДУКТ;Sea salt;48;1;0.3;11;0;;
ПРОДУКТ;Sea shells;564.77;6.9;37;50;0;;
ПРОДУКТ;Seakaelakarbonaad;198;18;14;0;0;;
ПРОДУКТ;Seaweed Crisps sea salt;585;2.7;41.8;47.9;0;;
ПРОДУКТ;Seklu maize ar vistu un marinetu papriku;248.65;9.41;12;25.03;0;;
ПРОДУКТ;Selga;426;8.4;11;72;0;;
ПРОДУКТ;Semințe de floarea soarelui prăjite;582;19.3;49.8;13;0;;
ПРОДУКТ;Send'wish Extra Maxi;219;3.1;14.3;19.5;0;;
ПРОДУКТ;Sendvič Sa Šunkom;324;14;20;24;0;;
ПРОДУКТ;Sepikl;265;10;2.7;47.3;0;;
ПРОДУКТ;Ser Edam;334;25;26;0.1;0;;
ПРОДУКТ;Ser Topiony Cheddar;276;18;20;6;0;;
ПРОДУКТ;Ser W Plastrach Wypasiony Premium;366;24;30;0;0;;
ПРОДУКТ;Serek Kanapkowy;168;7;14;2.8;0;;
ПРОДУКТ;Sesame Chicken Bao Bun;211.27;9.86;3.52;33.8;0;;
ПРОДУКТ;Sesame Sauce;542;1.7;53;15;0;;
ПРОДУКТ;Severáček Karamel;311;3.3;20.6;27.9;0;;
ПРОДУКТ;Sezamkі;527;11;29;53;0;;
ПРОДУКТ;Sfogliatine Glassate;540;8.5;32;55;0;;
ПРОДУКТ;Sgushyonka;338.5;7.2;8.5;58.3;0;;
ПРОДУКТ;Shake & Go коктейль кисломолочный йогуртный со вкусом клубничного мороженого с массовой долей жира 5.2;117;3.5;5.2;14;0;;
ПРОДУКТ;Shake & Go коктейль кисломолочный йогуртный со вкусом кокоса и шоколада с массовой долей жира 5.7;119;3.6;5.7;13.4;0;;
ПРОДУКТ;Shake Equilibre;395.56;45.56;5.33;41.56;0;;
ПРОДУКТ;Shaker, Crispy Hazelnut;434.29;13.14;26.57;44;0;;
ПРОДУКТ;Shawarma Sauce;328;0.7;31;12;0;;
ПРОДУКТ;Shock;289;30;8;7.8;0;;
ПРОДУКТ;Shock Milk Коктейль Молочный Высокобелковый Кофе;59;8.7;0.04;4.7;0;;
ПРОДУКТ;Shock клубничный мохито;279;30;7;8;0;;
ПРОДУКТ;Shock фисташка и шоколад;364;20;20;10;0;;
ПРОДУКТ;Shoko Milk Peanut Crunchy;490;20;40;8.5;0;;
ПРОДУКТ;Shredded Coconut;609.94;7.4;60.5;16.9;0;;
ПРОДУКТ;Shrimp Paste;398;4.8;39.8;5.2;0;;
ПРОДУКТ;Shropshire Blue;410;23.7;35;0.1;0;;
ПРОДУКТ;Siera Bumbas;528;8.1;30;56;0;;
ПРОДУКТ;Siera Radziņi;437;12;33;24;0;;
ПРОДУКТ;Siera-auzu maize;239;10.4;3.9;38.7;0;;
ПРОДУКТ;Singi-juustu Ciabatta;301;9.6;16;29;0;;
ПРОДУКТ;Sinkki + E Aprikoosi Jasmiinu;17;0;0;4.1;0;;
ПРОДУКТ;Sitruunaässä;412;5.4;15;62;0;;
ПРОДУКТ;Skabais Krējums 15;161;2.8;15;3.7;0;;
ПРОДУКТ;Skalade pumpakärnor;592;30;49;4.7;0;;
ПРОДУКТ;Skimmed Milk;32;3;0;4.8;0;;
ПРОДУКТ;Skittles 2in1;407.3;0;4.5;91.7;0;;
ПРОДУКТ;Skyr;69;10;0.5;6;0;;
ПРОДУКТ;Smart Bit;338;3;6;57;0;;
ПРОДУКТ;Smart Food Измельчённые семена льна, грецкий орех, миндаль, бразильский орех;560;20;45;5.5;0;;
ПРОДУКТ;Smetana 10;116;2.2;10;4.2;0;;
ПРОДУКТ;Smetana 20;204;2.8;20;3.2;0;;
ПРОДУКТ;Smietanka 36;344;2;36;2.9;0;;
ПРОДУКТ;Smile зефир;308.9;1.2;1.1;77.2;0;;
ПРОДУКТ;Smoked Chorizo;190;21.2;11.6;0.2;0;;
ПРОДУКТ;Smoked Salmon Slices;162;20.4;9;0;0;;
ПРОДУКТ;Smoked Tuna;108;24;0.5;0;0;;
ПРОДУКТ;Smoothie Berry;55;0.5;0.5;12;0;;
ПРОДУКТ;Smores Frap;62;2.9;1.6;8.9;0;;
ПРОДУКТ;Smotanový Jogurt Čučoriedka;135;2.5;8.6;10.9;0;;
ПРОДУКТ;Smotanový jogurt jahoda;132.9;2.7;8.1;12.3;0;;
ПРОДУКТ;Smuzi Клюква Смородина Яблоко Щербет;129;0.8;1;29.1;0;;
ПРОДУКТ;Snack Salami;513;28;43;3;0;;
ПРОДУКТ;Snack peanut praline;380;20;13;46;0;;
ПРОДУКТ;Snackballs Mint;412;7.88;21.8;44.2;0;;
ПРОДУКТ;Snaq Fabriq Coco Chocolate;399;7.9;28;8.8;0;;
ПРОДУКТ;Snaqer Арахис и карамель;456;20;32;8;0;;
ПРОДУКТ;Snaqer Печенье глазированное «Арахис, изюм и карамель;344;17;19;13;0;;
ПРОДУКТ;Snaqfer батончик вафельный «Фундучный крем и бельгийский шоколад;381;7;27;16;0;;
ПРОДУКТ;Sneakiq 18%protein no sugar added;310;18;14;12;0;;
ПРОДУКТ;Snickers;500;8.1;25.2;59;0;;
ПРОДУКТ;Snickers Super;497;7.8;26;58;0;;
ПРОДУКТ;Snickers minis;499;8;25.4;59.1;0;;
ПРОДУКТ;Snickers «Белый;504;8.3;26.5;57.7;0;;
ПРОДУКТ;Snickers лесной орех;506;8.1;27.4;56;0;;
ПРОДУКТ;Snickers с миндалем;506;8.2;27.2;56.8;0;;
ПРОДУКТ;So natural ginger up;40;0.3;1.4;6.4;0;;
ПРОДУКТ;Soba Teriyaki;198.33;4.42;8.33;25;0;;
ПРОДУКТ;Sobaos;452;5.4;25;51;0;;
ПРОДУКТ;Soft + sweet golden delicious apples;56;0.6;0.5;12;0;;
ПРОДУКТ;Sok 100% pomarańcza;45;0.6;0;10.6;0;;
ПРОДУКТ;Sokół Bez Laktozy;334;25;26;0;0;;
ПРОДУКТ;Solid Light Tuna In Olive Oil;200;27.27;10.91;0;0;;
ПРОДУКТ;Sopa Juliana De Legumes;26;0.7;0.6;2.8;0;;
ПРОДУКТ;Sorbet Framboise Demeter;120;0.5;0.1;28;0;;
ПРОДУКТ;Sorbets Mango;159;1.1;0.3;38;0;;
ПРОДУКТ;Sos Do Tortilli I Kanapel;291;1.6;22;21;0;;
ПРОДУКТ;Sos czosnkowy;334;1;32;8.6;0;;
ПРОДУКТ;Sosige Max;279;9;27;0;0;;
ПРОДУКТ;Souffle dessert - Двойной шоколад-смородина;298.76;20;12;23;0;;
ПРОДУКТ;Soup;309;8.6;1.5;62;0;;
ПРОДУКТ;Sour Cream;204;2.8;20;3.2;0;;
ПРОДУКТ;Sour Cream & Onion Potato Chips;517;6.3;29;56;0;;
ПРОДУКТ;Sour Patch Kids Watermelon;411.76;0;0;92.86;0;;
ПРОДУКТ;Sour cherries;53;0.9;0.4;9.8;0;;
ПРОДУКТ;Sour cream & onion;536;4.6;32;56;0;;
ПРОДУКТ;Sour cream 18;187;2.4;18;3.9;0;;
ПРОДУКТ;Sour cream and cheese riffled chips;535;6.5;33;51;0;;
ПРОДУКТ;Sova;273;2;5;52;0;;
ПРОДУКТ;Soy Protein;344.8;70.8;0.4;14.5;0;;
ПРОДУКТ;Soya Asparagus;195;12;13;7.5;0;;
ПРОДУКТ;Soya Chips Masala;510;4;26;65;0;;
ПРОДУКТ;Soya sosu;150;15;0;15;0;;
ПРОДУКТ;Soyamilch;39;3;1.8;2.5;0;;
ПРОДУКТ;Spagerri;359;12.5;2;71.2;0;;
ПРОДУКТ;Spaghettata Italiana condimento in pazzi x la pasta;294;10;2.4;58;0;;
ПРОДУКТ;Spaghetti;366;13;1.5;73.6;0;;
ПРОДУКТ;Spaghetti n°5;359;13;2;71;0;;
ПРОДУКТ;Spaguetti;349;12;1.5;70;0;;
ПРОДУКТ;Spanisches Natives Olivenöl Extra;824;0;92;0;0;;
ПРОДУКТ;Spanish potato chips;518;6.38;29.4;53.9;0;;
ПРОДУКТ;Sparkling Apple Drink;30;0.1;0.1;7.6;0;;
ПРОДУКТ;Spartak молочный шоколад;540;6;34;55;0;;
ПРОДУКТ;Speise Quark 40;141.5;9;10.3;3.2;0;;
ПРОДУКТ;Spicy Ssamjang;166.67;16.67;0;33.33;0;;
ПРОДУКТ;Spicy Tuna Onigiri;191.21;4.8;4.3;33;0;;
ПРОДУКТ;Spikes;450;5.5;23;56;0;;
ПРОДУКТ;Spinach & Cabbage Miso Soup;276;20;5.2;49;0;;
ПРОДУКТ;Spirali Pasta;351;13;1.4;70;0;;
ПРОДУКТ;Spirutein Chocolat 17 Doses - 476 GR - Nature's Plus;48;7;0;5;0;;
ПРОДУКТ;Sport Pilsner;20;3.5;0;0;0;;
ПРОДУКТ;Sprite classique;42;0;0;10.1;0;;
ПРОДУКТ;Spritzgebäck;541;4.6;30;62;0;;
ПРОДУКТ;Spritzgebäck vanille;532;5.1;30.3;58.6;0;;
ПРОДУКТ;Sprotten;353;15;33;0;0;;
ПРОДУКТ;Sprtiz;18.3;0;0;4.7;0;;
ПРОДУКТ;Sprühsahne;299;2.3;29;7.1;0;;
ПРОДУКТ;Spätzle In Champignon-Sause;103;3.6;2;17.3;0;;
ПРОДУКТ;Squeese Cheese Сир Плавлений;233;11;19;4.5;0;;
ПРОДУКТ;Sriracha Hot Chili Sauce;143;2.1;2.1;28.9;0;;
ПРОДУКТ;Stara Planina cooked-smoked salami (shpek;415;20.3;35.9;2.6;0;;
ПРОДУКТ;Steel Cut Oats;350;12;6;62;0;;
ПРОДУКТ;Stevia;380;0;0;95;0;;
ПРОДУКТ;Stewed Turkey Meat;98;11;4;4.6;0;;
ПРОДУКТ;Stickado;510;29;42;4.1;0;;
ПРОДУКТ;Sticks intense dark chocolate;507;6.2;28;52;0;;
ПРОДУКТ;Sticks, Lanena Spirala;430;10.16;17.83;52.23;0;;
ПРОДУКТ;Stimorol Max Spearmint 22g;175;1.2;0.3;68;0;;
ПРОДУКТ;Stracciatella;288;3.2;17.1;29.9;0;;
ПРОДУКТ;Stracciatella Trufel;280;10;26.5;0.6;0;;
ПРОДУКТ;Stracciatella, Hazelnut & Pistachio Flavor;176;1.5;7.2;26.2;0;;
ПРОДУКТ;Strawberry & Sour Cherry Jam;113;0;0;28;0;;
ПРОДУКТ;Strawberry Banana Yogurt;118;3.5;4;17;0;;
ПРОДУКТ;Strawberry Ice Cream With Chocolate Flavour Coating;324;2.8;25.2;21.6;0;;
ПРОДУКТ;Strawberry Milk;35;2;1;4;0;;
ПРОДУКТ;Strawberry Quark & Yogurt Dessert;67;12.4;0.4;3.3;0;;
ПРОДУКТ;Strawberry Yogurt;109;3.2;2.5;18.4;0;;
ПРОДУКТ;Strawberry Yogurt Chocolate;550;3.9;33;59;0;;
ПРОДУКТ;Strawberry dessert;325;0.3;0;79.5;0;;
ПРОДУКТ;Strawberry protein bar, 100% whey&milk;272;36;6.2;5.8;0;;
ПРОДУКТ;Straypsi cupa cups;360;2.5;1.5;83;0;;
ПРОДУКТ;Streichgenuss auf Mandelbasis;228;4.1;22;3.7;0;;
ПРОДУКТ;Strips Sour;340;1.8;1;81;0;;
ПРОДУКТ;Stroop Wafel;444;5.56;16.7;69.4;0;;
ПРОДУКТ;Stroopwafel;466;5.3;20.4;64.8;0;;
ПРОДУКТ;Suc vis mere si morcov;48;0.8;0;11;0;;
ПРОДУКТ;Sucre Betterave 500G;400;0;0;100;0;;
ПРОДУКТ;Sugar Waffles;447.27;6.18;23.09;53.09;0;;
ПРОДУКТ;Sugar free mints;230;0;0;96;0;;
ПРОДУКТ;Suhariki Buffalo Wings;400;10;10;67;0;;
ПРОДУКТ;Suitsusinj;110;17;4.3;0.9;0;;
ПРОДУКТ;Suklaakastik;263;0;0.7;64;0;;
ПРОДУКТ;Sultinys;256;4.6;12.6;30.6;0;;
ПРОДУКТ;Sultynis;293;2.5;30;3.2;0;;
ПРОДУКТ;Sultys WD;43.02;0;0;10;0;;
ПРОДУКТ;Suluguni;349;25;27;1.5;0;;
ПРОДУКТ;Sumuštinių Duona;253;8;1.5;52;0;;
ПРОДУКТ;Sunflower Seeds;647;21;58;3.4;0;;
ПРОДУКТ;Sunrete малина банан;226;2.3;8.7;35;0;;
ПРОДУКТ;Supa;18;0.48;0.24;2.76;0;;
ПРОДУКТ;Super Plombir;311;4.9;12.6;44.4;0;;
ПРОДУКТ;Super nata;331;3.9;17.9;38;0;;
ПРОДУКТ;Superior Dark Chocolate;627;9;57;13;0;;
ПРОДУКТ;Surimi Sticks;105;8;3.2;12;0;;
ПРОДУКТ;Surimi nūjiņas;116;8.6;4.5;10.9;0;;
ПРОДУКТ;Surok glazed strawberry flavor;336.8;8;20.4;30;0;;
ПРОДУКТ;Suschki oder Bubliki;419.7;10.4;10.1;70;0;;
ПРОДУКТ;Sushi Kakubetsu;172;5;6.3;23.1;0;;
ПРОДУКТ;Sushi Wrap;169;5.8;6.1;22.3;0;;
ПРОДУКТ;Sut Receli;334.94;7.07;3.2;69.18;0;;
ПРОДУКТ;Suur Kirde Sai;251;8.4;2.4;47;0;;
ПРОДУКТ;Suva Pecenica;176;32.1;5.1;0;0;;
ПРОДУКТ;Suzme Yogurt;115;8;7;5;0;;
ПРОДУКТ;Svačinka 48 g;254;8.3;23.1;3;0;;
ПРОДУКТ;Sveža - Сыр творожный - 250г;194.9;10;16.5;1.6;0;;
ПРОДУКТ;Sviestas 82;730.88;0.7;82;0.7;0;;
ПРОДУКТ;Sweet Asia Mērce;159;0.25;0;39.4;0;;
ПРОДУКТ;Sweet Corn;78.6;3;1.3;20.5;0;;
ПРОДУКТ;Sweet Corn Soup;70;1.7;2.8;8.8;0;;
ПРОДУКТ;Sweet Crêpes;229;4.3;5.6;39.9;0;;
ПРОДУКТ;Sweet Paprika;520;6.7;30;54;0;;
ПРОДУКТ;Sweet chili sauce;216;0;0;53;0;;
ПРОДУКТ;Sweet winter;530;6.1;29;60;0;;
ПРОДУКТ;Swiss chocolate соус;277.5;3.5;3.5;58;0;;
ПРОДУКТ;Syrniki;175;14;8;12;0;;
ПРОДУКТ;Syrové nitě uzené;290;24;21;1.9;0;;
ПРОДУКТ;Szparagi białe;11.15;0.78;0.1;1.46;0;;
ПРОДУКТ;Szynka Drobiowa Wędzona;108;19;2.3;2.5;0;;
ПРОДУКТ;Süss;20;0;0;0.2;0;;
ПРОДУКТ;Słodzik;31;0;0;1.4;0;;
ПРОДУКТ;Słonecznik Prażony Solony;660;22;60;2;0;;
ПРОДУКТ;Słony karmel;208;2.6;8;31;0;;
ПРОДУКТ;Sūrelis;350;10.1;22.7;26.2;0;;
ПРОДУКТ;TADIM;559;27.4;39;18.1;0;;
ПРОДУКТ;TARALLI TWIST со вкусом апельсина изделия бараночные;410;10;7.5;74;0;;
ПРОДУКТ;TEOS Йогурт Греческий 2;66.8;8;2;4.2;0;;
ПРОДУКТ;THE ORIGINAL с морской солью;520;9;39;32;0;;
ПРОДУКТ;THIRST QUENCHER;23.69;0;0;6.09;0;;
ПРОДУКТ;TONDI Choco pie с маршмеллоу смотка;420;4.5;16;64;0;;
ПРОДУКТ;TOPPING CARAMELIZED MILK;241;6;13;41;0;;
ПРОДУКТ;TUC Paprika;478;8.4;19;68;0;;
ПРОДУКТ;TUC pizza;482;8.4;22;69;0;;
ПРОДУКТ;TUNA LIGHT STANDARD 150G;210;19;15;0;0;;
ПРОДУКТ;TUNA STEAK IN SPRING WATER;109;27.3;0;0;0;;
ПРОДУКТ;TUŇÁK pomazánka Hamé;326;6.2;32.7;1.7;0;;
ПРОДУКТ;TWIX;500;4;24;66;0;;
ПРОДУКТ;Tablette chocolat et amande;566;11.8;38;42;0;;
ПРОДУКТ;Taco Baharat Kaplamalı Yer Fıstığı;578;13;40;38;0;;
ПРОДУКТ;Taco Пряная паприка;497;6.9;26;58;0;;
ПРОДУКТ;Tagliatelle a nido;354;11;1.4;71;0;;
ПРОДУКТ;Tagliatelles aux piments;351;12;1.5;72.4;0;;
ПРОДУКТ;Take It Easy Mix;58;0.8;0.8;11;0;;
ПРОДУКТ;Tales of Napoli;290.03;10.53;11.26;29.4;0;;
ПРОДУКТ;Tan drink;18.6;1;1;1.4;0;;
ПРОДУКТ;Target Energy Drink Mango;50;0;0;12;0;;
ПРОДУКТ;Tarpučiai;361;16;3.8;62;0;;
ПРОДУКТ;Tartalette;526;6;30;58;0;;
ПРОДУКТ;Tassimo Milka Sjokoladedrikk 8 kapsler;53;1.7;1;9.1;0;;
ПРОДУКТ;Taste Hawaii Pineapple & Almond;315;8.2;24;15;0;;
ПРОДУКТ;Tasty Арахис с пряностями;588;21.7;43.2;28.1;0;;
ПРОДУКТ;Tatarska omáčka premium;433;0.5;45;6.7;0;;
ПРОДУКТ;Tatarská omáčka;276;0.7;26;8.9;0;;
ПРОДУКТ;Tatarská omáčka 340 ml otevřená;274;0.7;26;9;0;;
ПРОДУКТ;Tavený sýr z kozího a ovčího sýra v plátcích;345;22;27;3.4;0;;
ПРОДУКТ;Tavuk Fileto;164;25.4;7;0;0;;
ПРОДУКТ;Telemar de capră;261;15;22;0.7;0;;
ПРОДУКТ;Teriyaki Chicken Sandwich;327;12.2;20;23.7;0;;
ПРОДУКТ;Teriyaki Sauce;104;1.9;0;23;0;;
ПРОДУКТ;Terrine de campagne aux cèpes;300;12.8;25;2;0;;
ПРОДУКТ;Tess Pleasure Black Tea, Rosesip, Apple;1;0.1;0;0;0;;
ПРОДУКТ;Thai Tom Yum Spicy;550;5.5;37;48;0;;
ПРОДУКТ;Thai White Rice;333;6.67;0;77.8;0;;
ПРОДУКТ;Thai coffee;80;2.1;4.7;4.5;0;;
ПРОДУКТ;The Doctor;45;0;0;12;0;;
ПРОДУКТ;Thon;101;20;2.2;0.5;0;;
ПРОДУКТ;Thon Rio Mare;250;28;15;0;0;;
ПРОДУКТ;Thunfisch Filets in eigenem Saft vom echten Bonito;109.33;25;0.5;0;0;;
ПРОДУКТ;Thunfischfilets in Sonnenblumenöl;188;25;9.5;0.5;0;;
ПРОДУКТ;Tic Tac - Ягодный микс;391;0.1;0.5;94.2;0;;
ПРОДУКТ;Tic Tac strawberry mix;394;0;0;94.8;0;;
ПРОДУКТ;TidBit Milk Chocolate & Cherry Brownie;404;3.5;12.6;68;0;;
ПРОДУКТ;TidBit Milk Chocolate & Orange Tart;416;4.3;14.1;66.5;0;;
ПРОДУКТ;Tidbit, Milk Chocolate & Cherry Brownie;404;3.5;12.6;68;0;;
ПРОДУКТ;Tilsiter;334;25;26;0.1;0;;
ПРОДУКТ;Timi;390;5.5;16;56;0;;
ПРОДУКТ;Tinita;828;0;92;0;0;;
ПРОДУКТ;Tiramisu;241.65;3.09;14.3;23.64;0;;
ПРОДУКТ;Tiramisu czekolada nadziewana;521;6.3;30;55;0;;
ПРОДУКТ;Tiramisu layer cake;312.5;3.75;18.75;30;0;;
ПРОДУКТ;Tiramisu restorante;268;6.7;12.5;27;0;;
ПРОДУКТ;Tmavý vícezrnný chléb toustový;278;9.5;3.9;49;0;;
ПРОДУКТ;Tocana de dovlecei;142;1.9;9.2;11.5;0;;
ПРОДУКТ;Toffee de luxe классик конфеты;460;2.5;20;67;0;;
ПРОДУКТ;Toffees Classic;414;4;11;76;0;;
ПРОДУКТ;Tofu Paprika;137;14;6.5;3.9;0;;
ПРОДУКТ;Tofu geräuchert;138;14;8;1.9;0;;
ПРОДУКТ;Tofu smoked;138;14;8;2;0;;
ПРОДУКТ;Tofu tyčinka s kokosem;328;11;19.7;24.6;0;;
ПРОДУКТ;Tofu, Sa Mirođijom;112;16;4.8;2.6;0;;
ПРОДУКТ;Tokyo Mix Sushida;142;4.2;3.4;21.9;0;;
ПРОДУКТ;Tom Kha;90;1.6;3.9;12;0;;
ПРОДУКТ;Tomate;17;0.8;0;3;0;;
ПРОДУКТ;Tomate Triturado Extra;21;1;0.5;3.2;0;;
ПРОДУКТ;Tomaten Ketchup;107;1.4;0.5;21.9;0;;
ПРОДУКТ;Tomaten Sap;19;0.9;0.1;2.9;0;;
ПРОДУКТ;Tomatikaste Classic;70;1.6;0.1;15.7;0;;
ПРОДУКТ;Tomato Juice;20;0.8;0.2;3.3;0;;
ПРОДУКТ;Tomato Ketchup;117.65;0;0;29.41;0;;
ПРОДУКТ;Tomato Paste;24;0;0.5;3.6;0;;
ПРОДУКТ;Tomato instant soup with noodles;336;7;1.7;71.6;0;;
ПРОДУКТ;Tomato&paprika toast;284;7.9;3.4;54.8;0;;
ПРОДУКТ;Tonkabonen;334;0;1;80;0;;
ПРОДУКТ;Top Jogurt;94;2.8;3;10;0;;
ПРОДУКТ;Tornado Energy BATTLE;43;0;0;10.4;0;;
ПРОДУКТ;Torrido Dried Pork Chips;413;54;21;2;0;;
ПРОДУКТ;Torte Cielaviņa;476;9;28;47;0;;
ПРОДУКТ;Tortelloni s kuřecím a vepřovým masem;221;9.8;5.8;30.4;0;;
ПРОДУКТ;Tortencreme;377;3.5;33;16;0;;
ПРОДУКТ;Tortilja Spicy, Piletina;213;9.9;7.4;25.9;0;;
ПРОДУКТ;Tortilla;523;7;27;63;0;;
ПРОДУКТ;Tortilla Chips Sweet & Sour;472;6.6;20;64.4;0;;
ПРОДУКТ;Tortilla Strips Crunchy&Cheesy;472;6.6;20;64;0;;
ПРОДУКТ;Tortilla Wraps;326;9.4;7.26;54;0;;
ПРОДУКТ;Tortilla chips Nachos Barbecue;523;7.7;26;61.2;0;;
ПРОДУКТ;Tortilla chips, salted;481;7.7;22.2;59.6;0;;
ПРОДУКТ;TortillaS Мексиканские пшеничные лепешки со вкусом сыра;280;7;6.5;48;0;;
ПРОДУКТ;Tortillas;489;6;21;67;0;;
ПРОДУКТ;Tost Sendvic Sa Njeguškom Pršutom;295;15.9;16.3;20.6;0;;
ПРОДУКТ;Tost ze Skyrem;363;11;9.1;56;0;;
ПРОДУКТ;Tots Sendvič Sa Dimljenim Piletinom;271;14.4;15.1;18.6;0;;
ПРОДУКТ;Toustový chléb světlý;253;9;2;51;0;;
ПРОДУКТ;Towuk Dolamasy;238.4;18.2;18.4;2;0;;
ПРОДУКТ;Traškios lazdelės;441;11.6;14.4;64.6;0;;
ПРОДУКТ;Traškučiai;459;2.6;22;62;0;;
ПРОДУКТ;Trenčanské párky s fazolí;146;6.3;6.3;14.5;0;;
ПРОДУКТ;Trio Dezert jahoda a malina;134;2.1;8.6;12;0;;
ПРОДУКТ;Trio Dezert kiwi a pomeranč;127;1.7;8;12;0;;
ПРОДУКТ;Trolli Dracula;399;5.2;0.1;79;0;;
ПРОДУКТ;Trolli dinorex;344;0.2;0;84;0;;
ПРОДУКТ;Tropical Dream;88;4;2.8;12;0;;
ПРОДУКТ;Tropical juice;54;0;0;13.5;0;;
ПРОДУКТ;Truffino;525;6;29;59;0;;
ПРОДУКТ;Truskawkowa czekolada nadziewana;500;5;27;58;0;;
ПРОДУКТ;Tseburekid;309;7.14;21.9;19.9;0;;
ПРОДУКТ;Tubo sticks/bretzels;382;11;2.9;76;0;;
ПРОДУКТ;Tuc копченые колбаски;492;8.4;22;64;0;;
ПРОДУКТ;Tume Leib;254;6.2;2.1;53;0;;
ПРОДУКТ;Tuna;72.7;16.2;0.4;0.8;0;;
ПРОДУКТ;Tuna Chunks In Water;122;27;0.7;0.2;0;;
ПРОДУКТ;Tuna In Water;104;24;0.9;0;0;;
ПРОДУКТ;Tuna Raw;97;21;1.3;0;0;;
ПРОДУКТ;Tuna U Parsdajz Sosu;80;14;0.9;4.2;0;;
ПРОДУКТ;Tuna steak in brine;109;25.5;0;0;0;;
ПРОДУКТ;Turbo Energy Bright;50;0;0;12.5;0;;
ПРОДУКТ;Turkey;92.2;17;1.8;2;0;;
ПРОДУКТ;Turkey Ham Праздничная;100;14;4.5;0.5;0;;
ПРОДУКТ;Turkey Uncured Franks, Turkey;222.22;11.11;17.78;6.67;0;;
ПРОДУКТ;Turkish delight lokum;373;0.1;0.1;92.9;0;;
ПРОДУКТ;Turku Jogurt;119;3;10;4.4;0;;
ПРОДУКТ;Turmeric Curry Sauce;125;0.2;1.3;28;0;;
ПРОДУКТ;Turrón yema tostada;473;13;25;48;0;;
ПРОДУКТ;Tuńczyk jednolity w oliwie z oliwek;191;22;11;0.9;0;;
ПРОДУКТ;Tvaroh odtučněný;67;12;0.5;4;0;;
ПРОДУКТ;Tvaroh plnotučný;132;9;9;3.8;0;;
ПРОДУКТ;Tvaroh tučný;160;15;10;2.5;0;;
ПРОДУКТ;Tvorog;154;17;8;3.5;0;;
ПРОДУКТ;Twarog Garwolinski;151;17;8;2.7;0;;
ПРОДУКТ;Twaróg tłusty;150;16;8;3.5;0;;
ПРОДУКТ;Twin Pix Печенье с карамелью, покрытое молочным шоколадом;470;5.5;21;64;0;;
ПРОДУКТ;Twins Vanilla;314;4.4;17.5;35.4;0;;
ПРОДУКТ;Twister Огненные Кимчи;500;5.5;30;53;0;;
ПРОДУКТ;Twix HiProtein;404;60;10;16;0;;
ПРОДУКТ;Twix Top;506;5.3;25;63;0;;
ПРОДУКТ;Twix Xtra;493.33;4.53;23.73;64;0;;
ПРОДУКТ;Twix Xtra солёная карамель;491;4.3;23.9;63.9;0;;
ПРОДУКТ;Twix minis;496;3.9;24;65.4;0;;
ПРОДУКТ;Two Peaks пиво IPA б/а;25;0;0;5;0;;
ПРОДУКТ;Twoj smak losos;243;6;23;3;0;;
ПРОДУКТ;Tökölaj;900;0;100;0;0;;
ПРОДУКТ;U'go Strawberry Yoghurt;75;3.7;3.5;7.1;0;;
ПРОДУКТ;UHT milk 3.2% fat content;60;3.2;3.2;4.7;0;;
ПРОДУКТ;UNIQUE GIANDUJA & COCOA NIBS;555;4.2;39;43;0;;
ПРОДУКТ;Udon;119;3.8;0;25.2;0;;
ПРОДУКТ;Ultra Fiesta Mango without sugar;3;0;0;6.5;0;;
ПРОДУКТ;Unsalted Butter (Süßrahm Butter;745;0.4;82.3;0.6;0;;
ПРОДУКТ;Unt bun strabun 82;748;0.7;82.5;0.6;0;;
ПРОДУКТ;Unt lacto food 60;547;0.6;60;0.6;0;;
ПРОДУКТ;Ursus / Урсус;90;14;0.1;0.1;0;;
ПРОДУКТ;Ursus Cooler lamaie st 330;23;0.1;0;5.3;0;;
ПРОДУКТ;Utenos;31;0.2;0;7.2;0;;
ПРОДУКТ;Utenos radler mangu;34;0.2;0;7.9;0;;
ПРОДУКТ;Uzená makrela;269;19;21;0.9;0;;
ПРОДУКТ;VALSOIA;580.5;6.8;37.7;53.5;0;;
ПРОДУКТ;Vafli Korovka;532;7.5;30;58;0;;
ПРОДУКТ;Vainilla Baunilha Praline Pecan;232;2.9;11;30;0;;
ПРОДУКТ;Valkosipuliperunat;74;1.2;0.3;18;0;;
ПРОДУКТ;Valor Milk Lactose Free Chocolate Bar;560;5.9;35;54;0;;
ПРОДУКТ;Vaniles Skonio Ledai;218;1.7;13.5;22.2;0;;
ПРОДУКТ;Vanilj Kvarg;115;5.5;3.5;15;0;;
ПРОДУКТ;Vanilla;480;28;18;51;0;;
ПРОДУКТ;Vanilla Brownie;317;4.2;18.5;32.8;0;;
ПРОДУКТ;Vanilla Cookies Ice Cream;219;3.3;8.4;32.6;0;;
ПРОДУКТ;Vanilla Greek Yoghurt 2;80;7;2;8.3;0;;
ПРОДУКТ;Vanilla curd;400;10.2;25.3;32.1;0;;
ПРОДУКТ;Vanilla dessert CUSTARD;151.76;3.53;5.88;22.35;0;;
ПРОДУКТ;Vanille Joghurt;91;3.3;2.8;13;0;;
ПРОДУКТ;Vanilli kohuke;349;10;25;21;0;;
ПРОДУКТ;Vareniki Cherry;220;4.6;1.3;47;0;;
ПРОДУКТ;Vasaras Mango Sorbets;179;2;6.2;28.8;0;;
ПРОДУКТ;Vdokhnoveniye Chocolate;550;7.5;37.5;45;0;;
ПРОДУКТ;VegBurger со вкусом говядины;240;15;17;7.5;0;;
ПРОДУКТ;VegCream со вкусом сметаны;210;3.2;20;4.3;0;;
ПРОДУКТ;Vegan Danish roll;330;35;12;4.1;0;;
ПРОДУКТ;Vegan Mayo Sauce;488;0.5;52;4.7;0;;
ПРОДУКТ;Vegan Protein Baobab-Aronia;367;60;3.5;22;0;;
ПРОДУКТ;Vegan Protein bar;313;35;10;3.8;0;;
ПРОДУКТ;Vegan majo;377;0.5;39;6;0;;
ПРОДУКТ;Veganer Barista Haferdrink;70;1.1;3.5;8;0;;
ПРОДУКТ;Vege Pita, Spanać Praziluk Tofu;182;5.5;9.1;20.5;0;;
ПРОДУКТ;Vege Tost Sendvič;260;9.9;10.7;30.2;0;;
ПРОДУКТ;Vegeta Natur for tomato & mozzarella;174;5.9;0.7;30;0;;
ПРОДУКТ;Vegetables Skandinavija;62;1.7;1.9;8;0;;
ПРОДУКТ;Vegetarian chips Грибные снеки с чесноком;282.2;11;23;7.8;0;;
ПРОДУКТ;Vegsalami пепперони Веганская колбаса полукопчёная;242;17;18;3;0;;
ПРОДУКТ;Vepřový Lunchmeat;266;14;22;4.4;0;;
ПРОДУКТ;Very Pery Milk Chocolate;546;10;33.9;49.1;0;;
ПРОДУКТ;Viande Épice Poulet Bio;151;19;7.3;2.6;0;;
ПРОДУКТ;Videnske Parky Pro Deti;269;10.5;24;3.4;0;;
ПРОДУКТ;Viennetta Vanille;239;2.1;14;26;0;;
ПРОДУКТ;Vihreitä kuulia suklaakonvehteja;375;1.2;9.1;71;0;;
ПРОДУКТ;Vingiuoto pjaustymo aštraus pomidorų skonio bulvių traškučiai;538;5.5;35;48;0;;
ПРОДУКТ;Vintage Potatoes;529;6.6;29;57;0;;
ПРОДУКТ;Visne Receli;262;0.6;0;64.6;0;;
ПРОДУКТ;Vita Power витаминизированный напиток;25;0;0;6;0;;
ПРОДУКТ;Vital power;30;0.1;0;7.3;0;;
ПРОДУКТ;Vitamin Water;10;0;0;2.2;0;;
ПРОДУКТ;Vitaminpower + со вкусом манго;15;0;0;3.6;0;;
ПРОДУКТ;Viva;578;20.7;52.9;5;0;;
ПРОДУКТ;Višnja;73;0.9;0;16.6;0;;
ПРОДУКТ;Vištienos sparneliai;124;16;5.4;3.3;0;;
ПРОДУКТ;Vločky ovesné;372;13;7;59;0;;
ПРОДУКТ;Vohvelit Black and White;526;4.3;28;64;0;;
ПРОДУКТ;Vollkorn Knäckebrot;336;9.9;1.3;62;0;;
ПРОДУКТ;Vollmilch;110;10;6;4;0;;
ПРОДУКТ;Volt кола черри;15;0;0;4;0;;
ПРОДУКТ;Väherasvane Kohupiim;98;19;0.5;4;0;;
ПРОДУКТ;Vähälaktoositon Raejuusto;84;14;2;1.8;0;;
ПРОДУКТ;Vārītas saldās kukurūzas;108;4;2;16;0;;
ПРОДУКТ;WAFERS Гречишные вафли с гречишным белым и кокосовыми шоколадом;554;9.8;35.2;49.6;0;;
ПРОДУКТ;WHEY PROTEIN HIGH QUALITY PROTEIN POWDER;377;64.4;3;15;0;;
ПРОДУКТ;WPC 82 cookies and cream;377;82;4.3;2.5;0;;
ПРОДУКТ;Wafer classic - Vanilla cream & chocolate;375;6;27;15;0;;
ПРОДУКТ;Wafer rolls;533;4.6;29;62;0;;
ПРОДУКТ;Wafers with Hazelnut Filling;500;6.2;24.5;62.5;0;;
ПРОДУКТ;Waffle & Muffin Protein Baking Mix - Vanilla;367;50;3.6;30.1;0;;
ПРОДУКТ;Wafle Kukurydziane z Kaszą jaglaną i Pieprzem;386;11;2.8;77;0;;
ПРОДУКТ;Wakame Salad With Roe Sushi Roll;160;4;3;30;0;;
ПРОДУКТ;Walnotmix;681;17;64;6;0;;
ПРОДУКТ;Watermelon drink;45;0;0;11;0;;
ПРОДУКТ;Watermelon juice;38;0;0;9.6;0;;
ПРОДУКТ;Weidemilch;47;3.5;1.5;4.9;0;;
ПРОДУКТ;Weizenmehl;341;10;1;71;0;;
ПРОДУКТ;Whey 3Matrix;396;80.2;6.2;4.8;0;;
ПРОДУКТ;Whey Concentrate;387;66.3;8.29;11;0;;
ПРОДУКТ;Whey Protein Chocolate pie;326;69;2.4;4.5;0;;
ПРОДУКТ;Whey Protein Pistachio;370;71;4.8;10;0;;
ПРОДУКТ;Whey Protein concentrate WPC 80 - instant;391;79;6.5;4;0;;
ПРОДУКТ;Whey pro;394;78.8;6.06;6.06;0;;
ПРОДУКТ;Whey pro - Chocolate Ice Cream;430.21;76.7;10.9;1.43;0;;
ПРОДУКТ;Whey protein;357;70;3.4;11.7;0;;
ПРОДУКТ;Whey Протеин Кокосовый Батончик;349.3;76.9;3.3;3;0;;
ПРОДУКТ;Whipped Berry Cheese;131;6.5;5;15;0;;
ПРОДУКТ;Whipping cream;333.33;2;33.33;0;0;;
ПРОДУКТ;White Chocolate;566.67;6.67;33.33;56.67;0;;
ПРОДУКТ;White Chocolate Cookie Dough Flavoured Crunch Protein Bar;353.33;33.33;13;30;0;;
ПРОДУКТ;White Hazelnut;553;7;33;57;0;;
ПРОДУКТ;White Pistachio;574;5.8;37;54;0;;
ПРОДУКТ;White chocolate protein bar - Strawberry with cream;379.3;25;19;8.6;0;;
ПРОДУКТ;Whole Hazelnuts Chocolate;563;8.2;37;47;0;;
ПРОДУКТ;Whole Wheat Bread / Хлеб Цельрозерновой;278.6;8.1;5.9;48;0;;
ПРОДУКТ;Whole grain pasta Penne Rigate;353;12;3.3;63.8;0;;
ПРОДУКТ;Wiener Würstchen;266;12;25;1;0;;
ПРОДУКТ;Wild Food Vegan Ванильный Пломбир;336.8;70.7;2;9;0;;
ПРОДУКТ;Wild Pacific Pink Salmon;138;23.6;4.8;0;0;;
ПРОДУКТ;Wild Power;23;0.4;0.1;4.9;0;;
ПРОДУКТ;Wild berries juice;46;0;0;11.6;0;;
ПРОДУКТ;Winerki Jbb;243;12;20;3.1;0;;
ПРОДУКТ;Wok Egg Noodles;355;14;2.6;68;0;;
ПРОДУКТ;Wok курица в соусе терияки;380;6;19;46;0;;
ПРОДУКТ;Wokmix Orient;30;2.3;0.3;3.3;0;;
ПРОДУКТ;Worms;338;6.3;0.5;77;0;;
ПРОДУКТ;Wringles;159;0;0;64;0;;
ПРОДУКТ;Wurstel Primia;292;14;26;0.5;0;;
ПРОДУКТ;X-tra Fløteis Vanilje 3L;161;3.4;5.5;25;0;;
ПРОДУКТ;XPYM сухарм;446.67;10;15.33;66.67;0;;
ПРОДУКТ;XXL Pistazien geröstet und gesalzen;615;24;51;11;0;;
ПРОДУКТ;Xmas Trees;434;6.2;21;54;0;;
ПРОДУКТ;Xoai say deo;102.5;0.54;0.11;24.9;0;;
ПРОДУКТ;Xrus team pendir;430;9.5;14;63;0;;
ПРОДУКТ;Xrus team qril;430;10;14;63;0;;
ПРОДУКТ;Xtrafit сыр;216.4;32.5;9.6;0;0;;
ПРОДУКТ;Xylimax Sweet Mint;172;0;0.5;68;0;;
ПРОДУКТ;Yaourt;72.66;2.6;1.5;6.6;0;;
ПРОДУКТ;Yaourt Myrtilles Bio 500g;94;3.7;3.2;12.5;0;;
ПРОДУКТ;Yashkino Pryaniki With Mint;360;5;3;77;0;;
ПРОДУКТ;Yellow Curry Paste;134;3.8;4.2;18;0;;
ПРОДУКТ;Yellow Tuna chunks In tomato Spice;129;14;6.4;3.9;0;;
ПРОДУКТ;Yellow label;1;0.1;0;0.2;0;;
ПРОДУКТ;Yellow tuna in vegetable oil;377;20;33;0;0;;
ПРОДУКТ;Yo'gurt Овсяный Печёное Яблоко;70;1.5;0.5;15;0;;
ПРОДУКТ;Yoghurt Mango;68.2;4.5;1.8;8.5;0;;
ПРОДУКТ;Yogur natural;94;3.4;7;4.4;0;;
ПРОДУКТ;Yogures frutas;80;3.4;1.8;12.5;0;;
ПРОДУКТ;Yogurt;79;4.8;3.5;7;0;;
ПРОДУКТ;Yogurt & Strawberry Muesli Bar;403;6;11.4;67.6;0;;
ПРОДУКТ;Yogurt Cherry;87;2.8;1.9;14.7;0;;
ПРОДУКТ;Yogurt Classic - no added sugar;34;2.8;0.5;4.6;0;;
ПРОДУКТ;Yogurt Laplandia;145;3.6;7.2;16.4;0;;
ПРОДУКТ;Yogurt With Pineapple Banana & Pech Without Sugar;47;3;0.5;7.5;0;;
ПРОДУКТ;Yogurt intero al pistacchio;107;2.8;3.5;16;0;;
ПРОДУКТ;Yogurt-smoothie;78;2.8;1.2;14;0;;
ПРОДУКТ;Yoguru черника;80;3.3;1.5;13.4;0;;
ПРОДУКТ;Yoplait;64.67;5.33;3;3.8;0;;
ПРОДУКТ;Yotvata Choco;48;3.2;1.5;5.3;0;;
ПРОДУКТ;Yubileynoe Cookies;463.64;7.27;18.18;67.27;0;;
ПРОДУКТ;Zalmfilet;231;18;17;0;0;;
ПРОДУКТ;Zappo Blue Raspberry Chew;413.79;0;8.62;82.76;0;;
ПРОДУКТ;Zebra;500;8;27;55;0;;
ПРОДУКТ;Zebra Mini;470;6.5;24;58;0;;
ПРОДУКТ;Zeeuwse Roomboter Babbelaars;400;0;3.2;92;0;;
ПРОДУКТ;Zefir Clasic (Vișină;390;2;9.5;73;0;;
ПРОДУКТ;Zefirs Šokolade;383;1.4;9;73;0;;
ПРОДУКТ;Zefyras vanilinis;333;0.5;0;83;0;;
ПРОДУКТ;Zefīrs Apple Cinnamon Zephyr;277;0.6;0;68;0;;
ПРОДУКТ;Zele;69;0;0;17;0;;
ПРОДУКТ;Zelta Sviests 82;749;0.6;82;1.1;0;;
ПРОДУКТ;Zero Added Sugar Vegan Strawberry Jam;43.48;0;0;10.43;0;;
ПРОДУКТ;Zero Apple Lychee;3;0;0;0.4;0;;
ПРОДУКТ;Zero Sugar Syrup;16.1;0;0;4;0;;
ПРОДУКТ;Zero Низкокалорийный джем Апельсин;35;1;0.2;5;0;;
ПРОДУКТ;Zero, Lager Beer;15;0.2;0;3.5;0;;
ПРОДУКТ;Zerograno panna e cioccolato;478;3.8;19;72;0;;
ПРОДУКТ;Zeronnaise соус горчично-медовый;160;2;14;5;0;;
ПРОДУКТ;Zielony Banan - Owoce Świata;22;0;0;5.3;0;;
ПРОДУКТ;Zlaté Polomáčené hořké;518;6.7;27;61;0;;
ПРОДУКТ;Zmrzlina v oplátce;219;4.2;12.7;21.8;0;;
ПРОДУКТ;Zombie;363;2.5;2.2;83;0;;
ПРОДУКТ;Zotman pizza - Мясная классическая;183;8;7;23;0;;
ПРОДУКТ;Zotman Ветчина и Грибы;182;8;7;22;0;;
ПРОДУКТ;Zupa soļanka;70;4.8;3.3;5.4;0;;
ПРОДУКТ;albalact smantana 25% mare;242;2.2;25;2;0;;
ПРОДУКТ;aliejus;828;0;92;0;0;;
ПРОДУКТ;alyv.aliejus;821;0;91;0;0;;
ПРОДУКТ;anakom;63;1.3;3;7.7;0;;
ПРОДУКТ;ankara burgulu makarna;357;10.7;1.7;73.3;0;;
ПРОДУКТ;apple nectar;33;0;0;7.9;0;;
ПРОДУКТ;asorti saldainiai;454;3.2;19;63;0;;
ПРОДУКТ;aviziniai dribsniai;366;13;7.6;55.2;0;;
ПРОДУКТ;ayran 180 ml;29;2;1.4;2.2;0;;
ПРОДУКТ;babyfox Ореховая паста;530;7;30;58;0;;
ПРОДУКТ;baguette;376;11.86;3.9;73.24;0;;
ПРОДУКТ;baguette із делікатних багетів;429.64;9.7;11.4;72.06;0;;
ПРОДУКТ;balandos;363;12;5.9;62;0;;
ПРОДУКТ;bebeto freeze marshmallow;392;6;0;92;0;;
ПРОДУКТ;bigusto crema;541;4;30;63;0;;
ПРОДУКТ;boloneze kest;174;21.2;5.7;9.5;0;;
ПРОДУКТ;bon star;465;8;20;65;0;;
ПРОДУКТ;break κίτρινη;558.32;8.1;35.2;52.6;0;;
ПРОДУКТ;bulviu kise saltibarsciu;68;2;1;12;0;;
ПРОДУКТ;burn applekiwi05;46;0;0;11.1;0;;
ПРОДУКТ;bxh Hu bh;562.5;21.88;46.88;21.88;0;;
ПРОДУКТ;café des petits producteurs L'original;396.6;14.4;15.4;40.2;0;;
ПРОДУКТ;canta bremop;100;5;1.8;16;0;;
ПРОДУКТ;cappuccino;71;3.2;2.2;9.8;0;;
ПРОДУКТ;cartofi pt prăjit congelați;157;2.7;4;27;0;;
ПРОДУКТ;cheesecake Нью-Йорк;316.4;6;18;32.6;0;;
ПРОДУКТ;chips;520;6.8;31;52;0;;
ПРОДУКТ;chokopo.pie;443;4;16.1;70.5;0;;
ПРОДУКТ;cio;523;5.8;32;50;0;;
ПРОДУКТ;coffe spice KOTANYI;383;0;0;96;0;;
ПРОДУКТ;cornline;470;6;22;62;0;;
ПРОДУКТ;cream cheese;296;6.4;28.5;3.5;0;;
ПРОДУКТ;cvetlogoriye plombir vanil;320;3.3;25;20.4;0;;
ПРОДУКТ;cvetlogorniya plombir;245;3.8;14.4;25;0;;
ПРОДУКТ;danone;107.07;6.2;3.6;12.3;0;;
ПРОДУКТ;digital гранола;475;6;19;72;0;;
ПРОДУКТ;divela makaronai;355;13;1.7;72;0;;
ПРОДУКТ;edeka;99;2.5;2.8;15.1;0;;
ПРОДУКТ;ehrmann лесные ягоды;70;2.2;1.2;13.1;0;;
ПРОДУКТ;emotion cherry;367;1.3;9.5;72.9;0;;
ПРОДУКТ;extra guarana;300;25;12.5;12.5;0;;
ПРОДУКТ;fanta Orange 0,33;19;0;0;4.5;0;;
ПРОДУКТ;feta;239;17;18.8;0.45;0;;
ПРОДУКТ;fine drups;392;0;0;97;0;;
ПРОДУКТ;forele maz.sāl.ar ādu 180g;202.5;22.5;12.5;0;0;;
ПРОДУКТ;frische Weide Milch;47;3.4;1.5;5;0;;
ПРОДУКТ;fuse tea со вкусом клубники и дыни;34;0;0;8.2;0;;
ПРОДУКТ;gallina-blanca;12;3;10;5;0;;
ПРОДУКТ;garneles;195;6.9;7.9;24;0;;
ПРОДУКТ;gekochte Kondensmilch guschonka;296;5.5;6;55.1;0;;
ПРОДУКТ;ginger shot;38;0.4;0;9.2;0;;
ПРОДУКТ;gochujang premium;250;16.7;0;33.3;0;;
ПРОДУКТ;good cola;9.6;0.04;0;2.24;0;;
ПРОДУКТ;granola chocolate and nuts;439;8.7;14.2;64.9;0;;
ПРОДУКТ;grikiai;367;12.6;3.1;69.3;0;;
ПРОДУКТ;harmonika боза от рыж;69;1.1;1.6;12.7;0;;
ПРОДУКТ;harmonika кисле мляко;62;3.2;3.6;4.2;0;;
ПРОДУКТ;hello s jahodami;76;0.1;0.1;18.6;0;;
ПРОДУКТ;herring fillet;148;11.6;11.4;0;0;;
ПРОДУКТ;hh;206;6.1;18.6;2.9;0;;
ПРОДУКТ;hipp;69.82;2.7;2.3;9.19;0;;
ПРОДУКТ;iQ-Choc / iQ-Шок;348;8.4;34.9;14.1;0;;
ПРОДУКТ;iberico pate al pimenton;178;9.1;12.3;7.7;0;;
ПРОДУКТ;il frollino da latte con panna;479;6.5;20;67;0;;
ПРОДУКТ;instant noodles with beef and tomato sauce;406;8.2;19.3;49.9;0;;
ПРОДУКТ;instant nudels;95;2.1;4.1;12.3;0;;
ПРОДУКТ;jarče;520;8;32;49;0;;
ПРОДУКТ;jogurt 7 zbóż;31;0.87;0.83;4.9;0;;
ПРОДУКТ;jumbo razinos;313;3.1;0.9;71.1;0;;
ПРОДУКТ;kakao marzipan brot;447;7.2;18;61;0;;
ПРОДУКТ;kakao деви марко смотка;370.46;6;4;82;0;;
ПРОДУКТ;kalkunisink;86;15;1;4.2;0;;
ПРОДУКТ;kana hakk-koivake;181;15;9.4;9;0;;
ПРОДУКТ;kepiniams;563;7;36;51;0;;
ПРОДУКТ;ketchup;121;2.1;0.09;27.19;0;;
ПРОДУКТ;kimchi Ramen Becher;290;6;10;46;0;;
ПРОДУКТ;kinkali;248;8.5;13;24;0;;
ПРОДУКТ;kitkat;516;6.5;27;60;0;;
ПРОДУКТ;kitkat chunky;525;8.2;28;59;0;;
ПРОДУКТ;kiwi Yogurt;85;3.3;2.5;11.4;0;;
ПРОДУКТ;kodujuust CRÈME BRÛLÉE maitseline;141;11;5;13;0;;
ПРОДУКТ;kohuke vaarika;342.5;10.3;21;26;0;;
ПРОДУКТ;kokošja pašteta;235;12;19;4;0;;
ПРОДУКТ;kolbassa;127.27;18.18;5.45;0;0;;
ПРОДУКТ;korejas burkani ca;132;1.2;9;11;0;;
ПРОДУКТ;kornişon turşusu;23;1.6;0.1;3.9;0;;
ПРОДУКТ;krevetes;90;17;1;2.6;0;;
ПРОДУКТ;kukurydza słodka;126;2.9;1.2;24;0;;
ПРОДУКТ;kummikommid;297;5.8;0.5;67;0;;
ПРОДУКТ;kysaná smetana 16;172;3.1;16.3;3.8;0;;
ПРОДУКТ;lays s;538;6.4;35;47;0;;
ПРОДУКТ;lays stix кетчуп;520;6;32;53;0;;
ПРОДУКТ;lieldienu kulics;322;5.8;7.5;57;0;;
ПРОДУКТ;lilopa skirt steiks ar rozmarinu;155;21;7;0;0;;
ПРОДУКТ;limonati borjomi sitrus;40;0;0;9.5;0;;
ПРОДУКТ;lucoumi;350;0;0.19;87.5;0;;
ПРОДУКТ;lunchbox z makaronem i kuraczakiem;138;7.6;7.8;8.6;0;;
ПРОДУКТ;m&m's;217;9.3;10.6;60;0;;
ПРОДУКТ;m&m's с арахисом;501;9.5;24.6;58.7;0;;
ПРОДУКТ;makaronai;362;11;1.1;76;0;;
ПРОДУКТ;malkist cracker bbq 36;464;7.14;17.9;67.9;0;;
ПРОДУКТ;marshmallows;334;3;0;79;0;;
ПРОДУКТ;marzipan классический;490;6.2;21;67;0;;
ПРОДУКТ;maślanka;185;8;3.8;30;0;;
ПРОДУКТ;medus kuka;288;5.1;10;44;0;;
ПРОДУКТ;melted cheez nuts;539;13.5;36.3;39.6;0;;
ПРОДУКТ;meruňková přesnídávka;75;0.1;0.1;18.5;0;;
ПРОДУКТ;milk 2.5;55;3.4;2.5;4.8;0;;
ПРОДУКТ;milk chocolate with whole hazelnuts;548;9.52;33.3;52.4;0;;
ПРОДУКТ;miltai;356;10;2.4;72;0;;
ПРОДУКТ;mission lipie grill;333;7.8;8.2;56.1;0;;
ПРОДУКТ;mitsuba;536;15.2;33.6;42;0;;
ПРОДУКТ;mix salad with red and white cabbage;20;1.4;0;2.5;0;;
ПРОДУКТ;mixbar кешью жареный соленый;688.5;17.9;53.6;33.8;0;;
ПРОДУКТ;nacho chips натурал сол;505;6.1;24;68;0;;
ПРОДУКТ;ne moloko напиток миндальный;24.1;0.4;1.3;2.7;0;;
ПРОДУКТ;nemoloko «Экзотик» овсяное фруктовое;50;1;0.5;11;0;;
ПРОДУКТ;nemoloko овсяное фруктовое экзотик;50;1;0.5;11;0;;
ПРОДУКТ;nescafe gold;58;24;15;10;0;;
ПРОДУКТ;nesquick;368;8.7;4.6;73;0;;
ПРОДУКТ;nestle;490;4.83;25;61.67;0;;
ПРОДУКТ;nestle mindal marojna;366.1;5.08;24.58;31.36;0;;
ПРОДУКТ;noodles;444;9.7;18;61;0;;
ПРОДУКТ;oat flakes;370;14;3.5;68;0;;
ПРОДУКТ;oatmeal porridge with blueberries;367;10;5.3;65;0;;
ПРОДУКТ;organic pop googly grape;100;0;0;90;0;;
ПРОДУКТ;orzeszki ziemne prażone niesolone;615;24;50;13;0;;
ПРОДУКТ;ottogi;339.29;0;0;85.71;0;;
ПРОДУКТ;parmalat;87;4.1;3;11;0;;
ПРОДУКТ;pecannötter;714;10;73;4;0;;
ПРОДУКТ;pepsi;28;0;0;7;0;;
ПРОДУКТ;perlu grubas;347;10.4;1.4;71;0;;
ПРОДУКТ;persiku jogurts;82;3.1;1.8;13.2;0;;
ПРОДУКТ;peru;520;11;31;49;0;;
ПРОДУКТ;pica;207;9.2;7.3;25;0;;
ПРОДУКТ;pigсоны чипсы мясные из свинины;360;45;20;0;0;;
ПРОДУКТ;piim 2.5;55;3.2;2.5;4.8;0;;
ПРОДУКТ;pikantais jerky kodiens;228;43;5.7;1.5;0;;
ПРОДУКТ;pilngraudu tostermaize fazer;275;10;2.86;47.1;0;;
ПРОДУКТ;pineapple coconu;30;0.03;0;7.3;0;;
ПРОДУКТ;pineapple fruit drink;49;0.1;0.1;12;0;;
ПРОДУКТ;pobeda 36;470;11;16;36;0;;
ПРОДУКТ;pobeda 57;460;8.5;33;33;0;;
ПРОДУКТ;pobeda almond stevia;590;14;44;34;0;;
ПРОДУКТ;pralinés;535;5.6;31;60;0;;
ПРОДУКТ;prego Macaroni 500g;353;14;1.9;68.4;0;;
ПРОДУКТ;prestige уелнес овес 9702;442;6.8;20;69;0;;
ПРОДУКТ;pro twin bar;486;15;28.3;42.7;0;;
ПРОДУКТ;profit плавленный сыр;184;21.3;9.15;4.5;0;;
ПРОДУКТ;protein;430;80;9;7;0;;
ПРОДУКТ;präänik;368;5.2;5.7;74;0;;
ПРОДУКТ;pupinas ar cili;175;7.2;6.3;22.4;0;;
ПРОДУКТ;qwikler;329;11;18;15;0;;
ПРОДУКТ;rich Индиан тоник смотка;20;0;0;4.7;0;;
ПРОДУКТ;river rock vital;8;0;0;1.8;0;;
ПРОДУКТ;roshen;327;6.6;0.2;75;0;;
ПРОДУКТ;ryaba maynez67;615;0.4;67;2.5;0;;
ПРОДУКТ;ryziai;351;6.9;0.6;78;0;;
ПРОДУКТ;ryziu dribsniai;359;7.8;1.1;78;0;;
ПРОДУКТ;s40 CYTOK;380;80;5.5;2;0;;
ПРОДУКТ;samyang cheese;441.67;9.17;15;65.83;0;;
ПРОДУКТ;sausainiai;467;4.7;17;74;0;;
ПРОДУКТ;sedrie;362;12.5;2.6;72;0;;
ПРОДУКТ;sir;280;16;31;0.5;0;;
ПРОДУКТ;sissi 650 grame,caroli;77;14.5;1.5;1.4;0;;
ПРОДУКТ;skyr jogurta dzēriens meža zemeņu maskarpone;55;2.6;0.8;9.2;0;;
ПРОДУКТ;sliced whole wheat flour toast bread;254;9.8;2.6;45.6;0;;
ПРОДУКТ;smokin beef chili;108;6.4;4.8;10.8;0;;
ПРОДУКТ;snacks;540;7.5;30;57;0;;
ПРОДУКТ;soys;250;4;13;29;0;;
ПРОДУКТ;sprite;18;0;0;4.8;0;;
ПРОДУКТ;sriracha hot sauce;110;0;0;27;0;;
ПРОДУКТ;strained turkish yoghurt;97;8;5.5;3.9;0;;
ПРОДУКТ;strawberry cheesecake мороженое;203.4;3.2;8.6;28.3;0;;
ПРОДУКТ;strawberry juice;32;0;0;7.9;0;;
ПРОДУКТ;strawbery Milk чудо клубника маленький коктейль смотка;72;2.8;2;10.6;0;;
ПРОДУКТ;street food hamburger & hot dog savge;383.2;0.8;36;14;0;;
ПРОДУКТ;super step большой оранжевый;430;5.5;57;57;0;;
ПРОДУКТ;tartar sauce;445;1;45;9;0;;
ПРОДУКТ;texas bbq merce;87;0.5;0.6;20;0;;
ПРОДУКТ;toustový chleb;278;9.5;3.9;49;0;;
ПРОДУКТ;traditional muesli;357;12;5.6;67;0;;
ПРОДУКТ;troskinta jautiena;239;11.8;21.3;0;0;;
ПРОДУКТ;valio;168;7.1;14;4.3;0;;
ПРОДУКТ;vanil cukrus;398;0;0;100;0;;
ПРОДУКТ;vegan mayo;643;0.1;70;3.1;0;;
ПРОДУКТ;vitaWHEY Киви-Лимон-Мята;299;60.6;2.2;4.2;0;;
ПРОДУКТ;väike tom mingo-mango;155;2;5.7;22;0;;
ПРОДУКТ;white aerated;570;5;39;54;0;;
ПРОДУКТ;zemeņu jogurts;75;2.9;2.2;11;0;;
ПРОДУКТ;zuvis tesloje;226;10.5;10.4;22.1;0;;
ПРОДУКТ;Înghețată Levănțică Afine;254;4;10;37;0;;
ПРОДУКТ;Ādažu Virpuļi;472;3.2;23;64;0;;
ПРОДУКТ;Ādažu sēnes krējuma mērcē;533;6.1;32;52;0;;
ПРОДУКТ;Ādažu Čili citrus;550;5.2;35;53;0;;
ПРОДУКТ;Čedaras Red;361;23;29;0;0;;
ПРОДУКТ;Čerstvé kynuté těsto;304;6.4;7.5;48;0;;
ПРОДУКТ;Čipsi 01;549;6.1;32;53;0;;
ПРОДУКТ;Čokopiškoty;360;3.3;7.1;70;0;;
ПРОДУКТ;Čočka zelená;327;24;0;53;0;;
ПРОДУКТ;Čočka červená;342;27;0.9;52;0;;
ПРОДУКТ;ĶAZAKHSTAN;532.74;6.3;33.4;52.7;0;;
ПРОДУКТ;Łaciate Mleko Protein;54;8;0.5;4.7;0;;
ПРОДУКТ;Łosoś Atlantycki;177;20;11;0.5;0;;
ПРОДУКТ;Śmietanka 12;134;2.7;12;3.8;0;;
ПРОДУКТ;Šampanas BOSCA;75;1;0;6.5;0;;
ПРОДУКТ;Šampita;313;3.5;3.5;66.7;0;;
ПРОДУКТ;Šokoladas be cukraus;477;6.8;35;47;0;;
ПРОДУКТ;Šokoladas su lazdynų riešutais;162;21;5.4;4.4;0;;
ПРОДУКТ;Šunka nejvyšší jakosti;111;18;3.5;1.2;0;;
ПРОДУКТ;Šunka řemeslná;107;18;3.5;0.7;0;;
ПРОДУКТ;Žāvētu Plūmju, Graudu, Linsēklu Raudzēts Piena Produkts;71;3.1;1.9;10.4;0;;
ПРОДУКТ;žemes riešutai;588;25;49;7.4;0;;
ПРОДУКТ;Βρωμη Berries Κακάο Protein Plus;50;2.7;1;6.9;0;;
ПРОДУКТ;Ρύζι Parboiled Με Wild Rice;351;8.3;1.3;74;0;;
ПРОДУКТ;Ёжики из индейки;242;11.1;17.6;9.8;0;;
ПРОДУКТ;Ёжики куриные;220;9;14;14;0;;
ПРОДУКТ;Ёрш;90.33;17.5;2;0;0;;
ПРОДУКТ;Ікра;354;5.5;34.9;4.5;0;;
ПРОДУКТ;АЙРАН СИНИЙ MEGGL E;34;1.5;2.2;2.1;0;;
ПРОДУКТ;АНАКОМ СУП-ЛАПША СО ВКУСОМ КУРИЦЫ;400;9;19;48;0;;
ПРОДУКТ;АРАБИКА кофе натуральный растворимый сублимированный;396.6;14.4;15.4;40.2;0;;
ПРОДУКТ;АТИБИО;73;2.9;1.5;11.9;0;;
ПРОДУКТ;Абрикос;41.52;0.9;0.1;9;0;;
ПРОДУКТ;Абрикос консервированный;66.12;0.4;0.1;15.5;0;;
ПРОДУКТ;Абрикос сушеный б/к (курага;228;5.2;0.3;51;0;;
ПРОДУКТ;Абрикосовая косточка;545.56;14;27.7;56.3;0;;
ПРОДУКТ;Абрикосовый компот;88.15;0.5;0;21;0;;
ПРОДУКТ;Абрикосовый нектар;63;0;0;15.3;0;;
ПРОДУКТ;Абрикосовый пирог;299;3.9;9.8;48.8;0;;
ПРОДУКТ;Абрикосовый сок;41.52;0.9;0.1;9;0;;
ПРОДУКТ;Абрикосовый сок холодного отжима Organic;50;0.4;0;12;0;;
ПРОДУКТ;Абрикосы в легком сиропе;85;0.4;0.1;20;0;;
ПРОДУКТ;Абрикосы очищенные половинками в сиропе консервированные;71;0.5;0.5;18;0;;
ПРОДУКТ;Абсент;36.08;0;0;8.8;0;;
ПРОДУКТ;Абузно-дынный коктель без сахара;190;0.4;1.3;66;0;;
ПРОДУКТ;Авокадо;218.6;2;20;6;0;;
ПРОДУКТ;Австрийский штрудель вишня и ваниль;380;5;15;55;0;;
ПРОДУКТ;Австрийский штрудель с вишней;255;4.3;9.7;37.5;0;;
ПРОДУКТ;Агар пищевой;328;4;0;76;0;;
ПРОДУКТ;Агуша биокефирная без добавления сахара;60;3.2;3.1;4.7;0;;
ПРОДУКТ;Агуша кашка рис-кукуруза;68;3.1;2;9.1;0;;
ПРОДУКТ;Агуша полезный перекус;307;5;0.67;66.7;0;;
ПРОДУКТ;Агуша пюре;52;0;0;13;0;;
ПРОДУКТ;Агуша творожок черника;104;7.3;3.9;9.8;0;;
ПРОДУКТ;Агуша яблоко персик;48;0;0;12;0;;
ПРОДУКТ;Аджика;62.25;1;3.7;5.8;0;;
ПРОДУКТ;Аджика Острая;95;2.5;3;14.5;0;;
ПРОДУКТ;Адыгейский Лёгкий;154.2;22.8;7;1.2;0;;
ПРОДУКТ;Ажгон;264.27;19.7;14.5;11.9;0;;
ПРОДУКТ;Азиатская смесь овощная быстрозамороженная;65;2.5;4.3;4;0;;
ПРОДУКТ;Азу;222.53;11.9;14.2;10.2;0;;
ПРОДУКТ;Азу Из Индейки;171.6;26.7;7.2;0;0;;
ПРОДУКТ;Азу из говядины;130.67;11;4.6;11.1;0;;
ПРОДУКТ;Айва;47.28;0.6;0.5;9.8;0;;
ПРОДУКТ;Айвар;336;1.1;4.3;8.1;0;;
ПРОДУКТ;Айвовый компот;83.64;0.4;0;20;0;;
ПРОДУКТ;Айвовый сок;45.51;0.5;0;10.6;0;;
ПРОДУКТ;Айран;30.2;2;1;3.3;0;;
ПРОДУКТ;Айран (тан) газированный;24.18;1.1;1.5;1.4;0;;
ПРОДУКТ;Айран (тан) из козьего молока;24.18;1.1;1.5;1.4;0;;
ПРОДУКТ;Айран (тан) негазированный;24.18;1.1;1.5;1.4;0;;
ПРОДУКТ;Айран (тан) негазированный нежирный;12.11;1.1;0.2;1.4;0;;
ПРОДУКТ;Айран (тан) с укропом и огурцом;19.54;1.1;1;1.4;0;;
ПРОДУКТ;Айран (тан) сильногазированный;19.54;1.1;1;1.4;0;;
ПРОДУКТ;Айран harmonika;41;2.2;2.3;2.9;0;;
ПРОДУКТ;Айран Верея;32;2.2;1;3.6;0;;
ПРОДУКТ;Айран Мегле;34;1.5;2.2;2.1;0;;
ПРОДУКТ;Айран Турецкий;30;1.3;1.8;2.5;0;;
ПРОДУКТ;Айран по-турецки с укропом;184;2;1.7;5.1;0;;
ПРОДУКТ;Айран с массовой долей жира 2,0;30;1.4;2;1.8;0;;
ПРОДУКТ;Айсбон, Манго & Малина;304;4;16.6;33.3;0;;
ПРОДУКТ;Айсинг;332.51;2.3;0;78.8;0;;
ПРОДУКТ;Аки;176.25;1;15;8;0;;
ПРОДУКТ;АктиБио;73.37;2.9;1.5;11.9;0;;
ПРОДУКТ;АктиБио вишня биойогурт;102;4;2.9;15;0;;
ПРОДУКТ;АктиБио с пробиотиками и злаками;98;4.6;2.9;13.4;0;;
ПРОДУКТ;Активиа Биойогурт Киви и мюсли;108.2;3.9;3;16.4;0;;
ПРОДУКТ;Активиа Биойогурт груша черника;80;3.9;2.9;9.6;0;;
ПРОДУКТ;Активиа Быстрый завтрак Клубника;129.33;4.3;2.8;20.9;0;;
ПРОДУКТ;Активиа Быстрый завтрак Натуральный;107.52;4.8;3.1;14.4;0;;
ПРОДУКТ;Активиа Быстрый завтрак с овсянкой Яблоко-Груша;112.03;3.6;3.1;16.7;0;;
ПРОДУКТ;Активиа Кефирная 1;39.63;2.9;1;4.5;0;;
ПРОДУКТ;Активиа Кефирная 3;54.52;2.9;3;3.6;0;;
ПРОДУКТ;Активиа Момент удовольствия Вишня;98.88;4.3;2.7;13.7;0;;
ПРОДУКТ;Активиа Момент удовольствия Земляника;95.6;4.3;2.7;12.9;0;;
ПРОДУКТ;Активиа Питьевая Ананас;80.08;2.8;2;12.2;0;;
ПРОДУКТ;Активиа Питьевая Бифидойогурт Классический 1.5;45.51;3.2;1.5;4.5;0;;
ПРОДУКТ;Активиа Питьевая Вишня и чёрная смородина;81.72;2.6;2;12.8;0;;
ПРОДУКТ;Активиа Питьевая Злаки;82.76;2.8;2.2;12.4;0;;
ПРОДУКТ;Активиа Питьевая Клубника и земляника;82.76;2.8;2.2;12.4;0;;
ПРОДУКТ;Активиа Питьевая Малина и злаки;76.09;2.8;2.1;11;0;;
ПРОДУКТ;Активиа Питьевая Натуральная;53.87;3.2;2.4;4.5;0;;
ПРОДУКТ;Активиа Питьевая Чернослив;82.54;2.8;2;12.8;0;;
ПРОДУКТ;Активиа Питьевая Яблоко и злаки;85.22;2.8;2.2;13;0;;
ПРОДУКТ;Активиа Семейная Клубника;101.48;3.9;3.2;13.6;0;;
ПРОДУКТ;Активиа Семейная Персик;101.48;3.9;3.2;13.6;0;;
ПРОДУКТ;Активиа Творожная Клубника;125.86;5;4.5;15.5;0;;
ПРОДУКТ;Активиа Творожная Малина;105.76;4.2;4.5;11.4;0;;
ПРОДУКТ;Активиа Творожная Мюсли;125.86;5;4.5;15.5;0;;
ПРОДУКТ;Активиа Творожная Мюсли и манго;121.75;4.8;4.5;14.7;0;;
ПРОДУКТ;Активиа Творожная Натуральная;81.17;5.9;4.5;3.7;0;;
ПРОДУКТ;Активиа Творожная Отруби и злаки;116.21;4.9;4.3;13.7;0;;
ПРОДУКТ;Активиа Творожная Чернослив;117.33;4.7;4.2;14.4;0;;
ПРОДУКТ;Активиа Термостатная;64.7;3.5;3.5;4.8;0;;
ПРОДУКТ;Активиа Фреш Арбуз;76.77;2.8;1.6;12.3;0;;
ПРОДУКТ;Активиа Фреш Вишня;71.44;2.8;1.6;11;0;;
ПРОДУКТ;Активиа Фреш Гранат и Малина;71.44;2.8;1.6;11;0;;
ПРОДУКТ;Активиа Фреш Манго;75.54;2.8;1.6;12;0;;
ПРОДУКТ;Активиа Фреш Персик;71.44;2.8;1.6;11;0;;
ПРОДУКТ;Активиа Черника Йогурт;77;2.9;2.1;11.5;0;;
ПРОДУКТ;Актуаль (вкус апельсин-манго;47;0.5;0;11.2;0;;
ПРОДУКТ;Актуаль, вкус клубника-малина;41.11;0.3;0;9.8;0;;
ПРОДУКТ;Акула катран;146.62;19.9;7;0;0;;
ПРОДУКТ;Акульи плавники;130.69;21;4.8;0;0;;
ПРОДУКТ;Ала Каймак Мягкий сливочный сыр;240;6.1;23.5;1.1;0;;
ПРОДУКТ;Аленка;540;5.5;31;59;0;;
ПРОДУКТ;Аленка Торт Вафельный;548;4;32;60;0;;
ПРОДУКТ;Алоэ Вера Оригинал;35;0;0;9;0;;
ПРОДУКТ;Алоэ Вера напиток “ALEO Premium;36;0;0;8.9;0;;
ПРОДУКТ;Алпенланд йогурт с персиком и маракуйей;75;2.4;0.3;15.9;0;;
ПРОДУКТ;Алтайская сказка;330;12;2;67;0;;
ПРОДУКТ;Алыча;29.11;0.2;0;6.9;0;;
ПРОДУКТ;Алёнка;540;5.5;31;59;0;;
ПРОДУКТ;Алёнка 100гр в стихах молочная (синяя;570;8.5;38;49;0;;
ПРОДУКТ;Алёнка молочный шоколад;560;7;36;52;0;;
ПРОДУКТ;Алёнка пирожное (крем сливочный;410;5;18;56;0;;
ПРОДУКТ;Амарант;403.69;13.6;7;69;0;;
ПРОДУКТ;Амарантовые Хлебцы;388;11.6;7.3;69.2;0;;
ПРОДУКТ;Амарантовые колечки с какао;371;6.5;1.9;82;0;;
ПРОДУКТ;Амарантовые отруби Di&Di с гречей;354.49;19;5.5;55;0;;
ПРОДУКТ;Амарантовые отруби Di&Di с ламинарией;282.72;20.4;5.1;37;0;;
ПРОДУКТ;Амарантовые отруби Di&Di с топинамбуром;354.49;19;5.5;55;0;;
ПРОДУКТ;Американо;510;5.5;27;62;0;;
ПРОДУКТ;Американская смесь Hortex;35.4;2.4;0.5;5.1;0;;
ПРОДУКТ;Амур белый;125.5;18.6;5.3;0;0;;
ПРОДУКТ;Амур чёрный;90.33;17.5;2;0;0;;
ПРОДУКТ;Ананас;46.96;0.4;0.2;10.6;0;;
ПРОДУКТ;Ананас Порезанный Очищенный;49.3;0.3;0.1;11.6;0;;
ПРОДУКТ;Ананас Резаный;49.3;0.3;0.1;11.8;0;;
ПРОДУКТ;Ананас консервированный;58.74;0.1;0.1;14;0;;
ПРОДУКТ;Ананасовый компот;58.74;0.1;0.1;14;0;;
ПРОДУКТ;Ананасовый нектар;53.3;0.1;0;12.9;0;;
ПРОДУКТ;Ананасовый сок;55;0;0;14;0;;
ПРОДУКТ;Ананасы Кусочками;48;0.4;0;11.8;0;;
ПРОДУКТ;Ананасы Кусочки В Сиропе;64;0;0;16;0;;
ПРОДУКТ;Ананасы в легком сиропе кусочками;62.14;15;0;0.4;0;;
ПРОДУКТ;Ананасы кольца в сиропе;65;0;0;16;0;;
ПРОДУКТ;Ананасы кусочки в легком сиропе;70.03;0;0;17;0;;
ПРОДУКТ;Анасовый сок;44;0;0;11;0;;
ПРОДУКТ;Английская Булочка С Пастарами Из Индейки;230;11;11;22;0;;
ПРОДУКТ;Английский завтрак;197;8.39;13.4;11.53;0;;
ПРОДУКТ;Ангостура Ароматик Биттерс;257;0;0;1.5;0;;
ПРОДУКТ;Ангурия (Антильский огурец;50.62;1.8;1.3;7.6;0;;
ПРОДУКТ;Анис;365.01;17.6;15.9;35.4;0;;
ПРОДУКТ;Антарктик-криль классический;407;4.6;40.6;5.7;0;;
ПРОДУКТ;Антрекот;408.75;27.3;31.2;1.7;0;;
ПРОДУКТ;Антрекот из говядины;225.41;29.6;11.2;0;0;;
ПРОДУКТ;Антрекот из свинины;208.71;28.7;9.8;0;0;;
ПРОДУКТ;Анчоус Соленый;226;44;2.2;7.6;0;;
ПРОДУКТ;Анчоус атлантический;139.08;20.1;6.1;0;0;;
ПРОДУКТ;Анчоусная паста;271.64;26;16;4;0;;
ПРОДУКТ;Анчоусы консервированные;139.08;20.1;6.1;0;0;;
ПРОДУКТ;Аньолотти;344.37;10;1.1;71.5;0;;
ПРОДУКТ;Апельсин;42;0;0;10.5;0;;
ПРОДУКТ;Апельсин 100% сок;40;0;0;10;0;;
ПРОДУКТ;Апельсин Шоколад;490;6;27;55;0;;
ПРОДУКТ;Апельсин маринованный;38.95;0.6;0;8.9;0;;
ПРОДУКТ;Апельсининовый нектар;42;0;0;10.5;0;;
ПРОДУКТ;Апельсиновый Марципан;496;8.1;30;46;0;;
ПРОДУКТ;Апельсиновый нектар;42.64;0.3;0;10.1;0;;
ПРОДУКТ;Апельсиновый нектар пастеризованный;48;0;0;12;0;;
ПРОДУКТ;Апельсиновый сок;38.76;0.9;0.2;8.1;0;;
ПРОДУКТ;Апельсиновый сок. Восстановленный;44;0;0;11;0;;
ПРОДУКТ;Аппетита с нежно-острым соусом;70;1;3.5;9;0;;
ПРОДУКТ;Аппетитка;70;1;3.5;9;0;;
ПРОДУКТ;Аппетитка с бакинскими томатами и перчиком пепперони;70;1;3.5;9;0;;
ПРОДУКТ;Ар'Лаваш Ролл (Лаваш Армянский тонкий;210;6.8;0.8;43.8;0;;
ПРОДУКТ;Арахис;607;24;50;12;0;;
ПРОДУКТ;Арахис «сыр;490;15;27;42;0;;
ПРОДУКТ;Арахис В Оболочке С Сыром;551;26.3;45.2;9.9;0;;
ПРОДУКТ;Арахис Джаз жареный соленый;655.28;25;52;17;0;;
ПРОДУКТ;Арахис Соленый;630;22;52;11;0;;
ПРОДУКТ;Арахис Степановна обжаренный соленый;609.45;29.2;50.2;5.7;0;;
ПРОДУКТ;Арахис в глазури со вкусом «Четыре сыра;477;12.37;21.4;58.6;0;;
ПРОДУКТ;Арахис в глазури со вкусом васаби;572;24;43;8;0;;
ПРОДУКТ;Арахис джин;640;25;52;17;0;;
ПРОДУКТ;Арахис жаренный с солью;620;25;52;13;0;;
ПРОДУКТ;Арахис жаренный соленый;622;28;50;15;0;;
ПРОДУКТ;Арахис жареный;600;25;48;16;0;;
ПРОДУКТ;Арахис жареный с солью;610;29;50;11;0;;
ПРОДУКТ;Арахис жареный соленый;585;23.7;49.6;21.5;0;;
ПРОДУКТ;Арахис жареный солёный;640;25;52;17;0;;
ПРОДУКТ;Арахис и карамель;544;9.2;33;51;0;;
ПРОДУКТ;Арахис обжаренный соленый;584;27.1;48.5;10;0;;
ПРОДУКТ;Арахис обжаренный солёный;590;26.9;47.5;10.2;0;;
ПРОДУКТ;Арахис очищенный, сырой;256.43;1.48;0.78;81.6;0;;
ПРОДУКТ;Арахис сушеный;630.36;29.2;50.2;10.8;0;;
ПРОДУКТ;Арахисовая Паста;670.7;29.7;55.1;14;0;;
ПРОДУКТ;Арахисовая Паста С Кусочками;590;21;44;28;0;;
ПРОДУКТ;Арахисовая Паста Хрустящая;584;28;48;10;0;;
ПРОДУКТ;Арахисовая паста crunchy momo;557;28;45;10;0;;
ПРОДУКТ;Арахисовая паста «LA PINA;640.3;28;53;11;0;;
ПРОДУКТ;Арахисовая паста Кранч с гималайской розовой солью;550;24;45;6;0;;
ПРОДУКТ;Арахисовая паста гималайская соль;550;24;45;6;0;;
ПРОДУКТ;Арахисовая паста классическая;605;27;49;10;0;;
ПРОДУКТ;Арахисовая паста классическая без сахара;650;26;53;13;0;;
ПРОДУКТ;Арахисовая паста кремовая;640;22;50;22;0;;
ПРОДУКТ;Арахисовая паста мягкая;594;18.8;53.1;21.9;0;;
ПРОДУКТ;Арахисовая паста с тёмным шоколадом;582.5;17.7;44.9;26.9;0;;
ПРОДУКТ;Арахисовая паста шоколадная;511;21.9;39.2;25.9;0;;
ПРОДУКТ;Арахисовая смесь с фруктами;571.53;8.38;33.98;58.06;0;;
ПРОДУКТ;Арахисовое масло GUSTO Crunchy;641;25;50;20.9;0;;
ПРОДУКТ;Арахисовый Батончик С Соленой Карамелью С Вкусом Ириса;521.6;11.4;28;56;0;;
ПРОДУКТ;Арахисовый Вкус;472;5.6;19;69;0;;
ПРОДУКТ;Арахичовая паста;560;26;45;13;0;;
ПРОДУКТ;Арбатские рогалики;268;8.3;2.2;52.4;0;;
ПРОДУКТ;Арбуз;27.17;0.6;0.1;5.8;0;;
ПРОДУКТ;Арбуз Мелисса;34;0;0;8.3;0;;
ПРОДУКТ;Арбуз Нарезанный;27;0.7;0.1;5.8;0;;
ПРОДУКТ;Арбуз консервированный;39.88;0.5;0.1;9;0;;
ПРОДУКТ;Арбуз маринованный;24;0.3;0.1;5.4;0;;
ПРОДУКТ;Арбузный сок;27.58;0.6;0.1;5.9;0;;
ПРОДУКТ;Аргентина;90.74;17.6;2;0;0;;
ПРОДУКТ;Ароматная мексиканская овощная смесь;35.5;1.9;0.2;6.5;0;;
ПРОДУКТ;Ароматный Плов С Говядиной И Барбарисом;204;8.4;10.4;19.2;0;;
ПРОДУКТ;Ароматный бездрожжевой хлеб с кориандром;223;7.5;1;46;0;;
ПРОДУКТ;Арония для иммунитета;353.73;4;10;60;0;;
ПРОДУКТ;Арракача;74.73;0.9;0.1;17.1;0;;
ПРОДУКТ;Артишок;30.45;1.2;0.1;6;0;;
ПРОДУКТ;Асафетида;1.75;0.1;0.1;0.1;0;;
ПРОДУКТ;Аскорбиновая кислота с глюкозой 100 мг;308;0;0;76.9;0;;
ПРОДУКТ;Ассорти Бондюэль из сладкого перца;26.05;1.1;0.2;4.8;0;;
ПРОДУКТ;Ассорти Бондюэль из фасоли с ананасами в соусе Карри;63.93;3.8;1.1;9.3;0;;
ПРОДУКТ;Ассорти Бондюэль из цветной капусты, романеско и брокколи;67.72;1.8;2.7;8.6;0;;
ПРОДУКТ;Ассорти В Молочном Шоколаде;525;9.65;33.38;46.48;0;;
ПРОДУКТ;Ассорти Суфле;313;1.5;21;29.4;0;;
ПРОДУКТ;Ассорти грибное в маринаде;24.28;2.87;0;1.45;0;;
ПРОДУКТ;Ассорти мини-ляпунов;189.43;5.23;1.57;38.6;0;;
ПРОДУКТ;Ассорти мясное;268.33;11.3;23.5;0.9;0;;
ПРОДУКТ;Ассорти овощное;18.56;1;0.1;3.3;0;;
ПРОДУКТ;Ассорти ореховое №1;670;17;55;21;0;;
ПРОДУКТ;Ассорти рыбное;88.35;10.4;4.7;0.5;0;;
ПРОДУКТ;Ассорти с молоком каша овсяная без варки;350;8.75;5;65;0;;
ПРОДУКТ;Ассорти сыра Шевр из козьего молока в масле;273;22.8;20.3;0;0;;
ПРОДУКТ;Астория шаурма;410;1;42;8;0;;
ПРОДУКТ;Ацерола;36;0.4;0.3;7.7;0;;
ПРОДУКТ;Ацидобифилин сладкий;78;3.1;2.2;11.5;0;;
ПРОДУКТ;Ацидофилин;54.8;2.8;3.2;3.7;0;;
ПРОДУКТ;Ацидофилин 0.1;29.22;3;0.1;3.9;0;;
ПРОДУКТ;Ацидофилин 1;37.99;3;1;4;0;;
ПРОДУКТ;Ацидофилин 3.2;56.79;2.8;3.2;3.8;0;;
ПРОДУКТ;Ацидофилин 3.2% сладкий;76.47;2.8;3.2;8.6;0;;
ПРОДУКТ;Ацидофилин Останкинский 2.5;51.92;2.8;2.5;4.2;0;;
ПРОДУКТ;БАНАНОВАЯ МУКА;350;2.4;0;84;0;;
ПРОДУКТ;БАНАНОВОЕ ПЕЧЕНЬЕ;576;4.24;35.9;58.7;0;;
ПРОДУКТ;БАТОНЧИКИ КЛАССИЧЕСКИЕ конфеты с корпусом пралине неглазированные (13 шт в упаковке;530;8;28;61;0;;
ПРОДУКТ;БЕКОН СИНИЙ;473.68;36.84;36.84;0;0;;
ПРОДУКТ;БИО яйца;153;12.64;10.76;1.4;0;;
ПРОДУКТ;Бабаевский Тёмный С Целым Миндалём;550;10;37;41;0;;
ПРОДУКТ;Бабаевский горький;540;8.5;35;42;0;;
ПРОДУКТ;Бабаевский фундук изюм;520;7;32;47;0;;
ПРОДУКТ;Бабкины семечки» жареные по-домашнему Соленые белые подсолнечник;581;27;49;8.5;0;;
ПРОДУКТ;Бавария светлое безалкогольное;24;0;0;4;0;;
ПРОДУКТ;Баварский медово-горчичный соус;270;0.7;25;11.8;0;;
ПРОДУКТ;Баветте;346.23;11;1.3;70.5;0;;
ПРОДУКТ;Багель;347.27;7.9;9.4;55.5;0;;
ПРОДУКТ;Багет;245;7.8;2.4;53.5;0;;
ПРОДУКТ;Багет Молочный (изделие хлебобулочное сдобное;290;9;5;55;0;;
ПРОДУКТ;Багет Простой;290;8;4;56;0;;
ПРОДУКТ;Багет Пшеничный;285.4;8;3.8;54.8;0;;
ПРОДУКТ;Багет Пшеничный С Чесноком;264.5;6;8.5;41;0;;
ПРОДУКТ;Багет Ржаной С Чесноком;284.7;6.6;9.5;43.2;0;;
ПРОДУКТ;Багет Сметана І Зелень;448;10;15.4;66;0;;
ПРОДУКТ;Багет Сметана с Зеленью;430;6;25;45;0;;
ПРОДУКТ;Багет Сухарики;450;10;15;68;0;;
ПРОДУКТ;Багет Традиционный;280;8.5;1;60;0;;
ПРОДУКТ;Багет Французский;221;6.9;0.6;47;0;;
ПРОДУКТ;Багет Французский (мини;270;9;1.8;56;0;;
ПРОДУКТ;Багет мини, пшеничный;314;9.6;1.8;68.6;0;;
ПРОДУКТ;Багет парижский;314;9.6;1;68.6;0;;
ПРОДУКТ;Багет ржаной;240;0.2;2.1;47.6;0;;
ПРОДУКТ;Багет ржаной с чесноком, половинка;300;6.5;14;45.1;0;;
ПРОДУКТ;Багет с кунжутом на закваске;280;8.5;3.5;55;0;;
ПРОДУКТ;Багет чесночный;376.7;7.3;16.7;49.3;0;;
ПРОДУКТ;Багети - Лобстер;422;10.5;9.9;72.7;0;;
ПРОДУКТ;Бадем Елит Малък;603;23.75;50.89;18.3;0;;
ПРОДУКТ;Бадьян;427.44;18;16;50;0;;
ПРОДУКТ;Базилик свежий;33.45;2.5;0.6;4.3;0;;
ПРОДУКТ;Базилик сушеный;346.3;14.4;4;61;0;;
ПРОДУКТ;Байкал;17;0;0;4;0;;
ПРОДУКТ;Байкал энер;45;0;0;11;0;;
ПРОДУКТ;Баклажан;24.3;1.2;0.1;4.5;0;;
ПРОДУКТ;Баклажан консервированный;40.12;0.9;0.7;7.3;0;;
ПРОДУКТ;Баклажанная Икра В Аджике;50;0.5;1.5;8;0;;
ПРОДУКТ;Баклажанная икра консервированная;151.44;1.7;13.3;5.1;0;;
ПРОДУКТ;Баклажанная икра свежая;92.09;0.6;7;6;0;;
ПРОДУКТ;Баклажаны 4 сезона запечённые порционные;46.96;2.1;0.2;8.9;0;;
ПРОДУКТ;Баклажаны 4 сезона нарезанные;27.58;1.3;0.1;5.2;0;;
ПРОДУКТ;Баклажаны В Аджике;50;0.5;1.5;8;0;;
ПРОДУКТ;Баклажаны по-домашнему;80;1.5;5;8;0;;
ПРОДУКТ;Баклажаны по-корейски готовые;110.26;0;9;6.5;0;;
ПРОДУКТ;Баклажаны по-сычуаньски;250.2;1.9;17.8;20.6;0;;
ПРОДУКТ;Баклажаны с овощами;50;1;2;6.5;0;;
ПРОДУКТ;Баклажаны фаршированные готовые;92.75;1.5;6.1;7.3;0;;
ПРОДУКТ;Балканах кисле мляко 3,6;62;3.2;3.6;4.3;0;;
ПРОДУКТ;Балканах кисле мляко 4,5;70.5;3.2;4.5;4.3;0;;
ПРОДУКТ;Балтика 0;30;0;0;5.5;0;;
ПРОДУКТ;Балык Дарницкий сервировочная нарезка;140;23;5;1;0;;
ПРОДУКТ;Балык копченый;300;22.6;23;0;0;;
ПРОДУКТ;Бальзам Рижский Чёрный Оригинальный;280;0;0;5.5;0;;
ПРОДУКТ;Бамбук листья;24.6;2;0;4;0;;
ПРОДУКТ;Бамбук побеги вареные;11.7;1.5;0.2;0.9;0;;
ПРОДУКТ;Бамбук побеги консервированные;18.07;1.7;0.4;1.8;0;;
ПРОДУКТ;Бамбук побеги сырые;25.75;2.6;0.3;3;0;;
ПРОДУКТ;Бамия;24.71;2;0.1;3.8;0;;
ПРОДУКТ;Бамия 4 сезона;34.55;0.2;0.1;8;0;;
ПРОДУКТ;Банан;97.39;1.5;0.2;21.8;0;;
ПРОДУКТ;Банан В Молочном Шоколаде;327;4.3;18.2;36.4;0;;
ПРОДУКТ;Банан В Тёмном Шоколаде;379;4.5;13;61;0;;
ПРОДУКТ;Банан-яблуко;50;0.4;0;12;0;;
ПРОДУКТ;Банана Голубика вафельный рожок;189;3.33;7.78;26.7;0;;
ПРОДУКТ;Банановые Чипсы;520;2.5;34;50;0;;
ПРОДУКТ;Банановый пай Fruit & Nut Bar;400;7;17;53;0;;
ПРОДУКТ;Банановый сок;49.2;0;0;12;0;;
ПРОДУКТ;Банановый трайфл;345.45;20;12.72;23.63;0;;
ПРОДУКТ;Бананы Вяленые В Какао;239.4;3.5;0.6;55;0;;
ПРОДУКТ;Бананы вяленые;245;4.5;0.6;54;0;;
ПРОДУКТ;Бананы вяленые Natur Foods;240;4.5;0.5;54;0;;
ПРОДУКТ;Бананы сушёные;362.76;3.9;1.8;80.5;0;;
ПРОДУКТ;Баница С Кашкавал;333;9;17;36;0;;
ПРОДУКТ;Бантики;348;12;1.1;71;0;;
ПРОДУКТ;Бар Милка;543.42;5.65;33.04;56.09;0;;
ПРОДУКТ;Бар Смокиня;374;5;10.7;61.4;0;;
ПРОДУКТ;Бар с ягода;510.91;5.51;30.71;53.25;0;;
ПРОДУКТ;Барабулька (султанка;114.84;19.4;3.8;0;0;;
ПРОДУКТ;Бараний окорок;241.02;18;18;0;0;;
ПРОДУКТ;Бараний рубец;84.31;11.5;4;0;0;;
ПРОДУКТ;Бараний фарш;283.37;17;23;0;0;;
ПРОДУКТ;Бараний язык;201.23;12.6;16.1;0;0;;
ПРОДУКТ;Баранина;215.39;15.6;16.3;0;0;;
ПРОДУКТ;Баранина вареная;299.67;24.6;21.4;0;0;;
ПРОДУКТ;Баранина жареная;304.96;20;24;0;0;;
ПРОДУКТ;Баранина тушеная;276.16;20;20.9;0;0;;
ПРОДУКТ;Баранки;361.89;16;1;70;0;;
ПРОДУКТ;Баранки «Сливочные;355;8;7;65;0;;
ПРОДУКТ;Баранки С Маком;350;10;4;67.5;0;;
ПРОДУКТ;Баранки горчичные;345.5;9.6;6.7;61.7;0;;
ПРОДУКТ;Баранки молочные;357;10.9;3.7;70.2;0;;
ПРОДУКТ;Баранки сдобные;346.08;8.3;8;59.5;0;;
ПРОДУКТ;Баранки сдобные Край каравай;350;8.5;8;60;0;;
ПРОДУКТ;Баранье сердце;78.57;13.5;2.5;0;0;;
ПРОДУКТ;Бараньи почки;78.99;13.6;2.5;0;0;;
ПРОДУКТ;Бараньи яйца;230.22;13;19;0.1;0;;
ПРОДУКТ;Баранья лопатка;296.21;15.6;25;0;0;;
ПРОДУКТ;Баранья печень;103.61;18.7;2.9;0;0;;
ПРОДУКТ;Барбарис;32.39;0;0;7.9;0;;
ПРОДУКТ;Барбарис сушеный;155.8;0;0;38;0;;
ПРОДУКТ;Барбеку Соус;120;1;0.3;27;0;;
ПРОДУКТ;Баренцев Анчоус солёно-сушёный;265.93;49;7;0;0;;
ПРОДУКТ;Баренцев Кальмар кольца;248.18;53;2;3;0;;
ПРОДУКТ;Баренцев Кальмар копчёный;248.18;53;2;3;0;;
ПРОДУКТ;Баренцев Кальмар солёно-сушёный;293.28;62;2;5;0;;
ПРОДУКТ;Баренцев Креветка со специями;197.06;36;4;3;0;;
ПРОДУКТ;Баренцев Окинэль ломтики филе;287.76;50.7;8.6;0;0;;
ПРОДУКТ;Баренцев Окинэль с перцем;287.76;50.7;8.6;0;0;;
ПРОДУКТ;Баренцев Соломка рыбная оригинальная;236.97;46;3;5;0;;
ПРОДУКТ;Баренцев Соломка рыбная подкопченная;236.97;46;3;5;0;;
ПРОДУКТ;Баренцев Сомуль солёно-сушёный;280.93;65.8;1.2;0;0;;
ПРОДУКТ;Баренцев Ставридка золотистая подкопченная;271.12;48;8;0;0;;
ПРОДУКТ;Баренцев Ставридка серебристая солёно-сушёная;271.12;48;8;0;0;;
ПРОДУКТ;Баренцев Тунец солёно-сушёный;239.77;57.8;0.3;0;0;;
ПРОДУКТ;Баренцев Чиксы рыбка с перцем;287.76;50.7;8.6;0;0;;
ПРОДУКТ;Барон Де Лирондо VDCE;78;0.2;0;3;0;;
ПРОДУКТ;Баскет 16 крыльев;313.99;13.8;19.5;18.6;0;;
ПРОДУКТ;Баскет 25 крыльев;323.5;16.6;20.7;15.4;0;;
ПРОДУКТ;Баскет Дуэт оригинальный и острый;278.45;16.5;15.1;17.2;0;;
ПРОДУКТ;Баскет Пати;291.18;10.2;17;22.3;0;;
ПРОДУКТ;Баскет Стар;280.5;17;15.1;17.2;0;;
ПРОДУКТ;Бастурма Из Говядины;256;29;13;5;0;;
ПРОДУКТ;Бастурма турецкая;247.41;14.8;20.1;0;0;;
ПРОДУКТ;Батат;100;1.5;4.1;15;0;;
ПРОДУКТ;Батат Запеченный;152;3.2;5.1;23.2;0;;
ПРОДУКТ;Батомчик Косово-Кокосовий 2.0;498;3.9;27.8;64.9;0;;
ПРОДУКТ;Батомчик Мак-Вишня;454;7.6;21.7;54.4;0;;
ПРОДУКТ;Батон (Солнышко;270;8;3;53;0;;
ПРОДУКТ;Батон «Звездный» нарезанный В Упаковке;271;7.8;2.7;52.9;0;;
ПРОДУКТ;Батон «Молодёжная Классика;281.7;8.2;2.1;57.5;0;;
ПРОДУКТ;Батон Ароматный с черносливом;260;7;3;50;0;;
ПРОДУКТ;Батон Без Добавления Сахара;246.9;8.2;2.5;47.9;0;;
ПРОДУКТ;Батон Восточный;204.59;6.5;0.7;43.1;0;;
ПРОДУКТ;Батон Горчичный;290;7.5;5;53;0;;
ПРОДУКТ;Батон ДЛЯ ЗАВТРАКА формовой нарезанный в упаковке;298;8.7;2.3;60.4;0;;
ПРОДУКТ;Батон Для Вашей Семьи;267;7.7;2.2;54.1;0;;
ПРОДУКТ;Батон Київський;267;7.6;2.3;53.8;0;;
ПРОДУКТ;Батон Київський особливий;270;7.7;2.3;55;0;;
ПРОДУКТ;Батон Любимый;264.1;7.7;2.3;51.8;0;;
ПРОДУКТ;Батон Молодёжный;260.7;7.1;2.3;52.9;0;;
ПРОДУКТ;Батон Нарезной обогащённый;263;7.5;2.3;50.5;0;;
ПРОДУКТ;Батон Особый Классический;240;8;1;50;0;;
ПРОДУКТ;Батон Подмосковный;262.36;7.5;2.6;50.6;0;;
ПРОДУКТ;Батон Провансаль;240;7.5;4;43;0;;
ПРОДУКТ;Батон Рижский особый нарезанный в упаковке;221;7.3;2;47;0;;
ПРОДУКТ;Батон Сдобный Новый Нарезанный;270;7.5;2;55;0;;
ПРОДУКТ;Батон Сельский отрубной с подсолнечником нарезанный в упаковке;290;9.5;7.5;46;0;;
ПРОДУКТ;Батон Семейный (нарезка;204.59;6.5;0.7;43.1;0;;
ПРОДУКТ;Батон Симферопольский;260;7.5;2.5;52;0;;
ПРОДУКТ;Батон Симферопольский (нарезка;260;7.5;2.5;52;0;;
ПРОДУКТ;Батон Смачний;287;7.3;5;53.3;0;;
ПРОДУКТ;Батон Столичный;244.82;7.7;0.8;50.2;0;;
ПРОДУКТ;Батон Турецкий;221;7.4;0.9;43.9;0;;
ПРОДУКТ;Батон Щёлковский мини;265.06;7.7;2.3;53.4;0;;
ПРОДУКТ;Батон Щёлковский нарезанный;265;7.7;2.3;53.4;0;;
ПРОДУКТ;Батон зерновой на ржаном солоде;310;10;6.5;52;0;;
ПРОДУКТ;Батон лікарський;251;8.9;2.9;46.1;0;;
ПРОДУКТ;Батон молочный;290;8.5;4;53;0;;
ПРОДУКТ;Батон нарезанный отрубной;250;7;4;46;0;;
ПРОДУКТ;Батон нарезанный с отрубями;270;8;3;53;0;;
ПРОДУКТ;Батон нарезной;280;8.5;3.5;54;0;;
ПРОДУКТ;Батон нарезной Высший;270;7.5;2.5;53;0;;
ПРОДУКТ;Батон нарезной в нарезке;260;7.5;3;51;0;;
ПРОДУКТ;Батон нарезной в упаковке;262.91;7.5;2.9;51.4;0;;
ПРОДУКТ;Батон нарезной классика;270;7.5;3;52.5;0;;
ПРОДУКТ;Батон нарезной нарезанный;265.3;7.5;2.9;51.4;0;;
ПРОДУКТ;Батон нарізний;220;7.3;1.3;45.1;0;;
ПРОДУКТ;Батон нарізний львівський;278;7.7;3;53.8;0;;
ПРОДУКТ;Батон обеденный;260.52;7.5;2;52;0;;
ПРОДУКТ;Батон подмосковный в нарезке;256;7.5;2.6;50.6;0;;
ПРОДУКТ;Батон пшеничный;270;10;0.5;57.5;0;;
ПРОДУКТ;Батон пшеничный нарезной в упаковке;290;8;3;57;0;;
ПРОДУКТ;Батон пышный зерновой;230;8.18;1.82;44.1;0;;
ПРОДУКТ;Батон с молоком нарезанный в упаковке;270;8;3;50;0;;
ПРОДУКТ;Батон с отрубями;270;8;3;53;0;;
ПРОДУКТ;Батон с отрубями пшеничный внарезку;270.08;9;3;51.5;0;;
ПРОДУКТ;Батон с пшеничными отрубями;274.47;9.2;2.8;51.4;0;;
ПРОДУКТ;Батон свежий румянец;270;7.5;3;54;0;;
ПРОДУКТ;Батон творожный;250;8.5;1.5;51;0;;
ПРОДУКТ;Батон традиционный классический;270;8;2.5;55;0;;
ПРОДУКТ;Батончие протеин;517;32;33;29;0;;
ПРОДУКТ;Батончик;370;4;9.5;68;0;;
ПРОДУКТ;Батончик BSN Syntha-6 Decadence;427.83;31.6;12.6;44.2;0;;
ПРОДУКТ;Батончик Corny Big злаковый с бананом и шоколадом;435.18;6.1;15.2;65.6;0;;
ПРОДУКТ;Батончик Corny Big злаковый с клюквой;385.68;5.9;7.4;71.4;0;;
ПРОДУКТ;Батончик Corny Big злаковый с лесными орехами;430.28;6.4;15.6;63.2;0;;
ПРОДУКТ;Батончик Corny Big злаковый с шоколадом;444.52;7;17;62.9;0;;
ПРОДУКТ;Батончик Driver Energy;504;9.3;27.2;54.2;0;;
ПРОДУКТ;Батончик Dymatize Elite XT Gourmet Protein Bar 42;418.35;35.3;11.8;40;0;;
ПРОДУКТ;Батончик Dymatize Elite XT Gourmet Protein Bar 85;386.42;37.6;14.1;24.7;0;;
ПРОДУКТ;Батончик Energy System Perform-Bar;386.75;10;5;73;0;;
ПРОДУКТ;Батончик Herbalife Протеиновый;387.39;29;8.6;46;0;;
ПРОДУКТ;Батончик Herbalife Формула 1 Экспресс;348.68;23.7;10.7;37.1;0;;
ПРОДУКТ;Батончик Hi Protein глазированный «Лимон-Чиа;355;30;14.2;43.5;0;;
ПРОДУКТ;Батончик Ironman Slim Bar протеиновый с L-карнитином;328.52;14;8;48;0;;
ПРОДУКТ;Батончик JET'S/ ДЖЕТС с печеньем и мягкой карамелью, покрытой глазурью;480;2.5;23;66;0;;
ПРОДУКТ;Батончик Multipower 32% Protein Pack;416.66;31.7;11;45;0;;
ПРОДУКТ;Батончик Multipower Crunch Fit;429.3;15.8;14.7;55.6;0;;
ПРОДУКТ;Батончик Multipower Energate;459.48;20;21.7;42.9;0;;
ПРОДУКТ;Батончик Multipower L-Carnitine Bar;338.19;25;8.6;38;0;;
ПРОДУКТ;Батончик Multipower Power Pack;403.1;28.6;10.6;45.7;0;;
ПРОДУКТ;Батончик MyProtein My Bar Zero;231.35;31;9.5;3.9;0;;
ПРОДУКТ;Батончик Nestle Fitness с цельными злаками и клубникой;368.51;5.8;6.7;68.9;0;;
ПРОДУКТ;Батончик Optimum 100% Whey Crisp Bar;384.81;37.1;3.6;48.6;0;;
ПРОДУКТ;Батончик Optimum Complete Protein Diet Bar;367.34;40;6;36;0;;
ПРОДУКТ;Батончик Optimum Optimal Protein Diet Bar;399.05;40;5;46;0;;
ПРОДУКТ;Батончик Performance Bar;451.13;5.9;19.3;60.4;0;;
ПРОДУКТ;Батончик Picnic грецкий орех;495;6.2;26;57;0;;
ПРОДУКТ;Батончик Power XL;383;3.11;15.64;57.46;0;;
ПРОДУКТ;Батончик Praline;416;8;29;13;0;;
ПРОДУКТ;Батончик Protein Bar;386;12;13.4;48.4;0;;
ПРОДУКТ;Батончик Protein Barre Кокос;324;9;28;9;0;;
ПРОДУКТ;Батончик Protein Barre шоколад;288;33.4;13.2;9;0;;
ПРОДУКТ;Батончик Scitec Nutrition Jumbo Bar Double Chocolate Cookie;387.78;50;8.2;26;0;;
ПРОДУКТ;Батончик Super с нугой и карамелью, покрытый карамелью;430;2;14;75;0;;
ПРОДУКТ;Батончик Super с нугой и мягкой карамелью, покрытый глазурью;430;2;14;75;0;;
ПРОДУКТ;Батончик Twins Bar «Шоколадное печенье;367;25;19;15;0;;
ПРОДУКТ;Батончик actibruit;6;4;10;69;0;;
ПРОДУКТ;Батончик «Big Picnic;481;7.2;24;57;0;;
ПРОДУКТ;Батончик «Шоколад - Кокос;403;9.14;28;14;0;;
ПРОДУКТ;Батончик Арахис;370;10;10;60;0;;
ПРОДУКТ;Батончик Арахисовый;574.8;17.6;39.2;37.9;0;;
ПРОДУКТ;Батончик В Молочном Шоколаде;310;4;19;30;0;;
ПРОДУКТ;Батончик Зарядись Карамельный Попкорн И Жареный Арахис;473;5.7;23.5;57.8;0;;
ПРОДУКТ;Батончик Из Белёвскоц Пастилы Ягодный Микс;276;4;0.1;65;0;;
ПРОДУКТ;Батончик Из Пастилы;276;4;0;65;0;;
ПРОДУКТ;Батончик Кешью И Семечки Тыквы;531;17;36;32;0;;
ПРОДУКТ;Батончик Кешью С Клубникой;500;9;28;54;0;;
ПРОДУКТ;Батончик Клубника;386.67;8;9.67;64.67;0;;
ПРОДУКТ;Батончик Кокос-Кешью-шоколад;422;5.56;16.7;60;0;;
ПРОДУКТ;Батончик Кофе;548;12.6;48.9;14.6;0;;
ПРОДУКТ;Батончик Леовит Худеем за неделю Мюсли Фенхель с зелёным чаем;375.14;4.2;12.4;59.2;0;;
ПРОДУКТ;Батончик Милка;580;4.9;38;53;0;;
ПРОДУКТ;Батончик Миндальное Пралине С Арахисом;421;18;32.9;13.3;0;;
ПРОДУКТ;Батончик Мюсли;355;6;7;67;0;;
ПРОДУКТ;Батончик Овсяный + Яблоко;178.5;3.1;5.3;29.9;0;;
ПРОДУКТ;Батончик Протеиновый Малина;361;25;21;18;0;;
ПРОДУКТ;Батончик Протеиновый С Малиной;460;35;25;35;0;;
ПРОДУКТ;Батончик Протеиновый Со Вкусом Банана;420;25;16;45;0;;
ПРОДУКТ;Батончик Протеиновый Шоколад;460;35;25;35;0;;
ПРОДУКТ;Батончик Протеиновый “лимон-лайм;361;25;21;18;0;;
ПРОДУКТ;Батончик Пульсар с миндалем в шоколадной глазури;396.04;6.3;13.9;58.8;0;;
ПРОДУКТ;Батончик Рот Фронт;525;10;29;55;0;;
ПРОДУКТ;Батончик С Арахисовой Пастой;474;20;21;48;0;;
ПРОДУКТ;Батончик С Изюмом И Орехами;412.4;11.8;18;50.8;0;;
ПРОДУКТ;Батончик С Ирисками;350;40.25;16.03;11.17;0;;
ПРОДУКТ;Батончик С Миндалём, Пеканом, Карамелью, Морской Солью;560;8;39;41;0;;
ПРОДУКТ;Батончик Сладкий мир фруктовый хлеб банановый;362.65;6.8;9.6;59.9;0;;
ПРОДУКТ;Батончик Соленая Карамель;400;6;12;69;0;;
ПРОДУКТ;Батончик Турбослим белковый для похудения;213.72;16;8;18;0;;
ПРОДУКТ;Батончик Чио Рио;510;3.5;29;59;0;;
ПРОДУКТ;Батончик Яблуко Мигдаль;339;7.25;15.1;49.5;0;;
ПРОДУКТ;Батончик ванильный с какао-крупкой;493;13.3;31;40;0;;
ПРОДУКТ;Батончик глазированный Chikabar со вкусом «Хрустящее печенье;379.3;25;20;7.2;0;;
ПРОДУКТ;Батончик глазированный PROTEIN BAR со вкусом: карамель;394;10;14;52;0;;
ПРОДУКТ;Батончик глазированный PROTEIN со вкусом кокоса;406;12;15;54;0;;
ПРОДУКТ;Батончик глазированный Snaqer «Фундук и карамель;454.11;16;34;8;0;;
ПРОДУКТ;Батончик глазированный «Арахис-солёная карамель;366.16;20;20;11;0;;
ПРОДУКТ;Батончик глазированный «Малина с фисташкой и хрустящим тестом;379;20;21;14;0;;
ПРОДУКТ;Батончик глазированный «Малиновый сорбет;353.6;25;16;8.4;0;;
ПРОДУКТ;Батончик глазированный Банановый пудинг;350;25;16;8.2;0;;
ПРОДУКТ;Батончик глазированный Трюфельный;536;13;43;9;0;;
ПРОДУКТ;Батончик глазированный Фисташка;446;20;30;10;0;;
ПРОДУКТ;Батончик глазированный вафельный с молочно-ореховой пастой;394;8;27;17;0;;
ПРОДУКТ;Батончик глазированный кокос;375;25;20;9;0;;
ПРОДУКТ;Батончик глазированный марципановый;456;7;36;5;0;;
ПРОДУКТ;Батончик глазированный со вкусом Тирамису;365;25;19;7;0;;
ПРОДУКТ;Батончик глазированный солёная карамель;365;25;19;9;0;;
ПРОДУКТ;Батончик глазированный флепджек;332;25;15;12;0;;
ПРОДУКТ;Батончик з нугю і карамеллю Stars;453;4.4;12;68;0;;
ПРОДУКТ;Батончик з чорносливом та арахісом глазурований кондитерською глазур'ю;405;7.07;17.49;57.59;0;;
ПРОДУКТ;Батончик злаковий з полуницею;430;5.5;11;76;0;;
ПРОДУКТ;Батончик из белёвской пастилы ЯБЛОЧНЫЙ;276;4;0;65;0;;
ПРОДУКТ;Батончик из белёвской яблочной пастилы;297.6;6.8;0.8;65.8;0;;
ПРОДУКТ;Батончик к чаю;283;7.4;5.4;51.2;0;;
ПРОДУКТ;Батончик карамельный;532.4;9.4;35.2;44.5;0;;
ПРОДУКТ;Батончик мысли Bombbar клубника;376;8.4;21.3;28.6;0;;
ПРОДУКТ;Батончик мюсли Ego с бананом в шоколаде;424.71;5;13.5;68;0;;
ПРОДУКТ;Батончик мюсли Ego с вишней в йогурте;384.26;6;14;56;0;;
ПРОДУКТ;Батончик мюсли Ego с клубникой в йогурте;427.86;4;14.5;67.5;0;;
ПРОДУКТ;Батончик мюсли Ego с лесными ягодами в йогурте;426.77;4;13.5;69.5;0;;
ПРОДУКТ;Батончик мюсли Ego с черникой в йогурте;429.36;5.5;14;67.5;0;;
ПРОДУКТ;Батончик мюсли Fit GO! ананас;114.01;4.3;7.1;7.1;0;;
ПРОДУКТ;Батончик мюсли Tekmar клубника в йогурте;464.39;4.5;16.8;70.7;0;;
ПРОДУКТ;Батончик мюсли Ягоды Мёд;380;5;5;78;0;;
ПРОДУКТ;Батончик мюсли цельнозерновой яблоко;377;3.9;13.5;60;0;;
ПРОДУКТ;Батончик мюслі Bono Bar з чорносливом;467;5;14.6;78.9;0;;
ПРОДУКТ;Батончик мюслі Nutty Way з фруктами та горіхами;386;4.2;14.7;59.3;0;;
ПРОДУКТ;Батончик неглазированный со вкусом «Малиновый чизкейк;288;33.3;7.17;5.83;0;;
ПРОДУКТ;Батончик протеиновый Crunch Ваниль Чизкейк;363;25;17;13;0;;
ПРОДУКТ;Батончик протеиновый Pina Colada;289;30;8;7.8;0;;
ПРОДУКТ;Батончик протеиновый Ваниль + Фундук;371;20;21;10;0;;
ПРОДУКТ;Батончик протеиновый Соленая карамель с фисташками;459.5;20.1;29.9;27.5;0;;
ПРОДУКТ;Батончик протеиновый Фисташковая меренга с малиной;323;25;12.5;13;0;;
ПРОДУКТ;Батончик протеиновый глазированный Кокос;391.25;20;23;16;0;;
ПРОДУКТ;Батончик протеиновый со вкусом клюквы;420;25;16;45;0;;
ПРОДУКТ;Батончик с жареным арахисом и мягкой карамелью, покрытый глазурью;510;11;29;51;0;;
ПРОДУКТ;Батончик с жареным арахисом карамелью и нугой покрытый молочным шоколадом Super+1 Snickers;489;0;23;60;0;;
ПРОДУКТ;Батончик с кокосом;559;6;39;46;0;;
ПРОДУКТ;Батончик с нугой и печеньем;402;4.1;19.2;53.2;0;;
ПРОДУКТ;Батончик с орехами;550;11;38;41;0;;
ПРОДУКТ;Батончик с печеньем и шоколадом;351.3;4.2;14.5;51;0;;
ПРОДУКТ;Батончик с протеином;510;12;30;42;0;;
ПРОДУКТ;Батончик сливочный в молочном шоколаде;430;18;21;44;0;;
ПРОДУКТ;Батончик со вкусом арахис, мягкая карамель, нуга;490;5.5;23;65;0;;
ПРОДУКТ;Батончик со вкусом пломбира;460;2;16;77;0;;
ПРОДУКТ;Батончик со вкусом шоколада;370;12;7;70;0;;
ПРОДУКТ;Батончик фруктово ореховый;340;7;12;49;0;;
ПРОДУКТ;Батончик фруктово-ореховый ЯБЛОКО-КОРИЦА;340;7;12;49;0;;
ПРОДУКТ;Батончик фруктовый Joyfield с абрикосом в шоколаде;342.18;9.8;0.6;72.3;0;;
ПРОДУКТ;Батончик фруктовый Joyfield с абрикосом и яблоком;324.64;3.7;0.3;74.8;0;;
ПРОДУКТ;Батончик фруктовый Joyfield с лимонником и папайей;335.3;4.1;0.3;77;0;;
ПРОДУКТ;Батончик фруктовый Joyfield с полевой клубникой;331.31;4.5;0.4;75.4;0;;
ПРОДУКТ;Батончик фруктовый Joyfield с черникой;322.7;4.5;0.4;73.3;0;;
ПРОДУКТ;Батончик фруктовый Joyfield с черносливом в шоколаде;318.84;7.8;1;67.7;0;;
ПРОДУКТ;Батончик фруктовый Joyfield с черносливом и ананасом;326.49;3.4;0.5;75.1;0;;
ПРОДУКТ;Батончик фруктовый Joyfield с черносливом и яблоком;301.08;2.1;0.5;70.2;0;;
ПРОДУКТ;Батончик шоколадний Brownie BisKonti;460;5;24;57;0;;
ПРОДУКТ;Батончик шоколадний Infanta fruits з Україною та арахісом;421;7.18;17.68;61.24;0;;
ПРОДУКТ;Батончик шоколадний Mega Sharzan;469;7.2;25.8;51.9;0;;
ПРОДУКТ;Батончик шоколадный Infanta fruits арахіс і диня;436;6.6;15.9;66.6;0;;
ПРОДУКТ;Батончик, Кокос-Ананас;364;20;12;48;0;;
ПРОДУКТ;Батончик, Манго-Банан;364;20;12;48;0;;
ПРОДУКТ;Батончик, Черешня;364;20;12;48;0;;
ПРОДУКТ;Батончик, Шоколад;364;20;12;48;0;;
ПРОДУКТ;Батончик-Мюсли С Бананом;407.1;4;7.5;76.7;0;;
ПРОДУКТ;Батончик-мюсли FitPlan blueberry;443;5;10.1;83;0;;
ПРОДУКТ;Батончик-мюсли Яблоко с корицей;360;4;8;64;0;;
ПРОДУКТ;Батончик-мюслі горіховий з фруктами Nutty Way;370;4;12.7;60;0;;
ПРОДУКТ;Батончик-мюслі частково глазурований Coconut Fitplan;417;4.9;12.3;71.7;0;;
ПРОДУКТ;Батончики амарантовые;479.5;5.7;29.5;47.8;0;;
ПРОДУКТ;Батончики амарантовые с какао не глазированные;390;5;21;50;0;;
ПРОДУКТ;Батончики марантовые с кокосовой начинкой;496;5.1;24.2;64.5;0;;
ПРОДУКТ;Батончік-мюслі Be-Fit з курагою;330;4.3;7;68.5;0;;
ПРОДУКТ;Батончік-мюслі Be-fit з чорносливом;307;4;7;69.7;0;;
ПРОДУКТ;Батончік-мюслі Bono bar;394;4.4;10;71.7;0;;
ПРОДУКТ;Баунти большая;484;3.7;25.4;58.7;0;;
ПРОДУКТ;Баунти трио Райская клубника;475;3.6;24.7;58.5;0;;
ПРОДУКТ;Баурсак;239.81;6.8;2.6;45.8;0;;
ПРОДУКТ;Бахарат;231.45;10.9;3.2;38.3;0;;
ПРОДУКТ;Бедро и голень цыпленка бройлера в маринаде сладко-пикантный;176;16;12;1;0;;
ПРОДУКТ;Бедро куриное бескостное без кожи;190;16;14;0;0;;
ПРОДУКТ;Безалкогольное Пшеничное;25;0;0;5;0;;
ПРОДУКТ;Безалкогольное пиво Жигули Барное светлое фильтрованное пастеризованное;15;0.1;0.1;3.2;0;;
ПРОДУКТ;Безалкогольный напиток освежающий со вкусом зелёного яблока;32.5;0;0;7.92;0;;
ПРОДУКТ;Бездрожжевое слоёное тесто;300;6;14;39;0;;
ПРОДУКТ;Безе с арахисом;459;13;15;68;0;;
ПРОДУКТ;Безлактозное Молоко 1,5;43.02;3.1;1.5;4.8;0;;
ПРОДУКТ;Бейгл С Маком;200;6;3;38;0;;
ПРОДУКТ;Бейгл С Форелью И Сливочным Маслом;192.8;10.2;7.9;20.2;0;;
ПРОДУКТ;Бейгл высокобелковый;320;14;10;44;0;;
ПРОДУКТ;Бейгл с кунжутом;355.5;12.3;11.9;49.8;0;;
ПРОДУКТ;Бейгл с курицей;281;12.2;15.4;22;0;;
ПРОДУКТ;Бейгл, обогащённый белком;389.9;20.7;9.1;56.3;0;;
ПРОДУКТ;Бекон;512.35;23;45;0;0;;
ПРОДУКТ;Бекон Св Нарезка;412;13;40;0;0;;
ПРОДУКТ;Бекон для жарки;310;15;28;0;0;;
ПРОДУКТ;Бекон славянский;209;14;16;2.6;0;;
ПРОДУКТ;Белая Русь;312;23.2;24.3;0;0;;
ПРОДУКТ;Белая Фасоль В Томатном Соусе;95;5.8;0.5;16;0;;
ПРОДУКТ;Белебеевский сыр;347;27;26.5;0;0;;
ПРОДУКТ;Белевская пастила;300;7;0.5;65;0;;
ПРОДУКТ;Белевская пастила с чёрной смородиной без добавления сахара;276;4;0;65;0;;
ПРОДУКТ;Белевская пастила яблочная с малиной;168;2;0;40;0;;
ПРОДУКТ;Белевский Зефир Ванильный;320;1;0;79;0;;
ПРОДУКТ;Белевский зефир;320;1;0;79;0;;
ПРОДУКТ;Белиссимо Classico;420;1.5;13;73;0;;
ПРОДУКТ;Белково-жировой продукт «Балыковый» копченый со вкусом паприки;297;21.8;22.8;0.6;0;;
ПРОДУКТ;Белковое печенье Солёная карамель;305.2;25;12;15.8;0;;
ПРОДУКТ;Белковый Хлеб;192;21.4;6.6;11.4;0;;
ПРОДУКТ;Белоглазка;90.33;17.5;2;0;0;;
ПРОДУКТ;Белок Яичный Жидкий;48;11;0;1;0;;
ПРОДУКТ;Белок растительный соевый Протекс-М 65 Ф50-10;318.1;57.9;0.9;19.6;0;;
ПРОДУКТ;Белок растительный текстурированный «Протекс-М» соево-пшеничный 65/Р3;320;58;1;20;0;;
ПРОДУКТ;Белок яичный;200;6.8;6.4;26;0;;
ПРОДУКТ;Белок яичный сухой;340;85;0;0;0;;
ПРОДУКТ;Белорыбица;90.33;17.5;2;0;0;;
ПРОДУКТ;Белоснежка;279;3.7;20.3;20.3;0;;
ПРОДУКТ;Белуга бланшированная;240.45;23.3;15.6;0;0;;
ПРОДУКТ;Белуга свежая;92.6;21;0.7;0;0;;
ПРОДУКТ;Белуга сушеная;335.83;69.9;5.3;0;0;;
ПРОДУКТ;Белые Грибы;37;3.7;1.7;1.1;0;;
ПРОДУКТ;Белые грибы Hortex;35.47;3.7;1.7;1.1;0;;
ПРОДУКТ;Белые жареные;169.57;4.6;11.5;10.7;0;;
ПРОДУКТ;Белые маринованные;25.15;3;0.5;2;0;;
ПРОДУКТ;Белые свежие;35.47;3.7;1.7;1.1;0;;
ПРОДУКТ;Белые сушёные;282.5;23.4;6.4;31;0;;
ПРОДУКТ;Белый Хлеб;285;8.9;3;53.5;0;;
ПРОДУКТ;Белый Шоколад;528;4.4;27;66;0;;
ПРОДУКТ;Белый Шоколад Миндаль И Кокос;543.75;5.62;30.62;59.38;0;;
ПРОДУКТ;Белый йогурт;81;5;3.5;7.4;0;;
ПРОДУКТ;Белый пористый шоколад «Milka Bubbles» Фундук;545;5.4;31.5;59;0;;
ПРОДУКТ;Белый шоколад карамелизованный;580;6.5;38;53;0;;
ПРОДУКТ;Белый шоколад с грильяжем и лесными орехами, молочный шоколад с джандуей и лесными орехами и молочный шоколад;541;6.3;32;56;0;;
ПРОДУКТ;Белый шоколад с фундуком и кукурузными чипсами;498;19.4;35.4;14.7;0;;
ПРОДУКТ;Бельдюга;90.33;17.5;2;0;0;;
ПРОДУКТ;Беляши «Куряш;176;10;4;25;0;;
ПРОДУКТ;Беляши по-домашнему;320;22;8.5;21;0;;
ПРОДУКТ;Белёвская Пастила Яблочная Классическая;276;4;0;65;0;;
ПРОДУКТ;Белёвская Пастила Яблочная С Вишней;276;4;0;65;0;;
ПРОДУКТ;Белёвская Пастила Яблочная С Малиной;300;1;0;74;0;;
ПРОДУКТ;Белёвский Зефир Антоновка;320;1;0;79;0;;
ПРОДУКТ;Белёвский зефир «Антоновка;330;1;0.1;80;0;;
ПРОДУКТ;Бенто С Курицей Рисом И Овощами;194.1;5.25;10.49;19.67;0;;
ПРОДУКТ;Бербере;54.23;2;0.1;11;0;;
ПРОДУКТ;Березовый сок;24.19;0.1;0;5.8;0;;
ПРОДУКТ;Берикс;90.66;20.3;0.8;0;0;;
ПРОДУКТ;Берлинеры;460;7.5;22;58;0;;
ПРОДУКТ;Берлинское;400;3.5;25;40;0;;
ПРОДУКТ;Берн тропический микс;60;0.2;0;14;0;;
ПРОДУКТ;Бескостное мясо бедра цыпленка бройлера в маринаде Сладкий чили;160.1;18.8;9.3;0.3;0;;
ПРОДУКТ;Бескостное мясо бедра цыпленка в маринаде Сладкий чили;108.7;16.9;3.1;3.3;0;;
ПРОДУКТ;Бескостное мясо бедра цыплёнка бройлера на зерновом откорме в маринаде Пикантный;181.8;17.1;9.4;7.2;0;;
ПРОДУКТ;Бессмертник;21.32;0.2;0;5;0;;
ПРОДУКТ;Бестер;92.6;21;0.7;0;0;;
ПРОДУКТ;Бефстроганов;367.71;21.9;27.4;5.7;0;;
ПРОДУКТ;Бефстроганов из говядины;197.64;16.7;11.3;5.9;0;;
ПРОДУКТ;Бефстроганов из курицы;80.49;14.7;2;0.4;0;;
ПРОДУКТ;Бефстроганов из свинины;145.5;19.4;7.1;0;0;;
ПРОДУКТ;Бешбармак С Говядиной;113;5;5.3;11.9;0;;
ПРОДУКТ;Биг Бон wok острая говядина в соусе по китайски;370;6;19;45;0;;
ПРОДУКТ;Биг Бушя;240;8;10;29;0;;
ПРОДУКТ;Биг Хит;235;14.2;13.5;13.5;0;;
ПРОДУКТ;БигМит бургер;110;4;8.5;3.5;0;;
ПРОДУКТ;Бизонье мясо;99.71;21.6;1.2;0;0;;
ПРОДУКТ;Бингрэ краб чипсы;511;5;27;62;0;;
ПРОДУКТ;Био Боза.от рыж;69;1.1;1.6;12.7;0;;
ПРОДУКТ;Био Йогурт Классический;75.9;4.6;3.5;6.5;0;;
ПРОДУКТ;Био Метр Ананас Кокос;35;6;0;3;0;;
ПРОДУКТ;Био творог клубника;119;7.6;4.2;12.7;0;;
ПРОДУКТ;Био-Йогурт Северные ягоды;80.4;2.8;2;12.8;0;;
ПРОДУКТ;Био-С Имун+. Персик;93.93;2.8;2.9;14;0;;
ПРОДУКТ;Био-С имун;82;2.8;3.2;10.5;0;;
ПРОДУКТ;Био-ряженка 2,5;51;3;2.5;4.2;0;;
ПРОДУКТ;Биойогурт;45;3.2;2;3.5;0;;
ПРОДУКТ;Биойогурт 2% черника;74;2.8;2;11;0;;
ПРОДУКТ;Биойогурт 2% черника питьевой;74;2.8;2;11;0;;
ПРОДУКТ;Биойогурт Актибио;103;4.2;3;14.9;0;;
ПРОДУКТ;Биойогурт Актибио Персик Малина;76;3.9;3;8.3;0;;
ПРОДУКТ;Биойогурт Актибио Черника Клубника;80;3.9;3;9.3;0;;
ПРОДУКТ;Биойогурт Актибио с пробиотиками;51;3.5;1.8;5.3;0;;
ПРОДУКТ;Биойогурт Активиа;78;4.8;3.5;6.7;0;;
ПРОДУКТ;Биойогурт Бифилайф фруктово-ягодный Брусника-клюква-злаки;73;2.8;2;11;0;;
ПРОДУКТ;Биойогурт Бифилайф фруктовый Манго-маракуйя-злаки;73.2;2.8;2;11;0;;
ПРОДУКТ;Биойогурт Клубника-Черника без сахара АктиБио;57;3;1.5;7.8;0;;
ПРОДУКТ;Биойогурт Малина Гранат;74;2.9;1.5;12.1;0;;
ПРОДУКТ;Биойогурт Обезжиренный;41.7;5.2;0.1;5;0;;
ПРОДУКТ;Биойогурт Останкинский 2.5;72.83;3.2;2.5;8.9;0;;
ПРОДУКТ;Биойогурт Персик-малина без сахара АктиБио;52;3;1.5;6.7;0;;
ПРОДУКТ;Биойогурт Питьевой С Клубникой И Земляникой;80;3.3;2.5;11.1;0;;
ПРОДУКТ;Биойогурт С Коллагеном Чёрная Смородина;88.2;4.3;3;11;0;;
ПРОДУКТ;Биойогурт Слобода Семейный Завтрак мандарин, мюсли, орехи;114;3.6;5;13.7;0;;
ПРОДУКТ;Биойогурт Слобода с грушей и злаками;75;2.8;2;11;0;;
ПРОДУКТ;Биойогурт Термостатный;63.1;3.4;3.5;4.5;0;;
ПРОДУКТ;Биойогурт Тёма Груша-яблоко;86.69;3.2;2.8;11.6;0;;
ПРОДУКТ;Биойогурт Тёма Зеленое яблоко;87.1;3.2;2.8;11.7;0;;
ПРОДУКТ;Биойогурт Тёма Лесные ягоды;86.28;3.2;2.8;11.5;0;;
ПРОДУКТ;Биойогурт Тёма Шиповник-малина;88.33;3.2;2.8;12;0;;
ПРОДУКТ;Биойогурт дыня клубника земляника;76.92;2.88;1.42;12.31;0;;
ПРОДУКТ;Биойогурт питьевой;66;3;1.5;10.1;0;;
ПРОДУКТ;Биойогурт с пробиотиками - Клубника;101;4.1;2.9;14.6;0;;
ПРОДУКТ;Биойогурт с пробиотиками Питахайа, клубника, яблоко;78;3.8;2.9;9.2;0;;
ПРОДУКТ;Биойогурт с яблоком и персиком;67;3;1.5;10.2;0;;
ПРОДУКТ;Биойогурт со злаками;70.4;3;1.6;11;0;;
ПРОДУКТ;Биойогурт тропический микс без сахара O Life;45;2.8;1.5;5;0;;
ПРОДУКТ;Биойогурт фруктово-ягодный 2% Чернослив-орехи-мюсли;80.4;2.8;2;12.8;0;;
ПРОДУКТ;Биойогурт фруктово-ягодный с массовой долей жира 2% Персик-абрикос-злаки;80.4;2.8;2;12.8;0;;
ПРОДУКТ;Биойогурт черника-злаки;63;3.3;1;10.1;0;;
ПРОДУКТ;Биойогурт яблоко виноград клубника;92;3.9;2.9;12.5;0;;
ПРОДУКТ;Биойогурт. Манго, папайя без сахара;56;3;1.5;8.1;0;;
ПРОДУКТ;Биокефир 1,0;35;2.8;1;3.8;0;;
ПРОДУКТ;Биокефир Агуша 3.2;57.2;2.7;3.2;4;0;;
ПРОДУКТ;Биокефир Останкинский 0.1;27.99;3;0.1;3.6;0;;
ПРОДУКТ;Биокефир Тёма детский 3.2;58.02;2.8;3.2;4.1;0;;
ПРОДУКТ;Биолимонад КОНОПЛЯ-ЛАЙМ;34.1;0;0;8.2;0;;
ПРОДУКТ;Биомороженное;161;3.7;7.5;19.6;0;;
ПРОДУКТ;Бионапиток кисломолочный Активил;12.5;0.42;0.4;1.8;0;;
ПРОДУКТ;Биопродукт с черносливом, курагой и инжиром;115;4.85;4.23;14.4;0;;
ПРОДУКТ;Биопродукты кисломолочный «Бифилайф;53.7;2.8;2.5;5;0;;
ПРОДУКТ;Биоряженка;65;2.6;4;3.7;0;;
ПРОДУКТ;Биотворог Тёма c черникой;113.64;7.9;4.2;10.3;0;;
ПРОДУКТ;Биотворог Тёма c черносливом;112.82;7.9;4.2;10.1;0;;
ПРОДУКТ;Биотворог Тёма классический;98.11;9.1;5;3.5;0;;
ПРОДУКТ;Биотворог Тёма с абрикосом;114.05;7.9;4.2;10.4;0;;
ПРОДУКТ;Биотворог Тёма с яблоком и морковью;112.41;7.9;4.2;10;0;;
ПРОДУКТ;Биотворог манго;106;9;4.2;8;0;;
ПРОДУКТ;Биотворог с вишней;114.2;7.7;4.2;11.2;0;;
ПРОДУКТ;Биотворог с клубникой;115;7.6;4.2;11.2;0;;
ПРОДУКТ;Биотворог с клубникой и бананом;109.94;7.8;4.2;10.1;0;;
ПРОДУКТ;Биотворог с малиной;104.2;7.6;4.2;9;0;;
ПРОДУКТ;Биотворог яблоко груша;115;8.1;4.5;1.5;0;;
ПРОДУКТ;Биохлеб;221.4;7.4;2.9;41.4;0;;
ПРОДУКТ;Биренка Деликатес вакуум;296;10.8;26.4;3.8;0;;
ПРОДУКТ;Бисквит Фирменный Шоколадный Коктейль ХБФ;345;5.2;12.6;52.7;0;;
ПРОДУКТ;Бисквит ванильный;405;5.5;22;48;0;;
ПРОДУКТ;Бисквит протеиновый;415;12.6;33;16.9;0;;
ПРОДУКТ;Бисквит протеиновый шоколадный брауни матча, малина;351;11;23;25;0;;
ПРОДУКТ;Бисквити Еверест Масло;480;8.1;20;65;0;;
ПРОДУКТ;Бисквити Житен дар обикновени с какао;431;9.8;11;72;0;;
ПРОДУКТ;Бисквити Ловита ябълка;415;4.3;14.6;68.4;0;;
ПРОДУКТ;Бисквити Милка малина;357.14;3.5;6.8;70;0;;
ПРОДУКТ;Бисквити От Мюсли С Шоколад;498.83;11.52;30.56;40.44;0;;
ПРОДУКТ;Бисквитник Сдобная особа медовый с вареной сгущенкой;392.82;5.3;19.6;46.1;0;;
ПРОДУКТ;Бисквитник Сдобная особа с начинкой маракуйя;386.93;3.9;17.2;51.5;0;;
ПРОДУКТ;Бисквитник Сдобная особа шоколадный с шоколадной начинкой;386.49;4.3;18.3;48.5;0;;
ПРОДУКТ;Бисквитное пирожное Delibon;487;5.4;30.6;46.8;0;;
ПРОДУКТ;Бисквитный рулет Клубника;350;4;11;58;0;;
ПРОДУКТ;Бисквитный рулет Клубничный;330;4.5;7.5;61;0;;
ПРОДУКТ;Бисквитный рулет с вареной сгущенкой Bamboleo;420;3.5;17;62;0;;
ПРОДУКТ;Бисквитный рулет со вкусом клубники со сливками;320;4;6.5;61;0;;
ПРОДУКТ;Бисколата;221.88;12.5;31.25;50;0;;
ПРОДУКТ;Биточек Куриный с Капустой и Картофельным Пюре;144;5;8;13;0;;
ПРОДУКТ;Биточек куриный со спагетти в томатном соусе;240;9.1;11.2;25.5;0;;
ПРОДУКТ;Биточек сочный с пенне;188.1;12.7;4.9;23.3;0;;
ПРОДУКТ;Биточки Из Курицы И Капусты;137.5;12.6;7.2;5.6;0;;
ПРОДУКТ;Биточки Из Мяса Курицы С Сыром;165.8;16.6;10.6;1;0;;
ПРОДУКТ;Биточки Из Цыплёнка-Бройлера С Сыром;169.9;15.8;9.1;6.2;0;;
ПРОДУКТ;Биточки Куриные С Овощами;122;14.3;5.2;4.5;0;;
ПРОДУКТ;Биточки Нежные в панировке;224.5;12;16.5;7;0;;
ПРОДУКТ;Биточки С Сыром;180.6;14.3;11.4;5.2;0;;
ПРОДУКТ;Биточки из говядины и курицы;155.5;13.7;3.9;16.4;0;;
ПРОДУКТ;Биточки из индейки с сыром и зеленью;157;15.7;7.3;7.1;0;;
ПРОДУКТ;Биточки из креветок и куриной грудки с гречкой и овощами;150;8;9;10;0;;
ПРОДУКТ;Биточки из курицы и сыра с запечённым картофелем;208.8;9.1;12.8;14.3;0;;
ПРОДУКТ;Биточки из мяса цыплят с сыром;191.8;17.37;8.84;10.2;0;;
ПРОДУКТ;Биточки из цыплёнка;169.9;15.8;9.1;6.2;0;;
ПРОДУКТ;Биточки куриные с зеленой гречкой;136;9.6;3.2;17.2;0;;
ПРОДУКТ;Биточки куриные со спагетти в томатном соусе;147.94;13.21;5.11;12.19;0;;
ПРОДУКТ;Биточки рубленые куриные запеченные;151.4;16.6;7;5.5;0;;
ПРОДУКТ;Биточки сочные с пенне;194;10.2;6.7;23.3;0;;
ПРОДУКТ;Битые Огурцы;73.5;1.6;2.7;10.7;0;;
ПРОДУКТ;Бифацил;67.5;2.9;2.5;7.9;0;;
ПРОДУКТ;Бифидойогурт малина-дыня;77;3.1;2;11.7;0;;
ПРОДУКТ;Бифитат;62.34;2.8;3.4;4.7;0;;
ПРОДУКТ;Бифштекс;395.93;27.8;29.6;1.7;0;;
ПРОДУКТ;Бифштекс Из Говядины;416;18.6;36.7;2.92;0;;
ПРОДУКТ;Бифштекс Из Говядины С Овощами Гриль;138;6;10;4;0;;
ПРОДУКТ;Бифштекс Из Говядины С Пряностями;160.7;14.7;8.7;5.9;0;;
ПРОДУКТ;Бифштекс Из Индейки;230;14;18;2;0;;
ПРОДУКТ;Благодатный хлеб;229.45;7.5;1;48;0;;
ПРОДУКТ;Благородное яблоко. 100 % сок(Рич;48;0;0;10.5;0;;
ПРОДУКТ;Блин Сырный По-голландски;324.2;10.7;23.4;17.7;0;;
ПРОДУКТ;Блин-омлкт с куриным филе;252.7;16.7;19.9;1.7;0;;
ПРОДУКТ;Блинчик Цезарь;176;7.1;12;10.1;0;;
ПРОДУКТ;Блинчики;147;15.7;30.5;33.4;0;;
ПРОДУКТ;Блинчики Ветчина И Сыр;292;9.2;19.3;20.4;0;;
ПРОДУКТ;Блинчики Ермолино с печенью Мамины;307.45;8;15;33;0;;
ПРОДУКТ;Блинчики Пшеничные;294.4;15.4;10.4;34.8;0;;
ПРОДУКТ;Блинчики С Бужениной И Пряностями;263.2;9;15.5;22;0;;
ПРОДУКТ;Блинчики С Ветчиной И Сыром;280;11;14;27;0;;
ПРОДУКТ;Блинчики С Курицей;244;8.5;10;30;0;;
ПРОДУКТ;Блинчики С Маковой Начинкой;318;10;18;26;0;;
ПРОДУКТ;Блинчики С Маскарпоне И Клубникой;330;5.5;19;34;0;;
ПРОДУКТ;Блинчики С Матчей И Манго;288;5.8;18.1;25.5;0;;
ПРОДУКТ;Блинчики С Мясом;270;10.9;14.4;23;0;;
ПРОДУКТ;Блинчики С Яблоками И Корицей;175;3.3;9.8;19.8;0;;
ПРОДУКТ;Блинчики Черемуховве С Черникой И Творог;194;7.9;9.6;18;0;;
ПРОДУКТ;Блинчики на топлёном молоке;248.9;7.2;13.3;25.1;0;;
ПРОДУКТ;Блинчики с Грушей И Мятным Кремом;244.6;4.8;15.3;22;0;;
ПРОДУКТ;Блинчики с Яблоком;250;3;14;27;0;;
ПРОДУКТ;Блинчики с вишней;150;2.5;3.4;26.6;0;;
ПРОДУКТ;Блинчики с картофелем и грибами;198.3;5;4.7;34;0;;
ПРОДУКТ;Блинчики с клубникой;138.62;3;0.5;30;0;;
ПРОДУКТ;Блинчики с куриным мясом;201;9;5;30;0;;
ПРОДУКТ;Блинчики с курицей и сыром;278;15;13.89;23.28;0;;
ПРОДУКТ;Блинчики с печенью;260;8;10;33;0;;
ПРОДУКТ;Блинчики с творожным муссом и лесными ягодами;177.4;6.9;2.6;31.6;0;;
ПРОДУКТ;Блинчики с яблоком и апельсином;138.4;2.8;2.4;26.4;0;;
ПРОДУКТ;Блины;240;6.5;8.3;34.9;0;;
ПРОДУКТ;Блины «Домашние;210;5;12;21;0;;
ПРОДУКТ;Блины С Брусникой И Яблоком;231.3;4.7;9.3;32.7;0;;
ПРОДУКТ;Блины С Грибным Жульеном И Свром;168.5;6.2;8.1;19.5;0;;
ПРОДУКТ;Блины С Заварным Кремом;219.4;6.3;9.4;27.4;0;;
ПРОДУКТ;Блины С Клубничным Джемом;258.7;5.8;12.4;31;0;;
ПРОДУКТ;Блины С Малиной И Клубникой;201.19;4.11;8.81;26.41;0;;
ПРОДУКТ;Блины С Мясом Говядины;222;10;15;12;0;;
ПРОДУКТ;Блины С Творогом И Вишней;232;8;11;26;0;;
ПРОДУКТ;Блины С Яблоком;216.3;4.5;9.1;29.1;0;;
ПРОДУКТ;Блины овсяные;205;6.1;11.8;18.6;0;;
ПРОДУКТ;Блины румяные;200;6;10;21;0;;
ПРОДУКТ;Блины с Семгой;186.9;11.4;8.9;15.3;0;;
ПРОДУКТ;Блины с Творогом;277.68;8.28;15.81;23.31;0;;
ПРОДУКТ;Блины с ветчиной;300.89;8.9;13.5;33.9;0;;
ПРОДУКТ;Блины с ветчиной (из свинины) и с сыром;241.5;10.3;12.7;21.5;0;;
ПРОДУКТ;Блины с ветчиной и сыром;391.02;14.3;20.2;35.3;0;;
ПРОДУКТ;Блины с вишней;150;3;2.5;29;0;;
ПРОДУКТ;Блины с грибами;205.54;6.7;9.9;21;0;;
ПРОДУКТ;Блины с красной икрой;331.45;12.7;15.2;33.7;0;;
ПРОДУКТ;Блины с маслом;340.47;8;15.2;40.6;0;;
ПРОДУКТ;Блины с мясом;325.5;11;19.9;25.6;0;;
ПРОДУКТ;Блины с мясом по-грузински;224.5;8.8;10.9;22.8;0;;
ПРОДУКТ;Блины с мёдом;361.58;7.2;13.5;50.4;0;;
ПРОДУКТ;Блины с сыром;357.38;11.4;18.3;34.3;0;;
ПРОДУКТ;Блины с сёмгой;322.92;11.2;14.9;33.8;0;;
ПРОДУКТ;Блины со сгущеным молоком;319.38;8.1;12.4;41.7;0;;
ПРОДУКТ;Блины со сметаной;321.17;7.1;16.3;34.3;0;;
ПРОДУКТ;Блины старорусские;247;6.29;12.4;27.5;0;;
ПРОДУКТ;Блэк;50;0;0;12;0;;
ПРОДУКТ;Блю Чиз;344;19;28;4;0;;
ПРОДУКТ;Блюдо армянское Бозбаш 4 сезона;116.96;3;9.5;4;0;;
ПРОДУКТ;Блюдо болгарское Жаркое по-деревенски 4 сезона;140.02;3.5;11.1;5.5;0;;
ПРОДУКТ;Блюдо греческое Мясо по-македонски 4 сезона;207.81;5.8;10.1;22;0;;
ПРОДУКТ;Блюдо грузинское Чахохбили с фасолью 4 сезона;90.46;6.2;5.5;3.4;0;;
ПРОДУКТ;Блюдо индийское Цыплёнок карри 4 сезона;142.89;6.6;3.2;21;0;;
ПРОДУКТ;Блюдо испанское Паэлья 4 сезона;128.32;8.2;3;16.3;0;;
ПРОДУКТ;Блюдо итальянское Пенне карбонара 4 сезона;196.11;5.6;11.4;16.4;0;;
ПРОДУКТ;Блюдо итальянское Ризотто с морепродуктами 4 сезона;163.19;6.5;6.4;18.8;0;;
ПРОДУКТ;Блюдо китайское Курочка по-пекински 4 сезона;102;5.6;3.3;11.8;0;;
ПРОДУКТ;Блюдо китайское Свинина в кисло-сладком соусе 4 сезона;166.05;4.4;9.4;14.8;0;;
ПРОДУКТ;Блюдо латиноамериканское Цыплёнок по-мексикански 4 сезона;149.9;6.6;8.5;10.7;0;;
ПРОДУКТ;Блюдо мексиканское Чили кон карне 4 сезона;172.36;6.4;8.8;15.7;0;;
ПРОДУКТ;Блюдо наше Макароны по-флотски 4 сезона;210.05;7.6;9.9;21.2;0;;
ПРОДУКТ;Блюдо русское Барашек с гречкой 4 сезона;224.96;5.9;13.8;17.7;0;;
ПРОДУКТ;Блюдо среднеазиатское Лагман 4 сезона;154.84;4.3;8.9;13.3;0;;
ПРОДУКТ;Блюдо тайское Лапша карри 4 сезона;135.72;5.9;6.4;12.7;0;;
ПРОДУКТ;Блюдо узбекское Плов с бараниной 4 сезона;134.05;4.2;6;14.9;0;;
ПРОДУКТ;Блюдо французское Шампиньон де пари 4 сезона;136.63;6.7;9.5;5.1;0;;
ПРОДУКТ;Блюдо швейцарское Фондю эменталь 4 сезона;181.68;7.9;10.2;13.3;0;;
ПРОДУКТ;Блюдо японское Сакэна с рисом 4 сезона;101.43;5.7;2.4;13.6;0;;
ПРОДУКТ;Бобы;60.38;6;0.1;8.5;0;;
ПРОДУКТ;Бобы Жареные С Чили;440;25;17;47;0;;
ПРОДУКТ;Бобы Хрустящие;425;16.6;11.1;62.2;0;;
ПРОДУКТ;Бобы жареные без специй солёные;407;26;20;39;0;;
ПРОДУКТ;Бобы жареные со вкусом чеснока;440;26;20;39;0;;
ПРОДУКТ;Бобы зелёные;68.58;6;0.1;10.5;0;;
ПРОДУКТ;Бобы соевые Эдамаме быстрозамороженные;128.7;12;4.3;10.5;0;;
ПРОДУКТ;Бобы эдамаме замороженные;149.8;13.1;4.6;14;0;;
ПРОДУКТ;Бойогурт Слобода Мандарин, Орехи, Яблоко;105;4.5;5;10.6;0;;
ПРОДУКТ;Болгария кисле мляко 3,6;65;3.6;3.6;4.5;0;;
ПРОДУКТ;Болдо;307.53;7.6;8.3;48.6;0;;
ПРОДУКТ;Болоньезе с говяжьим фаршем в томатном соусе;184.8;8.4;8.8;18;0;;
ПРОДУКТ;Большое Филе Цыплят-Бройлеров;115.6;22.6;2.8;0;0;;
ПРОДУКТ;Большой;280;6.7;15;29.5;0;;
ПРОДУКТ;Большой фишбургер с соусом тартар;244;9.2;12.8;22.9;0;;
ПРОДУКТ;Бон Пари фруктовый лёд со взрывной карамелью;117;0.1;2.9;22.5;0;;
ПРОДУКТ;Бон Пари. Кислые в кубе;328;5.5;0.2;76.1;0;;
ПРОДУКТ;Бонбони АМФОРА КЛАСИК;453;2.6;14;79;0;;
ПРОДУКТ;Бонфуа;155.9;2.7;8.3;17.6;0;;
ПРОДУКТ;Бопс (Полосатик;76.67;15.3;1.5;0;0;;
ПРОДУКТ;Бораки;293.52;13.7;12;30.7;0;;
ПРОДУКТ;Бородинский;181;6;0.9;36.7;0;;
ПРОДУКТ;Бородинский Хлеб;263.33;7;1.33;55;0;;
ПРОДУКТ;Бородинский хлеб Наш Хлеб;295.2;10.7;1.3;60.2;0;;
ПРОДУКТ;Борс Брусничный;43.6;0;0;10.9;0;;
ПРОДУКТ;Борщ;53.2;1.6;2;7.2;0;;
ПРОДУКТ;Борщ 4 сезона Московский;51.77;3.5;0.1;8.9;0;;
ПРОДУКТ;Борщ Hortex украинский;27.28;1.4;0.2;4.8;0;;
ПРОДУКТ;Борщ «Украинский С Курицей;60.8;3.8;1.2;8.7;0;;
ПРОДУКТ;Борщ Леовит Худеем за неделю Сибирский с мясом;307.21;19;3.5;48;0;;
ПРОДУКТ;Борщ С Говядиной;66.7;5.2;3.6;3.3;0;;
ПРОДУКТ;Борщ Сибирский с фрикадельками;93.52;5.8;5.3;5;0;;
ПРОДУКТ;Борщ вегетарианский;74.1;1.8;3.3;9.3;0;;
ПРОДУКТ;Борщ из свежей капусты с мясом;74.03;4.4;3.6;5.5;0;;
ПРОДУКТ;Борщ летний холодный;50.26;1.1;2.1;6.4;0;;
ПРОДУКТ;Борщ сибирский;49.6;1.9;1.5;6.8;0;;
ПРОДУКТ;Борщ украинский;52.42;1.1;2.2;6.7;0;;
ПРОДУКТ;Борщик Heinz с говядинкой;383.27;11.3;6.7;67;0;;
ПРОДУКТ;Боул С Овощами, Говядиной;159.1;4.8;13.5;4.6;0;;
ПРОДУКТ;Боул С Яйцом Сыром Фета И Помидорами Черри;123.9;9.3;7.8;4.2;0;;
ПРОДУКТ;Боул с куриной грудкой, киноа, овощами;133;7.23;8.51;6.81;0;;
ПРОДУКТ;Боярышник;57.4;0;0;14;0;;
ПРОДУКТ;Боярышник сушеный;155.8;0;0;38;0;;
ПРОДУКТ;Бразильский орех;695.17;14.3;66.4;4.8;0;;
ПРОДУКТ;Брауни;363.8;5;16;46;0;;
ПРОДУКТ;Брауни классический;439;5.8;26.9;43.6;0;;
ПРОДУКТ;Брауни протеиновое;357.5;16.25;22.5;37.5;0;;
ПРОДУКТ;Брауни с грецким орехом и карамелью;450;5.5;26;48;0;;
ПРОДУКТ;Брауни с матчей;437.6;9.3;25.2;43.4;0;;
ПРОДУКТ;Брауни с фисташкой;452;24;30.4;33.6;0;;
ПРОДУКТ;Брауни с фундуком;456.02;23;30.2;11.4;0;;
ПРОДУКТ;Брауни соленая карамель;410;5;21;50;0;;
ПРОДУКТ;Бренди;2.05;0;0;0.5;0;;
ПРОДУКТ;Брест литовск маасдам;336.5;25.4;26.1;0;0;;
ПРОДУКТ;Бретцель немецкий крендельки с солью;410;9;11;68;0;;
ПРОДУКТ;Брецель;281.24;20;6;35;0;;
ПРОДУКТ;Бризоль Из Цыпленка С Пенне;508.1;32.9;26;35.7;0;;
ПРОДУКТ;Бризоль из филе цыпленка-бройлера с пастой пенне;231.2;14.1;11.2;18.5;0;;
ПРОДУКТ;Бриошь;325.52;5.2;7.5;57.2;0;;
ПРОДУКТ;Бриошь Нарезка;296;9.26;10.4;41.4;0;;
ПРОДУКТ;Броккли;33;2.8;0.3;4.8;0;;
ПРОДУКТ;Брокколи Бланшированная;45.5;3.7;0.5;6.6;0;;
ПРОДУКТ;Брокколи в азиатском соусе;48.1;3.9;1.3;5.2;0;;
ПРОДУКТ;Бротола;94.4;19.4;1.6;0;0;;
ПРОДУКТ;Брускетта;321.91;4.7;23;21.7;0;;
ПРОДУКТ;Брускетта Из Томатов И Оливок С Орехом Кешью;260;10;11;31;0;;
ПРОДУКТ;Брусника;46.88;0.7;0.5;9.6;0;;
ПРОДУКТ;Брусника 4 сезона;41.13;0.7;0.5;8.2;0;;
ПРОДУКТ;Брусника Hortex;37.34;0.7;0.4;7.5;0;;
ПРОДУКТ;Брусника мочёная;24.82;0.3;0.2;5.3;0;;
ПРОДУКТ;Брусничный соус для мяса;210;0.1;0.1;52;0;;
ПРОДУКТ;Бруто паприка;550;5.5;37;48;0;;
ПРОДУКТ;Бруто томат;550;5.5;37;48;0;;
ПРОДУКТ;Бруто чёрный перец;550;5.5;37;48;0;;
ПРОДУКТ;Брынза Бор Чвор без лактозы;231;15;19;0;0;;
ПРОДУКТ;Брюква;37.42;1.2;0.1;7.7;0;;
ПРОДУКТ;Брюква запечённая;54.22;2.1;1.6;7.5;0;;
ПРОДУКТ;Брюква тушеная;119.14;1.2;8.5;8.6;0;;
ПРОДУКТ;Брюнетка;337;4;19;35.9;0;;
ПРОДУКТ;Брюссельская капуста;35;4.3;0.3;3.1;0;;
ПРОДУКТ;Бублик;361.89;16;1;70;0;;
ПРОДУКТ;Бублик Украинский;332.11;8.3;6.4;58.2;0;;
ПРОДУКТ;Бублик Ярмарочный;338.91;8.5;7;58.3;0;;
ПРОДУКТ;Бублик український;360.5;10.2;6.9;64.4;0;;
ПРОДУКТ;Бублики Украинские;360;9;7;65;0;;
ПРОДУКТ;Будочки Для Хот-Дога;260;7;3;50;0;;
ПРОДУКТ;Буженина Из Индейки;130;16;7;1;0;;
ПРОДУКТ;Буженина вареная;241.35;16.4;18.3;1;0;;
ПРОДУКТ;Буженина с перцем и чесноком;188;17;13;0.8;0;;
ПРОДУКТ;Бузина;54.26;0.7;0.5;11.4;0;;
ПРОДУКТ;Бузинный сок;27.28;1.1;0.2;5.1;0;;
ПРОДУКТ;Буйволятина;200.53;19;13.2;0;0;;
ПРОДУКТ;Буйволятина вареная;284.65;30;17.4;0;0;;
ПРОДУКТ;Буйволятина жареная;352.47;33.4;23.2;0;0;;
ПРОДУКТ;Буйволятина тушеная;257.04;24.4;16.9;0;0;;
ПРОДУКТ;Букатини;351.45;12;1.2;71;0;;
ПРОДУКТ;Букет гарни;217.82;12.4;6.5;26;0;;
ПРОДУКТ;Буковый орех;627.27;6.2;50;33.5;0;;
ПРОДУКТ;Булгур;360;12;1.5;75;0;;
ПРОДУКТ;Булгур классический;352.7;14.2;1.1;69.1;0;;
ПРОДУКТ;Булгур крупа пшеничная «Food Collection;370;12;1.5;76;0;;
ПРОДУКТ;Булгур отварной;289;12;1;58;0;;
ПРОДУКТ;Булгур приготовленный;72.38;3.1;0.2;14.1;0;;
ПРОДУКТ;Булгур с кабачками гриль;136;4.29;2.86;23.8;0;;
ПРОДУКТ;Булгур с овощами и копчёными томатами и зеленью;329.9;12.8;1.5;66.3;0;;
ПРОДУКТ;Булка «Словʼянка З Маком;351;8.8;8.2;60.4;0;;
ПРОДУКТ;Булка С Маком;398;9.1;15.7;55.3;0;;
ПРОДУКТ;Булочка;265;7.5;3.1;51.8;0;;
ПРОДУКТ;Булочка Бриошь;290;7.9;9.4;41.7;0;;
ПРОДУКТ;Булочка Витая С Шоколадом И Корицей;315;5.7;16;39.1;0;;
ПРОДУКТ;Булочка Калорийная;374.95;7.3;9.6;62.4;0;;
ПРОДУКТ;Булочка Свердловская с варёной сгущёнкой;297.8;6.7;9.4;46.6;0;;
ПРОДУКТ;Булочка Столичная;271.36;8.4;2.2;52.8;0;;
ПРОДУКТ;Булочка для гамбургера;280;8;7;54;0;;
ПРОДУКТ;Булочка для гамбургера замороженная (2 шт;200.2;5.3;2.2;39.8;0;;
ПРОДУКТ;Булочка для гамбургера нарезная;290;7.5;5;55;0;;
ПРОДУКТ;Булочка для хотдога;230;6.6;2.6;44.4;0;;
ПРОДУКТ;Булочка к чаю;296.22;7.2;6.2;51;0;;
ПРОДУКТ;Булочка отрубная;228.69;7.8;1.8;43.9;0;;
ПРОДУКТ;Булочка повышенной калорийности с арахисом и изюмом;337;7.6;10;53.8;0;;
ПРОДУКТ;Булочка ржано-пшеничная;270;11;1;51;0;;
ПРОДУКТ;Булочка с абрикосовой начинкой;300;5.5;6;57;0;;
ПРОДУКТ;Булочка с маком и малиной;310;5.5;11;46;0;;
ПРОДУКТ;Булочка с начинкой Крем вареная сгущенка;370;7;10;62;0;;
ПРОДУКТ;Булочка сдобная с яблочной начинкой;330;6;3.5;69;0;;
ПРОДУКТ;Булочки 8 злаков;285.4;13.9;5.3;43.7;0;;
ПРОДУКТ;Булочки «Кукурузные;297.2;6.8;10;45;0;;
ПРОДУКТ;Булочки «Люкс;296.37;8;6;52;0;;
ПРОДУКТ;Булочки Бао Паровые Со Свининой;270.8;7.3;11.9;33.5;0;;
ПРОДУКТ;Булочки Бургундские;244.16;0.7;1.7;55;0;;
ПРОДУКТ;Булочки Бутербродные с кунжутом;322.33;9.6;4.2;59.5;0;;
ПРОДУКТ;Булочки Для Гамбургера С Кунжутом;300;8;6.5;51;0;;
ПРОДУКТ;Булочки Для Хот-Дога;290;7.5;5;51;0;;
ПРОДУКТ;Булочки Из Пшеничной Муки С Кунжутом;270;9;2.5;53;0;;
ПРОДУКТ;Булочки КУНЦЕВСКИЕ;300;8;5.5;54;0;;
ПРОДУКТ;Булочки С Кунжутом;300;8;5;55;0;;
ПРОДУКТ;Булочки Сдобные С Кардамоном;310;8;3;62;0;;
ПРОДУКТ;Булочки Сырные;176.8;5.3;3.2;31.7;0;;
ПРОДУКТ;Булочки гречневые;193.36;8.7;5;28;0;;
ПРОДУКТ;Булочки для бургера;260;7;3.5;50;0;;
ПРОДУКТ;Булочки для гамбургеров;279.06;7;4;52;0;;
ПРОДУКТ;Булочки для хот-догов;353.8;8.7;7.5;60.6;0;;
ПРОДУКТ;Булочки классические для хот догов;278;6.6;6.3;48.8;0;;
ПРОДУКТ;Булочки с локум;307;7.3;5.7;55.7;0;;
ПРОДУКТ;Булочки с отрубями;233;6;3.1;45.2;0;;
ПРОДУКТ;Булочки сдобные;347.27;7.9;9.4;55.5;0;;
ПРОДУКТ;Булочки ч вишней;312;7.1;5.3;57.5;0;;
ПРОДУКТ;Бульмени с говядиной и свининой;219.5;14.5;9.5;19;0;;
ПРОДУКТ;Бульон говяжий;4.32;0.6;0.2;0;0;;
ПРОДУКТ;Бульон грибной;2.98;0.5;0.1;0;0;;
ПРОДУКТ;Бульон золотой с курицей;216.06;0.99;9.7;23;0;;
ПРОДУКТ;Бульон куриный;14.07;2;0.5;0.3;0;;
ПРОДУКТ;Бульон куриный крепкий домашний;35.75;2.5;1.2;3.5;0;;
ПРОДУКТ;Бульон овощной;5.44;0.2;0.1;0.9;0;;
ПРОДУКТ;Бульон рыбный;1.64;0.4;0;0;0;;
ПРОДУКТ;Бульон с грибами лесными кубики;249;1.6;6.8;45;0;;
ПРОДУКТ;Бульон со вкусом курицы;200;3;5;35;0;;
ПРОДУКТ;Бульонный кубик;43.18;2;2;4;0;;
ПРОДУКТ;Бум Кульки;420;7;11.4;72.4;0;;
ПРОДУКТ;Бумага для жарки нежного филе куриной грудки;488;4;38;29;0;;
ПРОДУКТ;Бумбу;57.86;1;0.8;11.3;0;;
ПРОДУКТ;Бумука;459;7.3;14.1;66;0;;
ПРОДУКТ;Буратта;237.4;11.7;19.8;3.1;0;;
ПРОДУКТ;Бурбон;1.64;0;0;0.4;0;;
ПРОДУКТ;Бургас Шпек;305;14.8;26.2;2.4;0;;
ПРОДУКТ;Бургер;319;10.3;8.7;46.2;0;;
ПРОДУКТ;Бургер BBQ куриный с беконом;198;10;9.2;18.9;0;;
ПРОДУКТ;Бургер От Младо Телешко;249;14.8;19.8;2.4;0;;
ПРОДУКТ;Бургер Сос Класик;190;1.8;13;16;0;;
ПРОДУКТ;Бургер с беконом, сыром чеддер и красным перцем;385;14.11;27.28;20.85;0;;
ПРОДУКТ;Бургер-соус для бутербродов и закусок;330;1;30;14;0;;
ПРОДУКТ;Бургеры С Куриной Котлетой И Сыром Чеддер;293.7;13.1;13.3;27.9;0;;
ПРОДУКТ;Буррата;206.1;12.9;16.1;2.4;0;;
ПРОДУКТ;Буррито;94;3.3;1.9;16;0;;
ПРОДУКТ;Буррито с курицей;199;11.1;8.38;19.7;0;;
ПРОДУКТ;Бурый рис;340;7.5;2;73;0;;
ПРОДУКТ;Бутанику кадзукири;159.72;3.2;5.1;24.2;0;;
ПРОДУКТ;Бутанику рёри;288.24;16.6;22.2;3.4;0;;
ПРОДУКТ;Бутерброд с мясом птицы (курицы) и овощами: клаб-сэндвич на угольном хлебе с пастрами из курицы и соусом «Пряная паприка;240.7;10.2;11.9;23.2;0;;
ПРОДУКТ;Бутерхлеб зерновой;310.71;10;6;55;0;;
ПРОДУКТ;Быстрозамороженная Овощная Смесь Сеул;34;1.9;0.3;6.1;0;;
ПРОДУКТ;Бычки в томатном соусе;106.12;13;4;4.5;0;;
ПРОДУКТ;Бычки обжаренные в томатном соусе;131.4;7.1;8.3;7.1;0;;
ПРОДУКТ;Бычок;90.33;17.5;2;0;0;;
ПРОДУКТ;Бычьи яйца;239.51;13;20;0.1;0;;
ПРОДУКТ;Бёрн со вкусом гуавы;65;0;0;16;0;;
ПРОДУКТ;ВАРЕНЬЕ СТЕРИЛИЗОВАННОЕ КЛУБНИЧНОЕ;267;0.2;0.2;66.1;0;;
ПРОДУКТ;ВАФЕЛЬНЫЕ РУЛЕТЫ «ПИККОЛО;414.7;7.6;4.3;86.4;0;;
ПРОДУКТ;ВИМ ВОМ РОШЕН;60;0;0;10;0;;
ПРОДУКТ;ВОЗДУШНАЯ ПШЕНИЦА СО ВКУСОМ КАРАМЕЛИ;330;9;4;64;0;;
ПРОДУКТ;Валуи;35.47;3.7;1.7;1.1;0;;
ПРОДУКТ;Ванилин;53.41;0.1;0.1;12.7;0;;
ПРОДУКТ;Ванилов Крем Mama’s;56;1.12;0.43;10.45;0;;
ПРОДУКТ;Ваниль;57.1;1.2;0.1;12.5;0;;
ПРОДУКТ;Ванильная эссенция;53;0.1;0.1;12.6;0;;
ПРОДУКТ;Ванильное мороженое;236;1.5;16.3;25.1;0;;
ПРОДУКТ;Ванильные Эклеры;309;7.6;18.8;27.4;0;;
ПРОДУКТ;Ванильный порошок;57.1;1.2;0.1;12.5;0;;
ПРОДУКТ;Ванильный пудинг;101;1.2;2.9;17;0;;
ПРОДУКТ;Ванильный сахар;398;0;0;99.5;0;;
ПРОДУКТ;Варенец;56;3;3.2;4;0;;
ПРОДУКТ;Варенец 2,5;51;2.8;2.5;4.2;0;;
ПРОДУКТ;Варенец 2.5;51.1;2.8;2.5;4;0;;
ПРОДУКТ;Варенец Останкинский 2.5;51.92;2.8;2.5;4.2;0;;
ПРОДУКТ;Вареники;199;5.9;3;37.1;0;;
ПРОДУКТ;Вареники Пинк;220.1;8.3;7.3;30.3;0;;
ПРОДУКТ;Вареники С Двумя Начинками;193.5;5.3;0.3;42.4;0;;
ПРОДУКТ;Вареники С Картошкой;197;5.4;2.2;39;0;;
ПРОДУКТ;Вареники С Картошкой И Луком;231;8.2;2.4;43.8;0;;
ПРОДУКТ;Вареники С Картошкой и Грибами;135;4.5;0.6;27.5;0;;
ПРОДУКТ;Вареники С Клубникой;205;0;1.8;42;0;;
ПРОДУКТ;Вареники С Молодым Картофелем;270;3;9;45;0;;
ПРОДУКТ;Вареники С Сыром И Зеленью;67.51;3.11;3.87;5.05;0;;
ПРОДУКТ;Вареники С Сыром, Помидором И Базиликом;190.9;13.1;2.9;28.1;0;;
ПРОДУКТ;Вареники С Творогом;228;9.8;3.4;39.5;0;;
ПРОДУКТ;Вареники Хвалынские с картошкой и грибами;189.24;6;3.6;32;0;;
ПРОДУКТ;Вареники з картоплею та грибами;188;2.5;2.5;34.9;0;;
ПРОДУКТ;Вареники от Ильиной с вишней;107.83;7.6;0;18.7;0;;
ПРОДУКТ;Вареники от Ильиной с картофелем;128.26;4.4;3.7;18.5;0;;
ПРОДУКТ;Вареники от Ильиной с клубникой;104.55;7.9;0;17.6;0;;
ПРОДУКТ;Вареники от Ильиной с творогом;157.92;12;4.2;17;0;;
ПРОДУКТ;Вареники от Ильиной с черникой;107.83;7.6;0;18.7;0;;
ПРОДУКТ;Вареники с Картофелем и Луком;190.6;5;3;35.9;0;;
ПРОДУКТ;Вареники с Мясом И Капустой;230;6.5;12;24;0;;
ПРОДУКТ;Вареники с адыгейским сыром и зеленью;242.5;11.92;10;26.2;0;;
ПРОДУКТ;Вареники с белыми грибами и грудинкой;220.4;9;14;14.6;0;;
ПРОДУКТ;Вареники с вишней;219.2;4.4;0.8;48.6;0;;
ПРОДУКТ;Вареники с картофелек и грибами;171.2;4.8;1.6;34.4;0;;
ПРОДУКТ;Вареники с картофелем;198.3;5;5.5;32.2;0;;
ПРОДУКТ;Вареники с картофелем и грибами;200.76;6.5;2.5;39;0;;
ПРОДУКТ;Вареники с картофелем и зеленью (прованские травы;180;4;6;28;0;;
ПРОДУКТ;Вареники с картофелем и лисичками;141.7;4;2.5;25.8;0;;
ПРОДУКТ;Вареники с картофелем и лисичками в сливочном соусе;141;4;1.5;27.7;0;;
ПРОДУКТ;Вареники с картофелем, луком и грибами Сытый Папа;90;2;2;15;0;;
ПРОДУКТ;Вареники с печеным картофелем и зелению;191.5;5.2;3.5;34.8;0;;
ПРОДУКТ;Вареники с рикоттой и черникой;245;5.5;5;44.5;0;;
ПРОДУКТ;Вареники элитные с картофелем и грибами;160;5;1;33;0;;
ПРОДУКТ;Варенка вологодская;330;7.7;8.5;56;0;;
ПРОДУКТ;Вареное Сгущеное Молоко;220;6;14;17;0;;
ПРОДУКТ;Вареное сгущенное молоко с сахаром;317;7.8;6;58;0;;
ПРОДУКТ;Варенье Zuegg ежевика;202;0.7;0;47;0;;
ПРОДУКТ;Варенье из абрикосов;254.2;0;0;62;0;;
ПРОДУКТ;Варенье из айвы;292.96;0.4;0.2;70.6;0;;
ПРОДУКТ;Варенье из апельсинов;302.3;2.6;0.5;70;0;;
ПРОДУКТ;Варенье из брусники;266.61;0.2;0.1;64.6;0;;
ПРОДУКТ;Варенье из вишни;262.4;0;0;64;0;;
ПРОДУКТ;Варенье из груши;293.37;0.3;0.2;70.8;0;;
ПРОДУКТ;Варенье из дыни;185.43;0.3;0.1;44.7;0;;
ПРОДУКТ;Варенье из земляники;239.96;0.3;0.1;58;0;;
ПРОДУКТ;Варенье из знмляники садовой;260;0;0;65;0;;
ПРОДУКТ;Варенье из инжира;254.2;0;0;62;0;;
ПРОДУКТ;Варенье из кабачков;202.65;0.3;0.1;48.9;0;;
ПРОДУКТ;Варенье из клубники;305.56;0.3;0.1;74;0;;
ПРОДУКТ;Варенье из лимонов;246;0;0;60;0;;
ПРОДУКТ;Варенье из малины;292.96;0.6;0.2;70.4;0;;
ПРОДУКТ;Варенье из мандаринов;315.92;0.7;0.2;75.9;0;;
ПРОДУКТ;Варенье из облепихи;178.28;0.7;3.7;34.4;0;;
ПРОДУКТ;Варенье из одуванчиков;200.19;0.6;0.1;48;0;;
ПРОДУКТ;Варенье из персиков;275.93;0.5;0;66.8;0;;
ПРОДУКТ;Варенье из ревеня;344.54;0.5;0.5;82.4;0;;
ПРОДУКТ;Варенье из сливы;308.65;0.4;0.3;74.2;0;;
ПРОДУКТ;Варенье из тёрна;254.2;0;0;62;0;;
ПРОДУКТ;Варенье из черники;233.51;0.4;0.2;56.1;0;;
ПРОДУКТ;Варенье из черноплодной рябины;308.32;0.4;0;74.8;0;;
ПРОДУКТ;Варенье из чёрной смородины;302.28;0.6;0.1;72.9;0;;
ПРОДУКТ;Варенье из яблок;284.05;0.4;0.3;68.2;0;;
ПРОДУКТ;Варёное сгущёное молоко;310;5;8.5;54;0;;
ПРОДУКТ;Васаби;440;3.8;41.2;13.4;0;;
ПРОДУКТ;Васаби Сэн Сой Премиум;247.61;0;9;40;0;;
ПРОДУКТ;Васаби игай-яки;139.92;4.5;8;11.5;0;;
ПРОДУКТ;Васильевский пряник медовый с начинкой;350;6.5;8.2;63.6;0;;
ПРОДУКТ;Ватрушка с повидлом;240;6.9;5.9;60.2;0;;
ПРОДУКТ;Ватрушка с творогом;380;7;16;50;0;;
ПРОДУКТ;Ватрушка с творогом и ванилью;290;8;8;46;0;;
ПРОДУКТ;Ватрушка с творожной начинкой;342.42;10;12.1;46.1;0;;
ПРОДУКТ;Ватрушки Мини С Творогом И Вишней;281;7.1;10.7;39.2;0;;
ПРОДУКТ;Ватрушки С Творогом И Смородиной;301;9.5;11;41;0;;
ПРОДУКТ;Ватрушки-мини с творогом;284.8;8.2;12;36;0;;
ПРОДУКТ;Вафельная Трубочка;429;7.8;19.6;55.3;0;;
ПРОДУКТ;Вафельная Трубочка Капучино;512.4;8;28.8;55.3;0;;
ПРОДУКТ;Вафельная трубочка с варёной сгущёнкой;397;6.3;16.4;56.1;0;;
ПРОДУКТ;Вафельные Листы;379;11.2;1.7;79.7;0;;
ПРОДУКТ;Вафельные Рожок Oreo;279;3.6;11.8;39.7;0;;
ПРОДУКТ;Вафельные Трубочки С Ореховой Начинкой;484;8;20;68;0;;
ПРОДУКТ;Вафельные Трубочки Трубочкин С Молочно-шоколадной Начинкой;480;6.5;19;71;0;;
ПРОДУКТ;Вафельные рулетики Яшкино со вкусом сгущённого молока;510;5;25;66;0;;
ПРОДУКТ;Вафельные трубочки;500;4;24;67;0;;
ПРОДУКТ;Вафельные трубочки Эль Торо;318;3.3;11;52.6;0;;
ПРОДУКТ;Вафельные трубочки ореховые;480;5.5;22;64;0;;
ПРОДУКТ;Вафельные трубочки с вареной сгущенкой;406.43;5.13;15.43;61.76;0;;
ПРОДУКТ;Вафельные трубочки с фисташковой начинкой;460.4;8;23.2;54.9;0;;
ПРОДУКТ;Вафельный MIX;334.92;3.33;19.37;36.83;0;;
ПРОДУКТ;Вафельный Батончик;530;5;32;58;0;;
ПРОДУКТ;Вафельный Батончик Vitba.by С Воздушным Рисом В Молочной Глазури;530;6;30;59;0;;
ПРОДУКТ;Вафельный Батончик С Арахисом В Молочной Глазури;560;9;35;53;0;;
ПРОДУКТ;Вафельный Батончик С Ванилью;530;5;31;59;0;;
ПРОДУКТ;Вафельный Батончик С Клубничной Начинкой;540;6;30;61;0;;
ПРОДУКТ;Вафельный Батончик Со Вкусом Карамели;530;5;32;58;0;;
ПРОДУКТ;Вафельный Батончик Со Вкусом Миндаля;530;5;31;58;0;;
ПРОДУКТ;Вафельный Сэндвич;560;8.5;35;52;0;;
ПРОДУКТ;Вафельный Торт Шоколадница;550;7;34;53;0;;
ПРОДУКТ;Вафельный Тортик;535;5;30;60;0;;
ПРОДУКТ;Вафельный батончик Wafer со вкусом топленого молока;426.48;25;28;10;0;;
ПРОДУКТ;Вафельный батончик «Smile Time» со вкусом шоколада;530;5.5;32;56;0;;
ПРОДУКТ;Вафельный батончик с молочно-ореховой начинкой;570;7.5;39;48;0;;
ПРОДУКТ;Вафельный батончик с ореховой начинкой Babyfox Dark;550;7.5;34;53;0;;
ПРОДУКТ;Вафельный стаканчик;233;5;12;27;0;;
ПРОДУКТ;Вафельный стаканчик Пломбир;230;3.5;13;25;0;;
ПРОДУКТ;Вафельный хлеб льняной (Елизавета;360;11.1;2.9;72.3;0;;
ПРОДУКТ;Вафельні трубочки зі смаком лісового горіху Miio Hotti;518;5;27;65;0;;
ПРОДУКТ;Вафла Боровец;478;4.5;21;65;0;;
ПРОДУКТ;Вафла Ная Какао;532.1;4.6;29.7;61.6;0;;
ПРОДУКТ;Вафла чоко оригинал с фист;547.7;8.2;32.1;56.5;0;;
ПРОДУКТ;Вафли MyProtein Wafers;473.61;35.8;21.5;31;0;;
ПРОДУКТ;Вафли Royal Cake на сорбите со вкусом пломбира;515;7.4;36.6;41.3;0;;
ПРОДУКТ;Вафли Royal cake на сорбите с какао;502;7.2;34.5;40.6;0;;
ПРОДУКТ;Вафли «Артек;536;4.2;29.8;62.7;0;;
ПРОДУКТ;Вафли «Витоша» вкус шоколада;520;6.5;28;60;0;;
ПРОДУКТ;Вафли «Каприччио;510;5.5;26;64;0;;
ПРОДУКТ;Вафли Азиатка;350;3;15;51;0;;
ПРОДУКТ;Вафли Артек плюс;510;4.5;25;66;0;;
ПРОДУКТ;Вафли Бельгийский;269;5.7;14.6;28.7;0;;
ПРОДУКТ;Вафли Голландские;430;5.5;15;67;0;;
ПРОДУКТ;Вафли Кабачковые С Курицей;200;8.1;12.9;13;0;;
ПРОДУКТ;Вафли Картофельные С Грибами;255.86;8.07;12.9;26.83;0;;
ПРОДУКТ;Вафли Лимонные;480;6.5;19;70;0;;
ПРОДУКТ;Вафли Лос-Марселино;300;2;6.5;60;0;;
ПРОДУКТ;Вафли Мягкие С Суфле И Вишней;450;4.5;24;54;0;;
ПРОДУКТ;Вафли Ная;522;5.8;27.5;62.9;0;;
ПРОДУКТ;Вафли РОШЕН милк;540;7.2;31.1;57.1;0;;
ПРОДУКТ;Вафли С Кокосом;520;1.42;36.69;45.32;0;;
ПРОДУКТ;Вафли С Начинкой Вишня;430;5;22;52;0;;
ПРОДУКТ;Вафли Сахарные Парижские;471.4;7.8;22.6;59.2;0;;
ПРОДУКТ;Вафли Сдобная особа домашние с изюмом;462.76;7.9;21.7;55.8;0;;
ПРОДУКТ;Вафли Сдобная особа домашние сахарные;471.26;8.2;23.1;54.4;0;;
ПРОДУКТ;Вафли Сдобная особа мягкие с суфле классические;458.6;5.5;23.9;52.2;0;;
ПРОДУКТ;Вафли Сдобная особа мягкие с суфле со вкусом пломбира;458.6;5.5;23.9;52.2;0;;
ПРОДУКТ;Вафли Со Сгущенным Молоком;393;4.5;15;60;0;;
ПРОДУКТ;Вафли Творожные;391;4.5;14.5;60.5;0;;
ПРОДУКТ;Вафли Тыквенные Со Сметаной;180;6;11;15;0;;
ПРОДУКТ;Вафли Черноморские;530;6;29;58;0;;
ПРОДУКТ;Вафли Яшкино с карамельной начинкой;444.2;6;15.2;67.9;0;;
ПРОДУКТ;Вафли апельсиновые;540;5;30;61;0;;
ПРОДУКТ;Вафли бельгийские без глютена с яблоком замороженные;271.1;3.2;7.1;48.6;0;;
ПРОДУКТ;Вафли венские с карамелью;431.97;8.1;19.4;53.3;0;;
ПРОДУКТ;Вафли венские со взбитыми сливками;443.19;4.8;23.3;50.5;0;;
ПРОДУКТ;Вафли вишня черешня;381;4.5;10.5;67;0;;
ПРОДУКТ;Вафли голландские с молочной карамелью;393;4.5;15;60;0;;
ПРОДУКТ;Вафли из зелёной гречки и шпината;258.6;5.1;11.3;34.1;0;;
ПРОДУКТ;Вафли из цельносмолотой муки с семечками;500;9.5;34;36;0;;
ПРОДУКТ;Вафли какое шоколадные;500;4.5;33;59;0;;
ПРОДУКТ;Вафли картофельные;276.4;6;14;31.6;0;;
ПРОДУКТ;Вафли молочные на фруктозе;550;6.5;35;53;0;;
ПРОДУКТ;Вафли протеиновые венские;373;38;4.8;44.6;0;;
ПРОДУКТ;Вафли протеиновые венские с кондитерской глазурью;384;38;7.5;41.1;0;;
ПРОДУКТ;Вафли протеиновые глазированные какао;549.7;16.3;45.2;19.4;0;;
ПРОДУКТ;Вафли протеиновые со вкусом Гречишный шоколад;500;18;33;40;0;;
ПРОДУКТ;Вафли с арахисом;510;0.01;27.33;51.67;0;;
ПРОДУКТ;Вафли с ароматом лесного ореха;540.15;5.5;29;66;0;;
ПРОДУКТ;Вафли с ароматом топлёного молока;544.95;3.6;34.71;54.54;0;;
ПРОДУКТ;Вафли с ароматом шоколада;470;6.5;20;67;0;;
ПРОДУКТ;Вафли с ванильно-сливочным вкусом;540;4.5;30;62;0;;
ПРОДУКТ;Вафли с варёной сгущёнкой;500;4.5;24;68;0;;
ПРОДУКТ;Вафли с жирной начинкой;559.77;3.4;30.2;64.7;0;;
ПРОДУКТ;Вафли с фруктовой начинкой;370.82;3.2;2.8;80.9;0;;
ПРОДУКТ;Вафли с шоколадным вкусом;530;4.5;30;61;0;;
ПРОДУКТ;Вафли с яблоками;206;5.7;7.7;28.5;0;;
ПРОДУКТ;Вафли серената Double с далее какаов крем;541.67;2.08;31.25;60.42;0;;
ПРОДУКТ;Вафли сливочно-ванильеые;55;6;31;61;0;;
ПРОДУКТ;Вафли сливочные;560;6.5;32;61;0;;
ПРОДУКТ;Вафли сливочные Вечерняя тайна;490;6;22;66;0;;
ПРОДУКТ;Вафли со вкусом сливок;550;4;35;54;0;;
ПРОДУКТ;Вафли со вкусом шоколад-фундук;510;5;36;49;0;;
ПРОДУКТ;Вафли со сливочным ароматом;490;6.5;22;67;0;;
ПРОДУКТ;Вафли тонкие с молочным кремом и какао;540;8;32;54;0;;
ПРОДУКТ;Вафли халвичные;561;8.7;37.1;48;0;;
ПРОДУКТ;Вафля Дубайская;495;4;25.1;65.6;0;;
ПРОДУКТ;Вафля Лесной Орех;445;7;24;50;0;;
ПРОДУКТ;Вафля Протеиновая Грецкий Орех С Шоколадом;486;26;30;28;0;;
ПРОДУКТ;Вафля Со Скремблом И Беконом;241;6.8;15.8;17.9;0;;
ПРОДУКТ;Вафля с Маскарпоне И Малиной;359;7.3;17.3;43.6;0;;
ПРОДУКТ;Вафля с Фисташкой;530;6.1;29.5;59.2;0;;
ПРОДУКТ;Вафля-сэндвич с мортаделлой и соусом айоли;215.6;5.7;17.2;9.5;0;;
ПРОДУКТ;Вафлі;507;7.1;26;56.2;0;;
ПРОДУКТ;Вафлі Артек, смак пряженого молока;517;4.4;25;68;0;;
ПРОДУКТ;Вафлі лимонні;513;4.6;25.2;67;0;;
ПРОДУКТ;Вафлі солоні зі смаком сиру Артек;516;8;29;54;0;;
ПРОДУКТ;Вдохновение груша 41гр;570;6;36;52;0;;
ПРОДУКТ;Вдохновение» миндаль и трюфельный крем;566.44;6.5;38;47;0;;
ПРОДУКТ;Вега-масло с базиликом и маслом оливок;655;0.5;72.5;0.1;0;;
ПРОДУКТ;Вегетарианский паштет «паприкаш;132;4.3;5.8;14;0;;
ПРОДУКТ;Веласкеса 5к2 MILKY DUBAI;499;11;36;18;0;;
ПРОДУКТ;Венерка;84.32;14.7;1;3.6;0;;
ПРОДУКТ;Вензель с вишней;331;5.8;16.6;39.57;0;;
ПРОДУКТ;Венская Сдоба С Яблоком И Корицей;330;6;7;61;0;;
ПРОДУКТ;Венские вафли с нежным йогуртом;450;4.4;23.6;55;0;;
ПРОДУКТ;Венские вафли со взбитыми сливками;489.34;4.8;23.3;50.5;0;;
ПРОДУКТ;Венские вафли со взбитыми сливками и аишней;400;6;18;54;0;;
ПРОДУКТ;Венские вафли со вкусом банана;390;4;16;58;0;;
ПРОДУКТ;Венские вафли» со взбитыми сливками и вишней;469.6;4.6;22.1;51.1;0;;
ПРОДУКТ;Венские сосиски с мраморной говядиной;392;8;40;0;0;;
ПРОДУКТ;Венский Завтрак Банан И Шоколад;160;7.3;4.5;22.5;0;;
ПРОДУКТ;Венский Конвертик С Черникой;380;5;15;56;0;;
ПРОДУКТ;Верблюжатина;164.82;18.9;9.4;0;0;;
ПРОДУКТ;Верблюжатина вареная;237.38;29.8;12.4;0;0;;
ПРОДУКТ;Верблюжатина жареная;289.82;33.3;16.5;0;0;;
ПРОДУКТ;Верблюжатина тушеная;212.04;24.3;12.1;0;0;;
ПРОДУКТ;Верея краве сирене;243;15;19;3;0;;
ПРОДУКТ;Вермишелевый суп быстрого приготовления овощной;310.71;9;5;58;0;;
ПРОДУКТ;Вермишель;340;11;1;72;0;;
ПРОДУКТ;Вермишель (макаронные изделия;341.78;10;1;72;0;;
ПРОДУКТ;Вермишель Myllyn Paras;346.01;10.4;1.1;71.5;0;;
ПРОДУКТ;Вермишель Бефстроганов соевая;258.35;48.9;2.3;8.9;0;;
ПРОДУКТ;Вермишель Макфа яичная длинная;351.2;11.3;2.1;69.6;0;;
ПРОДУКТ;Вермишель СМАК Экстра с добавлением твердых сортов пшеницы;341.3;12.1;1.3;70.2;0;;
ПРОДУКТ;Вермишель Яичная С Курицей;460;8;21;60;0;;
ПРОДУКТ;Вермишель быстрого приготовления Мивина;440;9.5;16;62;0;;
ПРОДУКТ;Вермишель быстрого приготовления с говяжьим бульоном;410;7.5;20;49;0;;
ПРОДУКТ;Вермишель быстрого приготовления с куриным бульоном;410;7.5;20;49;0;;
ПРОДУКТ;Вермишель лёгкая;350;13;1.5;72;0;;
ПРОДУКТ;Вермишель паутинка;344.17;10.4;1.1;71.5;0;;
ПРОДУКТ;Вермишель „Capelli;359;8.2;2.3;75;0;;
ПРОДУКТ;Вермишелька;344;10.4;1.1;71.5;0;;
ПРОДУКТ;Вермишелька Heinz звездочки Любопышки;376.57;10.3;1.3;78.6;0;;
ПРОДУКТ;Вермут;65.19;0;0;15.9;0;;
ПРОДУКТ;Вермут Cinzano Bianco белый;73.8;0;0;18;0;;
ПРОДУКТ;Вермут Cinzano Rose розовый;59.45;0;0;14.5;0;;
ПРОДУКТ;Вермут Martini;69.7;0;0;17;0;;
ПРОДУКТ;Вермут Martini Bianco белый;69.7;0;0;17;0;;
ПРОДУКТ;Вермут Martini Extra Dry сухой;10.25;0;0;2.5;0;;
ПРОДУКТ;Вермут Martini Rose розовый;65.6;0;0;16;0;;
ПРОДУКТ;Вермут Martini Rosso красный;61.5;0;0;15;0;;
ПРОДУКТ;Вермут Perlino Bianco белый;57.4;0;0;14;0;;
ПРОДУКТ;Вермут Perlino Rosso красный;57.4;0;0;14;0;;
ПРОДУКТ;Вермішель зі смаком курки;384;7;2.48;73;0;;
ПРОДУКТ;Вертута с Яблоком И Корицей;272.3;4.3;5.1;53.2;0;;
ПРОДУКТ;Вершки 15;163;2.9;15;4.2;0;;
ПРОДУКТ;Весенние овощи;42.1;3.4;0.1;6.9;0;;
ПРОДУКТ;Весенняя Смесь Овощей;39.5;2.4;0.3;7;0;;
ПРОДУКТ;Вестфальский Хлеб;211;7.4;2.9;41.4;0;;
ПРОДУКТ;Весёлые грибочки В глазури со вкусом клубникиn;502;6.4;23.9;65.2;0;;
ПРОДУКТ;Весёлый Кактус;350;5.3;26.5;22.2;0;;
ПРОДУКТ;Ветчина;298;13;26;3;0;;
ПРОДУКТ;Ветчина DAK Датская;115.06;18;4;1;0;;
ПРОДУКТ;Ветчина Natura Fit;100;2;3;16;0;;
ПРОДУКТ;Ветчина «Говяжья;110;17;3;1.5;0;;
ПРОДУКТ;Ветчина «Про Белок;140;20;5;4;0;;
ПРОДУКТ;Ветчина «из индейки;161;18;9;2;0;;
ПРОДУКТ;Ветчина Вязанка филейская столичная;100;12;6;0;0;;
ПРОДУКТ;Ветчина Для Завтрака;105;15;5;0;0;;
ПРОДУКТ;Ветчина Из Грудки Индейки;157;25;4.7;3.7;0;;
ПРОДУКТ;Ветчина Из Грудки Индейки «Легкая Классика;130.6;22.1;4.2;1.1;0;;
ПРОДУКТ;Ветчина Из Индейки;157;25;4.7;3.7;0;;
ПРОДУКТ;Ветчина Из Индейки «Нежная;94.5;14.3;2.1;4.6;0;;
ПРОДУКТ;Ветчина Из Мраморной Говядины;120.5;18;4.5;2;0;;
ПРОДУКТ;Ветчина Империя Вкуса из индейки;101.67;11;3;7;0;;
ПРОДУКТ;Ветчина Миланская;130;20;5;1;0;;
ПРОДУКТ;Ветчина Останкино нежная из индейки;154.4;10;10;5;0;;
ПРОДУКТ;Ветчина Останкино нежная из свиного окорока;165.87;8;13;3;0;;
ПРОДУКТ;Ветчина Пармская;309.48;24.4;22.5;0.1;0;;
ПРОДУКТ;Ветчина По Швейцарскому Рецепту;110;17;3;3;0;;
ПРОДУКТ;Ветчина С Индейкой;90;11;2;6;0;;
ПРОДУКТ;Ветчина С Окороком;83;10;3;4;0;;
ПРОДУКТ;Ветчина С Паприкой;130.5;26.5;2.5;0.5;0;;
ПРОДУКТ;Ветчина Сливушка С Индейкой;90;14;4;0;0;;
ПРОДУКТ;Ветчина в форме;286.82;22.6;20.9;0;0;;
ПРОДУКТ;Ветчина вареная «Традиционная», охлажденная;285.13;10;25;5;0;;
ПРОДУКТ;Ветчина для тостов жамбон;228.5;9.3;20.9;0.8;0;;
ПРОДУКТ;Ветчина для тостов куриная;91.9;15.3;2.3;2.5;0;;
ПРОДУКТ;Ветчина из бедра индейки;164.91;10;11;6.6;0;;
ПРОДУКТ;Ветчина из грудки индейки с паприкой;130.5;26.5;2.5;0.5;0;;
ПРОДУКТ;Ветчина из грудки индейки с паприкой, нарезка;157.3;24.7;4.9;3.6;0;;
ПРОДУКТ;Ветчина из индейки обезжиренная;78.99;15;1;2;0;;
ПРОДУКТ;Ветчина из куриной грудки с травами, нарезка;95.8;12.5;4.2;2;0;;
ПРОДУКТ;Ветчина куриная;151;18.3;8.2;1;0;;
ПРОДУКТ;Ветчина куриная Аппетитная;131.5;17.8;4.4;5.2;0;;
ПРОДУКТ;Ветчина куриная Нежная;151.6;15;10;0.4;0;;
ПРОДУКТ;Ветчина по черкизовски;236;11;20;3;0;;
ПРОДУКТ;Ветчина с говядиной;82.93;9;3;5;0;;
ПРОДУКТ;Ветчинная;248.57;17;18;5;0;;
ПРОДУКТ;Вешенки маринованные Steinhauer;18.03;1;1.5;0;0;;
ПРОДУКТ;Вешенки свежие;39.69;2.5;0.3;6.5;0;;
ПРОДУКТ;Взбитые Сливки Фитнес;256;1.1;24;7.8;0;;
ПРОДУКТ;Вива Куба картофель обжаренный с овощами;120;1.9;6.3;13.8;0;;
ПРОДУКТ;Вигна;93.1;3;0.4;18.8;0;;
ПРОДУКТ;Визига;30.45;1.2;0.1;6;0;;
ПРОДУКТ;Вики рыбные палочки;196;9;6.5;25;0;;
ПРОДУКТ;Винегрет;108.24;1.71;5.59;12.82;0;;
ПРОДУКТ;Винегрет овощной готовый;77.83;1.8;3.7;8.8;0;;
ПРОДУКТ;Винегрет особый готовый;265.67;6.3;18.8;15.9;0;;
ПРОДУКТ;Винегрет с ароматными подсолнечным маслом;42.9;1.91;0.2;8.4;0;;
ПРОДУКТ;Винегрет с квашеной капустой;79.5;1.58;5.21;6.53;0;;
ПРОДУКТ;Винегрет с маринованной капустой;69.1;1.3;1.9;11.7;0;;
ПРОДУКТ;Винегрет с подсолнечным маслом;73.6;1.9;4;7.5;0;;
ПРОДУКТ;Винегрет с фасолью;233;3;16;19;0;;
ПРОДУКТ;Вино Asti Mondoro белое полусладкое игристое;36.9;0;0;9;0;;
ПРОДУКТ;Вино Riunite D'Oro белое полусладкое игристое;24.6;0;0;6;0;;
ПРОДУКТ;Вино Riunite Lambrusco Emilia красное полусладкое игристое;24.6;0;0;6;0;;
ПРОДУКТ;Вино Riunite Lambrusco Rose розовое полусладкое игристое;24.6;0;0;6;0;;
ПРОДУКТ;Вино белое Мускат;20.5;0;0;5;0;;
ПРОДУКТ;Вино белое Рислинг;16.4;0;0;4;0;;
ПРОДУКТ;Вино белое Совиньон;8.2;0;0;2;0;;
ПРОДУКТ;Вино белое Херес;12.3;0;0;3;0;;
ПРОДУКТ;Вино белое десертное 16;67.65;0.5;0;16;0;;
ПРОДУКТ;Вино белое столовое 11;1.64;0.2;0;0.2;0;;
ПРОДУКТ;Вино белое сухое;2.87;0.1;0;0.6;0;;
ПРОДУКТ;Вино красное Божоле Нуво;10.25;2.5;0;0;0;;
ПРОДУКТ;Вино красное Бургундское;16.4;0;0;4;0;;
ПРОДУКТ;Вино красное Кагор;65.6;0;0;16;0;;
ПРОДУКТ;Вино красное Киндзмараули;84.05;0.5;0;20;0;;
ПРОДУКТ;Вино красное Кьянти;11.48;0.1;0;2.7;0;;
ПРОДУКТ;Вино красное Хванчкара;12.71;0.1;0;3;0;;
ПРОДУКТ;Вино красное десертное;84.05;0.5;0;20;0;;
ПРОДУКТ;Вино красное столовое 12;2.05;0.3;0;0.2;0;;
ПРОДУКТ;Вино красное сухое;2.05;0.2;0;0.3;0;;
ПРОДУКТ;Вино красное сухое Же Де Вильбуа Пино Нуар;74;0;0;0.3;0;;
ПРОДУКТ;Вино медовое;87.33;0;0;21.3;0;;
ПРОДУКТ;Вино сухое белое Sauvignon Blanc;70;0;0;0.2;0;;
ПРОДУКТ;Вино сухое красное Cabernet Sauvignon;80;0;0;0.2;0;;
ПРОДУКТ;Вино сухое красное «Мерло. Резерв;75;0;0;0.2;0;;
ПРОДУКТ;Вино сухое красное «Пино Нуар;70;0;0;0.2;0;;
ПРОДУКТ;Вино сухое красное Мальбек,Тривенто Годен Резерв;79;0;0;0.2;0;;
ПРОДУКТ;Виноград;73.2;0.6;0.2;16.8;0;;
ПРОДУКТ;Виноград сушеный темный кишмиш;276.9;2.3;0.5;65.8;0;;
ПРОДУКТ;Виноград сушеный тёмный без косточки;276.6;1.8;0.6;66;0;;
ПРОДУКТ;Виноград сушёный Кишмиш: Шигани;293.5;1.6;0.3;71.1;0;;
ПРОДУКТ;Виноградный компот;82.82;0.5;0;19.7;0;;
ПРОДУКТ;Виноградный сок;58.63;0.3;0;14;0;;
ПРОДУКТ;Виола йогурт;49;3.9;1.3;5.3;0;;
ПРОДУКТ;Вироби кондитерські борошняні листкові Зернове Lukas;479;11.4;23.6;52.9;0;;
ПРОДУКТ;Виски;1.64;0;0;0.4;0;;
ПРОДУКТ;Витако «Ассорти;280;11.5;23.5;5.6;0;;
ПРОДУКТ;Витамин D3 5000 me;691;32;62;0;0;;
ПРОДУКТ;Витамин С - 1000 мг;44;0;0;11;0;;
ПРОДУКТ;Витоша фундук;510;8;27;59;0;;
ПРОДУКТ;Витушки;375;6.9;15;53;0;;
ПРОДУКТ;Вишневая Пастила;318.7;1.6;0.7;76.5;0;;
ПРОДУКТ;Вишневый Брауни;551;5.4;36;51.4;0;;
ПРОДУКТ;Вишневый нектар;46;0;0;11.5;0;;
ПРОДУКТ;Вишня;54.26;0.8;0.5;11.3;0;;
ПРОДУКТ;Вишня 4 сезона без косточки;49.01;0.8;0.2;10.7;0;;
ПРОДУКТ;Вишня Hortex без косточки;48;0.9;0.4;9.9;0;;
ПРОДУКТ;Вишня без косточки;51.2;0.4;0.9;11;0;;
ПРОДУКТ;Вишня быстрозамороженная;47.4;0.8;0.2;10.6;0;;
ПРОДУКТ;Вишня вяленая;305.45;1.5;0;73;0;;
ПРОДУКТ;Вишня замороженная;52.51;0.9;0.4;11;0;;
ПРОДУКТ;Вишня замороженная без косточки;47.4;0.8;0.2;10.6;0;;
ПРОДУКТ;Вишня консервированная;48.6;0.8;0.2;10.6;0;;
ПРОДУКТ;Вишня сушеная;305.45;1.5;0;73;0;;
ПРОДУКТ;Вишня сушёная;300.9;1;0.1;74;0;;
ПРОДУКТ;Вишнёвый компот;101.49;0.3;0.2;24;0;;
ПРОДУКТ;Вишнёвый нектар;49.61;0.1;0;12;0;;
ПРОДУКТ;Вишнёвый сок;44.69;0.7;0;10.2;0;;
ПРОДУКТ;Вкус Мороженого С Печеньем;493;4.67;23.3;66.7;0;;
ПРОДУКТ;Вкус Печенья;364;20;12;44;0;;
ПРОДУКТ;ВкусВилл Ветчина из Индейки с Травами;109.4;20.8;2.6;0.7;0;;
ПРОДУКТ;Вкусвил пломбир 15;227;3.7;15;19.5;0;;
ПРОДУКТ;Вкусвилл Запеканка Творожная с черникой;149.9;10.4;3.5;19.2;0;;
ПРОДУКТ;Вкусеый тофу «Яркая паприка;130;12;8.5;1.5;0;;
ПРОДУКТ;Вкуснотеево обезжиренный;77.2;16;0;3.3;0;;
ПРОДУКТ;Вкусный тофу «Томленый томат;130;12;8.5;1.5;0;;
ПРОДУКТ;Вместо говядины растительное филе;150;21;2.8;9;0;;
ПРОДУКТ;Вобла вяленая;241.34;46.4;5.5;0;0;;
ПРОДУКТ;Вобла копчёная;186.04;31.1;6.3;0;0;;
ПРОДУКТ;Вобла свежая;99.81;18;2.8;0;0;;
ПРОДУКТ;Вода минеральная природная лечебно-столовая питьевая газированная;71.7;12;0;0;0;;
ПРОДУКТ;Вода с добавлением вкусом ароматических веществ PEPSI-COLA;45.4;0;0;11.2;0;;
ПРОДУКТ;Водка Праздничная;222.28;0;0;0.2;0;;
ПРОДУКТ;Водка анисовая;3.39;0.1;0.1;0.5;0;;
ПРОДУКТ;Водоросли бурые;46.57;1.7;0.6;8.3;0;;
ПРОДУКТ;Водоросли зелёные;26.65;1.5;0;5;0;;
ПРОДУКТ;Водоросли красные;26.65;1.5;0;5;0;;
ПРОДУКТ;Водоросль вакаме;53.13;3;0.6;8.6;0;;
ПРОДУКТ;Водоросль далс;26.65;1.5;0;5;0;;
ПРОДУКТ;Водоросль ирландский мох (карраген;53.11;1.5;0.2;11;0;;
ПРОДУКТ;Водоросль кантен;27.88;0.5;0;6.3;0;;
ПРОДУКТ;Водоросль комбу;152.14;8.3;8.3;10;0;;
ПРОДУКТ;Водоросль лиму;26.46;1.7;0.2;4.3;0;;
ПРОДУКТ;Водоросль нори;358.04;46.1;0.1;41;0;;
ПРОДУКТ;Водоросль порфира;46.25;5.8;0.3;4.8;0;;
ПРОДУКТ;Водоросль спирулина;81.04;4.2;2.5;9.9;0;;
ПРОДУКТ;Водоросль ульва;23.37;1.9;0;3.8;0;;
ПРОДУКТ;Водоросль уми будо;29.55;1.5;0.4;4.8;0;;
ПРОДУКТ;Водоросль фукус;53.13;3;0.6;8.6;0;;
ПРОДУКТ;Воздушное Суфле С Яблоком;330;4;0;77;0;;
ПРОДУКТ;Воздушные Хоопья;306;12;2;60;0;;
ПРОДУКТ;Воздушные зерна риса в сахарном сиропе;380;3.5;2;86;0;;
ПРОДУКТ;Воздушный Творожок;130;5.8;5.8;13.7;0;;
ПРОДУКТ;Воздушный Тёмный шоколад;510;5.3;29.5;55.5;0;;
ПРОДУКТ;Воздушный рис;394.2;3;1;93.3;0;;
ПРОДУКТ;Вок С Креветками;142.5;7.5;1.3;25.2;0;;
ПРОДУКТ;Вок овощи по-азиатски;30;2.8;0.2;4.5;0;;
ПРОДУКТ;Волован;457.35;7.9;29.9;35.9;0;;
ПРОДУКТ;Вологодский мармелад;314.29;0.3;1.1;74.5;0;;
ПРОДУКТ;Вологодский пломбир;310;3;24;21;0;;
ПРОДУКТ;Волшебный Фонарь;250;3.9;15.2;23.5;0;;
ПРОДУКТ;Вупи-пай ваниль и ягоды;425;5;25;45;0;;
ПРОДУКТ;Вупи-пац банан и соленая карамель;420;5.44;23;47;0;;
ПРОДУКТ;Вырезка Березовская;160;15;11;0.5;0;;
ПРОДУКТ;Вырезка Из Кролика;180;18;12;0;0;;
ПРОДУКТ;Высокобелковое Молоко 1.5;63;7;1.5;5.4;0;;
ПРОДУКТ;Высокобелковый Коктейль;43;6;0.05;4.7;0;;
ПРОДУКТ;Высокобелковый йогурт;83;7.7;3.1;6;0;;
ПРОДУКТ;Высокобелковый кисломолочный коктейль с соком апельсина и ананаса, со вкусом манго и маракуйи «Тропический Микс;76.5;8.7;0.5;9.3;0;;
ПРОДУКТ;Вьетнамский кофе 2в1;460;7;22;63;0;;
ПРОДУКТ;Вязанка наггетсы из печи с куриным филе и сыром;210;7;9;25;0;;
ПРОДУКТ;Вязанка филейская;160;11;13;0;0;;
ПРОДУКТ;Вяленая клюква;344;2;0;84;0;;
ПРОДУКТ;Вяленая курица;279;41.4;11;3.7;0;;
ПРОДУКТ;Вяленые Куриные Ломтики «Мексиканские;308;59;7;2.3;0;;
ПРОДУКТ;Вяленые Томаты В Масле;510;8.5;40;30;0;;
ПРОДУКТ;Вяленые куриные ломтики;280;41.5;11.1;3.5;0;;
ПРОДУКТ;Вяленые томаты;468;10.3;29;41.5;0;;
ПРОДУКТ;Вяленые томаты в подсолнечном масле;510;3.6;50;11.4;0;;
ПРОДУКТ;Вівсяно перлові хлібці;386;11;3;78.7;0;;
ПРОДУКТ;ГОВЯДИНА ОТБОРНАЯ КОПЧЕНО-ВАРЕНАЯ;80;15;1;2;0;;
ПРОДУКТ;ГОСТ Мороженое пломбир в рожке со вкусом клубники;221.82;2.64;13.64;22.73;0;;
ПРОДУКТ;ГОТОВО! ХРУСТЯЩИЕ НАГГЕТСЫ;220;10;12;18;0;;
ПРОДУКТ;Гавайская Тарелка;70;6;1;8.5;0;;
ПРОДУКТ;Гавайская смесь;120;4;1;25;0;;
ПРОДУКТ;Гавайская смесь быстрозамороженная;120;4;1;25;0;;
ПРОДУКТ;Гавайская смесь овощная;148.62;4.7;1.18;29.8;0;;
ПРОДУКТ;Газировка С Маракуей;15;0;0;3.5;0;;
ПРОДУКТ;Газировка лесные ягоды;40;0;0;10;0;;
ПРОДУКТ;Галангал (корень;78.25;1.8;0.7;15.7;0;;
ПРОДУКТ;Галангал сушеный;331.15;9.1;5.9;58.3;0;;
ПРОДУКТ;Галети прості Козак;334;12.4;3.6;63;0;;
ПРОДУКТ;Галеты Nordic из овса с брусникой;417.06;9;14;61;0;;
ПРОДУКТ;Галеты Любятово классические;368.26;11.1;1.2;76;0;;
ПРОДУКТ;Галеты Нежные Сливки;400;6.5;14.5;62;0;;
ПРОДУКТ;Галеты классические;363;11;1.2;75.2;0;;
ПРОДУКТ;Галилейское;270;4;7.5;47;0;;
ПРОДУКТ;Галицыя;39;1;0;8.7;0;;
ПРОДУКТ;Галичина молоко безлактозне 2,5;53;2.8;2.5;4.7;0;;
ПРОДУКТ;Гальбани дор блю;362;14;34;0;0;;
ПРОДУКТ;Гамбургер с индейкой;190;13.5;4.8;13.1;0;;
ПРОДУКТ;Ганаш;555.84;4.9;34.5;52.5;0;;
ПРОДУКТ;Ганаш белый;562.07;3.9;37.2;48.9;0;;
ПРОДУКТ;Ганаш шоколадный;555.84;4.9;34.5;52.5;0;;
ПРОДУКТ;Гарам масала;385.35;15;15;45;0;;
ПРОДУКТ;Гармоника кисле мляко 2;48;3.2;2;4.2;0;;
ПРОДУКТ;Гата;340;5;12;53;0;;
ПРОДУКТ;Гвоздика;322.03;6;20.1;27;0;;
ПРОДУКТ;Гедза С Креветками И Со Свининой;189.2;8.3;4.8;28.2;0;;
ПРОДУКТ;Гедза С Креветкой;84.95;5.16;5.68;3.16;0;;
ПРОДУКТ;Гедза с креветками и крабовыми палочками;170;7.7;3.6;26.7;0;;
ПРОДУКТ;Гедза с цыпленком-бройлером;194.5;8;6.5;26;0;;
ПРОДУКТ;Гейнер BSN True-Mass;424.45;33.1;11;45.5;0;;
ПРОДУКТ;Гейнер BSN True-Mass 1200;409.11;16.1;5.2;71.9;0;;
ПРОДУКТ;Гейнер CytoSport Cyto Gainer;377.6;36;3;49.3;0;;
ПРОДУКТ;Гейнер CytoSport Monster Mass;435.44;33.3;11.3;47.3;0;;
ПРОДУКТ;Гейнер Dymatize Elite Mass Gainer;397.96;36.7;4;51.3;0;;
ПРОДУКТ;Гейнер Dymatize Elite Mega Gainer;401.45;21.4;5.7;63.6;0;;
ПРОДУКТ;Гейнер Dymatize Mega Gainer;442.34;24;5.6;71.2;0;;
ПРОДУКТ;Гейнер Dymatize Super Mass Gainer;395.4;15.6;2.4;75.4;0;;
ПРОДУКТ;Гейнер Gaspari Real Mass;388.65;15.4;1.1;76.9;0;;
ПРОДУКТ;Гейнер IronMaxx Titan V.2.0;376.51;24.3;2;63;0;;
ПРОДУКТ;Гейнер Max Power Big Muscle;371.6;13.9;0.5;75.6;0;;
ПРОДУКТ;Гейнер Muscletech 100% Premium Mass Gainer;377.25;14.5;0.8;75.7;0;;
ПРОДУКТ;Гейнер Muscletech Mass Tech Hardcore Pro;389.49;23.3;1.5;68.3;0;;
ПРОДУКТ;Гейнер Muscletech Mass Tech Performance;417.92;25;3.5;69;0;;
ПРОДУКТ;Гейнер Optimum Pro Complex Gainer;420.37;37.7;5;53.5;0;;
ПРОДУКТ;Гейнер Optimum Serious Mass;382.39;15;1;76;0;;
ПРОДУКТ;Гейнер Performance Amino Gainer;377.27;30.8;4.2;51.7;0;;
ПРОДУКТ;Гейнер Performance Turbo Mass Gainer;369.37;21.3;2.6;62.9;0;;
ПРОДУКТ;Гейнер Ultimate Iso Mass Xtreme Gainer;431.41;42.5;4.6;52.3;0;;
ПРОДУКТ;Гейнер Ultimate Magic Milk;463.63;42.7;24;16;0;;
ПРОДУКТ;Гейнер Ultimate Massive Whey Gainer;390.07;33.3;2.4;56.4;0;;
ПРОДУКТ;Гейнер Ultimate Muscle Juice 2544;406.37;22;7.2;60.8;0;;
ПРОДУКТ;Гель;150;0;0;36.67;0;;
ПРОДУКТ;Гель Большой;233;0;0;58.3;0;;
ПРОДУКТ;Гель с глюкозой;130;0;0;32;0;;
ПРОДУКТ;Гематоген;362.84;6;3;75.7;0;;
ПРОДУКТ;Гематоген Детский;390;5;3;86;0;;
ПРОДУКТ;Гематоген Русский;340;5;8;63;0;;
ПРОДУКТ;Гематоген Русский C;345;3.5;3;76;0;;
ПРОДУКТ;Гематоген Русский детский;351.25;3.5;2.9;75.6;0;;
ПРОДУКТ;Гематоген Шоколадный;390;7;3.4;82;0;;
ПРОДУКТ;ГематогенКА;459.02;4.9;11.5;81;0;;
ПРОДУКТ;Геркулес;340;12;6;60;0;;
ПРОДУКТ;Геркулес Агро-Альянс Классик;309.94;11;6;51;0;;
ПРОДУКТ;Геркулес Монастырский;360;12;6;62;0;;
ПРОДУКТ;Геркулес быстрого приготовления;362;12;6;62;0;;
ПРОДУКТ;Геркулес классический (хлопья овсяные;301.15;11;6;50;0;;
ПРОДУКТ;Геркулес нежный;362;12;6;62;0;;
ПРОДУКТ;Геркулес традиционный;360;12;6;62;0;;
ПРОДУКТ;Геркулес. Моментальная овсяная каша с вишней;360.9;9;4.5;69;0;;
ПРОДУКТ;Гиоза с овощами;146;5.1;1.9;26;0;;
ПРОДУКТ;Главсуп солянка;44;1.3;2.5;4;0;;
ПРОДУКТ;Гладкоголов;50.45;8;1.9;0;0;;
ПРОДУКТ;Глазированное брауни;466;15;34;20;0;;
ПРОДУКТ;Глазированный сырок с какао;410;9.5;25.6;36.5;0;;
ПРОДУКТ;Глазированный сырок творожный Земляника;362.6;10.4;21.4;32.1;0;;
ПРОДУКТ;Глазурований Зефир;364;1.9;7.8;69.9;0;;
ПРОДУКТ;Глинтвейн August Weinxof;30.75;0;0;7.5;0;;
ПРОДУКТ;Глинтвейн St Lorenz;32.8;0;0;8;0;;
ПРОДУКТ;Глухарь;261.65;18;20;0.5;0;;
ПРОДУКТ;Глютен Пшеничный;352;70;0;18;0;;
ПРОДУКТ;Говядина;230;34;9;3;0;;
ПРОДУКТ;Говядина «Премиум;103.9;18;3.5;0.1;0;;
ПРОДУКТ;Говядина Аппетитная;110;15;5.5;0.5;0;;
ПРОДУКТ;Говядина Вкусная;90;17;2;0;0;;
ПРОДУКТ;Говядина Нежная;93;10.7;3.8;4;0;;
ПРОДУКТ;Говядина Охлажденная;208;16;16;0;0;;
ПРОДУКТ;Говядина С Картофельным Пюре;83.6;2.9;4.8;7.2;0;;
ПРОДУКТ;Говядина Филе;136;16;8;0;0;;
ПРОДУКТ;Говядина вареная;261.85;25.8;16.8;0;0;;
ПРОДУКТ;Говядина вареная нежирная;181.44;25.7;8.1;0.2;0;;
ПРОДУКТ;Говядина для вторых блюд;134;19;6;1;0;;
ПРОДУКТ;Говядина жареная;395.12;32.7;28.1;0;0;;
ПРОДУКТ;Говядина мраморная;166.7;18;10;0;0;;
ПРОДУКТ;Говядина постная;156.98;22.2;7.1;0;0;;
ПРОДУКТ;Говядина постная жареная;203.44;29;9.1;0;0;;
ПРОДУКТ;Говядина с печенью;123.8;9.8;8.2;2.8;0;;
ПРОДУКТ;Говядина с сердцем;121.89;9.8;8;2.8;0;;
ПРОДУКТ;Говядина с языком;120;10.3;7.5;2.8;0;;
ПРОДУКТ;Говядина средней жирности;288.3;25;20;0;0;;
ПРОДУКТ;Говядина су-вид с картофельным пюре;228.6;13.3;11.4;18.2;0;;
ПРОДУКТ;Говядина томленая;141.6;16;8.4;0.5;0;;
ПРОДУКТ;Говядина тушеная;238.89;16.8;18.3;0;0;;
ПРОДУКТ;Говядина тушеная Лента;219.43;15;17;0;0;;
ПРОДУКТ;Говядина тушёная высший сорт;213;15;17;0;0;;
ПРОДУКТ;Говядина филей;136;16;8;0;0;;
ПРОДУКТ;Говяжий гуляш;153.53;14;9.2;2.6;0;;
ПРОДУКТ;Говяжий рубец;99.7;14.8;4.2;0;0;;
ПРОДУКТ;Говяжий фарш;256.32;17.2;20;0;0;;
ПРОДУКТ;Говяжий фарш жирный;293.75;15;25;0;0;;
ПРОДУКТ;Говяжий фарш постный;213.15;18;15;0;0;;
ПРОДУКТ;Говяжий хвост;141.15;19.7;6.5;0;0;;
ПРОДУКТ;Говяжий язык;151.28;12.2;10.9;0;0;;
ПРОДУКТ;Говяжий язык вареный;237.34;23.9;15;0;0;;
ПРОДУКТ;Говяжье вымя;177.7;12.3;13.7;0;0;;
ПРОДУКТ;Говяжье сердце;98.11;16;3.5;0;0;;
ПРОДУКТ;Говяжьи губы;107.95;15;5;0;0;;
ПРОДУКТ;Говяжьи легкие;89.64;16.2;2.5;0;0;;
ПРОДУКТ;Говяжьи легкие тушеные;118.01;20.4;3.7;0;0;;
ПРОДУКТ;Говяжьи мозги;127.86;11.7;8.6;0;0;;
ПРОДУКТ;Говяжьи ноги;163.81;25;6.6;0;0;;
ПРОДУКТ;Говяжьи почки;88.33;15.2;2.8;0;0;;
ПРОДУКТ;Говяжьи ребра;370.25;11;35;0;0;;
ПРОДУКТ;Говяжьи уши;124.69;25.2;2.3;0;0;;
ПРОДУКТ;Говяжья Шея;163;16;11;0;0;;
ПРОДУКТ;Говяжья вырезка;224.9;18.6;16;0;0;;
ПРОДУКТ;Говяжья вырезка филейная;114.93;20.1;3.5;0;0;;
ПРОДУКТ;Говяжья грудинка;224.98;19.3;15.7;0;0;;
ПРОДУКТ;Говяжья грудинка копчёная;651.73;7.6;66.8;0;0;;
ПРОДУКТ;Говяжья грудинка копчёно-варёная;551.95;10;55;0;0;;
ПРОДУКТ;Говяжья лопатка;140.85;19.4;6.6;0;0;;
ПРОДУКТ;Говяжья пашина;231.7;18.9;16.6;0;0;;
ПРОДУКТ;Говяжья печень;127.2;20;3.1;4;0;;
ПРОДУКТ;Говяжья печень жареная;204.64;22.9;10.2;3.9;0;;
ПРОДУКТ;Говяжья печень нежирная;100.14;17.4;3.1;0;0;;
ПРОДУКТ;Говяжья покромка;224.9;18.6;16;0;0;;
ПРОДУКТ;Говяжья тазобедренная часть (огузок;142.28;20.2;6.4;0;0;;
ПРОДУКТ;Говяжья тушенка;219.46;14.1;17.4;0;0;;
ПРОДУКТ;Говяжья шейная часть;139;19.4;6.4;0;0;;
ПРОДУКТ;Голавль;125;17.8;5.6;0;0;;
ПРОДУКТ;Голень Цыплят;140;18;7;0;0;;
ПРОДУКТ;Голень копчёно-варёная;181;12;14;2;0;;
ПРОДУКТ;Голец;144.79;22.4;5.7;0;0;;
ПРОДУКТ;Голландские Вафли Вареная Сгущенка;440;6.5;16;68;0;;
ПРОДУКТ;Голландские Вафли С Карамельной Начинкой;430;5.5;15;67;0;;
ПРОДУКТ;Голландские Вафли С Манговой Начинкой;396.7;4.5;14.3;62.5;0;;
ПРОДУКТ;Голландские Вафли с начинкой из вареной сгущенки;420;6;16;63;0;;
ПРОДУКТ;Голландский сыр;330;26.8;25.2;0;0;;
ПРОДУКТ;Головоломки;341.78;10.5;1;71;0;;
ПРОДУКТ;Голубая нуга;562;8.3;40.6;40.8;0;;
ПРОДУКТ;Голубика;37.72;1;0;8.2;0;;
ПРОДУКТ;Голубика отборная;57;0.7;0.3;14.5;0;;
ПРОДУКТ;Голубиное мясо;296.95;18.5;23.8;0;0;;
ПРОДУКТ;Голубцы «По-Царски;80;4;5;5.5;0;;
ПРОДУКТ;Голубцы Мясновъ;109.23;7.4;6.2;6;0;;
ПРОДУКТ;Голубцы ленивые;134.1;8;7.3;9.1;0;;
ПРОДУКТ;Голубцы ленивые с грибами и брокколи;132;10.4;6.8;7.3;0;;
ПРОДУКТ;Голубцы по-домашнему с овощным соусом;143.4;8.7;8.5;8;0;;
ПРОДУКТ;Гольдис творожный вкус;460;8;26;47;0;;
ПРОДУКТ;Голяшка говяжья без кости;360;12;35;0;0;;
ПРОДУКТ;Горбуша Икра Зернистая Лососевая;231;25.7;13;2.7;0;;
ПРОДУКТ;Горбуша горячего копчения;165.72;23.2;7.6;0;0;;
ПРОДУКТ;Горбуша жареная в кляре;284.79;17.1;16.4;15.2;0;;
ПРОДУКТ;Горбуша запеченная в шубе;188.94;13.2;13.1;3.2;0;;
ПРОДУКТ;Горбуша маринованная;139.57;20.9;5.8;0;0;;
ПРОДУКТ;Горбуша натуральная Русский рыбный мир;141.84;21;6;0;0;;
ПРОДУКТ;Горбуша отварная;166.35;22.9;7.8;0;0;;
ПРОДУКТ;Горбуша по-русски запеченная;260.6;11.2;9;33.7;0;;
ПРОДУКТ;Горбуша свежая;144.43;20.5;6.5;0;0;;
ПРОДУКТ;Горбуша солёная;174.22;22.1;9;0;0;;
ПРОДУКТ;Горбыль;150.78;22.5;6.3;0;0;;
ПРОДУКТ;Горгонзола Зелёная линия;285.6;19.9;22.4;1.1;0;;
ПРОДУКТ;Горох;72;5.2;0.9;6.8;0;;
ПРОДУКТ;Горох Мистраль Айдахо;324.61;20.8;1.4;55.2;0;;
ПРОДУКТ;Горох Мистраль Орегон;368.17;20;1.5;66.4;0;;
ПРОДУКТ;Горох Пассим колотый;306.37;23;1.6;48.1;0;;
ПРОДУКТ;Горох варёный;61.5;6;0;9;0;;
ПРОДУКТ;Горох колотый Агро-Альянс;357.79;23;1;62;0;;
ПРОДУКТ;Горох колотый шлифованный;310;23;1.5;51;0;;
ПРОДУКТ;Горох колотый шлифованный 1 сори;314;23;1.5;50;0;;
ПРОДУКТ;Горох колотый шлифованный 1 сорт;302.8;23;1.2;50;0;;
ПРОДУКТ;Горох колотый шлифованный первый сорт;298;23;1.6;50.8;0;;
ПРОДУКТ;Горох лущеный;345.73;23;1.6;57.7;0;;
ПРОДУКТ;Горох маш;303.53;23.5;2;46;0;;
ПРОДУКТ;Горох маш (ростки;39.17;3.1;0.2;6;0;;
ПРОДУКТ;Горох маш Ярмарка Платинум;319.93;23.5;2;50;0;;
ПРОДУКТ;Горох сушёный;321.16;20.5;2;53.3;0;;
ПРОДУКТ;Гороховый Суп С Копченостями;83.2;5.2;2.8;9.3;0;;
ПРОДУКТ;Гороховый крем-суп «По-голландски;339.39;6;11;54;0;;
ПРОДУКТ;Гороховый крем-суп с копченой курицей;301;21;1.1;49.1;0;;
ПРОДУКТ;Гороховый с беконом;360.9;14;7;59;0;;
ПРОДУКТ;Горошек;68.8;4.7;0;12.5;0;;
ПРОДУКТ;Горошек зеленый;40;3.15;0.3;5.42;0;;
ПРОДУКТ;Горошек зелёный;78.94;5;0.2;13.8;0;;
ПРОДУКТ;Горошек зелёный 4 сезона;76.48;5.1;0.2;13.1;0;;
ПРОДУКТ;Горошек зелёный 6 соток;39.36;3.1;0;6.5;0;;
ПРОДУКТ;Горошек зелёный Globus;59.39;5.5;0.7;7.4;0;;
ПРОДУКТ;Горошек зелёный Hortex;73.01;6.4;0.4;10.5;0;;
ПРОДУКТ;Горошек зелёный Бондюэль Нежный;52.29;4.8;0.2;7.5;0;;
ПРОДУКТ;Горошек зелёный Бондюэль замороженный;111.55;6.9;0.4;19.4;0;;
ПРОДУКТ;Горошек зелёный Бондюэль с молодой морковью;56.31;3.3;0.5;9.3;0;;
ПРОДУКТ;Горошек зелёный Бондюэль с морковью в кубиках;55.16;3;0.2;10;0;;
ПРОДУКТ;Горошек зелёный Каждый день замороженный;57.21;5;0.2;8.5;0;;
ПРОДУКТ;Горошек зелёный замороженный;96.79;6.4;0.4;16.3;0;;
ПРОДУКТ;Горошек зелёный консервированный;55.87;3.6;0.1;9.8;0;;
ПРОДУКТ;Горошек зелёный нежный;50;3;0.4;7;0;;
ПРОДУКТ;Горошек зелёный стручковый;56.39;5;0.2;8.3;0;;
ПРОДУКТ;Горошек нежный;74;5.5;0.7;7.4;0;;
ПРОДУКТ;Горчица;173.03;5.7;6.4;22;0;;
ПРОДУКТ;Горчица - Дижонская;200;6.5;8;25;0;;
ПРОДУКТ;Горчица 365 дней Русская;93.2;7.4;2;10.8;0;;
ПРОДУКТ;Горчица «Баварская;156;6.4;7.6;15.4;0;;
ПРОДУКТ;Горчица «Боярская;130;8.5;4;14;0;;
ПРОДУКТ;Горчица «Русская;196;7.5;9.5;20;0;;
ПРОДУКТ;Горчица Баварская;133;9.7;3;16.9;0;;
ПРОДУКТ;Горчица Дижонская;234.3;5.8;14.3;20.6;0;;
ПРОДУКТ;Горчица Махеевъ столовая Русская;185.72;9.6;10.9;11;0;;
ПРОДУКТ;Горчица Медовая;171;5.5;6;23;0;;
ПРОДУКТ;Горчица Столичная с хреном;215.1;8.9;10.7;20.8;0;;
ПРОДУКТ;Горчица Столовая;157;6;5;22;0;;
ПРОДУКТ;Горчица Столовая острая;120;4;5;18;0;;
ПРОДУКТ;Горчица белая (английская;279.42;37.1;11.1;5.9;0;;
ПРОДУКТ;Горчица острая;91;7.4;2;10.8;0;;
ПРОДУКТ;Горчица пищевая «Французская;150;0;11;12;0;;
ПРОДУКТ;Горчица по-дижонски;210;8;10;23;0;;
ПРОДУКТ;Горчица русская (сарептская;185.42;8.7;11;11.6;0;;
ПРОДУКТ;Горчица сарепская;141;4.6;5.9;16;0;;
ПРОДУКТ;Горчица чёрная (французская;279.42;37.1;11.1;5.9;0;;
ПРОДУКТ;Горчичный порошок;388.89;37.1;11.1;32.6;0;;
ПРОДУКТ;Горчичный соус;380;1.5;34;16;0;;
ПРОДУКТ;Горький Шоколад На Меду;560;8;42.6;36;0;;
ПРОДУКТ;Горький шоколад;562;11;40;31;0;;
ПРОДУКТ;Горький шоколад (55;543;6.6;36.2;47.7;0;;
ПРОДУКТ;Горький шоколад 68% какао без добавления сахара;520;8.5;41;28;0;;
ПРОДУКТ;Горький шоколад 70% какао;541;8.6;39.1;31.1;0;;
ПРОДУКТ;Горький шоколад 72;543;10;39.9;34.3;0;;
ПРОДУКТ;Горький шоколад 72% Какао;560;8.9;41.2;38.1;0;;
ПРОДУКТ;Горький шоколад 90% какао;611;10.1;54.5;10.8;0;;
ПРОДУКТ;Горький шоколад «Российский» 70 % какао;545.17;9.1;39;36;0;;
ПРОДУКТ;Горький шоколад без сахара;616;13;55;15;0;;
ПРОДУКТ;Горький шоколад классический;540.15;6.5;35;50;0;;
ПРОДУКТ;Горький шоколад с кайенским перцем;520;9;39;32;0;;
ПРОДУКТ;Горький шоколад с клубникой и фундуком;500;10;36.67;33.33;0;;
ПРОДУКТ;Горький шоколад с кокосом Кокосмос;469.6;8.4;33.9;33.6;0;;
ПРОДУКТ;Горячий шоколад;392;4;8;76;0;;
ПРОДУКТ;Горячий шоколад Fit Parad;235.6;3;5.5;42;0;;
ПРОДУКТ;Готовый Завтрак С Маршмеллоу Classic;360;6.2;1.6;80.8;0;;
ПРОДУКТ;Готовый Завтрак С Овсянкой И Цветочным Мёдом;115;4.6;2.5;18.6;0;;
ПРОДУКТ;Готовый Завтрак С Овсянкой, Яблоком И Корицей;109;4.9;2.5;16.7;0;;
ПРОДУКТ;Готовый завтрак;181;6.9;4;28.4;0;;
ПРОДУКТ;Готовый завтрак Nesquik Cereal;376.67;8.7;3;74.6;0;;
ПРОДУКТ;Готовый завтрак Nesquik DUO;397;8.8;6.6;71.3;0;;
ПРОДУКТ;Готовый завтрак Nestle Kosmostars звездочки и галактики медовые;388.39;7.2;5;76.2;0;;
ПРОДУКТ;Готовый завтрак подушечки со вкусом банана;450;5;17;67;0;;
ПРОДУКТ;Готовый завтрак № 3 - Кукурузно-гречневые хлопья с отрубями;329.83;12;2;62;0;;
ПРОДУКТ;Готовый сухой завтрак фитнес оригинал;366;9.4;2.1;72.2;0;;
ПРОДУКТ;Гоша С Клубникой, Бананом И Киви;144;2.3;5.1;22.2;0;;
ПРОДУКТ;Гравлакс Из Форели Радужной;206.2;19.7;11.8;5.3;0;;
ПРОДУКТ;Гранадилла;35.78;0.5;0.1;8;0;;
ПРОДУКТ;Гранат;60.68;0.9;0;13.9;0;;
ПРОДУКТ;Гранатовый сок;60.68;0.3;0;14.5;0;;
ПРОДУКТ;Гранатовый сок с черникой холодного отжима;58;0.5;0;14;0;;
ПРОДУКТ;Гранд-котлеты из цыплёнка с сыром;207.2;17;9.6;13.2;0;;
ПРОДУКТ;Граненброт (зерновой;230;8;5.5;37;0;;
ПРОДУКТ;Гранола;289.7;8.5;6.9;48.4;0;;
ПРОДУКТ;Гранола Карамельная с клубникой и вишней;352.4;9;6.4;64.7;0;;
ПРОДУКТ;Гранола Кофейная;470.2;9;19;65.8;0;;
ПРОДУКТ;Гранола Манго-Ананас;365;8.3;10.8;58.6;0;;
ПРОДУКТ;Гранола с Шоколадом и Белком;351.5;20.1;10.7;43.7;0;;
ПРОДУКТ;Гранола с курагой;410;10;14;60;0;;
ПРОДУКТ;Гранола с молочным шоколадом;476;8.1;21;61.9;0;;
ПРОДУКТ;Гранола ягоды и мед;355;9.6;10.64;59.16;0;;
ПРОДУКТ;Гранулированное Мороженое Со Вкусом Сахарной Ваты С Зефирками;204;2.7;10.8;24;0;;
ПРОДУКТ;Грейпфрут;31.38;0.7;0.2;6.5;0;;
ПРОДУКТ;Грейпфрутовый нектар;43.46;0.2;0;10.4;0;;
ПРОДУКТ;Грейпфрутовый сок;32.2;0.9;0.2;6.5;0;;
ПРОДУКТ;Грейпфрутовый фреш;30;0.9;0.2;6.5;0;;
ПРОДУКТ;Гремолата;50.05;3.7;0.4;7.6;0;;
ПРОДУКТ;Гренки;439;14;5.7;83;0;;
ПРОДУКТ;Гренки Лисички С Сметаной;540;6;35;51;0;;
ПРОДУКТ;Гренки Маринованные Огурчики;520;6;34;47;0;;
ПРОДУКТ;Гренки Мексиканские С Паприкой;497.2;8;22;66.8;0;;
ПРОДУКТ;Гренки С Аджикой;488.8;10.4;20;66.8;0;;
ПРОДУКТ;Гренки С Вкусом Тайского Соуса;420;12;10;71;0;;
ПРОДУКТ;Гренки С Сыром;510;7;34;45;0;;
ПРОДУКТ;Гренки Со Вкусом Говядины Со Специями;415;8.7;7.8;77.4;0;;
ПРОДУКТ;Гренки Со Вкусом Копченых Колбасок;415;8.7;7.8;77.4;0;;
ПРОДУКТ;Гренки Со Вкусом Лисичек Со Сметаной;540;6;35;51;0;;
ПРОДУКТ;Гренки Тайский Перец;510;7;34;44;0;;
ПРОДУКТ;Гренки Терияки;420;10;14;64;0;;
ПРОДУКТ;Гренки бородинские с чесноком и укропом;410;9;13;65;0;;
ПРОДУКТ;Гренки пшеничные;399.72;11.4;9;65.7;0;;
ПРОДУКТ;Гренки пшеничные кубики салатные;351.3;12.3;5.2;61.6;0;;
ПРОДУКТ;Гренки ржано-пшеничные с томатом, чесноком и зеленью;400;6.5;25;37;0;;
ПРОДУКТ;Гренки ржано-пшеничные с чесноком;425.5;12.4;10.3;70.8;0;;
ПРОДУКТ;Гренки ржаные с чесноком;245.68;9.5;12.5;22.1;0;;
ПРОДУКТ;Гренки с натуральным чесноком;463.5;5;17.5;71.5;0;;
ПРОДУКТ;Гренки со вкусом итальянского твёрдого сыра;420;12;10;71;0;;
ПРОДУКТ;Гренки со вкусом мяса в соусе терияки;420;12;10;71;0;;
ПРОДУКТ;Гренки со вкусом чеснока;496;7.5;31.1;46.5;0;;
ПРОДУКТ;Грецкие орехи;656;16.2;60.8;11.1;0;;
ПРОДУКТ;Грецкий Орех Сушеный;670;16;62;12;0;;
ПРОДУКТ;Грецкий орех;696.73;15.2;65.2;7;0;;
ПРОДУКТ;Грецкий орех Красная цена;690;14.8;64;13.7;0;;
ПРОДУКТ;Грецький Йогурт;68;5;3;5.2;0;;
ПРОДУКТ;Гречана каша з куркою;375;9.6;2;74.9;0;;
ПРОДУКТ;Греческий Йогурт;96;10;4.72;4.33;0;;
ПРОДУКТ;Греческий Йогурт 2;66;8;2;4;0;;
ПРОДУКТ;Греческий Йогурт Teos 5;90.2;7;5;4.3;0;;
ПРОДУКТ;Греческий Йогурт Злаки С Клетчаткой Льна;91.2;7;2;11.3;0;;
ПРОДУКТ;Греческий Йогурт Клубника;91.2;7;2;11.3;0;;
ПРОДУКТ;Греческий Йогурт С Черникой;87;7.7;1.8;9.9;0;;
ПРОДУКТ;Греческий йогурт (миндаль фисташки;133.85;3.8;7.9;12;0;;
ПРОДУКТ;Греческий йогурт TEOS 2;66.8;8;2;4.2;0;;
ПРОДУКТ;Греческий йогурт «Вишня;91.2;7;2;11.3;0;;
ПРОДУКТ;Греческий йогурт «Злаки с клетчаткой льна;91.2;7;2;11.3;0;;
ПРОДУКТ;Греческий йогурт «Классический;70;4;4;4;0;;
ПРОДУКТ;Греческий йогурт натуральный;119;4.5;8.4;6.4;0;;
ПРОДУКТ;Греческий йогурт, черника;91.2;7;2;11.3;0;;
ПРОДУКТ;Греческий салат;99.18;3.27;7.76;4.08;0;;
ПРОДУКТ;Гречишный Шоколад С Кокосом;600;8.3;47.9;34.3;0;;
ПРОДУКТ;Гречишный белый шоколад;593;10.1;43.3;40.4;0;;
ПРОДУКТ;Гречишный молочный шоколад;570;9.7;40.6;41.1;0;;
ПРОДУКТ;Гречка;336;12.8;3.2;64;0;;
ПРОДУКТ;Гречка (Лента;365;12;2;67;0;;
ПРОДУКТ;Гречка Отварная С Маслом;126.8;4.3;2.4;22;0;;
ПРОДУКТ;Гречка С Овощами;150;4.1;4.7;23;0;;
ПРОДУКТ;Гречка алтайская;350;13;2.5;68;0;;
ПРОДУКТ;Гречка зелёная для проращивания;297.05;10.8;3.2;54.4;0;;
ПРОДУКТ;Гречка магнит;329;13;2.6;68;0;;
ПРОДУКТ;Гречка с грибами и овощами;357.92;9.9;2.08;74.9;0;;
ПРОДУКТ;Гречка с котлетами из индейки;154.6;12.7;5.4;13.8;0;;
ПРОДУКТ;Гречка с куриным филе;117;8;5;10;0;;
ПРОДУКТ;Гречка экстра;358;13;2;72;0;;
ПРОДУКТ;Гречка ядриця;335;10;1.3;65.2;0;;
ПРОДУКТ;Гречневая Каша С Черносливом;500;6.67;23.3;63.3;0;;
ПРОДУКТ;Гречневая Крупа;351;10;2.9;70.9;0;;
ПРОДУКТ;Гречневая каша Nestle безмолочная;386.62;11;3;76.5;0;;
ПРОДУКТ;Гречневая каша Nestle безмолочная с черносливом;386.62;11;3;76.5;0;;
ПРОДУКТ;Гречневая каша Nestle молочная;420.9;14;10;66;0;;
ПРОДУКТ;Гречневая каша Nestle молочная с курагой;420.9;14;10;66;0;;
ПРОДУКТ;Гречневая каша Малютка безмолочная;384.65;11.4;2.7;76.3;0;;
ПРОДУКТ;Гречневая каша Малютка молочная с черносливом;442.79;12.8;12.4;67.1;0;;
ПРОДУКТ;Гречневая каша ФрутоНяня безмолочная с яблоком;64.37;0.7;0;15;0;;
ПРОДУКТ;Гречневая каша вязкая на воде;90.66;3.2;0.8;17.1;0;;
ПРОДУКТ;Гречневая каша из крупы ядрица;103.75;3;3.4;14.6;0;;
ПРОДУКТ;Гречневая каша на молоке;127.15;4.2;2.3;21.6;0;;
ПРОДУКТ;Гречневая каша с курагой;427;14;11;68;0;;
ПРОДУКТ;Гречневая каша с маслом;142.32;4.5;2.3;25;0;;
ПРОДУКТ;Гречневая кашка Heinz грушка абрикос смородинка молочная;388.56;12;2.9;76.2;0;;
ПРОДУКТ;Гречневая кашка Heinz низкоаллергенная без молока;357.21;9.5;1.6;74;0;;
ПРОДУКТ;Гречневая кашка ФрутоНяня молочная жидкая с яблоком;65.21;2;1.9;9.6;0;;
ПРОДУКТ;Гречневая крупа (продел;330.51;9.5;2.3;65.9;0;;
ПРОДУКТ;Гречневая крупа (ядрица;336.93;12.6;3.3;62.1;0;;
ПРОДУКТ;Гречневая крупа (ядрица) зелёная;303.61;10.8;3.2;56;0;;
ПРОДУКТ;Гречневая крупа Агро-Альянс Элитная;359.97;13;3;68;0;;
ПРОДУКТ;Гречневая крупа Мистраль ядрица;352.92;13.6;3.3;65;0;;
ПРОДУКТ;Гречневая крупа Пассим Алтайская;354.61;12.6;2.6;68;0;;
ПРОДУКТ;Гречневая крупа Экстра;351.34;13;3;68;0;;
ПРОДУКТ;Гречневая крупа высший сорт;340;13;2.5;61;0;;
ПРОДУКТ;Гречневая лапша SOBA;350;15;1;71;0;;
ПРОДУКТ;Гречневая лапша с курицей;146.27;7.84;3.53;20.78;0;;
ПРОДУКТ;Гречневая манка Гарнец безглютеновая;361.48;12.5;2.5;70;0;;
ПРОДУКТ;Гречневые Вафельные Хлебцы;350;10;4;70;0;;
ПРОДУКТ;Гречневые хлопья;360;9.5;2.5;74;0;;
ПРОДУКТ;Гречневые хлопья Myllyn Paras;345.84;13;1.7;67.5;0;;
ПРОДУКТ;Гречневые хлопья Myllyn Paras для каши;345.84;13;1.7;67.5;0;;
ПРОДУКТ;Гречневые хлопья Агро-Альянс;367.08;11;2;74;0;;
ПРОДУКТ;Гречневые хлопья Алтайская сказка;355.08;12.8;3.4;66.1;0;;
ПРОДУКТ;Гречневые хлопья Мистраль;314.93;12.6;2.3;59;0;;
ПРОДУКТ;Гречневые хлопья Пассим;330.1;9.5;2.3;65.8;0;;
ПРОДУКТ;Гречневые шарики с натуральным медом;370;8.5;2;77;0;;
ПРОДУКТ;Грибний крем-суп;250;19;1.8;45;0;;
ПРОДУКТ;Грибное ассорти 4 сезона;73.55;2.9;0.9;13;0;;
ПРОДУКТ;Грибное ассорти быстрозамороженное;19.32;2.2;0.8;0.7;0;;
ПРОДУКТ;Грибное ризотто Бондюэль в томатном соусе;84.1;2.4;0.8;16.3;0;;
ПРОДУКТ;Грибной жульен Hortex;25.97;2.6;0.5;2.6;0;;
ПРОДУКТ;Грибной соус Astoria;220;0.5;20;8.5;0;;
ПРОДУКТ;Грибы шиитаке;477;5.4;18.8;71.7;0;;
ПРОДУКТ;Гризини зерновые;430;13;9;71;0;;
ПРОДУКТ;Гризини с оливковым маслом;420;12;8.5;72;0;;
ПРОДУКТ;Гризини с пицей;393;12;7.8;67;0;;
ПРОДУКТ;Гризон говядина;269.44;55.56;5.56;0;0;;
ПРОДУКТ;Грильяж смотка в пачках;520;5.5;26;64;0;;
ПРОДУКТ;Гриссини;248.44;7;6;40;0;;
ПРОДУКТ;Грудинка Нежная;367;11;35;2;0;;
ПРОДУКТ;Грудинка в маринаде «Барбекю;445;10;45;0;0;;
ПРОДУКТ;Грудинка варёно-копчёная;527;8;55;0;0;;
ПРОДУКТ;Грудка Куриная;157;24.2;6.4;1.1;0;;
ПРОДУКТ;Грудка Куриная Филе;120;21;4;0;0;;
ПРОДУКТ;Грудка индейки кортадор;100;22.5;1;0;0;;
ПРОДУКТ;Грудка индейки сыровяленая Манго-Чили;181.8;39.4;1;3.8;0;;
ПРОДУКТ;Грудка куриная запеченная;168.3;30.7;4.7;0.8;0;;
ПРОДУКТ;Грудка цыплёнка-бройлера в маринаде Пряная паприка;139.8;14.9;8.6;0.7;0;;
ПРОДУКТ;Грузди маринованные Steinhauer;20.82;1;1.8;0;0;;
ПРОДУКТ;Грузди свежие;15.31;1.8;0.5;0.8;0;;
ПРОДУКТ;Грузди солёные;15;1;0.4;1.4;0;;
ПРОДУКТ;Грузинский лимонад Limonati тархун;42.42;0;0;10;0;;
ПРОДУКТ;Групер (мероу;113.76;24.8;1.3;0;0;;
ПРОДУКТ;Груша;50;0;0;12;0;;
ПРОДУКТ;Груша консервированная;64.78;0.2;0;15.6;0;;
ПРОДУКТ;Грушевый компот;75.44;0.2;0;18.2;0;;
ПРОДУКТ;Грушевый нектар;54;0;0;13;0;;
ПРОДУКТ;Грушевый сок;49.53;0.4;0.3;11;0;;
ПРОДУКТ;Груши сушёные;271.66;2.3;0.6;62.6;0;;
ПРОДУКТ;Грюер;398;27.2;33;1;0;;
ПРОДУКТ;Грінки;461.3;9.9;13.3;75.5;0;;
ПРОДУКТ;Грінки зі смаком Телятина з аджикою;398.8;8.6;6;77.6;0;;
ПРОДУКТ;Гуава;56.44;2.6;1;8.9;0;;
ПРОДУКТ;Гуава земляничная;79.37;0.6;0.6;17.4;0;;
ПРОДУКТ;Гуавовый сок;58.33;0.1;0.1;13.9;0;;
ПРОДУКТ;Гуада З Трюфелем;384;25.8;31.2;0;0;;
ПРОДУКТ;Гуарана;27.06;0.1;0;6.5;0;;
ПРОДУКТ;Гукамоле;137.7;1.9;10.9;8;0;;
ПРОДУКТ;Гулявник лекарственный;21.73;0.3;0;5;0;;
ПРОДУКТ;Гуляш Из Говядины;240;15;20;0;0;;
ПРОДУКТ;Гуляш Яловичий;105;20.3;2.6;0;0;;
ПРОДУКТ;Гуляш из говядины с гречкой;159.6;9.3;6.1;16.8;0;;
ПРОДУКТ;Гум Орловская хрустим краб 60;450;10;15;67;0;;
ПРОДУКТ;Гунканы с сурими Спайси;258.1;7.6;6.7;41.9;0;;
ПРОДУКТ;Гусиная печень;424.63;15.2;39;0;0;;
ПРОДУКТ;Густера;84.21;15.1;2.4;0;0;;
ПРОДУКТ;Гусь;424.63;15.2;39;0;0;;
ПРОДУКТ;Гусь вареный;461.88;19.3;41.2;0;0;;
ПРОДУКТ;Гусь жареный;640.14;22.9;58.8;0;0;;
ПРОДУКТ;Гювеч;100;1;9;4;0;;
ПРОДУКТ;Гюдон Из Говядины;150;6.5;8;14;0;;
ПРОДУКТ;Гюнику татаки;104.51;12.8;2.6;6.8;0;;
ПРОДУКТ;Гютан терияки;311.93;11;22.5;14.1;0;;
ПРОДУКТ;Гёдза со свининой;201;6.3;7.5;27;0;;
ПРОДУКТ;Гірчиця «Міцна;178;9.4;8;17;0;;
ПРОДУКТ;ДАРК КЛАСИК;540;5;30.5;63;0;;
ПРОДУКТ;ДАРК СОСОА 70;525;4.4;30.5;54.5;0;;
ПРОДУКТ;ДЕЛИКАТЕС С ИНДЕЙКОЙ;110;20;3;0;0;;
ПРОДУКТ;ДУБАЙСКИЙ ШОКОЛАД;535;7.7;34;56;0;;
ПРОДУКТ;Дабл Чикен Фирменный;223;20.7;11.8;8.7;0;;
ПРОДУКТ;Дайкон;21.73;1.2;0;4.1;0;;
ПРОДУКТ;Дамплинг С Курицей;140;10.5;3;16.5;0;;
ПРОДУКТ;Дамплинги С Курицей;233.5;8.2;11.5;24.3;0;;
ПРОДУКТ;Дамплинги С Курицей Кимчи;130;10;3;16;0;;
ПРОДУКТ;Дамплинги с креветки;220;12;12;17;0;;
ПРОДУКТ;Данисимо тирамису;136;6;4;19;0;;
ПРОДУКТ;Даниссимо Белый персик - белый шоколад;150.56;4.6;6.1;18.3;0;;
ПРОДУКТ;Даниссимо Вишня;141.19;4.7;5.4;17.5;0;;
ПРОДУКТ;Даниссимо Воздушный Йогуртный мусс с клубникой;125.72;3.8;5.4;15.4;0;;
ПРОДУКТ;Даниссимо Груша-ваниль;139.55;4.7;5.4;17.1;0;;
ПРОДУКТ;Даниссимо Клубника;139.55;4.7;5.4;17.1;0;;
ПРОДУКТ;Даниссимо Крем-брюле;138.67;4.6;4.6;18.8;0;;
ПРОДУКТ;Даниссимо Лесные ягоды;139.96;4.7;5.4;17.2;0;;
ПРОДУКТ;Даниссимо Малина-земляника;135.04;4.7;5.4;16;0;;
ПРОДУКТ;Даниссимо Пахлава;131.43;4.7;5.1;15.8;0;;
ПРОДУКТ;Даниссимо Пинаколада;134.11;4.6;5.3;16.1;0;;
ПРОДУКТ;Даниссимо Пломбир;115.3;4.6;4.6;13.1;0;;
ПРОДУКТ;Даниссимо Творожный с изысканным шоколадом;152;5.6;6.7;17.4;0;;
ПРОДУКТ;Даниссимо Творожный с сочным киви 130г;135;5.5;5.5;15.8;0;;
ПРОДУКТ;Даниссимо Фантазия Хрустящие шарики с ягодным вкусом 105г;120.9;3.1;6.9;11.6;0;;
ПРОДУКТ;Даниссимо Черника;137.09;4.7;5.4;16.5;0;;
ПРОДУКТ;Даниссимо Шоколад;152.06;5;7.1;16;0;;
ПРОДУКТ;Даниссимо Яблочный пирог;125.2;4.7;5.4;13.6;0;;
ПРОДУКТ;Даниссимо с хрустящими шариками;155.56;4.9;7.3;16.5;0;;
ПРОДУКТ;Даниссимо с хрустящими шариками Ванильный;155.56;4.9;7.3;16.5;0;;
ПРОДУКТ;Даниссимо» Творожный с отборной черникой;132.65;5.2;5.5;15.5;0;;
ПРОДУКТ;Данон активиа череша;87;3.37;3;11.4;0;;
ПРОДУКТ;Дарницкий хлеб;220;7;1;46;0;;
ПРОДУКТ;Даси;143.5;5;0;30;0;;
ПРОДУКТ;Датская выпечка;337.42;5.72;16.6;53.6;0;;
ПРОДУКТ;Датское Печенье С Корицей;431.2;6.1;12.8;72.9;0;;
ПРОДУКТ;Две Запеченных Куриных Грудки;165;30.7;4.7;0;0;;
ПРОДУКТ;Двойной арахис;463.03;20.15;29.27;29.75;0;;
ПРОДУКТ;Двойной шоколад;340;79;2;1;0;;
ПРОДУКТ;Де-воляй Из Индейки с Рисом;169;10.7;7.19;15.4;0;;
ПРОДУКТ;Девясил;12.71;2.9;0;0.2;0;;
ПРОДУКТ;Деликатес Лионска наденица вакуум 0789;251;12.2;22;1;0;;
ПРОДУКТ;Деликатесный Провансаль майонезный соус;250;0;25;5.9;0;;
ПРОДУКТ;Деликатесный горошек нежный;38.4;3.1;0;6.5;0;;
ПРОДУКТ;Деревенские гренки с чесноком;395;7;12;62;0;;
ПРОДУКТ;Деревенские чипсы со вкусом жареных рыжиков;470;6;30;45;0;;
ПРОДУКТ;Деревенские чипсы со вкусом хрена;470;5.5;30;45;0;;
ПРОДУКТ;Деревенское молоко из Талицы;62;2.8;3.7;4.7;0;;
ПРОДУКТ;Деревенское молочко бутылка 2,5;223;3;2.5;4.7;0;;
ПРОДУКТ;Десерт Alpro Soya ванильный;81.09;3;1.8;12.7;0;;
ПРОДУКТ;Десерт Epica имбирный пряник;150;5.5;7.5;14.3;0;;
ПРОДУКТ;Десерт Konti Bonjour ванильный;463.89;4;20.1;63.6;0;;
ПРОДУКТ;Десерт bonjour контик классический;413.79;3.45;17.24;65.52;0;;
ПРОДУКТ;Десерт «Куки» Со Вкусом Фисташковая Кунафа;275;27.5;12.5;17.5;0;;
ПРОДУКТ;Десерт «От фермера» абрикос-манго фруктовый творожный 10;179.25;7.5;10;15;0;;
ПРОДУКТ;Десерт «картошка;377.7;5.9;16.5;51.4;0;;
ПРОДУКТ;Десерт Вафельный рожок McDonalds;139.66;3;4;22;0;;
ПРОДУКТ;Десерт Взбитый Замороженный С Ароматом Ванилина На Печенье И В Глазури С Вафель;312;4.2;18.3;32.5;0;;
ПРОДУКТ;Десерт Вишнёвый пирожок McDonalds;238.58;2;12;29;0;;
ПРОДУКТ;Десерт Глазированный какао;422;7.5;28;35;0;;
ПРОДУКТ;Десерт Данисимо миндальное;142;5.8;6.8;14.4;0;;
ПРОДУКТ;Десерт Изумрудная Нежность С Клубникой;249.7;5.2;12.1;30;0;;
ПРОДУКТ;Десерт Кейк Fit Kit 28% Протеина, Фисташковая Кунафа;342;28;10;34;0;;
ПРОДУКТ;Десерт Макфлурри Де Люкс карамельно-шоколадный;412.7;7;10;71;0;;
ПРОДУКТ;Десерт Макфлурри Де Люкс клубнично-шоколадный;349.02;6;8;61;0;;
ПРОДУКТ;Десерт Макфлурри с рисовыми шариками;349.02;6;8;61;0;;
ПРОДУКТ;Десерт Макфлурри с шоколадно-вафельной крошкой;262.92;6;8;40;0;;
ПРОДУКТ;Десерт Маффин с чёрной смородиной;380.42;5;18;47;0;;
ПРОДУКТ;Десерт Маффин с шоколадом;361.58;6;12;55;0;;
ПРОДУКТ;Десерт Морковный на двоих с сырно-сливочным кремом;324;5.2;21.3;27.9;0;;
ПРОДУКТ;Десерт Мороженое Айс Дрим Клубника или Шоколад KFC;177.55;3.6;3.4;32;0;;
ПРОДУКТ;Десерт Мороженое Летняя фантазия Клубничное KFC;171.91;3.5;3.5;30.5;0;;
ПРОДУКТ;Десерт Мороженое в рожке Летнее KFC;158;4.4;3.9;25.3;0;;
ПРОДУКТ;Десерт Мороженое с карамелью;331.53;5;7;60;0;;
ПРОДУКТ;Десерт Мороженое с клубникой;271.95;5;5;50;0;;
ПРОДУКТ;Десерт Мороженое с шоколадом;321.41;6;9;52;0;;
ПРОДУКТ;Десерт Пирожок Хот Пай Дуэт Вишня и Шоколад KFC;546.62;7.5;29.8;58.3;0;;
ПРОДУКТ;Десерт Полет;475;5.5;26;55;0;;
ПРОДУКТ;Десерт Ромовая Вишня;84.1;3.3;5.5;5.5;0;;
ПРОДУКТ;Десерт С Арахисом И Карамельным Кремом В Молочной Глазури;423.8;8.2;28.2;34.3;0;;
ПРОДУКТ;Десерт Стоковий, Банан;121;4.4;3.4;19;0;;
ПРОДУКТ;Десерт Творожный В Рожке;360.1;8;16.5;44.9;0;;
ПРОДУКТ;Десерт Творожный С Грушей, Ванилью И Грецким Орехом Epica Flavorite;150;5.7;8;14.6;0;;
ПРОДУКТ;Десерт Творожный С Лимоном;380;5;22;40;0;;
ПРОДУКТ;Десерт Творожный Соленая Карамель;390;9.8;22.6;35.9;0;;
ПРОДУКТ;Десерт Творожный Шоколадный Брауни;185;12.5;7;18;0;;
ПРОДУКТ;Десерт Тирамису;383;4;15;65;0;;
ПРОДУКТ;Десерт Фараделла;494;5;26;60;0;;
ПРОДУКТ;Десерт Фруктовый Замороженный Маракуйя;138;2;0.6;31;0;;
ПРОДУКТ;Десерт Чизкейк Нью Йорк Карамель KFC;356.44;6.8;21.2;32.1;0;;
ПРОДУКТ;Десерт Чизкейк Нью Йорк Клубника KFC;349.72;5.2;20.3;34.1;0;;
ПРОДУКТ;Десерт Чизкейк Нью Йорк Шоколад KFC;350.56;5.5;20.7;33.1;0;;
ПРОДУКТ;Десерт без добавления сахара «Манго-маракуйя;140;3;9;12;0;;
ПРОДУКТ;Десерт в вафельном стаканчике;150;3.5;4;26;0;;
ПРОДУКТ;Десерт веганский соевый в темном шоколаде;367;13.5;20.2;32.8;0;;
ПРОДУКТ;Десерт взбитый замороженный с ароматом ванилина в вафельном стаканчике;249;3;15.4;24.7;0;;
ПРОДУКТ;Десерт глазированный с растительным жиром с какао и арахисом;345.6;2;23;33;0;;
ПРОДУКТ;Десерт глазированный со Вкусом Банана;408;7;28;32;0;;
ПРОДУКТ;Десерт глазированный соевый в тëмном шоколаде с ванилью;333;6.8;20.8;29.7;0;;
ПРОДУКТ;Десерт глазированный соевый в тёмном шоколаде с ванилью;333.4;6.8;20.8;29.7;0;;
ПРОДУКТ;Десерт горячий Брауни Бургер Кинг;470.74;5.6;30.9;39.2;0;;
ПРОДУКТ;Десерт замороженный фруктово-ягодный с клубникой, малиной и личи Гранита;97;0.8;0.2;23;0;;
ПРОДУКТ;Десерт итальянский Флоренция карамельный;391.85;3.6;17.2;53;0;;
ПРОДУКТ;Десерт кокосовый «гранат-малина;174.6;1.1;9;22.3;0;;
ПРОДУКТ;Десерт кокосовый Суфле с Малиной;85;1.8;4.6;9.1;0;;
ПРОДУКТ;Десерт кокосовый с попкорном шоколад - кокос Попкорн;164;0;10.5;17.5;0;;
ПРОДУКТ;Десерт кокосовый с семенами чиа, манго и маракуей;147;2.8;7.2;17.9;0;;
ПРОДУКТ;Десерт молочный Наполеон;190.9;4.9;7.3;26.4;0;;
ПРОДУКТ;Десерт мороженое Рожок Бургер Кинг;160.79;4.2;4.2;25.5;0;;
ПРОДУКТ;Десерт перо сирковий ягідний ф'южн;123;7;3.7;15.5;0;;
ПРОДУКТ;Десерт растительный Манго-Кокос;83;0;3;14;0;;
ПРОДУКТ;Десерт с творогом и растительным жиром Масса домашняя Картошка;372.85;6;25;31;0;;
ПРОДУКТ;Десерт с творогом масса домашняя с изюиом;344.17;4.5;23;30;0;;
ПРОДУКТ;Десерт творожный «Чизкейк» с манго и семенами чиа;323.4;7.9;18.6;31.1;0;;
ПРОДУКТ;Десерт творожный с лесными ягодами;158;10.7;6;15.3;0;;
ПРОДУКТ;Десерт творожный с манго и маракуйей;126;15;4;7.5;0;;
ПРОДУКТ;Десерт творожный с ягодами;162;15;4;16.5;0;;
ПРОДУКТ;Десерт творожный со вкусом вишня-черешня;133;4.5;4;19.8;0;;
ПРОДУКТ;Десерт творожный фруктовый, персик-груша;128;4.5;4.2;18.1;0;;
ПРОДУКТ;Детский Творог;97;9;5;4;0;;
ПРОДУКТ;Детский биотворог Яблоко Персик Банан;108;7.6;4;10.5;0;;
ПРОДУКТ;Детское Печенье;410;9;11;74;0;;
ПРОДУКТ;Детское мясо - Кролик;111.3;8.7;6.5;4.5;0;;
ПРОДУКТ;Детское мясо - Телятина;116.6;8.5;7.4;4;0;;
ПРОДУКТ;Детское мясо - Цыпленок;87;9.3;3.8;3.9;0;;
ПРОДУКТ;Детское печенье без глютена;437;3.5;17.7;65.1;0;;
ПРОДУКТ;Детское печенье на козьем молочке;427;9;10;74;0;;
ПРОДУКТ;Джангли С Бананом;160;0.7;2.6;33.5;0;;
ПРОДУКТ;Джезерье из граната;391.84;2;2.9;87;0;;
ПРОДУКТ;Джекфрут (плод хлебного дерева;100.37;1.4;0.3;22.4;0;;
ПРОДУКТ;Джекфрут красный очищенный;99;1.7;0.6;22;0;;
ПРОДУКТ;Джелато Пломбир С Кусочками Шоколада;241;2.9;17.1;18.9;0;;
ПРОДУКТ;Джем Без Сахара, Манго Маракуйя;22.9;0.29;0;5.43;0;;
ПРОДУКТ;Джем Груша Ванило;25;0.2;0.1;5;0;;
ПРОДУКТ;Джем Клубника;270;0;0;68;0;;
ПРОДУКТ;Джем Клубничный нестерилизованный;272;0;0;68;0;;
ПРОДУКТ;Джем Малина;21;0;0;5;0;;
ПРОДУКТ;Джем Малиновый;272;0;0;68;0;;
ПРОДУКТ;Джем Низкокалорийный «Клубника;30;0.29;0.29;8;0;;
ПРОДУКТ;Джем апельсиновый;265.3;0.8;0.4;63;0;;
ПРОДУКТ;Джем банановый;243.13;0.1;0;59.2;0;;
ПРОДУКТ;Джем брусничный;251.68;0.8;0.7;59;0;;
ПРОДУКТ;Джем вишневый;231.65;0;0;56.5;0;;
ПРОДУКТ;Джем вишнёвый;272;0;0;68;0;;
ПРОДУКТ;Джем голубичный;245.81;0.7;0.2;58.8;0;;
ПРОДУКТ;Джем из инжира с цедрой лимона;224;0.9;0;55;0;;
ПРОДУКТ;Джем клубничный;270;0;0;68;0;;
ПРОДУКТ;Джем мандариновый;291.51;0.3;0;70.8;0;;
ПРОДУКТ;Джем органик из жёлтых фруктов;167;0;0;42;0;;
ПРОДУКТ;Джем персик-манго махеев;272;0;0;68;0;;
ПРОДУКТ;Джем персиковый;275.93;0.5;0;66.8;0;;
ПРОДУКТ;Джем сливовый;304.55;0.4;0.3;73.2;0;;
ПРОДУКТ;Джем черничный;221.21;0.4;0.2;53.1;0;;
ПРОДУКТ;Джем яблочный;98.4;0;0;24;0;;
ПРОДУКТ;Джерки «Классические;290;44;13;0;0;;
ПРОДУКТ;Джерки Дор Блю;334;22.26;9.7;39.4;0;;
ПРОДУКТ;Джерки со вкусом Баранины острой;230;31;5.6;13;0;;
ПРОДУКТ;Джерки со вкусом Говядины барбекю;250;32;6;16;0;;
ПРОДУКТ;Джерки со вкусом курицы карри;230;31;5.3;15;0;;
ПРОДУКТ;Джерки со вкусом курицы терияки;240;32;5.6;15;0;;
ПРОДУКТ;Джин синий 100;660;27;58;9;0;;
ПРОДУКТ;Джин-тоник;27.47;0;0;6.7;0;;
ПРОДУКТ;Джинн семечки 140г;660;27;58;9;0;;
ПРОДУКТ;Джирандоле Barilla;359;14;2;69.7;0;;
ПРОДУКТ;Джолли Понг;445;8;13;77;0;;
ПРОДУКТ;Диетический Сыр;149;18;8.5;0;0;;
ПРОДУКТ;Динами:т Мохито;45;0;0;11;0;;
ПРОДУКТ;Динами:т Ориджинал;50;0;0;11.8;0;;
ПРОДУКТ;Дип-соус сырный для чипсов;150;5;10;10;0;;
ПРОДУКТ;Дичь;199.79;34;6.5;0;0;;
ПРОДУКТ;Добрый cola;42;0;0;10.6;0;;
ПРОДУКТ;Добрый Апельсин;32;0;0;8;0;;
ПРОДУКТ;Добрый Кола Ваниль;20;0;0;4.9;0;;
ПРОДУКТ;Дождевики;31.02;4.3;1;1;0;;
ПРОДУКТ;Докторская К Завтраку;265;12;24;1;0;;
ПРОДУКТ;Докторская Малышка;268;10;24;4.6;0;;
ПРОДУКТ;Докторская С Мясом Птицы;239;13;19;4;0;;
ПРОДУКТ;Докторская колбаса;228.2;15.8;17.5;2;0;;
ПРОДУКТ;Дома из мяса индейки;146.8;14.4;8;4.3;0;;
ПРОДУКТ;Доматонв Пюре;113;4.8;0.3;21;0;;
ПРОДУКТ;Домашен Пастет;283;10;27;0;0;;
ПРОДУКТ;Домашние Котлеты С Картофелем;144;4.07;9.26;11.1;0;;
ПРОДУКТ;Домашние Оладушки;210;5;9;28;0;;
ПРОДУКТ;Домашний творог зерненый;94;12;4;2.6;0;;
ПРОДУКТ;Домашняя колбаса;248;9;20;8;0;;
ПРОДУКТ;Домик в деревне 1,8;47;3.1;1.8;4.7;0;;
ПРОДУКТ;Домик в деревне ряженка с клубникой;73;2.8;2.1;10.8;0;;
ПРОДУКТ;Домик в деревне, молоко 1,5;44;3;1.5;4.7;0;;
ПРОДУКТ;Донат с ванильной начинкой;359;17;21;19;0;;
ПРОДУКТ;Дорадо;101.67;18;3;0;0;;
ПРОДУКТ;Дорадо терияки;107.48;9.9;5.7;3.4;0;;
ПРОДУКТ;Доширак Plus;480;9;21;63;0;;
ПРОДУКТ;Доширак квисти;400;7;17;55;0;;
ПРОДУКТ;Драже M&M's соленый с арахисом;500;9.3;24.3;59;0;;
ПРОДУКТ;Драже Maltesers;511.93;8.1;24.3;61.7;0;;
ПРОДУКТ;Драже Milka Clusters Bitz;481.13;5.4;22;62.1;0;;
ПРОДУКТ;Драже Milka Lila Stars Bitz;566.36;7.7;35.5;50;0;;
ПРОДУКТ;Драже «Фундук в щоколаде;486;25;35;9;0;;
ПРОДУКТ;Драже Арахис в сахарной глазури с ароматом ванили;400;3;3.5;90;0;;
ПРОДУКТ;Драже Воздушный Криспелло;530.97;5.4;27.1;62.7;0;;
ПРОДУКТ;Драже Грильяж в шоколаде;465.92;5.7;16.7;70.1;0;;
ПРОДУКТ;Драже Грильяж в шоколадной глазури;460;5.5;17;70;0;;
ПРОДУКТ;Драже Изюм в шоколаде;397.56;3.6;8.9;73.2;0;;
ПРОДУКТ;Драже Изюм в шоколадной глазури;400;3;9;74;0;;
ПРОДУКТ;Драже Кешью в темном шоколаде;539;21;43;12;0;;
ПРОДУКТ;Драже Миндаль в белом щоколаде с зелёным чаем матча;515;25;36.3;14.5;0;;
ПРОДУКТ;Драже Тик Так;402.86;0.2;0.6;96.7;0;;
ПРОДУКТ;Драже Хрустящие шарики в белой шоколадной глазури с малиной;520;6.5;29;59;0;;
ПРОДУКТ;Драже арахис с мёдом и кунжутом;543.98;16.8;36.4;33.4;0;;
ПРОДУКТ;Драже в молочно-шоколадной глазури;489;5;22.7;66.2;0;;
ПРОДУКТ;Драже в шоколадной глазури Ассорти;490;6.5;30;49;0;;
ПРОДУКТ;Драже жевательные Mentos;399.88;0;2;93;0;;
ПРОДУКТ;Драже кисломикс;406;0;4.1;90;0;;
ПРОДУКТ;Драже обогащённое «Пантошка» с черникой и витамином A;425.43;9.5;14;65;0;;
ПРОДУКТ;Драже обогащённое «Пантошка», вкус клубники со сливками;425.43;9.5;14;65;0;;
ПРОДУКТ;Драже ореховое;585.82;11.9;38.3;44.2;0;;
ПРОДУКТ;Драже с арахисом и молочным шоколадом;444.9;10.96;31.23;22.56;0;;
ПРОДУКТ;Драже фруктовое в шоколаде;422.76;3.7;10.2;76.3;0;;
ПРОДУКТ;Драже шоколадные;552;8.4;34;52;0;;
ПРОДУКТ;Драники Не обжаренные Экспресс;106.2;3;0.6;21.8;0;;
ПРОДУКТ;Драники С Грудинкой;210;6;14;15;0;;
ПРОДУКТ;Драники картофельные замороженные;155.1;2.4;5.9;23.1;0;;
ПРОДУКТ;Драники овощные;140.8;2.4;5.6;20.2;0;;
ПРОДУКТ;Дрожжи;77.15;12.7;2.7;0;0;;
ПРОДУКТ;Дрожжи быстродействующие;392;48;6;36;0;;
ПРОДУКТ;Дрожжи быстродействующие «Саф-Момент» с ароматом ванили для сдобы;370;41;5.5;38;0;;
ПРОДУКТ;Дрожжи пивные;77.15;12.7;2.7;0;0;;
ПРОДУКТ;Дрожжи прессованные;112;12.7;2.7;8.5;0;;
ПРОДУКТ;Дрожжи сухие быстродействующие Саф-момент;420.64;49;6;40;0;;
ПРОДУКТ;Дрожжи хлебопекарные;410;49;6;40;0;;
ПРОДУКТ;Дрожжи хлебопекарные прессованные «Люкс экстра;85;12;0.4;8.5;0;;
ПРОДУКТ;Дрожжи хлебопекарные сухие активные;390;43;6;40;0;;
ПРОДУКТ;Дрожжи хлебопекарные сухие быстродействующие;410;49;6;40;0;;
ПРОДУКТ;Дружба плавленый продукт классический;284;8;24;9;0;;
ПРОДУКТ;Дружба смесь риса круглозернового и пшена;350;7.5;1.25;77.5;0;;
ПРОДУКТ;Дубайский круассан;560;8.5;34;54;0;;
ПРОДУКТ;Думки с начинкой со вкусом “сгущённое молоко;415;6.6;16.7;62.9;0;;
ПРОДУКТ;Дуриан;150.92;1.5;5.3;23.3;0;;
ПРОДУКТ;Душица (орегано;26.65;1.5;0;5;0;;
ПРОДУКТ;Дуэт ореховое по королевски;447;5;25.5;49.4;0;;
ПРОДУКТ;Дымовийа Из Лопатки;97;13;5;0;0;;
ПРОДУКТ;Дынные слайсы;341;0.7;0.1;82.2;0;;
ПРОДУКТ;Дыня;161.76;1.62;6.03;24.56;0;;
ПРОДУКТ;Дыня Нарезанная;35;0.6;0.3;7.4;0;;
ПРОДУКТ;Дыня медовая;35.59;0.6;0.3;7.4;0;;
ПРОДУКТ;Дыня сушеная;340.82;0.7;0.1;82.2;0;;
ПРОДУКТ;Дюбел С Шарена Сол;320;23;24;3;0;;
ПРОДУКТ;Дягиль;52.23;4.2;2.4;3.1;0;;
ПРОДУКТ;ЕРМАК КУРТ 150ГР;120;17;5;1;0;;
ПРОДУКТ;ЕРМАК КУРТ 30ГР;120;17;5;1;0;;
ПРОДУКТ;Ежевика;34.44;2;0;6.4;0;;
ПРОДУКТ;Ежевика 4 сезона;31.19;2.1;0.4;4.6;0;;
ПРОДУКТ;Ежевика Hortex;23.78;2;0;3.8;0;;
ПРОДУКТ;Ежевика быстрозамороженная;33.9;1.5;0.5;4.4;0;;
ПРОДУКТ;Ежики Мясные С Рисом;198.89;5.52;10.89;19.7;0;;
ПРОДУКТ;Еклер Голям;261;9;10.8;30.8;0;;
ПРОДУКТ;Еклер шоколад-апельсин;442.7;6.5;28.7;39.6;0;;
ПРОДУКТ;Енергетичний напій Battery exotic;50;0;0;12;0;;
ПРОДУКТ;Енергетичний напій Воля апельсин-мангл;53;0;0;12.7;0;;
ПРОДУКТ;Енергийна напитка;44;0;0;11;0;;
ПРОДУКТ;Есть бодрость и витамины в этом энергетике;60;0;0;14.5;0;;
ПРОДУКТ;ЖЕЛЕ «ЛИМОН-ЛАЙМ;370;10;0;85;0;;
ПРОДУКТ;Жарен Свински Бут;356;14.6;33;1.2;0;;
ПРОДУКТ;Жареная На Воке Пшеничная Лапша С Креветками;189.3;8.9;5.7;25.6;0;;
ПРОДУКТ;Жаренные Бульмени;240;8.5;9;32;0;;
ПРОДУКТ;Жаренные кусочки кукурузы;158.7;2.9;6.9;21.2;0;;
ПРОДУКТ;Жареные бобы солёные;407;26;20;39;0;;
ПРОДУКТ;Жареный Миндаль;641;18;57;14;0;;
ПРОДУКТ;Жареный рис с креветками по-азиатскими;160;4.8;4;26;0;;
ПРОДУКТ;Жаркое из свинины;180;6;13;10;0;;
ПРОДУКТ;Жгучая горчица;91;7.4;2;10.8;0;;
ПРОДУКТ;Жгучий Чили Соус Микс Перцев;30;0.1;0.1;7.5;0;;
ПРОДУКТ;Жевательные конфеты в шоколадной глазури со вкусом Манго-малина;480;4;20;70;0;;
ПРОДУКТ;Жевательный мармелад Жако;330;6;0;76;0;;
ПРОДУКТ;Жевательный мармелад со вкусом вишни в форме сердца;314.9;5.5;0.1;73;0;;
ПРОДУКТ;Желатин;360;87;0.4;0.5;0;;
ПРОДУКТ;Желатин Dr.Oetker пищевой;344.4;84;0;0;0;;
ПРОДУКТ;Желатин быстрорастворимый;300;87.2;0.4;0.7;0;;
ПРОДУКТ;Желатин говяжий быстрорастворимый;300;87.2;0.4;0.7;0;;
ПРОДУКТ;Желатин листовой;353.14;85;0.5;0;0;;
ПРОДУКТ;Желатин пищевой;364.11;87.2;0.4;0.7;0;;
ПРОДУКТ;Желатин пищевой П-220 тип Б;360;87.2;0.4;0.7;0;;
ПРОДУКТ;Желе;116;0.4;0;28.6;0;;
ПРОДУКТ;Желе Dr.Oetker со вкусом Апельсина;383.35;13.1;0;80.4;0;;
ПРОДУКТ;Желе Dr.Oetker со вкусом Вишни;382.94;13.1;0;80.3;0;;
ПРОДУКТ;Желе Dr.Oetker со вкусом Клубники;385.4;14;0;80;0;;
ПРОДУКТ;Желе Dr.Oetker со вкусом Лесных ягод;382.94;13.1;0;80.3;0;;
ПРОДУКТ;Желе Dr.Oetker со вкусом Лимона;384.58;13.1;0;80.7;0;;
ПРОДУКТ;Желе Dr.Oetker со вкусом Малины;383.35;13.1;0;80.4;0;;
ПРОДУКТ;Желе Пломбир-латте;210;40;2.5;6.5;0;;
ПРОДУКТ;Желе Со Вкусом Вишни Без Сахара;7;1.7;0;0;0;;
ПРОДУКТ;Желе Фруктовое;38;3.8;0.1;4.2;0;;
ПРОДУКТ;Желе Чёрная Смородина И Малина;122.9;5.5;0;25.3;0;;
ПРОДУКТ;Желе апельсиновое;94.71;2.8;0;20.3;0;;
ПРОДУКТ;Желе вишневое;68.88;2.8;0;14;0;;
ПРОДУКТ;Желе вишневое Глинтвейн;52.5;1.5;0.1;11.4;0;;
ПРОДУКТ;Желе для торта;94.71;2.8;0;20.3;0;;
ПРОДУКТ;Желе зі смаком Малини;380;8.7;0.04;86.4;0;;
ПРОДУКТ;Желе из киви;74.21;2.5;0;15.6;0;;
ПРОДУКТ;Желе клубничное;74.21;2.5;0;15.6;0;;
ПРОДУКТ;Желе лимонное;94.71;2.8;0;20.3;0;;
ПРОДУКТ;Желе молочное;32.06;2.7;1.2;2.4;0;;
ПРОДУКТ;Желе фруктово-ягодное;79;1.5;0.1;18;0;;
ПРОДУКТ;Желе фруктового ягодное Манго, клубника, голубика;74;1.35;0.12;17.21;0;;
ПРОДУКТ;Желе фруктовой ягодное голубика, банан, клубника, яблоко;41.6;2.1;0.1;8.3;0;;
ПРОДУКТ;Желе шарики клубника, яблоко-виноград, апельсин-маракуйя;117;6;0.07;23;0;;
ПРОДУКТ;Желе яблочное;74.21;2.5;0;15.6;0;;
ПРОДУКТ;Желе ягодное;39.7;2.6;0.1;7.1;0;;
ПРОДУКТ;Желейные Конфеты Апельсин;429;1.2;7.9;88;0;;
ПРОДУКТ;Желтохвост (лакедра;234.74;21;16;0;0;;
ПРОДУКТ;Желтый Полосатик;287;51.1;5.1;9.1;0;;
ПРОДУКТ;Желтый полосатик сушеный;274.67;50;7.5;0;0;;
ПРОДУКТ;Желудь;355.07;24;20.7;15.7;0;;
ПРОДУКТ;Желфикс Dr.Oetker;4.1;0.5;0;0.5;0;;
ПРОДУКТ;Жемчужина России Пломбир с миндалем в шоколадной глазури;340;3;24;29;0;;
ПРОДУКТ;Женгял;213;4;9;29;0;;
ПРОДУКТ;Женьшень;41;0;0;10;0;;
ПРОДУКТ;Жердела;46.55;0.9;0.2;10;0;;
ПРОДУКТ;Жерех;101.23;18.8;2.6;0;0;;
ПРОДУКТ;Живица кедровая на кедровом масле с барсучьим жиром 12,5;898.2;0;99.8;0;0;;
ПРОДУКТ;Живой йогурт питьевой со вкусом лесных ягод;77.2;2.8;2;12;0;;
ПРОДУКТ;Живой сырок;297;8;15;32.5;0;;
ПРОДУКТ;Живой» йогурт питьевой со вкусом клубники;77.2;2.8;2;12;0;;
ПРОДУКТ;Живые конфеты черника;270;0.5;0.1;67;0;;
ПРОДУКТ;Жидкая приправа;20;2.8;0;2.2;0;;
ПРОДУКТ;Жидкий дым;1.75;0.1;0.1;0.1;0;;
ПРОДУКТ;Жимолость;44.1;2.7;0.5;7.2;0;;
ПРОДУКТ;Журавины У Цукровай Пудры З Какава-парашком;270;0.5;0.3;67;0;;
ПРОДУКТ;Жёлтый полосатик;276;55.1;3.6;1.6;0;;
ПРОДУКТ;ЗАВТРАКИ СУХИЕ РАКУШКИ ШОКОЛАДНЫЕ ГЛАЗИРОВАННЫЕ ДЛЯ ЗАВТРАКА;378;8;2;82;0;;
ПРОДУКТ;ЗДОРОВЫЙ РОЖОК КЛУБ;320.83;3.33;14.17;44.17;0;;
ПРОДУКТ;Заварные глазированные пряники «Сказка» топлёное молоко;356.7;5.2;3.1;74.9;0;;
ПРОДУКТ;Завиток С Изюмом;367;5.6;19.8;41.6;0;;
ПРОДУКТ;Завиток С Корицей;418;7;26.5;38;0;;
ПРОДУКТ;Завтрак Биггер Утренний оригинальный;220.71;11;9.9;20.4;0;;
ПРОДУКТ;Завтрак Биггер Утренний острый;210.08;10.5;8.8;20.8;0;;
ПРОДУКТ;Завтрак Блинчики KFC;211.35;8;4.7;32.9;0;;
ПРОДУКТ;Завтрак Боксмастер утренний;209.48;9.4;10.5;17.9;0;;
ПРОДУКТ;Завтрак Брейкер;240.66;11.2;10.9;22.8;0;;
ПРОДУКТ;Завтрак Бустер;225.44;12.6;10.1;19.5;0;;
ПРОДУКТ;Завтрак Готовый С Овсянкой И Бананом;111;5;2.5;17.2;0;;
ПРОДУКТ;Завтрак Картофельный Хашбраун KFC;550.73;2.4;52;14.1;0;;
ПРОДУКТ;Завтрак Овсяная каша KFC;96.78;3.3;1.9;16;0;;
ПРОДУКТ;Завтрак Райзер;226.57;11.3;8.5;24.7;0;;
ПРОДУКТ;Завтрак Твистер утренний;217.16;10.6;10.4;18.8;0;;
ПРОДУКТ;Завтрак Тост с сыром KFC;296.8;11.1;12;34.1;0;;
ПРОДУКТ;Завтрак Яичница с байтсами KFC;233.68;18.9;13.9;6.6;0;;
ПРОДУКТ;Загорелый БОБ со вкусом паприки;364;36.7;17.8;17.3;0;;
ПРОДУКТ;Загрузка;140;5;3;22;0;;
ПРОДУКТ;Закваска Злагода кисломолочная без наполнителей;50.69;2.9;2.5;3.8;0;;
ПРОДУКТ;Закваска для кефира;276;8;0.5;60;0;;
ПРОДУКТ;Закваска для пробио йогурта;276;4;0.3;70;0;;
ПРОДУКТ;Закваска сухая;338.38;11;2;67;0;;
ПРОДУКТ;Закваска хлебная ржаная;131.96;3.9;0.7;26.7;0;;
ПРОДУКТ;Закуска Баварская С Печёной Фасолью;80;3.5;1.9;12;0;;
ПРОДУКТ;Закуска Болгарская;110;4;3.5;16;0;;
ПРОДУКТ;Закуска Грибна;277;1.1;27;7.2;0;;
ПРОДУКТ;Закуска Закарпатская;91.9;0.4;5.9;9.3;0;;
ПРОДУКТ;Закуска Из Баклажанов С Печеным Перчиком;70;1;4;8;0;;
ПРОДУКТ;Закуска Сытый барин;102;1;6;11;0;;
ПРОДУКТ;Закуска з шинкою та сиром;286;1.4;28;6.7;0;;
ПРОДУКТ;Закуска скифа со вкусом копченой паприки;374;19.7;10;51.2;0;;
ПРОДУКТ;Закусочка Мелитопольская;86;1.5;4;11;0;;
ПРОДУКТ;Закусочка по-тоскански;80;2.7;6.3;3;0;;
ПРОДУКТ;Заливное;53.2;7;2.4;0.9;0;;
ПРОДУКТ;Заливное из Индейки;53.3;7;2.33;1;0;;
ПРОДУКТ;Замеченные Курины Грудки;167.1;30.7;4.7;0;0;;
ПРОДУКТ;Замороженная Вишня Без Косточки;47;0.8;0.2;10.6;0;;
ПРОДУКТ;Замороженное филе тунца;123;26.2;2.04;0;0;;
ПРОДУКТ;Зантоксилум;235.99;10.4;2.1;42.4;0;;
ПРОДУКТ;Запеканка Классическая;215.86;12.31;10.09;18.94;0;;
ПРОДУКТ;Запеканка Творожная;243;12.3;16;12.5;0;;
ПРОДУКТ;Запеканка Творожная С Грушей;140.9;10.2;2.5;19.4;0;;
ПРОДУКТ;Запеканка Творожная С Грушей И Персиком;170.8;13.1;3.6;21.5;0;;
ПРОДУКТ;Запеканка Творожная С Клубникой И Малиной;172.7;13.4;3.9;21;0;;
ПРОДУКТ;Запеканка Творожная с ванилью;157;11.3;4;19;0;;
ПРОДУКТ;Запеканка баскская с вишней;137;11.6;4.5;12.4;0;;
ПРОДУКТ;Запеканка картофельная с куриным филе;144;8;10;6;0;;
ПРОДУКТ;Запеканка с вишней;210;14;3.5;31;0;;
ПРОДУКТ;Запеканка с протеином и клубничным соусом;232;20.42;10.34;14.66;0;;
ПРОДУКТ;Запеканка с рикоттой и яблоком;161.9;10.1;7.9;12.6;0;;
ПРОДУКТ;Запеканка с тыквой;168.7;10.8;6.7;16.3;0;;
ПРОДУКТ;Запеканка с черной смородиной;177;11.4;5;21.6;0;;
ПРОДУКТ;Запеканка творожная малиновое парфе;190;11.3;8;17.6;0;;
ПРОДУКТ;Запеканка творожная с вишней;173.8;13.5;3.8;21.4;0;;
ПРОДУКТ;Запеканка творожная с топпингом манго-маракуйя;152;9.1;3.6;20.8;0;;
ПРОДУКТ;Запеканка творожная яблоко и корица;187;12;5;23.5;0;;
ПРОДУКТ;Запеченая Филе Куриная Грудка Гриль;166.8;26.4;6.8;0;0;;
ПРОДУКТ;Запеченная куриная котлета под сыром и грибами, с рисом и овощами;147;7;7;14;0;;
ПРОДУКТ;Запеченный Мини-Картофель С Розмарином;139;2.5;4.9;21.1;0;;
ПРОДУКТ;Запечённая свинина с брусничным соусом и картофелем мини с розмарином;287;8;19;21;0;;
ПРОДУКТ;Заправка Сэн Сой для фунчозы по-корейски;557.69;1.3;55;10.1;0;;
ПРОДУКТ;Заправка Чим-Чим корейская для моркови;745.95;2;75;10;0;;
ПРОДУКТ;Заправка для баклажанов и грибов;450;2.5;42;16;0;;
ПРОДУКТ;Заправка для борща;92;1.6;0.75;18;0;;
ПРОДУКТ;Заправка для соевой спаржи;520.4;1;52;12.2;0;;
ПРОДУКТ;Звёздное тесто слоёное дрожжевое;360;7;19;40;0;;
ПРОДУКТ;Звёздное яблоко;68.5;0.5;0.4;15.3;0;;
ПРОДУКТ;Звёздочки для супчика;340;10.5;1;71.5;0;;
ПРОДУКТ;Здоровый рожок вареная сгущенка;340;4.5;17;42;0;;
ПРОДУКТ;Здоровье» со сливочным кремом;176.86;0.4;14;6;0;;
ПРОДУКТ;Зел.лин творог 9;157;16;9;3;0;;
ПРОДУКТ;Зеленая греча;346;12.6;2.6;68;0;;
ПРОДУКТ;Зеленый Горошек;35;3;0;6;0;;
ПРОДУКТ;Зеленый Чай;20;0;0;4.8;0;;
ПРОДУКТ;Зеленый чай. Манго;20;0;0;4.9;0;;
ПРОДУКТ;Зелень;877;3.4;96;0;0;;
ПРОДУКТ;Зелень для супа нарезанная;263;7.9;1.9;40;0;;
ПРОДУКТ;Зелень сушёная;112.75;3;0;24.5;0;;
ПРОДУКТ;Зелка и Морков;11.3;0.48;0.06;2.22;0;;
ПРОДУКТ;Зельц;350.99;12.6;32;0.5;0;;
ПРОДУКТ;Зелёный Боул С Подкопченным Лососем Каперсами И Картофелем;196;18;10;7.6;0;;
ПРОДУКТ;Зелёный горошек;83;6.9;2;8;0;;
ПРОДУКТ;Земляника;69.31;2.4;0.5;13.8;0;;
ПРОДУКТ;Земляничный сок;41;0;0;10;0;;
ПРОДУКТ;Зеонистый творог;122;12;7;2.7;0;;
ПРОДУКТ;Зерна для попкорна;325.5;8;1.5;70;0;;
ПРОДУКТ;Зерна подсолнуха жареные, несоленые;522.8;22;46;5.2;0;;
ПРОДУКТ;Зерненый Творог;88;8;5;2.8;0;;
ПРОДУКТ;Зернистый;236;12.5;20;1.5;0;;
ПРОДУКТ;Зернистый творог;122;12;7;2.7;0;;
ПРОДУКТ;Зерновая каша Hipp с фруктами;69.4;0.8;0.1;15.9;0;;
ПРОДУКТ;Зерновая каша Hipp с яблоками и бананами;62.02;0.8;0.1;14.1;0;;
ПРОДУКТ;Зерновий батончик з йогуртом і лісовими ягодами;365;6;10.8;67.8;0;;
ПРОДУКТ;Зерновой Хлеб;183;5.4;1.2;37.7;0;;
ПРОДУКТ;Зерновой батончик;380;4;6.5;77;0;;
ПРОДУКТ;Зерновой хлеб «Геркулес;270;10;6.5;43;0;;
ПРОДУКТ;Зерновые Плитки;480;15;37;22;0;;
ПРОДУКТ;Зефир;380;2;10;71;0;;
ПРОДУКТ;Зефир Ассорти ароматизированный;314;0.5;0;82.4;0;;
ПРОДУКТ;Зефир Белевский антоновка;330;1;0.1;80;0;;
ПРОДУКТ;Зефир В Шоколаде;384;3;8;75;0;;
ПРОДУКТ;Зефир В Шоколаде Ассорти;464;3;16;77;0;;
ПРОДУКТ;Зефир В Шоколадной Глазури;352.2;2.1;0.9;84;0;;
ПРОДУКТ;Зефир Ванильный;342;0.8;0;85;0;;
ПРОДУКТ;Зефир Вишневый;98.4;2;0;22.6;0;;
ПРОДУКТ;Зефир Глазированный;400;2;11;73.8;0;;
ПРОДУКТ;Зефир Жизель с ароматом крем-брюле;320;0.8;0;80.4;0;;
ПРОДУКТ;Зефир Из Ванили И Клубники;333;0.5;0;82.4;0;;
ПРОДУКТ;Зефир Капучино;384;1.7;12.15;69.6;0;;
ПРОДУКТ;Зефир Коломенская;320;0.5;0;78;0;;
ПРОДУКТ;Зефир Крученый С Черникой;334.5;1;0.5;81.5;0;;
ПРОДУКТ;Зефир Манговый;98.4;2;0;22.6;0;;
ПРОДУКТ;Зефир Молочный;470;4;25;58;0;;
ПРОДУКТ;Зефир На Кокосовом Сахаре;225;2.2;2.2;49;0;;
ПРОДУКТ;Зефир На Сиропе Топинамбура;101;2;0;22.6;0;;
ПРОДУКТ;Зефир С Ванилью;340;0.5;0;85;0;;
ПРОДУКТ;Зефир С Фисташкой;410;1;10.5;78;0;;
ПРОДУКТ;Зефир Сладкие истории с ванильным вкусом;333.85;0.7;0.1;80.5;0;;
ПРОДУКТ;Зефир Сладкие истории с клубникой;333.03;1;0.1;80;0;;
ПРОДУКТ;Зефир Сладкие истории с черной смородиной в шоколадной глазури;388.73;2.1;10.2;69.6;0;;
ПРОДУКТ;Зефир Со Сгущенкой;510;4;26;65;0;;
ПРОДУКТ;Зефир Фисташка;410;1;10.5;78;0;;
ПРОДУКТ;Зефир Чародей;370;2;9;71;0;;
ПРОДУКТ;Зефир Чёрная смородина;312;0.5;0;81.9;0;;
ПРОДУКТ;Зефир Яблочный;320;1;0;80;0;;
ПРОДУКТ;Зефир апельсиновый;325;0.94;0;78.6;0;;
ПРОДУКТ;Зефир в Шоколаде Малина;352;2.5;9.7;60.8;0;;
ПРОДУКТ;Зефир в шоколаде Имбирный Пряник;368;2.5;10;65.6;0;;
ПРОДУКТ;Зефир ваниль;314;0.5;0;82.4;0;;
ПРОДУКТ;Зефир воздушный;340;5;0;80;0;;
ПРОДУКТ;Зефир глазированный Вивальди Милк;360;2.2;7.7;71.6;0;;
ПРОДУКТ;Зефир из печёных яблок;332.2;0.5;1.4;79.4;0;;
ПРОДУКТ;Зефир малиновый;216;6.3;2.1;43;0;;
ПРОДУКТ;Зефир с ароматом ванили;320;1;0;80;0;;
ПРОДУКТ;Зефир с экстрактом каркаде и витаминами со вкусом малины;45;0.23;0;18.3;0;;
ПРОДУКТ;Зефир шармель малина;368;2.4;10;65.6;0;;
ПРОДУКТ;Зефира «Клюква» (Marshmallow Cranberry flavor;324;1.2;0;79.7;0;;
ПРОДУКТ;Зефирное Мороженое;220;3.5;10;29;0;;
ПРОДУКТ;Зира;226.85;12;5;32;0;;
ПРОДУКТ;Зити;351.45;12;1.2;71;0;;
ПРОДУКТ;Злаково-фруктовый батончик Яблоко персик малина;374;5.5;7.6;71;0;;
ПРОДУКТ;Злаковый батончик;386;6.5;8.3;69.2;0;;
ПРОДУКТ;Злаковый батончик Kerlli с клюквой в молочном шоколаде;430;5.5;15;67;0;;
ПРОДУКТ;Злаковый батончик birthday cake;450;4.6;14;76;0;;
ПРОДУКТ;Злаковый батончик мюсли с клубникой;440;5.5;15;69;0;;
ПРОДУКТ;Злаковый батончик с клубников;340;4.5;4;72;0;;
ПРОДУКТ;Злаковый батончик шоколадный кокос;474;4.6;23.2;59.2;0;;
ПРОДУКТ;Злаковый десерт молочный шоколад;500;6.5;20;65;0;;
ПРОДУКТ;Злаковый коктейль клюквенный доктор корнер смотка;320;9.5;2;61;0;;
ПРОДУКТ;Злаковый напиток Старая Мельница ячмень;370;6;0.2;86;0;;
ПРОДУКТ;Змеиное мясо;70.03;16.4;0.3;0;0;;
ПРОДУКТ;Знатные фигурные рожки витые;342;11;1;72;0;;
ПРОДУКТ;Золотая Стрекоза;310;0;0.1;77;0;;
ПРОДУКТ;Золотая марка. Дуэт в карамельном. Карамельный белый шоколад с печеньем декорированный;529;7.14;29.3;59.3;0;;
ПРОДУКТ;Золотий Ключик;447;4.7;24;51.3;0;;
ПРОДУКТ;Золото;899;0;99.9;0;0;;
ПРОДУКТ;Золотой Степ арахис, карамель;498;10;27.4;51.4;0;;
ПРОДУКТ;Золотой®. Бульонные кубики. Бульон с курицей, брикетированный;251;2.3;7.1;44;0;;
ПРОДУКТ;Зразы Картофельные С Мясом;242.7;7.6;13.1;23.6;0;;
ПРОДУКТ;Зразы замороженные из батата с чесночной фасольб;135.5;2.7;5.1;19.7;0;;
ПРОДУКТ;Зразы картофельные от Ильиной с грибами;70.79;2;1;13;0;;
ПРОДУКТ;Зразы картофельные от Ильиной с капустой;111.26;3.3;3.9;15;0;;
ПРОДУКТ;Зразы картофельные с бобами;174.1;6.6;7.7;19.6;0;;
ПРОДУКТ;Зразы картофельные с грибами и луком;86;3.5;0.8;16.2;0;;
ПРОДУКТ;Зразы картофельные с грибами и сыром;169.6;4.2;8;20.2;0;;
ПРОДУКТ;Зразы картофельные с цвнтной капустой;150.4;3.7;6.4;19.5;0;;
ПРОДУКТ;Зразы растительные с маслом;232;8;16;14;0;;
ПРОДУКТ;Зразы филейные с сыром 4л. охл. Фреш;338.19;10;30;7;0;;
ПРОДУКТ;Зубан;135.61;18.8;6.3;0;0;;
ПРОДУКТ;Зубатка жареная;214.66;22.2;11.5;4.1;0;;
ПРОДУКТ;Зубатка запеченная;139.97;7.4;8.8;6.8;0;;
ПРОДУКТ;Зубатка отварная;117.43;15.5;5.8;0;0;;
ПРОДУКТ;Зубатка полосатая;112.05;16;5;0;0;;
ПРОДУКТ;Зубатка пёстрая;129.6;19.6;5.3;0;0;;
ПРОДУКТ;Зёленый Чай Холодный;4.86;0.02;0.01;1.08;0;;
ПРОДУКТ;ИОН ХАЗЕЛНУТС;485;11;36;50.3;0;;
ПРОДУКТ;Иван-Чай ферментированный крупнолистовой;105;4.71;2.75;19.22;0;;
ПРОДУКТ;Ижеаское эскимо;270;3;19;22;0;;
ПРОДУКТ;Извара;77;14;1;3;0;;
ПРОДУКТ;Изделие Х/Б Бородинский Без дрожжевой;202.9;7;1.3;40.8;0;;
ПРОДУКТ;Изделие булочное ЗЕРНО;280;10;7;45;0;;
ПРОДУКТ;Изделие кондитерское глазированное «Брауни лимон-мак;466;15;34;20;0;;
ПРОДУКТ;Изделие кондитерское неглазированное «Итальянский десерт;420;20;28;16;0;;
ПРОДУКТ;Изделие кондитерское сахаристое гематоген форте детский;350;6;3.5;75;0;;
ПРОДУКТ;Изделие кулинарное из мяса цыплят-бройлеров рубленое формованные запечённое замороженное. Палочки с сыром куриные;249.9;13.2;10.3;26.1;0;;
ПРОДУКТ;Изделие сдобное Улитка с маком;460;70;22;56;0;;
ПРОДУКТ;Изделие слоеное Черёмушки с вишневой начинкой;323.76;5.6;16.8;35.3;0;;
ПРОДУКТ;Изделие хлебобулочное Русь нарезанное в упаковке;285;8.5;3.1;50.7;0;;
ПРОДУКТ;Изделие хлебобулочное мелкоштучное замороженное «Маффин черничный;479;4.6;21.3;67.2;0;;
ПРОДУКТ;Изделие хлебобулочное сдобное, Булочка Веснушка;269;7.5;4.2;49.5;0;;
ПРОДУКТ;Изделие хлебобулочное сухое длительного хранения Будь Здоров! с отрубями;400;9;8.5;72;0;;
ПРОДУКТ;Изделия Кулинарные Из Мяса;203;20.2;7.8;13;0;;
ПРОДУКТ;Изделия булочные ржано-пшеничные «Хлебцы» подовые нарезанные в упаковке;260;8.5;1;50;0;;
ПРОДУКТ;Изделия булочные слоеные Каприз (с шоколадной начинкой;370.46;6.5;19;44;0;;
ПРОДУКТ;Изделия вафельные Вафли «С халвой;544.46;5.5;34.4;53.6;0;;
ПРОДУКТ;Изделия кондитерские сахаристые: Турон с миндалем и манго мягкий;443;11.4;15.8;63.8;0;;
ПРОДУКТ;Изделия крупяные экструдированные палочки кукурузные сладкие;411.09;7.5;9;73;0;;
ПРОДУКТ;Изделия кулинарные на основе макаронных изделий: Рисовая лапша под китайским соусом кисло-сладкий с кунжутом WOK;180;3.5;1.8;38;0;;
ПРОДУКТ;Изделия макаронные Alfabeto;348;13.5;1.3;70.5;0;;
ПРОДУКТ;Изделия макаронные без глютена из гречневой муки BIO;347;11;2.9;67;0;;
ПРОДУКТ;Изделия макаронные быстрого приготовления. Лапша «Говядина + соус «Томатный с базиликом;380;7.5;19;46;0;;
ПРОДУКТ;Изделия макаронные звёздочки;342;12;1.3;70.5;0;;
ПРОДУКТ;Изделия макаронные: вермишель «Фунчоза;340;1.5;0;83;0;;
ПРОДУКТ;Изделия хлебобулочные сдобные «Мяфли;470;6.1;27.9;48.5;0;;
ПРОДУКТ;Изделия хлебобулочные сдобные с начинкой Венские вафли с абрикосом;400;6;17;56;0;;
ПРОДУКТ;Изделия хлебобулочные сдобные с начинкой Венские вафли со взбитыми сливками;469.6;4.6;22.1;51.1;0;;
ПРОДУКТ;Измельченные семена льна;508;22;40;3;0;;
ПРОДУКТ;Измельченные семена льна, ядра подсолнечника, семечки тыквы, кунжут, ягоды годжи;541;22;43;8;0;;
ПРОДУКТ;Изолят соевого белка;387.26;90.1;0.2;3.9;0;;
ПРОДУКТ;Изолят соевый;383;90;1;3.5;0;;
ПРОДУКТ;Изолят соевыйф;380;90;1;3.5;0;;
ПРОДУКТ;Изюм в шоколадной глазури;403.92;3.5;9;73;0;;
ПРОДУКТ;Изюм кишмиш;301.35;2.3;0;71.2;0;;
ПРОДУКТ;Изюм темный;290;2.5;0.5;70;0;;
ПРОДУКТ;Изюм узбекский золотистый;298.07;1.8;0;70.9;0;;
ПРОДУКТ;Изюм узбекский чёрный;298.07;1.8;0;70.9;0;;
ПРОДУКТ;Ика фурай;117.35;8.2;4.6;10;0;;
ПРОДУКТ;Икоа С Креветкой;400;5;38;10;0;;
ПРОДУКТ;Икорная Закуска;144;3.5;14;1.3;0;;
ПРОДУКТ;Икра;242.36;36;10.2;0;0;;
ПРОДУКТ;Икра «Грибная;106.5;3.7;5.7;10.1;0;;
ПРОДУКТ;Икра «Дары моря» чёрная пастеризованная (аналог икры зернистой;62;1;5.4;2.6;0;;
ПРОДУКТ;Икра Баклажановая;101;1;7;8.5;0;;
ПРОДУКТ;Икра Грибная;106.5;3.7;5.7;10.1;0;;
ПРОДУКТ;Икра Деликатесная С Копченым Лососем;440;3.5;45;5;0;;
ПРОДУКТ;Икра Из Баклажанов На Мангале;80;1.5;6;5;0;;
ПРОДУКТ;Икра Из Кабачков традиционная;80;1;4.5;8.5;0;;
ПРОДУКТ;Икра Из Молодых Баклажанов;100;3;6;9;0;;
ПРОДУКТ;Икра Из Свеклы;160;2;10;14;0;;
ПРОДУКТ;Икра баклажанная;114.72;1.2;9;7.5;0;;
ПРОДУКТ;Икра баклажанная «нежная;86.04;1.3;5.2;8.6;0;;
ПРОДУКТ;Икра белужья зернистая;243.44;27.2;14.2;0;0;;
ПРОДУКТ;Икра виноградных улиток;87.22;16.1;1.4;2;0;;
ПРОДУКТ;Икра горбуши зернистая;236.61;31.2;11.7;0;0;;
ПРОДУКТ;Икра жёлтая (частиковая;90.33;17.5;2;0;0;;
ПРОДУКТ;Икра из баклажанов;119.5;1;9;7.5;0;;
ПРОДУКТ;Икра из баклажанов Славянская;74.09;1.5;4;8;0;;
ПРОДУКТ;Икра из кабачков;95.6;1;7;7;0;;
ПРОДУКТ;Икра из кабачков диетическая;55;1;3.5;4.5;0;;
ПРОДУКТ;Икра из кабачков обжаренных;97;1;7;7;0;;
ПРОДУКТ;Икра из морских водорослей Здоровье (красная;30.47;0.4;2;2.5;0;;
ПРОДУКТ;Икра из морских водорослей Здоровье (черная;41.26;0.4;2.5;4;0;;
ПРОДУКТ;Икра из обжаренных баклажанов;119.5;1;9;7.5;0;;
ПРОДУКТ;Икра из обжаренных кабачков;95.6;1;7;7;0;;
ПРОДУКТ;Икра имитированная из морских водорослей с кремом Здоровье;130;0.3;11.5;6;0;;
ПРОДУКТ;Икра имитированная с кремом;120;0.3;10.5;6.5;0;;
ПРОДУКТ;Икра искусственная;61.21;1;5;2.6;0;;
ПРОДУКТ;Икра кабачковая;90;0;7;7;0;;
ПРОДУКТ;Икра кабачковая 6 Соток;90;0;7;7;0;;
ПРОДУКТ;Икра кабачковая домашняя;81;1.5;5.4;6.6;0;;
ПРОДУКТ;Икра кеты зернистая;257.76;31.6;13.8;0;0;;
ПРОДУКТ;Икра консервированная;184.19;19;11;1;0;;
ПРОДУКТ;Икра красная кеты;263;32;15;0;0;;
ПРОДУКТ;Икра летучей рыбы (тобико;123.1;13;3.1;10;0;;
ПРОДУКТ;Икра лещевая пробойная;145.86;24.7;4.8;0;0;;
ПРОДУКТ;Икра лососевая зернистая;270.55;32;15;0;0;;
ПРОДУКТ;Икра масаго;150.04;22;6;1;0;;
ПРОДУКТ;Икра минтаевая пробойная;134.09;28.4;1.9;0;0;;
ПРОДУКТ;Икра минтаевая пробойная соленая;131.46;23;4;0;0;;
ПРОДУКТ;Икра мойвы Санта Бремор классическая;391.8;8.1;38.6;0;0;;
ПРОДУКТ;Икра мойвы Санта Бремор подкопчённая;393.94;9.3;38.3;0;0;;
ПРОДУКТ;Икра мойвы Санта Бремор с копчёным лососем;378.88;8.8;36.9;0;0;;
ПРОДУКТ;Икра мойвы Санта Бремор с креветкой;385.3;8.1;37.9;0;0;;
ПРОДУКТ;Икра мойвы Санта Бремор тресковая;386.53;8.4;37.9;0;0;;
ПРОДУКТ;Икра моллюсков;106.78;13.8;4.3;2.5;0;;
ПРОДУКТ;Икра морских ежей;106.78;13.8;4.3;2.5;0;;
ПРОДУКТ;Икра осетровая зернистая;204.91;28;9.7;0;0;;
ПРОДУКТ;Икра осетровая паюсная;242.36;36;10.2;0;0;;
ПРОДУКТ;Икра осетровая пробойная;242.36;36;10.2;0;0;;
ПРОДУКТ;Икра палтуса;109.87;20;3;0;0;;
ПРОДУКТ;Икра с копчёным лососем;440;6.8;43.3;5.7;0;;
ПРОДУКТ;Икра сазана;196.07;18.5;12.5;1;0;;
ПРОДУКТ;Икра свекольная «Прекрасная;119.5;1;7;12;0;;
ПРОДУКТ;Икра севрюжья зернистая;226.99;28.4;11.9;0;0;;
ПРОДУКТ;Икра сельди;225.25;31.6;10.3;0;0;;
ПРОДУКТ;Икра судака;90.33;17.5;2;0;0;;
ПРОДУКТ;Икра толстолобика;146.57;8.8;6.2;12.9;0;;
ПРОДУКТ;Икра трески;100.26;24;0.2;0;0;;
ПРОДУКТ;Икра трески консервированная;184.19;19;11;1;0;;
ПРОДУКТ;Икра трески пробойная;130;28;2;0;0;;
ПРОДУКТ;Икра трески стерилизованная;183;19;11;2;0;;
ПРОДУКТ;Икра трески тихоокеанской соленая непастеризованная Guten Morgen;107;20;3;0;0;;
ПРОДУКТ;Икра щучья;89.51;17.3;2;0;0;;
ПРОДУКТ;Икра ястычная;90.33;17.5;2;0;0;;
ПРОДУКТ;Имам Баялды;204;1.5;18;9;0;;
ПРОДУКТ;Имбирная Говядина;130;7;5;15;0;;
ПРОДУКТ;Имбирно-пряное брауни;466;15;34;20;0;;
ПРОДУКТ;Имбирный Эль;39;0;0;9.7;0;;
ПРОДУКТ;Имбирный Эль Куркума;50;0.5;0.3;11;0;;
ПРОДУКТ;Имбирный эль С Лаймом;30;0.5;0.4;6;0;;
ПРОДУКТ;Имбирь;79.59;1.8;0.8;15.8;0;;
ПРОДУКТ;Имбирь Розовый;30;0.1;1;5.5;0;;
ПРОДУКТ;Имбирь китайский (крачай;78.25;1.8;0.7;15.7;0;;
ПРОДУКТ;Имбирь маринованный;80;2;1;19;0;;
ПРОДУКТ;Имбирь маринованный розовый;70;0;0;18;0;;
ПРОДУКТ;Имбирь сухой;383.33;9.1;6;70.8;0;;
ПРОДУКТ;Имунеле;70;2.7;1.5;11.5;0;;
ПРОДУКТ;Имунеле (напиток кисломолочный;67;2.7;1.2;11.3;0;;
ПРОДУКТ;Имунеле Лесные ягоды;71.22;2.5;1.2;12.4;0;;
ПРОДУКТ;Индейка (кожа;394.87;12.7;36.9;0;0;;
ПРОДУКТ;Индейка (сердце;114.62;16;5.1;0.4;0;;
ПРОДУКТ;Индейка Грудка;110;22;2.5;0;0;;
ПРОДУКТ;Индейка Духовая;130;19;6;0;0;;
ПРОДУКТ;Индейка Охлажденная;110;22;2.5;0;0;;
ПРОДУКТ;Индейка Том Ям;132;6;4;17;0;;
ПРОДУКТ;Индейка запеченная в итальянских травах с кус-кусом;162;12.9;3.69;19.9;0;;
ПРОДУКТ;Индейка индилайт стейк грудки;110;22;2.5;0;0;;
ПРОДУКТ;Индейка с гречкой и овощами;108;7.31;2.31;14.6;0;;
ПРОДУКТ;Индейка тушёная;198;13.5;16;30;0;;
ПРОДУКТ;Индейка фарш;158.37;20;8;0.5;0;;
ПРОДУКТ;Индейка, запеченная с помидорами;160;16.4;9.09;2.73;0;;
ПРОДУКТ;Индиан Тоник;37;0;0;9;0;;
ПРОДУКТ;Индилайт сосиски молочные из индейки;200;13;16;1;0;;
ПРОДУКТ;Индоутка (мускусная утка;316.99;25;23;0.2;0;;
ПРОДУКТ;Инжир;60.9;0.7;0.2;13.7;0;;
ПРОДУКТ;Инжир сушеный;257.53;3.1;0.8;57.9;0;;
ПРОДУКТ;Ирга;49.2;0;0;12;0;;
ПРОДУКТ;Иримшик;386;12;35;21;0;;
ПРОДУКТ;Ирис;420;3;7.5;85;0;;
ПРОДУКТ;Ирис Meller Белый шоколад;431.32;3.3;9.4;80.6;0;;
ПРОДУКТ;Ирис Meller Капучино;421.42;3;8.6;80.3;0;;
ПРОДУКТ;Ирис Meller Пралине;421.42;3;8.6;80.3;0;;
ПРОДУКТ;Ирис Meller Тёмный шоколад;398.33;3;6.6;79.2;0;;
ПРОДУКТ;Ирис Meller Шоколад;416.91;3;8.6;79.2;0;;
ПРОДУКТ;Ирис Соленый С Арахисом;419;5;11;75;0;;
ПРОДУКТ;Ирис с орехом кешью;410.3;3.7;8.3;80.2;0;;
ПРОДУКТ;Ирис тираженный «Сливочный;410;1;7;86;0;;
ПРОДУКТ;Ирландский Скир;90.8;9.3;1.2;10.7;0;;
ПРОДУКТ;Исландский Скип С Черникой И Малиной;91;9.3;1.2;10.7;0;;
ПРОДУКТ;Исландский Скир 1.5;72;11;1.5;3.7;0;;
ПРОДУКТ;Исландский скир Печеное яблоко 1,2;95.6;9.3;1.2;11.9;0;;
ПРОДУКТ;Испанская Смесь;92.8;2.6;3.5;12.7;0;;
ПРОДУКТ;Испанский суп с охотничьими колбасками и томленой говядиной;66.2;3.1;3.4;5.8;0;;
ПРОДУКТ;Испанское Молоко 3,6;63;3;3.6;4.6;0;;
ПРОДУКТ;Иссоп;22.38;3.9;0.6;0.2;0;;
ПРОДУКТ;Италиански със салам, моцарела и два вида песто;184;9.1;7.8;19.4;0;;
ПРОДУКТ;Итальянская Смесь;49.5;2.4;0.4;9.1;0;;
ПРОДУКТ;Итальянские Мини-хлебцы с прованскими травами;380;2;8;75;0;;
ПРОДУКТ;Итальянские Фрикадельки Полпетте В Томатном Соусе;176.8;9.4;11.6;8.6;0;;
ПРОДУКТ;Итальянские мини-хлебцы с томатом и орегано;420;2;16;66;0;;
ПРОДУКТ;Итальянские хлебцы;380;2;8;75;0;;
ПРОДУКТ;Итальянский кетчуп;110;1.5;0.1;26;0;;
ПРОДУКТ;Итальянский пай;420;5;14;67;0;;
ПРОДУКТ;Итальянский пай Сдобная особа с вишней;390.33;5;12.8;61.2;0;;
ПРОДУКТ;Итальянский пай Сдобная особа с лимоном;387.46;5;12.8;60.5;0;;
ПРОДУКТ;Итальянский пай Сдобная особа с черникой;387.46;5;12.8;60.5;0;;
ПРОДУКТ;Итальянский соус для приготовления блюд С ароматными травами;45;1.3;0.5;8;0;;
ПРОДУКТ;ЙОГУРТ YOPRO протеин;76;10;0.9;6.2;0;;
ПРОДУКТ;ЙОГУРТ АКТИВИЯ пробиотик;60;3.5;3.4;3.9;0;;
ПРОДУКТ;ЙОГУРТ АКТИВИЯ 🍓 мюсли;90;3.5;3;11.4;0;;
ПРОДУКТ;ЙОГУРТ ВКУСНОТЕЕВО ЧЕРНИКА;83.2;3.3;2;13;0;;
ПРОДУКТ;ЙОГУРТ ГАЛИЧИНА 2,2;77;2.2;2.2;12;0;;
ПРОДУКТ;ЙОГУРТ ГАЛИЧИНА 🍒 2,2;83;2.8;2.2;13;0;;
ПРОДУКТ;ЙОГУРТ ПИТЬЕВОЙ «КИВИ-ОПУНЦИЯ;67.3;2.8;1.7;10.2;0;;
ПРОДУКТ;ЙОГУРТ ПИТЬЕВОЙ «СМУЗИ» С ГРУШЕЙ И БРОККОЛИ;69.9;2.9;2.3;9.4;0;;
ПРОДУКТ;Йогурт - Персик;83.89;2.9;2.5;12.3;0;;
ПРОДУКТ;Йогурт 3,5;61.9;3.2;3.5;4.4;0;;
ПРОДУКТ;Йогурт ALPENLAND с ананасом;75;2.4;0.3;16;0;;
ПРОДУКТ;Йогурт Epica Ананас;123.72;5.7;4.8;13.6;0;;
ПРОДУКТ;Йогурт Epica Вишня и черешня;124.95;5.7;4.8;13.9;0;;
ПРОДУКТ;Йогурт Epica Гранат и малина;124.13;5.7;4.8;13.7;0;;
ПРОДУКТ;Йогурт Epica Зимний пунш;120;5.7;4.8;13.1;0;;
ПРОДУКТ;Йогурт Epica Клубника;122.9;5.7;4.8;13.4;0;;
ПРОДУКТ;Йогурт Epica Кокос и ваниль;135.2;5.8;6.3;12.9;0;;
ПРОДУКТ;Йогурт Epica Красный апельсин;118.8;5.7;4.8;12.4;0;;
ПРОДУКТ;Йогурт Epica Манго и семена чиа;127.22;5.8;5;13.9;0;;
ПРОДУКТ;Йогурт Epica Мандарин;120;5.7;4.8;13.7;0;;
ПРОДУКТ;Йогурт Epica Натуральный 6;101.66;7;6;4.2;0;;
ПРОДУКТ;Йогурт Hi Фейхоа, виноград, базилик;80;2.2;2.5;13.3;0;;
ПРОДУКТ;Йогурт High-Pro Вишня-Пломбир;61.88;12.5;0;3;0;;
ПРОДУКТ;Йогурт High-Pro Натуральный;61.88;12.5;0;3;0;;
ПРОДУКТ;Йогурт High-Pro Черника-малина;61.88;12.5;0;3;0;;
ПРОДУКТ;Йогурт LAPLANDIA сливочный с наполнителем черничный маффин 7,2;137;3.7;7.2;14.4;0;;
ПРОДУКТ;Йогурт Lucky days (персик;66.6;2.9;1;11.5;0;;
ПРОДУКТ;Йогурт Total 0;58.63;10.3;0;4;0;;
ПРОДУКТ;Йогурт Viola Слив.Lap. с нап. фисташка;144;3.6;7.1;16.3;0;;
ПРОДУКТ;Йогурт Yoguru клубника 2.5;100;3.3;2.5;15.8;0;;
ПРОДУКТ;Йогурт teos с черникой большой;91.2;7;2;11.3;0;;
ПРОДУКТ;Йогурт «Skyr» 1.8% з фруктовим наповнювачем Полуниця;79;6.8;1.8;9;0;;
ПРОДУКТ;Йогурт «Греческий;110;7.6;8;4.2;0;;
ПРОДУКТ;Йогурт «Греческий Классический;68;8;2;4.6;0;;
ПРОДУКТ;Йогурт «Греческий» обезжиренный;55;10;0.1;4;0;;
ПРОДУКТ;Йогурт «Греческий» с клубникой;87;6.8;1.7;11.2;0;;
ПРОДУКТ;Йогурт «Греческий» с персиком;85;6.8;1.7;10.5;0;;
ПРОДУКТ;Йогурт «Классический;59;3.6;1.8;7;0;;
ПРОДУКТ;Йогурт «От фермера» черника 2,8;103;8;3;11;0;;
ПРОДУКТ;Йогурт Στραγγατο 10;134;6.5;10;4.5;0;;
ПРОДУКТ;Йогурт Агуша вязкий с бананом 2.7;86.58;3;2.7;12;0;;
ПРОДУКТ;Йогурт Агуша детский натуральный 2.9;81.88;3;2.9;10.4;0;;
ПРОДУКТ;Йогурт Агуша детский с черносливом 2.6;84.01;2.8;2.6;11.8;0;;
ПРОДУКТ;Йогурт Агуша питьевой натуральный 3.1;57.09;3.2;3.1;3.7;0;;
ПРОДУКТ;Йогурт Агуша питьевой с персиком 2.7;80.43;2.8;2.7;10.7;0;;
ПРОДУКТ;Йогурт Агуша питьевой с черносливом 2.7;80.43;2.8;2.7;10.7;0;;
ПРОДУКТ;Йогурт Актибио;89;4.2;3;11.2;0;;
ПРОДУКТ;Йогурт Активиa Вишня;113.86;3.8;2.9;17.4;0;;
ПРОДУКТ;Йогурт Активиa Клубника;100.33;3.8;2.9;14.1;0;;
ПРОДУКТ;Йогурт Активиa Мюсли;110.09;3.8;3.2;15.8;0;;
ПРОДУКТ;Йогурт Активиa Мюсли и киви;108.23;3.8;3;15.8;0;;
ПРОДУКТ;Йогурт Активиa Мюсли и персик;110.09;3.8;3.2;15.8;0;;
ПРОДУКТ;Йогурт Активиa Натуральный;76.79;4.5;3.5;6.3;0;;
ПРОДУКТ;Йогурт Активиa Отруби и злаки;99.92;3.8;2.9;14;0;;
ПРОДУКТ;Йогурт Активиa Чернослив;101.97;3.8;2.9;14.5;0;;
ПРОДУКТ;Йогурт Активиа Био+протеиновая натуральная;68.38;8.8;1.8;3.8;0;;
ПРОДУКТ;Йогурт Активиа Инжир;100.33;3.8;2.9;14.1;0;;
ПРОДУКТ;Йогурт Активиа лёгкая 1,5;66.42;5.3;1.5;7.5;0;;
ПРОДУКТ;Йогурт Апельсин;70.2;2.8;2.2;9.8;0;;
ПРОДУКТ;Йогурт Био Баланс Зелёный чай-лимон;79.12;3.1;1.5;12.8;0;;
ПРОДУКТ;Йогурт Био Баланс Злаки;78.31;3.1;1.5;12.6;0;;
ПРОДУКТ;Йогурт Био Баланс Клубника;84.46;3.1;1.5;14.1;0;;
ПРОДУКТ;Йогурт Био Баланс Черника-злаки;80.36;3.1;1.5;13.1;0;;
ПРОДУКТ;Йогурт Био Баланс Чернослив;79.94;3.1;1.5;13;0;;
ПРОДУКТ;Йогурт Виола вишня;103;3.5;2.5;16.2;0;;
ПРОДУКТ;Йогурт Виола черника клубника;100;3.6;2.6;15.6;0;;
ПРОДУКТ;Йогурт Вишня Черешня;86.09;2.85;2.12;14;0;;
ПРОДУКТ;Йогурт Вишнёвый;120;5.7;4.8;14;0;;
ПРОДУКТ;Йогурт Грецький 10;123.6;3.5;10;4.9;0;;
ПРОДУКТ;Йогурт Греческий;96;4.4;6;6;0;;
ПРОДУКТ;Йогурт Греческий 2,0;66;8;2;4;0;;
ПРОДУКТ;Йогурт Греческий 3,4;57.4;3.2;3.4;3.9;0;;
ПРОДУКТ;Йогурт Греческий «Клубника-Банан;151.4;6.6;8.6;11.9;0;;
ПРОДУКТ;Йогурт Греческий Абрикос;92.5;5;2.5;12.5;0;;
ПРОДУКТ;Йогурт Греческий Классический;68;8;2;4.6;0;;
ПРОДУКТ;Йогурт Греческий Малина мята;116;6.3;3;15.9;0;;
ПРОДУКТ;Йогурт Греческий Обезжиренный Персик;83.7;9.8;0.1;10.9;0;;
ПРОДУКТ;Йогурт Греческий С Грушей;88;7.7;1.8;10.3;0;;
ПРОДУКТ;Йогурт Греческий С Черникой;101;6;3;12.5;0;;
ПРОДУКТ;Йогурт Греческий Смородина Бази;116;6.3;3;16;0;;
ПРОДУКТ;Йогурт Груша с семенами чиа;110.4;3.1;4;15.5;0;;
ПРОДУКТ;Йогурт Густой Греческий;64;8.7;2;2.8;0;;
ПРОДУКТ;Йогурт Данон Вишня и черешня;91.12;2.9;1.6;15.7;0;;
ПРОДУКТ;Йогурт Данон Клубника;84.86;2.8;1.5;14.5;0;;
ПРОДУКТ;Йогурт Данон Персик и маракуйя;84.86;2.8;1.5;14.5;0;;
ПРОДУКТ;Йогурт Данон Черника;84.86;2.8;1.5;14.5;0;;
ПРОДУКТ;Йогурт Данон термостатный густой 1.5;50.01;3.6;1.5;5.2;0;;
ПРОДУКТ;Йогурт Данон традиционный;76.99;4.6;3.3;6.7;0;;
ПРОДУКТ;Йогурт Для всей семьи с черникой;97.03;3.1;2.5;14.9;0;;
ПРОДУКТ;Йогурт Здрайверы клубника 2.5;89.24;2.8;2.5;13.3;0;;
ПРОДУКТ;Йогурт Здрайверы мультифрукт 2.5;77.75;2.8;2.5;10.5;0;;
ПРОДУКТ;Йогурт Здрайверы персик-злаки 2.5;92.11;2.8;2.5;14;0;;
ПРОДУКТ;Йогурт Здрайверы яблоко-банан 2.5;92.11;2.8;2.5;14;0;;
ПРОДУКТ;Йогурт Ирбитский черника 2,5;91;2.8;2.5;14.4;0;;
ПРОДУКТ;Йогурт Карпатський чорниця-злаки;90;2.6;2.5;14.5;0;;
ПРОДУКТ;Йогурт Клубника-киви Фруате;73;2.8;1.5;12;0;;
ПРОДУКТ;Йогурт Лесная Ягода;83.5;2.9;2;13.5;0;;
ПРОДУКТ;Йогурт Мадагаскарская ваниль 5.0;95.2;2.8;5;10;0;;
ПРОДУКТ;Йогурт Манго 2.7;90;2.8;2.7;14;0;;
ПРОДУКТ;Йогурт Мюсли Бирхер По-швейцарски;70.9;3.1;2.5;9;0;;
ПРОДУКТ;Йогурт Натуральный;60;3.6;2.8;5.2;0;;
ПРОДУКТ;Йогурт Натуральный 1.8;51;3.3;1.8;5.5;0;;
ПРОДУКТ;Йогурт Натуральный с ягодами Вишня Черешня;80.4;2.8;2;12.8;0;;
ПРОДУКТ;Йогурт Натуральный с ягодами Черника Малина;78.87;2.8;2;12.8;0;;
ПРОДУКТ;Йогурт Нежный , вкус клубника и банан;70;2.4;0.1;14.6;0;;
ПРОДУКТ;Йогурт Нежный 0.1% С Соком Персика;50;1.4;0.1;10.6;0;;
ПРОДУКТ;Йогурт Оригинальный;102;3.1;2.8;16;0;;
ПРОДУКТ;Йогурт Персик Абрикос;85;2.8;1.9;14.2;0;;
ПРОДУКТ;Йогурт Персик Манго;83;2.9;2;13.5;0;;
ПРОДУКТ;Йогурт Персик-маракуйя;99.5;2.8;3.2;14.8;0;;
ПРОДУКТ;Йогурт Питьевой Clean Label;43;3.7;0.9;4.9;0;;
ПРОДУКТ;Йогурт Питьевой «Персик-Овсяные хлопья» 1.7;65.3;2.8;1.7;9.7;0;;
ПРОДУКТ;Йогурт Полуниця;82;3;3.2;10.3;0;;
ПРОДУКТ;Йогурт Полуниця-банан;74.1;2.67;1;13.6;0;;
ПРОДУКТ;Йогурт Простоквашино белый классический;67.72;3.9;2.7;6.5;0;;
ПРОДУКТ;Йогурт Растишка с бананом и печеньем;111.1;3.8;3;16.5;0;;
ПРОДУКТ;Йогурт Растишка с земляникой;90.71;2.9;1.6;15.6;0;;
ПРОДУКТ;Йогурт Растишка с клубникой и печеньем;111.1;3.8;3;16.5;0;;
ПРОДУКТ;Йогурт Растишка с лесными ягодами;90.71;2.9;1.6;15.6;0;;
ПРОДУКТ;Йогурт Растишка с мякотью вишни;90.3;2.9;1.6;15.5;0;;
ПРОДУКТ;Йогурт Растишка с мякотью клубники;89.89;2.9;1.6;15.4;0;;
ПРОДУКТ;Йогурт Растишка с мякотью персика и абрикоса;90.71;2.9;1.6;15.6;0;;
ПРОДУКТ;Йогурт Растишка с печеньем;89.07;2.9;1.6;15.2;0;;
ПРОДУКТ;Йогурт Растишка с черникой;90.71;2.9;1.6;15.6;0;;
ПРОДУКТ;Йогурт С Вишней И Черешней;72.1;3;2.5;9.4;0;;
ПРОДУКТ;Йогурт С Персиком;90;3.4;2.5;13.2;0;;
ПРОДУКТ;Йогурт С Черникой;83.2;3.3;2;13;0;;
ПРОДУКТ;Йогурт Сливочный Клубника;119;2.8;7;11.2;0;;
ПРОДУКТ;Йогурт Суниця-Манго 2,2% жиру, Галичина;83;2.8;2.2;13;0;;
ПРОДУКТ;Йогурт Термостатный Абрикос;88.74;2.8;2.5;13.6;0;;
ПРОДУКТ;Йогурт Термостатный Клубника;113.7;2.8;2.5;20;0;;
ПРОДУКТ;Йогурт Фермерский завтрак с грушей и семенами;94.44;3.06;3.22;13.33;0;;
ПРОДУКТ;Йогурт Фермерский завтрак с клубникой;100.56;3;3.11;15;0;;
ПРОДУКТ;Йогурт Царка вишня;85;2.8;3.5;11.1;0;;
ПРОДУКТ;Йогурт Черешня;79;2.8;1.5;13.5;0;;
ПРОДУКТ;Йогурт Чудо Вк.шок.нас.печ;141;3.6;5.7;18.9;0;;
ПРОДУКТ;Йогурт Чудо Двойной вкус Вишня-Черешня;94.05;2.8;2.4;14.7;0;;
ПРОДУКТ;Йогурт Чудо Двойной вкус Клубника-Земляника;94.05;2.8;2.4;14.7;0;;
ПРОДУКТ;Йогурт Чудо Двойной вкус Малина-Черника;94.05;2.8;2.4;14.7;0;;
ПРОДУКТ;Йогурт Чудо Двойной вкус Манго-Дыня;94.05;2.8;2.4;14.7;0;;
ПРОДУКТ;Йогурт Чудо Двойной вкус Персик-Абрикос;94.05;2.8;2.4;14.7;0;;
ПРОДУКТ;Йогурт Чудо Лесные ягоды;93.23;2.8;2.4;14.5;0;;
ПРОДУКТ;Йогурт Чудо Яблоко-Мюсли;98.25;2.8;2.5;15.5;0;;
ПРОДУКТ;Йогурт Чудо персик-манго-дыня;84;2.8;1.9;13.9;0;;
ПРОДУКТ;Йогурт Яблоко-груша;71;2.8;2.2;10;0;;
ПРОДУКТ;Йогурт Ягодное Конфетти;134;3.4;4.4;20.2;0;;
ПРОДУКТ;Йогурт абрикос 1;66.92;2.8;1;11.3;0;;
ПРОДУКТ;Йогурт без лактозы free белый персик - ваниль;70.75;3.4;1.1;11.6;0;;
ПРОДУКТ;Йогурт без лактозы free клубника - ананас;71.94;3.4;1.1;11.9;0;;
ПРОДУКТ;Йогурт без лактозы малина-чёрная смородина;96;3.7;2.7;14.1;0;;
ПРОДУКТ;Йогурт безлактозный FREE;74;4.6;3.4;6.3;0;;
ПРОДУКТ;Йогурт безлактозный с вишней;92;4;2.9;12.6;0;;
ПРОДУКТ;Йогурт безлактозный с клубникой;90;3.7;2.8;12.6;0;;
ПРОДУКТ;Йогурт вишнёвый 2,0;73.2;2.8;2;11;0;;
ПРОДУКТ;Йогурт высокобелковый;69;9;2.1;3.5;0;;
ПРОДУКТ;Йогурт высокобелковый «Персик-маракуйя;95.3;7.4;1.7;12.6;0;;
ПРОДУКТ;Йогурт греческий 2;64;8;2;3.5;0;;
ПРОДУКТ;Йогурт греческий Манго 1,7;87;7;1.7;10.8;0;;
ПРОДУКТ;Йогурт греческий без сахара;76;7.5;4;2.5;0;;
ПРОДУКТ;Йогурт греческий с наполнителем черника;74.7;6.3;1.5;9;0;;
ПРОДУКТ;Йогурт греческий ягодный черника;97;7.2;3.4;9.4;0;;
ПРОДУКТ;Йогурт гречиский манго-маракуя;75.4;6.4;3.4;4.8;0;;
ПРОДУКТ;Йогурт груша-мед-злаки;102;3.8;2;17.3;0;;
ПРОДУКТ;Йогурт даниссимо с шариками клубника молочный шоколад 105г;123;3.3;6.9;11.9;0;;
ПРОДУКТ;Йогурт двухслойный с вишней;90.82;2.8;2.7;14;0;;
ПРОДУКТ;Йогурт з манго 1;69;2.1;1;13;0;;
ПРОДУКТ;Йогурт з чорницею %1;71;2.3;1;13;0;;
ПРОДУКТ;Йогурт злаки;91.54;2.9;2.5;14.2;0;;
ПРОДУКТ;Йогурт из Талицы;85;2.8;3;11.8;0;;
ПРОДУКТ;Йогурт кампила нежный;78.4;2.4;1.2;14.5;0;;
ПРОДУКТ;Йогурт клубника;143;3.6;7.1;16.1;0;;
ПРОДУКТ;Йогурт клубника фруктовый 2,8;83;3;3;11;0;;
ПРОДУКТ;Йогурт клубничный;73;2.8;2;11;0;;
ПРОДУКТ;Йогурт лесная ягода фруктовый 2,8;83;3;3;11;0;;
ПРОДУКТ;Йогурт малина - лимон;120;5.6;4.8;13.4;0;;
ПРОДУКТ;Йогурт малина манго;74;3.1;1.5;12;0;;
ПРОДУКТ;Йогурт малина-земляника;76.1;3;2.5;10.4;0;;
ПРОДУКТ;Йогурт манго семена чиа;120;5.8;5;13.9;0;;
ПРОДУКТ;Йогурт на кубанском молоке;67.1;3.2;3.5;5.7;0;;
ПРОДУКТ;Йогурт натуральный 2;61.63;4.3;2;6.2;0;;
ПРОДУКТ;Йогурт натуральный 2,8;57;3;3;4.5;0;;
ПРОДУКТ;Йогурт натуральный 2.7;57.47;3.2;2.7;4.7;0;;
ПРОДУКТ;Йогурт натуральный 3.2;64.58;5;3.2;3.5;0;;
ПРОДУКТ;Йогурт обезжиренный Вишня-черешня;56.5;2.9;0.1;11;0;;
ПРОДУКТ;Йогурт обогащенный бифидобактериями с фруктовым джемом клубника;88;2.8;2.5;13.5;0;;
ПРОДУКТ;Йогурт особая коллекция(лесной орех;80;3.1;1.5;14.1;0;;
ПРОДУКТ;Йогурт персик стакан 5;98.9;5;2.1;15;0;;
ПРОДУКТ;Йогурт персик-маракуйа 1;71.4;1.7;1;13.9;0;;
ПРОДУКТ;Йогурт питьевой;78;2.9;2.5;11;0;;
ПРОДУКТ;Йогурт питьевой Clean label с бананом;63;3.3;0.4;11.5;0;;
ПРОДУКТ;Йогурт питьевой Laplandia с малиной и клюквой;86.1;3.4;2.5;12.5;0;;
ПРОДУКТ;Йогурт питьевой Laplandia с черникой и белым шоколадом;87.24;3.4;2.5;12.6;0;;
ПРОДУКТ;Йогурт питьевой Активия Малина;61;2.9;0.9;10.2;0;;
ПРОДУКТ;Йогурт питьевой Ананас;91.6;2.9;3.3;12.6;0;;
ПРОДУКТ;Йогурт питьевой Банан - Клубника;86;3.2;1.5;15;0;;
ПРОДУКТ;Йогурт питьевой Данон активиа напитка ягода и киви 320 мл;61.88;2.8;1.2;9.9;0;;
ПРОДУКТ;Йогурт питьевой Манго МДж 3,0-4,4;86.2;2.6;3;12.2;0;;
ПРОДУКТ;Йогурт питьевой натуральный 0.4;36;3.2;0.4;4.8;0;;
ПРОДУКТ;Йогурт питьевой с гранатом и апельсином;85;3.4;2.5;12.3;0;;
ПРОДУКТ;Йогурт питьевой с грушей и ванилью;69;2.8;2;9.8;0;;
ПРОДУКТ;Йогурт питьевой с киви и виноградом EPICA;83.65;3.4;2.5;11.8;0;;
ПРОДУКТ;Йогурт питьевой с малиной и черникой;69;3.3;0.8;12.2;0;;
ПРОДУКТ;Йогурт питьевой с манго и киви;68;2.8;2;9.6;0;;
ПРОДУКТ;Йогурт питьевой с персиком;60;2.8;0.9;9.8;0;;
ПРОДУКТ;Йогурт питьевой со вкусом абрикоса;77.4;2.8;2;12;0;;
ПРОДУКТ;Йогурт питьевой со вкусом лесных ягод;77.2;2.8;2;12;0;;
ПРОДУКТ;Йогурт питьевой фруктовый;68;2.8;0.5;13;0;;
ПРОДУКТ;Йогурт протеиновый ананас;70.3;4.5;1.5;9.7;0;;
ПРОДУКТ;Йогурт с Финиками;73.3;3;2.5;9.7;0;;
ПРОДУКТ;Йогурт с ананасом;120;5.7;4.8;13.6;0;;
ПРОДУКТ;Йогурт с ароматом Абрикос;72;3.3;1.3;11.3;0;;
ПРОДУКТ;Йогурт с ароматом лесных ягод;80;3.2;1.5;12.44;0;;
ПРОДУКТ;Йогурт с ароматом черники 2,5;79;3.2;2.5;11;0;;
ПРОДУКТ;Йогурт с вишней;95;4;4.5;9.66;0;;
ПРОДУКТ;Йогурт с гранолой персик и манго 2,7-3,5;95;2.79;3.47;13;0;;
ПРОДУКТ;Йогурт с драже шарики злаковые в белом и молочном шоколаде;91.5;3.5;4;10.43;0;;
ПРОДУКТ;Йогурт с киви и фейхоа EPICA;120;5.7;4.8;13;0;;
ПРОДУКТ;Йогурт с клубникой;93.7;2.8;2.5;15;0;;
ПРОДУКТ;Йогурт с клубникой и бананом 2.5;61.3;3;2.5;6.7;0;;
ПРОДУКТ;Йогурт с красной смородиной 2,5;58.1;3;2.5;5.9;0;;
ПРОДУКТ;Йогурт с лесными ягодами;96;3.4;2.7;13.5;0;;
ПРОДУКТ;Йогурт с шариками в шоколаде;123;3.3;6.9;11.9;0;;
ПРОДУКТ;Йогурт сливочный Laplandia с тыквой, абрикосом и пряностями;134;3.6;7.1;14;0;;
ПРОДУКТ;Йогурт сливочный Laplandia со вкусом крем-брюле;139;3.5;7;15.5;0;;
ПРОДУКТ;Йогурт со вкусом абрикоса, 1.0;72;3.2;1;12.5;0;;
ПРОДУКТ;Йогурт со вкусом клубника-земляника;94.4;3.3;2;15.8;0;;
ПРОДУКТ;Йогурт со злаками Ростагроэкспорт;99.7;3.3;2.5;16;0;;
ПРОДУКТ;Йогурт со злаками фруктовый м. д. ж. 2,8;83;3;3;11;0;;
ПРОДУКТ;Йогурт соевый;46.38;4;2.3;2.1;0;;
ПРОДУКТ;Йогурт термостатный;60;3.2;3.5;4;0;;
ПРОДУКТ;Йогурт термостатный 4;70;3.5;4;5;0;;
ПРОДУКТ;Йогурт термостатный Данон;47;3.6;1.5;4.8;0;;
ПРОДУКТ;Йогурт термостатный на кубанском молоке;52.1;3.2;2.5;4.2;0;;
ПРОДУКТ;Йогурт фруктовый 1.5;65.6;3.7;1.5;8.9;0;;
ПРОДУКТ;Йогурт фруктовый 3.2;85.08;5;3.2;8.5;0;;
ПРОДУКТ;Йогурт фруктовый «Лесные ягоды» 1,5;70.7;3.3;1.5;11;0;;
ПРОДУКТ;Йогурт фруктовый клубника-киви;84;2.8;1.9;14;0;;
ПРОДУКТ;Йогурт фруктовый низкожирный 1.5% Персик-банан;69;2.9;1.5;11;0;;
ПРОДУКТ;Йогурт фруктовый с черникой;68.2;2.8;1;12;0;;
ПРОДУКТ;Йогурт фруктовый, вишня;98;3;2;16.9;0;;
ПРОДУКТ;Йогурт черника 2,5;61.3;3;2.5;6.7;0;;
ПРОДУКТ;Йогурт черника-голубика;85;3;2.5;12.5;0;;
ПРОДУКТ;Йогурт черничный;86.1;2.8;2.1;14;0;;
ПРОДУКТ;Йогурт ягодный обезжиренный Малина;56.5;2.9;0.1;11;0;;
ПРОДУКТ;Йогурт, обогащенный витаминами (A, D3) с клубникой;85;3.6;2.8;11.3;0;;
ПРОДУКТ;Йогурт. Печеное яблоко-корица;88;2.9;3.5;11.3;0;;
ПРОДУКТ;Йогуртное пюре Gerber с грушей и бананом;77.07;1;3;11;0;;
ПРОДУКТ;Йогуртное пюре Gerber с малиной и черникой;72.92;0.8;2.2;12;0;;
ПРОДУКТ;КАКАО Золотой ярлык;330;24;15;10;0;;
ПРОДУКТ;КВАС (kvas;33;0;0;8.2;0;;
ПРОДУКТ;КОНСЕРВЫ ИЗ ФАСОЛИ. КРАСНАЯ ФАСОЛЬ В КЛАССИЧЕСКОМ БАРБЕКЮ. КОНСЕРВЫ СТЕРИЛИЗОВАННЫЕ;110;5.23;1.2;20;0;;
ПРОДУКТ;КОРОВКА ВАФЛИ ШОКОЛАД;532;7.5;30;58;0;;
ПРОДУКТ;КРЕМ ПАТИСЕРИЯ;300;0.8;28;12;0;;
ПРОДУКТ;КРЕМА СИРЕНЕ;250;15;20;2.5;0;;
ПРОДУКТ;КРЕМОБОН Кленовый пекан;400;5;19;52;0;;
ПРОДУКТ;КФМ филе елена резерва;193;40;3;1;0;;
ПРОДУКТ;Кабанос ремит;370;21;30;3;0;;
ПРОДУКТ;Кабанье мясо;118.81;21.5;3.3;0;0;;
ПРОДУКТ;Кабачки 4 сезона нарезанные;26.98;0.6;0.3;5.3;0;;
ПРОДУКТ;Кабачки гриль со сметанно-чесночным соусом;74.7;1.5;5.5;4.8;0;;
ПРОДУКТ;Кабачковая икра;100.29;1.2;7;7.4;0;;
ПРОДУКТ;Кабачок;24.11;0.6;0.3;4.6;0;;
ПРОДУКТ;Кабачок жареный;87.72;1.1;6;6.7;0;;
ПРОДУКТ;Кабачок консервированный;22.66;0.4;0.1;4.9;0;;
ПРОДУКТ;Каберне полусладкое красное;77;0;0;3.5;0;;
ПРОДУКТ;Кава Buco High El Salvador Cordillera del Balsamo в дріпах, 5 × 10 г;223;13.9;14.2;4;0;;
ПРОДУКТ;Кава в дріпах Buco High El Salvador Cordillera del Balsamo;223;13.9;14.2;4;0;;
ПРОДУКТ;Кавказские Хинкали Из Свинины И Говядины;247;10;11;27;0;;
ПРОДУКТ;Кадровый орех;640;20;56;13.6;0;;
ПРОДУКТ;Казаречче Качо Э Пепе;124;5.7;2.8;19.1;0;;
ПРОДУКТ;Казачерре В Соусе Из Болгарского Перца;100;5;4.5;9.5;0;;
ПРОДУКТ;Кайзерован Свински Врат;223;12.1;17.7;3.5;0;;
ПРОДУКТ;Каймак;248.24;6.1;23.5;1.2;0;;
ПРОДУКТ;Какао;364;24.7;15;28.5;0;;
ПРОДУКТ;Какао 3 в 1;184.7;6;4.8;29.3;0;;
ПРОДУКТ;Какао Dr.Oetker;241.59;22;11;12;0;;
ПРОДУКТ;Какао Порошок С Низкий Содержанием Жира;150;22;1.5;12;0;;
ПРОДУКТ;Какао Растворимый Напиток;376;3.15;2.1;86.1;0;;
ПРОДУКТ;Какао и фундук;560;6;34;57;0;;
ПРОДУКТ;Какао плюс;181.25;13.12;6.25;6.25;0;;
ПРОДУКТ;Какао порошок;360;24;17;27;0;;
ПРОДУКТ;Какао растворимое;390;3;1.5;91;0;;
ПРОДУКТ;Какао с йогуртовой начинкой. Утреннее;464;7.1;18;67;0;;
ПРОДУКТ;Какао тёртое;629.99;13.5;54;17.8;0;;
ПРОДУКТ;Какао тёртое натуральное в дисках;626.2;12.3;53;25;0;;
ПРОДУКТ;Какао-бобы;584.73;12.8;53.1;9.5;0;;
ПРОДУКТ;Какао-крупка;632.86;14;54;18;0;;
ПРОДУКТ;Какао-напиток Nestle Nesquik быстрорастворимый;380.28;4.5;3.2;81;0;;
ПРОДУКТ;Какао-напиток растворимый;380;2;1.1;91.6;0;;
ПРОДУКТ;Какао-напиток растворимый с витаминами;380;3;2;88;0;;
ПРОДУКТ;Какао-порошок;392.58;24.2;17.5;31.9;0;;
ПРОДУКТ;Какао-порошок «Коммунарка;340;25;14;30;0;;
ПРОДУКТ;Какао-порошок обезжиренный 0-1;176.46;30;0.9;11;0;;
ПРОДУКТ;Какрамель и Орех Шоколад Молочный;490;7.5;26;56;0;;
ПРОДУКТ;Калач;251.38;7.9;0.8;51.6;0;;
ПРОДУКТ;Калина;28.7;0;0;7;0;;
ПРОДУКТ;Калитка с вишней;128;5.7;2;21.1;0;;
ПРОДУКТ;Калитка с малиной;250.2;4.5;3.4;50.4;0;;
ПРОДУКТ;Кальмар Fish House стружка;230;40;1;15;0;;
ПРОДУКТ;Кальмар Горячего Копчения;98.3;23;0.7;0;0;;
ПРОДУКТ;Кальмар Полоски;230;40;1;15;0;;
ПРОДУКТ;Кальмар Тушка;98;18;2;2;0;;
ПРОДУКТ;Кальмар командорский филе без кожи;98;18;2;2;0;;
ПРОДУКТ;Кальмар сушений;261;19.8;1.1;43;0;;
ПРОДУКТ;Кальмар сушено-вяленый;290;33;1;38;0;;
ПРОДУКТ;Кальмар сушеный;254.1;22.7;1;38.5;0;;
ПРОДУКТ;Кальмаровые треугольники;175;12;7;19;0;;
ПРОДУКТ;Кальмары (кольца сушеные;231.26;49.1;1.9;3;0;;
ПРОДУКТ;Кальмары (щупальца в маринаде;308.59;70;1;3;0;;
ПРОДУКТ;Кальмары (щупальца сушеные;308.59;70;1;3;0;;
ПРОДУКТ;Кальмары Капитан вкусов натуральные порционные;77.76;15;1;1.7;0;;
ПРОДУКТ;Кальмары жареные;190.09;14.2;13.4;1.8;0;;
ПРОДУКТ;Кальмары консервированные;100.58;20;2;0;0;;
ПРОДУКТ;Кальмары маринованные;108.89;20;2.1;1.8;0;;
ПРОДУКТ;Кальмары отварные;121.13;21.2;2.8;2;0;;
ПРОДУКТ;Кальмары с гриля;124.93;21.8;2.9;2.1;0;;
ПРОДУКТ;Кальмары свежие;108.5;19;2.5;1.8;0;;
ПРОДУКТ;Кальмары сушеные;293.28;62;2;5;0;;
ПРОДУКТ;Камамбер Фитнес с Белой Плесенью;207.6;23.8;12.4;0.2;0;;
ПРОДУКТ;Камбала горячего копчения;197.96;22;11.6;0;0;;
ПРОДУКТ;Камбала жареная;228.43;16.8;15.1;4.7;0;;
ПРОДУКТ;Камбала отварная;105.69;18.3;3.3;0;0;;
ПРОДУКТ;Камбала свежая;84.37;16.5;1.8;0;0;;
ПРОДУКТ;Кампари Ликер десертный;237.3;0;0;24.8;0;;
ПРОДУКТ;Канадская смесь;24;1.5;0;4.5;0;;
ПРОДУКТ;Кани гуриру;206.98;7;11.6;17.2;0;;
ПРОДУКТ;Кани муни;123.99;6.1;5.8;11;0;;
ПРОДУКТ;Каннеллони С Рикотой Шпинатом И Курицей;160.8;7.1;8.8;11.9;0;;
ПРОДУКТ;Кантуччи;460;9;15;72;0;;
ПРОДУКТ;Кантуччи с клюквой;460;7;10;79;0;;
ПРОДУКТ;Капеллини;355.05;13;1.5;70.2;0;;
ПРОДУКТ;Каперсы;14.87;0.8;0.1;2.6;0;;
ПРОДУКТ;Каперсы (консервированные;24.68;2.19;0.35;3.2;0;;
ПРОДУКТ;Каперсы консервированные;25.17;2.4;0.9;1.7;0;;
ПРОДУКТ;Каперсы маринованные;25.17;2.4;0.9;1.7;0;;
ПРОДУКТ;Капкейк морковный;354.5;4.5;25.3;27.2;0;;
ПРОДУКТ;Капсулы Кофе с молоком;24;1.5;1;2.3;0;;
ПРОДУКТ;Капуста Брокколи;36;3;0.34;5.35;0;;
ПРОДУКТ;Капуста Брокколи быстрозамороженная;30;3;0;5;0;;
ПРОДУКТ;Капуста Брокколи свежезамороженная;33.8;2.8;0.4;4;0;;
ПРОДУКТ;Капуста Брюссельская быстрозамороженная;51.2;4.8;0;8;0;;
ПРОДУКТ;Капуста Квашенная Классическая;30;2;0.1;5;0;;
ПРОДУКТ;Капуста С Морковью По-корейски;110;1.5;7.5;8.5;0;;
ПРОДУКТ;Капуста Тушенная С Картошкой;90;2;5;9;0;;
ПРОДУКТ;Капуста белокочанная;27.58;1.8;0.1;4.7;0;;
ПРОДУКТ;Капуста белокочанная жареная;50.61;1.8;2.8;4.2;0;;
ПРОДУКТ;Капуста белокочанная свежая резанная;28;1.8;0.1;4.7;0;;
ПРОДУКТ;Капуста белокочанная сушеная;271.31;15;1.4;48;0;;
ПРОДУКТ;Капуста брокколи 4 сезона;31.9;2.5;0.3;4.6;0;;
ПРОДУКТ;Капуста брокколи Hortex;24.63;2.7;0.4;2.4;0;;
ПРОДУКТ;Капуста брокколи Бондюэль замороженная;32.09;2.7;0.1;4.9;0;;
ПРОДУКТ;Капуста брокколи варёная;32.42;3;0.4;4;0;;
ПРОДУКТ;Капуста брокколи замороженная;34.06;2.7;0.4;4.7;0;;
ПРОДУКТ;Капуста брюссельская;52.48;4.8;0;8;0;;
ПРОДУКТ;Капуста брюссельская 4 сезона;35.18;4.8;0.3;3.1;0;;
ПРОДУКТ;Капуста брюссельская Hortex;36.22;4.5;0.5;3.2;0;;
ПРОДУКТ;Капуста брюссельская Бондюэль замороженная;53.85;4;0.5;8;0;;
ПРОДУКТ;Капуста брюссельская замороженная;57.53;4.5;0.5;8.4;0;;
ПРОДУКТ;Капуста кале;52.83;3.3;0.7;8;0;;
ПРОДУКТ;Капуста квашеная;26.35;1.8;0.1;4.4;0;;
ПРОДУКТ;Капуста квашеная с морковью;30;2;0.1;5;0;;
ПРОДУКТ;Капуста квашеная шинкованная без сахара;20;1;0;4;0;;
ПРОДУКТ;Капуста квашеная шинкованная с морковью и хреном;25;1.5;0.1;5;0;;
ПРОДУКТ;Капуста квашенная с морковью;25;1.5;0.1;5;0;;
ПРОДУКТ;Капуста кольраби;55.35;2.8;0;10.7;0;;
ПРОДУКТ;Капуста консервированная;21.02;1.3;0.1;3.6;0;;
ПРОДУКТ;Капуста краснокочанная;34.44;0.8;0;7.6;0;;
ПРОДУКТ;Капуста маринованная diet;15;1;0.1;3;0;;
ПРОДУКТ;Капуста маринованная кисло сладкая;30;1;0.1;7;0;;
ПРОДУКТ;Капуста пак-чой;17.03;1.5;0.2;2.2;0;;
ПРОДУКТ;Капуста пекинская;14.98;1.2;0.2;2;0;;
ПРОДУКТ;Капуста романеско;30.26;2.5;0.3;4.2;0;;
ПРОДУКТ;Капуста романеско Бондюэль;25.56;2.9;0.5;2.2;0;;
ПРОДУКТ;Капуста с овощами по-баварски;49;1;1;9;0;;
ПРОДУКТ;Капуста савойская;30.45;1.2;0.1;6;0;;
ПРОДУКТ;Капуста тушеная;47.7;1.1;3.3;3.4;0;;
ПРОДУКТ;Капуста тушеная с мясом;105;5.6;7;4.7;0;;
ПРОДУКТ;Капуста тушёная;211.4;4;18.3;7.6;0;;
ПРОДУКТ;Капуста цветная;35.18;2.5;0.3;5.4;0;;
ПРОДУКТ;Капуста цветная 4 сезона;31.9;2.5;0.3;4.6;0;;
ПРОДУКТ;Капуста цветная Hortex;20.31;2.2;0.2;2.3;0;;
ПРОДУКТ;Капуста цветная Бондюэль замороженная;24.41;1.6;0.2;3.9;0;;
ПРОДУКТ;Капуста цветная варёная;26.57;1.8;0.3;4;0;;
ПРОДУКТ;Капуста цветная жареная;128.57;3;10;5.7;0;;
ПРОДУКТ;Капуста цветная консервированная;30.26;2.5;0.3;4.2;0;;
ПРОДУКТ;Капучино;270;3.5;13;35;0;;
ПРОДУКТ;Караагэ кун (обычный;45;2.9;3.1;1.5;0;;
ПРОДУКТ;Каравай Праздничный;278.29;7.7;6.3;45.9;0;;
ПРОДУКТ;Каравайчик молочный;438;6.9;16.2;66.1;0;;
ПРОДУКТ;Каракатица;76.2;16.2;0.7;0.8;0;;
ПРОДУКТ;Каракатица (чернила;76.2;16.2;0.7;0.8;0;;
ПРОДУКТ;Каракум смотка в пачках;530;5.5;29;60;0;;
ПРОДУКТ;Карамбола;32.8;1;0;7;0;;
ПРОДУКТ;Карамель;35.78;1.95;0.07;6.83;0;;
ПРОДУКТ;Карамель Гусиные лапки с переслоенной начинкой;430;2;8;87;0;;
ПРОДУКТ;Карамель И Арахис;233;6.8;14.7;18.3;0;;
ПРОДУКТ;Карамель Коффано Milk;402;1.5;3.5;91;0;;
ПРОДУКТ;Карамель Молочная речка;398;1;1.5;95;0;;
ПРОДУКТ;Карамель леденцовая;395.35;0;0.1;96.2;0;;
ПРОДУКТ;Карамель леденцовая Halls со вкусом мёда и лимона;384;0;0;95;0;;
ПРОДУКТ;Карамель леденцовая Tunes с ароматом ментола и мяты;409.5;0;1.8;95.8;0;;
ПРОДУКТ;Карамель леденцовая Ягодный край;380;0;0;95;0;;
ПРОДУКТ;Карамель с вареным сгущенным молоком;310.71;3.5;18.8;31.8;0;;
ПРОДУКТ;Карамель с ликёром;380.59;0;0.1;92.6;0;;
ПРОДУКТ;Карамель со вкусом барбариса;380;0;0.2;97;0;;
ПРОДУКТ;Карамель фруктовая;379.36;0.1;0.1;92.2;0;;
ПРОДУКТ;Карамель шоколадно-ореховая;448.73;1.8;9.2;86.8;0;;
ПРОДУКТ;Карамельно-Арахисовый Птифур;450;8;25;48;0;;
ПРОДУКТ;Карамельный Рафт;55.4;2.7;1;8.9;0;;
ПРОДУКТ;Карамельный Чиз;380;6;24;37;0;;
ПРОДУКТ;Караса кани;87.6;10.1;1;9;0;;
ПРОДУКТ;Карась маринованный;142.19;15.5;8.2;0.6;0;;
ПРОДУКТ;Карась отварной;104.38;20.7;2.1;0;0;;
ПРОДУКТ;Карась свежий;89.29;17.7;1.8;0;0;;
ПРОДУКТ;Карбонад;177;14;13;1;0;;
ПРОДУКТ;Карбонад Копчено-вареный;110;14;5;2;0;;
ПРОДУКТ;Карбонад Копчёно-Варёный;177;15;13;0;0;;
ПРОДУКТ;Карбонад Премиум Копчёно-варёный;97;12;5;1;0;;
ПРОДУКТ;Карбонад Юбилейный Вернер;177;15;13;0;0;;
ПРОДУКТ;Карбонад б/к в специях в/к ГЛОБУС нарезка;93.3;15.7;3.3;0.2;0;;
ПРОДУКТ;Карбонад варёно-копчёный;139.92;16;8;0;0;;
ПРОДУКТ;Карбонад славянский;140;17;8;0;0;;
ПРОДУКТ;Карбонара;220;7;13.3;18.9;0;;
ПРОДУКТ;Кардамон;387.37;10.8;6.7;68.5;0;;
ПРОДУКТ;Кардамон чёрный;273.09;10.7;6.8;40.5;0;;
ПРОДУКТ;Карела- йогурт сливочный «черничный маффин;138;3.7;7;15;0;;
ПРОДУКТ;Карельские пирожки-калитки с брусникой;177.7;2.7;4.1;32.5;0;;
ПРОДУКТ;Карламанское сгущенное молоко;250;5;0.2;57;0;;
ПРОДУКТ;Карнавал;310;7;12;43;0;;
ПРОДУКТ;Карп жареный;201.24;18.3;11.6;4.5;0;;
ПРОДУКТ;Карп консервированный;142.32;13.6;8.7;1.4;0;;
ПРОДУКТ;Карп маринованный;142.32;13.6;8.7;1.4;0;;
ПРОДУКТ;Карп отварной;108.17;16;3.7;2;0;;
ПРОДУКТ;Карп свежий;114.84;16;5.3;0;0;;
ПРОДУКТ;Карпатський йогурт;77.4;2.2;2.2;12.2;0;;
ПРОДУКТ;Карпаччо;250;30;14;0;0;;
ПРОДУКТ;Карпаччо Из Курицу;114.3;25;0.7;2;0;;
ПРОДУКТ;Карпаччо Из Курицы;120.3;25.6;1.1;2;0;;
ПРОДУКТ;Карпаччо Из Курицы Сырокопченое;107;17;3;3;0;;
ПРОДУКТ;Карпаччо Сыровяленое из Индейки;101.3;20.6;2.1;0;0;;
ПРОДУКТ;Карпаччо из индейки;150;34;2;0;0;;
ПРОДУКТ;Карпаччо из мяса птицы сырокопчёное;141;22;5;2;0;;
ПРОДУКТ;Карпаччо из мяса цыплят-бройлеров;140;30;2.5;0;0;;
ПРОДУКТ;Карпаччо куриное сырокопчёное;107;17;3;3;0;;
ПРОДУКТ;Карри;282.77;12.7;13.8;25;0;;
ПРОДУКТ;Карри с куриной грудкой;148;14;7;7;0;;
ПРОДУКТ;Карри-манго соус для курицы;150;0.3;0.3;36;0;;
ПРОДУКТ;Картофель;77.93;2;0.4;16.1;0;;
ПРОДУКТ;Картофель 4 сезона по-деревенски;143.76;2.5;4;23.5;0;;
ПРОДУКТ;Картофель 4 сезона фри;84.37;2.1;3.3;11;0;;
ПРОДУКТ;Картофель Деревенский Бургер Кинг;229.07;2.9;10.8;28.5;0;;
ПРОДУКТ;Картофель Для Жарки Замороженный;90;2;0.1;20;0;;
ПРОДУКТ;Картофель Запеченный;159;3.1;5.5;24.3;0;;
ПРОДУКТ;Картофель Запеченный С Курицей;149;6.27;4.85;18.77;0;;
ПРОДУКТ;Картофель Кинг Фри Бургер Кинг;278.73;4.7;13.1;33.6;0;;
ПРОДУКТ;Картофель Мини с Чесноком, Зеленью Запечёный;102.1;2.6;1.3;20;0;;
ПРОДУКТ;Картофель Мини, Запечённый с Розмарином;63.4;1.9;5.5;1.6;0;;
ПРОДУКТ;Картофель Молодой;113.2;2.3;6.4;11.6;0;;
ПРОДУКТ;Картофель Отварной С Укропом;119;2.4;3.7;19.1;0;;
ПРОДУКТ;Картофель По Деревенски;143;2.5;4.5;23;0;;
ПРОДУКТ;Картофель По-Деревенски Со Специями;140;2.5;4.5;23;0;;
ПРОДУКТ;Картофель Синеглазка;77;2;0.4;16.3;0;;
ПРОДУКТ;Картофель Фри Быстрозамороженный;132;2;4.1;21.7;0;;
ПРОДУКТ;Картофель Фри Классический;140;2.5;4.5;23;0;;
ПРОДУКТ;Картофель Фри волнистый;131;2.5;3.7;20;0;;
ПРОДУКТ;Картофель в мундире запеченный;122;3.2;1.5;24;0;;
ПРОДУКТ;Картофель варёный;80.39;2;0.4;16.7;0;;
ПРОДУКТ;Картофель для жарки бланшированнный;88;2;0.1;19.7;0;;
ПРОДУКТ;Картофель жареный;195.68;2.8;9.5;23.4;0;;
ПРОДУКТ;Картофель жареный со свининой и грибами в сметанном соусе;256.9;6.6;18.9;15.1;0;;
ПРОДУКТ;Картофель классический пастеризованный;75;2;0.4;16.3;0;;
ПРОДУКТ;Картофель отварной в мундире;88.4;3;2;14.6;0;;
ПРОДУКТ;Картофель по-деревенски McDonalds;327.95;4;15;42;0;;
ПРОДУКТ;Картофель сладкий (батат;68.06;2;0;14.6;0;;
ПРОДУКТ;Картофель сушеный;323.41;6.6;0.3;71.6;0;;
ПРОДУКТ;Картофель фиолетовый;77.52;2;0.4;16;0;;
ПРОДУКТ;Картофель фри;132;2;4.1;21.7;0;;
ПРОДУКТ;Картофель фри KFC (стандартная порция;282.98;3.8;15.5;30.1;0;;
ПРОДУКТ;Картофель фри McDonalds (большая порция;446.28;5;22;54;0;;
ПРОДУКТ;Картофель фри McDonalds (маленькая порция;242.68;3;12;29;0;;
ПРОДУКТ;Картофель фри McDonalds (средняя порция;350.63;5;17;42;0;;
ПРОДУКТ;Картофель фри прямой 7мм;146;2.2;4.4;23;0;;
ПРОДУКТ;Картофель хрустящий;550;5.5;37;48;0;;
ПРОДУКТ;Картофель хрустящий «со вкусом сметаны и зелени;570;5.5;40;46;0;;
ПРОДУКТ;Картофель хрустящий Московский картофель Со вкусом курицы в соусе терияки;527.49;4.6;35.6;47.2;0;;
ПРОДУКТ;Картофель хрустящий Со вкусом пиццы;550;5.5;37;48;0;;
ПРОДУКТ;Картофель хрустящий со вкусом краба;550;5.5;37;48;0;;
ПРОДУКТ;Картофельная запеканка;106.8;6;3.6;12.6;0;;
ПРОДУКТ;Картофельная запеканка с говядиной и сыром пармезан;113;6;6;10;0;;
ПРОДУКТ;Картофельное Пюре С Куриным Вкусом;350;6;7.5;65;0;;
ПРОДУКТ;Картофельное пюре;320;8.6;1;72;0;;
ПРОДУКТ;Картофельное пюре быстрого приготовления «Доширак» со вкусом грибов;385;5.1;5.3;71.2;0;;
ПРОДУКТ;Картофельное пюре быстрого приготовления «Доширак» со вкусом мяса;353;5.1;5.3;71.2;0;;
ПРОДУКТ;Картофельное пюре быстрого приготовления сухое;387.08;10.5;3.8;75.3;0;;
ПРОДУКТ;Картофельное пюре класическое;320;7;0.5;73;0;;
ПРОДУКТ;Картофельные Дольки С Укропом;76;2;0.4;16.1;0;;
ПРОДУКТ;Картофельные Драники Со Сметаной;218;3;15;17;0;;
ПРОДУКТ;Картофельные Наггетсы;159.2;3;8.5;17.6;0;;
ПРОДУКТ;Картофельные Чипсы Со Вкусом Чили И Лайм;494;6.5;27.8;57.4;0;;
ПРОДУКТ;Картофельные Шарики;149;2.3;5.4;21.1;0;;
ПРОДУКТ;Картофельные вафли замороженные;263.3;9.1;6.5;42.1;0;;
ПРОДУКТ;Картофельные дольки;121;2.5;2.9;21.2;0;;
ПРОДУКТ;Картофельные дольки без специй замороженные;158;2;10;15;0;;
ПРОДУКТ;Картофельные котлеты с грибами;170;3;10;17;0;;
ПРОДУКТ;Картофельные хлопья;379.22;7;1.1;83;0;;
ПРОДУКТ;Картофельные чипсы Утка с соусом из дикой брусники;450;5.5;23;56;0;;
ПРОДУКТ;Картофельные чипсы ручного приготовления с бальзамический уксусом и морской солью;515;6.9;28;57;0;;
ПРОДУКТ;Картофельные чипсы ручного приготовления со вкусом сметаны и лука;520;7.2;28;58;0;;
ПРОДУКТ;Картофельные чипсы со вкусом белого трюфеля;500;7.14;28.6;57.1;0;;
ПРОДУКТ;Картофельные чипсы со вкусом паприки;493;4.6;23;62.4;0;;
ПРОДУКТ;Картофельные чипсы со вкусом парики;522;6.7;30;54;0;;
ПРОДУКТ;Картофельные чипсы со вкусом сметана и сыр;513.6;3.9;30;57;0;;
ПРОДУКТ;Картофельные чипсы со вкусом сыра;515.2;4.5;32;51;0;;
ПРОДУКТ;Картошка В Бельгийском Молочном Шоколаде;430;6;20.6;54;0;;
ПРОДУКТ;Картошка Классическая В Молочном Бельгийском Шоколаде;430;6;20.6;54;0;;
ПРОДУКТ;Картошка Пирожное;324.2;7;11.6;48.7;0;;
ПРОДУКТ;Картошка цельнозерновая в молочном бельгийском шоколаде;411.2;7;20.8;49;0;;
ПРОДУКТ;Картоыель запеченный с ветчиной куриной под сыром;200.5;8.6;11.7;15.2;0;;
ПРОДУКТ;Кассия;139.89;3.9;1.2;27.5;0;;
ПРОДУКТ;Катык 0.1;29.63;2.8;0.1;4.2;0;;
ПРОДУКТ;Катык 3.2;58.43;2.8;3.2;4.2;0;;
ПРОДУКТ;Катык 6;81.98;2.8;6;3.6;0;;
ПРОДУКТ;Каша;365;9.8;5.1;66;0;;
ПРОДУКТ;Каша 3 Злака + Курага И Изюм;300;9;2.5;60;0;;
ПРОДУКТ;Каша 3 злака Nestle молочная с яблоком и грушей;427.05;14;10;67.5;0;;
ПРОДУКТ;Каша 4-х зерновая Myllyn Paras;323.26;11.4;2.8;61.1;0;;
ПРОДУКТ;Каша 5 Злаков;350;12;3;69;0;;
ПРОДУКТ;Каша 5 злаков Nestle молочная с яблоком и бананом;429.1;14;10;68;0;;
ПРОДУКТ;Каша 7 злаков Малютка безмолочная;365.25;10.9;2.2;73.2;0;;
ПРОДУКТ;Каша Dymatize Elite High Protein Granola;391.27;47.2;3.5;40.3;0;;
ПРОДУКТ;Каша Dymatize Elite High Protein Oatmeal;374.05;48.6;3.5;34.7;0;;
ПРОДУКТ;Каша «Овсяная С Бананом;300;11;6;51;0;;
ПРОДУКТ;Каша «Овсяная С Изюмом;300;10;5.5;52;0;;
ПРОДУКТ;Каша Гречневая По-Драгомировски;115.9;2.8;5.1;14.7;0;;
ПРОДУКТ;Каша Гречневая Со Свининой;182;5.6;12.3;12.1;0;;
ПРОДУКТ;Каша Гречнево-рисовая;90;2;1;18;0;;
ПРОДУКТ;Каша Дары полесья;330;11;3.5;64;0;;
ПРОДУКТ;Каша Овсяная;365;9.5;5;68;0;;
ПРОДУКТ;Каша Овсяная Груша и Изюм;340;11;6;56;0;;
ПРОДУКТ;Каша Овсяная Молочная С Яблоком И Корицей;67.8;2.8;1.4;11;0;;
ПРОДУКТ;Каша Овсяная На Воде;65.2;2.2;1;11.9;0;;
ПРОДУКТ;Каша Овсяная Цельнозерновая Ананас И Земляника;144;4.3;3.1;24.7;0;;
ПРОДУКТ;Каша Овсяная со сливочным вкусом с вишней;370;0.01;5;70;0;;
ПРОДУКТ;Каша Перлова З Овочами;98.4;2.8;2;18.5;0;;
ПРОДУКТ;Каша Перловая С Мясом И Овощами;150;6;8;13;0;;
ПРОДУКТ;Каша быстрого приготовления;310;8;4;61;0;;
ПРОДУКТ;Каша вівсяна з чіа та вишнею і фруктозою;391.8;13.8;11.1;59.3;0;;
ПРОДУКТ;Каша кукурузная безмолочная сухая быстрорастворимая;388;8.5;1.5;85;0;;
ПРОДУКТ;Каша льняная;347.3;36.5;12.1;8;0;;
ПРОДУКТ;Каша льняная (ВкусВилл;348.4;36.6;11;10;0;;
ПРОДУКТ;Каша льняная, семена льна обезжиренные;330;26;20;12;0;;
ПРОДУКТ;Каша молочная гречневая детская каша;396.9;14.7;10.9;60;0;;
ПРОДУКТ;Каша молочная рисовая;94.4;2.32;2.88;14.9;0;;
ПРОДУКТ;Каша мультизлаковая без сахара клюква и смородина;335;9.25;4.5;59.5;0;;
ПРОДУКТ;Каша мультизлаковая с протеином и аминокислотами Вишня И Шоколад;330;14.2;7;53;0;;
ПРОДУКТ;Каша мультизлаковая с протеином и аминокислотами Клубника И Ананас;325;13.75;5.5;55.5;0;;
ПРОДУКТ;Каша мультизлаковая с протеином и аминокислотами Клубника И Банан;325;13.5;5.5;52.25;0;;
ПРОДУКТ;Каша мультизлаковая с протеином и аминокислотами Яблоко И Корица;312.5;13.5;5.5;52.25;0;;
ПРОДУКТ;Каша мультизлаковая функциональная Персик-Яблоко;312.5;17.25;4;51.75;0;;
ПРОДУКТ;Каша мультизлаковая функциональная Яблоко-Корица;310;17.25;4;51;0;;
ПРОДУКТ;Каша овсяная Леовит Худеем за неделю Абрикос;352.99;9.3;4.5;66.6;0;;
ПРОДУКТ;Каша овсяная Леовит Худеем за неделю Яблоко и корица;362.7;9;5.5;67;0;;
ПРОДУКТ;Каша овсяная абрикос и чернослив;340;12;6;55;0;;
ПРОДУКТ;Каша овсяная ассорти: с клубникой, с малиной, с изюмом;370.46;9;4.5;73;0;;
ПРОДУКТ;Каша овсяная быстрого приготовления с малиной;340;9.5;5;61;0;;
ПРОДУКТ;Каша овсяная моментального приготовления Тропический рай;346.5;10;4.5;66.5;0;;
ПРОДУКТ;Каша овсяная на кокосовом Молоке с черничный джемлм;42;2.6;2;3.6;0;;
ПРОДУКТ;Каша овсяная с клубникой и сливками;416;8.6;9.8;73.4;0;;
ПРОДУКТ;Каша овсяная с персиком;350;9.5;4.5;64;0;;
ПРОДУКТ;Каша овсяная с черникой;340;9;4.5;63;0;;
ПРОДУКТ;Каша овсяная с яблоком;370.46;9;4;74;0;;
ПРОДУКТ;Каша овсяная цельнозерновая;150;40;3.1;26.1;0;;
ПРОДУКТ;Каша овсяная цельнозерновая быстрого приготовления Манго-персик;350;10.7;6;63.2;0;;
ПРОДУКТ;Каша овсяная цельнозерновая быстрого приготовления Черничный чизкейк;358;9.33;6.6;64.67;0;;
ПРОДУКТ;Каша овсянная ассорти с молоком;350;9.5;4.5;65;0;;
ПРОДУКТ;Каша протеиновая льняная Клубничная с коэнзимом Q10;300;30;13;15;0;;
ПРОДУКТ;Каша протеиновая овсяная Банановая с коэнзимом Q10;339;20;8.5;45.5;0;;
ПРОДУКТ;Каша рисовая на молоке со сливочным маслом;95;3;2.5;15;0;;
ПРОДУКТ;Каша черника;140;4;2;26;0;;
ПРОДУКТ;Кашкавал Роле;214;20;14;2;0;;
ПРОДУКТ;Каштан жареный;172.14;3.2;2.2;33.8;0;;
ПРОДУКТ;Каштан консервированный;239.38;3.4;2.2;50;0;;
ПРОДУКТ;Каштан свежий;167.27;3.4;3;30.6;0;;
ПРОДУКТ;Квас;20;0;0;4.5;0;;
ПРОДУКТ;Квас - Натуральный Традиционный;40;0.5;0;7;0;;
ПРОДУКТ;Квас «Русский дар» Традиционный;40;0.5;0;7;0;;
ПРОДУКТ;Квас «Традиционный» неосветлённый;19.2;0;0;4.8;0;;
ПРОДУКТ;Квас Нефильтрованный Неосветленный Окрошечный;18.8;0;0;4.7;0;;
ПРОДУКТ;Квас Нефильтрованный Неосветленный Темный Солод;16.8;0;0;4.2;0;;
ПРОДУКТ;Квас Нефильтрованный Неосветленный Традиционный;19.2;0;0;4.8;0;;
ПРОДУКТ;Квас Очаковский;22.55;0;0;5.5;0;;
ПРОДУКТ;Квас Очаковский фильтрованный пастеризованный;20;0;0;4.5;0;;
ПРОДУКТ;Квас Очаковский.Заварной фильтрованный пастеризованый;35;0;0;8;0;;
ПРОДУКТ;Квас Традиционный;32;0;0;8;0;;
ПРОДУКТ;Квас Царские Припасы живой;32;0;0;8;0;;
ПРОДУКТ;Квас домашний;23.2;0;0;5.8;0;;
ПРОДУКТ;Квас лидский темный;34;0;0;8.6;0;;
ПРОДУКТ;Квас ржаной натурального брожения;25;0;0;4.7;0;;
ПРОДУКТ;Квас старо-київський;36;0;0;8.1;0;;
ПРОДУКТ;Квас хлебный;22.14;0.2;0;5.2;0;;
ПРОДУКТ;Квас хлебный «Вятский» фильтрованный, пастеризованный;40;0;0;7.5;0;;
ПРОДУКТ;Квасоля в томатному соусі;237.5;13.6;1.02;36.64;0;;
ПРОДУКТ;Квасоля по-украïнськi;181;11;1;31;0;;
ПРОДУКТ;Квашеная Капуста С Ананасом;21.7;0.7;0;4.7;0;;
ПРОДУКТ;Квашеная Капустка С Морковкой;28;1;0;6;0;;
ПРОДУКТ;Квашеная Капустка С Хреном;28;1;0;6;0;;
ПРОДУКТ;Квашеная капуста;74;2;2;11;0;;
ПРОДУКТ;Квашеная капуста с морковью;16;0.6;0.2;2.9;0;;
ПРОДУКТ;Кедровые орехи;700.64;15.6;56;28.4;0;;
ПРОДУКТ;Кедровые орешки DOLCE ALBERO;722.5;13.7;68.4;13.1;0;;
ПРОДУКТ;Кедровый жмых;438.91;31;19;33;0;;
ПРОДУКТ;Кедровый марципан;420;13;18;52;0;;
ПРОДУКТ;Кедровый орех;660.8;18.9;57.6;16.7;0;;
ПРОДУКТ;Кедровый орех очищенный;680;16;56;28;0;;
ПРОДУКТ;Кекс «Волжский;376.6;7.5;22.6;35.85;0;;
ПРОДУКТ;Кекс «Мраморный» с какао;394.36;5.5;20;50;0;;
ПРОДУКТ;Кекс «Ягодное Лукошко» с вишнёвой начинкой;327;3.4;15;45.1;0;;
ПРОДУКТ;Кекс «Ягодное Лукошко» с начигкой из манго и маракуйи;310;1.5;15;42;0;;
ПРОДУКТ;Кекс Морковный Постный;271.2;3.8;0.4;63.1;0;;
ПРОДУКТ;Кекс Мраморный с какао;400;5.5;20;50;0;;
ПРОДУКТ;Кекс Полбяной С Семенами Чиа Постный;340.8;6.4;12.4;48.4;0;;
ПРОДУКТ;Кекс Российский на дрожжах;317;7.26;9.88;54.9;0;;
ПРОДУКТ;Кекс Столичный;340;8;26.5;16.4;0;;
ПРОДУКТ;Кекс Сухарный;420;6;23;44;0;;
ПРОДУКТ;Кекс Уфимский;305.96;6.5;11;43.2;0;;
ПРОДУКТ;Кекс з начинкою Згущене молоко Жако;457;5.2;20;64;0;;
ПРОДУКТ;Кекс морковный с грецким орехом;387.4;5.2;26.2;32.7;0;;
ПРОДУКТ;Кекс с изюмом;409.5;6.4;17.6;53.6;0;;
ПРОДУКТ;Кекс творожный;397;8.4;17;52.6;0;;
ПРОДУКТ;Кервель сушеный;332.66;23.2;3.9;49.1;0;;
ПРОДУКТ;Кесадилья С Курицей;196;11.23;7.55;19.02;0;;
ПРОДУКТ;Кесадилья Фирменная;272;14.3;13.6;23.2;0;;
ПРОДУКТ;Кесадилья куриная;215.8;11.56;13.55;11.18;0;;
ПРОДУКТ;Кесадилья с говядиной су-вид;306.1;16.6;16.5;22.8;0;;
ПРОДУКТ;Кесадилья с курицей, шпинатом и моцареллой;274.1;14.4;14.9;20.6;0;;
ПРОДУКТ;Кета свежая;142.22;22;5.6;0;0;;
ПРОДУКТ;Кета соленая;188.81;24.3;9.6;0;0;;
ПРОДУКТ;Кето Завтрак С Креветками Яйцом И Цветной Карустой;81.3;7.6;4.9;1.55;0;;
ПРОДУКТ;Кето сырники;230.1;12.7;18.9;2.3;0;;
ПРОДУКТ;Кетчуп;107.69;1.8;1;22.2;0;;
ПРОДУКТ;Кетчуп Heinz для гриля и шашлыка;99.63;0.9;0;23.4;0;;
ПРОДУКТ;Кетчуп Heinz для стейка;95;1;0.1;23;0;;
ПРОДУКТ;Кетчуп Heinz острый;98.81;0.9;0;23.2;0;;
ПРОДУКТ;Кетчуп Heinz с чесноком и пряностями;103.32;1.1;0;24.1;0;;
ПРОДУКТ;Кетчуп Heinz супер острый;98.81;0.9;0;23.2;0;;
ПРОДУКТ;Кетчуп Heinz томатный;98.4;0.9;0;23.1;0;;
ПРОДУКТ;Кетчуп Mr Ricco;110;1.5;0;26;0;;
ПРОДУКТ;Кетчуп «Томатный;116;1.4;0;27.5;0;;
ПРОДУКТ;Кетчуп Для Гриля И Шашлыка;110;1.5;0.2;26;0;;
ПРОДУКТ;Кетчуп Екстра Лагiдний;46;0.6;0;11;0;;
ПРОДУКТ;Кетчуп Итальянский;110;1;0.1;25;0;;
ПРОДУКТ;Кетчуп Класичний пастеризований для дітей від 3-х років;106;1.7;0.3;23;0;;
ПРОДУКТ;Кетчуп Лют;92;1.5;0.3;20.7;0;;
ПРОДУКТ;Кетчуп ОСТРЫЙ Heinz;110;1;0.1;25;0;;
ПРОДУКТ;Кетчуп Супер Острый;110;1.5;0.1;26;0;;
ПРОДУКТ;Кетчуп Супер-острый;70;1;0.1;16;0;;
ПРОДУКТ;Кетчуп Фирменный;80;0;0;20;0;;
ПРОДУКТ;Кетчуп Черри;70;1;0.4;15;0;;
ПРОДУКТ;Кетчуп Чили;83;1.3;0;19.4;0;;
ПРОДУКТ;Кетчуп Чилі з Анчо чилі;94;1.1;0.2;22.1;0;;
ПРОДУКТ;Кетчуп Шашличний;95;1.1;0;23;0;;
ПРОДУКТ;Кетчуп гострий чілі;58;0.4;0.1;13.7;0;;
ПРОДУКТ;Кетчуп к сосискам и купатам Pomodoro Speciale;110;1.5;0;26;0;;
ПРОДУКТ;Кетчуп с чесноком и пряностями;110;1.5;0.1;26;0;;
ПРОДУКТ;Кетчуп сладкий;92;2.5;0.2;20;0;;
ПРОДУКТ;Кетчуп томатный;110;1.5;0;25;0;;
ПРОДУКТ;Кетчуп томатный высшей категории острый пастеризованный;109;2.5;0;24.75;0;;
ПРОДУКТ;Кетчуп томатный классический;85;1.6;0.5;19;0;;
ПРОДУКТ;Кетчуп чілі;85;0.01;0;21.2;0;;
ПРОДУКТ;Кетчуп шашличний Томатіно;55;0.4;0.1;13;0;;
ПРОДУКТ;Кетчуп шашлычный;88;1.9;0;20.2;0;;
ПРОДУКТ;Кефаль отварная;117.85;19;4.3;0;0;;
ПРОДУКТ;Кефаль свежая;89.82;21;0.4;0;0;;
ПРОДУКТ;Кефаль чёрная (лобан;114.43;19.3;3.8;0;0;;
ПРОДУКТ;Кефир;51;3.4;2;4.9;0;;
ПРОДУКТ;Кефир 0;28.81;3;0.1;3.8;0;;
ПРОДУКТ;Кефир 1;40;3.2;1;4.7;0;;
ПРОДУКТ;Кефир 1% жира;38.24;3;1;4;0;;
ПРОДУКТ;Кефир 1,0;37.05;3;1;4;0;;
ПРОДУКТ;Кефир 1.5;42.22;3.3;1.5;3.6;0;;
ПРОДУКТ;Кефир 2;51.79;3.4;2;4.7;0;;
ПРОДУКТ;Кефир 2,5;52.1;2.9;2.5;4.5;0;;
ПРОДУКТ;Кефир 2,5 % жира;50;3;2.5;3.6;0;;
ПРОДУКТ;Кефир 2.5;50.67;3;2.5;4;0;;
ПРОДУКТ;Кефир 3,2;55.93;2.8;3.2;4.7;0;;
ПРОДУКТ;Кефир 3,6;59.87;2.9;3.6;4;0;;
ПРОДУКТ;Кефир 3.2;65;3.4;3.2;5.5;0;;
ПРОДУКТ;Кефир 3.5% Светаево;55;3;3.2;4;0;;
ПРОДУКТ;Кефир «Агуша» с массовой долей жира 3,2;60;3;3.2;4.7;0;;
ПРОДУКТ;Кефир Агуша 3.2;57.2;2.7;3.2;4;0;;
ПРОДУКТ;Кефир Активия с клубникой;72.14;3.11;3.14;7.89;0;;
ПРОДУКТ;Кефир Активия с черникой;72.14;3.11;3.07;8.04;0;;
ПРОДУКТ;Кефир Асеньевская ферма;60;3;3.2;4;0;;
ПРОДУКТ;Кефир Белые росы 3,2;57;3;3.2;4;0;;
ПРОДУКТ;Кефир Биокефир | Biokefir;40;3.4;1;4.4;0;;
ПРОДУКТ;Кефир ГОСТ 31454-2012 1;37;3;1;4;0;;
ПРОДУКТ;Кефир Ирбитский 2,5;51;3;2.5;4;0;;
ПРОДУКТ;Кефир Легкий вечер 1;38;3.2;1;4;0;;
ПРОДУКТ;Кефир Обезжиренный;29;9;0.1;4;0;;
ПРОДУКТ;Кефир С Ягода;46.97;2.91;0.91;6.7;0;;
ПРОДУКТ;Кефир Сафiйка;58;3.2;3.2;4;0;;
ПРОДУКТ;Кефир из козьего молока;56;2.8;3;4.5;0;;
ПРОДУКТ;Кефир на живой закваске 1;37.28;3;1;4;0;;
ПРОДУКТ;Кефир на живой закваске 3,2;56.64;3;3.2;4;0;;
ПРОДУКТ;Кефир на кефирных грибках 1;37.05;3;1;4;0;;
ПРОДУКТ;Кефир на кефирных грибках 3,2 % ГОСТ 31454-2012;57.12;3.2;3;4;0;;
ПРОДУКТ;Кефир обезжиренный Вкусняев;56;3;3.2;4;0;;
ПРОДУКТ;Кефир обогащенный лактулозой и 10 витаминами 3.2;56;2.8;3.2;4;0;;
ПРОДУКТ;Кефир термостатный 3,2;59.99;3;3.2;5;0;;
ПРОДУКТ;Кефирный продукт Био Баланс 0;32.5;3.2;0.1;4.5;0;;
ПРОДУКТ;Кефирный продукт Био Баланс 1;42.09;3;1;5;0;;
ПРОДУКТ;Кефір 1;37;3;1;4;0;;
ПРОДУКТ;Кефір 2.5;51;3;2.5;4;0;;
ПРОДУКТ;Кефір Селянський 2,5;49;3;2.5;3.5;0;;
ПРОДУКТ;Кефір густий сміливість 1;36;2.9;1;3.9;0;;
ПРОДУКТ;Кефір нежирний;29;3;0.1;4;0;;
ПРОДУКТ;Кефір селянський 1;35;3;1;3.5;0;;
ПРОДУКТ;Кешʼю Смажений;599;18.8;47;23.1;0;;
ПРОДУКТ;Кешью;618.66;18.5;48.5;22.5;0;;
ПРОДУКТ;Кешью жаренный с мёдом и кунжутом;565;9.9;49.1;20;0;;
ПРОДУКТ;Кешью жареный;588.84;17.5;42.2;30.5;0;;
ПРОДУКТ;Кешью жареный с паприкой и томатом;575;17.6;45.9;31.7;0;;
ПРОДУКТ;Кешью обжаренный;553;18.2;43.8;30.2;0;;
ПРОДУКТ;Кешью с луком и солью;540;16;40;30;0;;
ПРОДУКТ;Кешью сырой сушеный;553;18.2;43.8;30.2;0;;
ПРОДУКТ;Кивано;50.62;1.8;1.3;7.6;0;;
ПРОДУКТ;Киви;51.9;1;0.6;10.3;0;;
ПРОДУКТ;Киевские котлеты;200;11.5;10;17;0;;
ПРОДУКТ;Киевский Торт;541.3;6.8;33.7;52.7;0;;
ПРОДУКТ;Кижуч;144.3;21.6;6;0;0;;
ПРОДУКТ;Кижуч стейк на пару;167.1;20.3;9.5;0.1;0;;
ПРОДУКТ;Кизил;47.15;1;0;10.5;0;;
ПРОДУКТ;Килое молоко Бор чвор Горски;64;3.3;2;8.3;0;;
ПРОДУКТ;Килька Балтийская Неразделенная В Томатном Соусе;182;14;12;5;0;;
ПРОДУКТ;Килька балтийская;141.42;14.1;9;0;0;;
ПРОДУКТ;Килька балтийская неразделанная в томатном соусе ГОСТ 16978;182.12;14;12;4.5;0;;
ПРОДУКТ;Килька в томатном соусе;226;10;15.1;12.5;0;;
ПРОДУКТ;Килька горячего копчения;166.29;21.3;8.5;0;0;;
ПРОДУКТ;Килька каспийская;197.55;18.5;13.1;0;0;;
ПРОДУКТ;Килька консервированная;164.1;12;11;3.1;0;;
ПРОДУКТ;Килька обжаренная балтийская в томатном соусе;141;7.5;8;9;0;;
ПРОДУКТ;Килька обжаренная в томатном соусе;187.33;14;12;4.5;0;;
ПРОДУКТ;Килька обжаренная в томатном соусе каспийская;155;10;11;4;0;;
ПРОДУКТ;Килька по-мексикански, балтийская неразделанная обжаренная с овощами в томатном соусе;155;10;11;4;0;;
ПРОДУКТ;Килька пряного посола;158.23;14.8;10.5;0;0;;
ПРОДУКТ;Килька соленая;140.71;17.1;7.6;0;0;;
ПРОДУКТ;Килька черноморская неразделанная в томатном соусе;176;13;12;4;0;;
ПРОДУКТ;Кимучи;46.68;1.4;0.7;8.4;0;;
ПРОДУКТ;Кимчи;574;2.8;58.5;9;0;;
ПРОДУКТ;Кимчи Вок С Моцареллой;230.1;6.1;12.1;24.2;0;;
ПРОДУКТ;Киндер;566;8.7;35;53.5;0;;
ПРОДУКТ;Киндер Карамель в молочке;520;6.7;37.5;38.2;0;;
ПРОДУКТ;Киндер Милк слвйс;421.43;7.9;27.9;34;0;;
ПРОДУКТ;Киндер в молочке стоит;450;7;29.7;37.8;0;;
ПРОДУКТ;Кинза;21.05;2.1;0.5;1.9;0;;
ПРОДУКТ;Кинза сушёная молотая;235.75;3;0;54.5;0;;
ПРОДУКТ;Киноа;380;14;7;65;0;;
ПРОДУКТ;Киноа Мистраль;375.54;14;6;64;0;;
ПРОДУКТ;Киноа белое;377;14.4;7.1;62.8;0;;
ПРОДУКТ;Кинси маки;211.91;8.5;18;2.4;0;;
ПРОДУКТ;Кипрей (Иван-чай) сушеный;165.14;4.6;1.8;31.6;0;;
ПРОДУКТ;Кириешки Max «охотничьи колбаски;410;11;8.5;73;0;;
ПРОДУКТ;Кириешки «ветчина с сыром;390;10.5;10;64;0;;
ПРОДУКТ;Кириешки «холодец с хреном;380;10;10;63;0;;
ПРОДУКТ;Кириешки Сухарикм Ржаные со Вкусом Бекона;390;10;10;64;0;;
ПРОДУКТ;Кириешки салями;390;10;10;64;0;;
ПРОДУКТ;Кисело Мляко 2.2;52;3.6;2.2;4.5;0;;
ПРОДУКТ;Кисело Мляко 3,6;65;3.6;3.6;4.5;0;;
ПРОДУКТ;Кисело Мляко 3.6;65;3.66;3.6;4.66;0;;
ПРОДУКТ;Кисело Мляко 3.6% домлян;64;3.3;3.6;4.6;0;;
ПРОДУКТ;Кисело Мляко 4;68;3.5;4;4.4;0;;
ПРОДУКТ;Кисело Мляко 4,5;68;3.2;4.5;3.8;0;;
ПРОДУКТ;Кисело Мляко Лидл;50;3.2;2;4.9;0;;
ПРОДУКТ;Кисело краве мляко 4.5;73;3.2;4.5;4.9;0;;
ПРОДУКТ;Кисело мляко 2;50;3.2;2;4.9;0;;
ПРОДУКТ;Кисело мляко 2,0;50;3.2;2;4.9;0;;
ПРОДУКТ;Кисель Вишневый;387;0.1;0;96.7;0;;
ПРОДУКТ;Кисель Вишня;68;0;0;17;0;;
ПРОДУКТ;Кисель Леовит Рецепт здоровья желудочный нейтральный;383.35;0.2;0;93.3;0;;
ПРОДУКТ;Кисель ФрутоНяня из клюквы;45.1;0;0;11;0;;
ПРОДУКТ;Кисель ФрутоНяня из малины;47.15;0;0;11.5;0;;
ПРОДУКТ;Кисель из вишневого сока;78.31;0.2;0;18.9;0;;
ПРОДУКТ;Кисель из клюквы;53.3;0;0;13;0;;
ПРОДУКТ;Кисель из кураги;54.53;0.4;0;12.9;0;;
ПРОДУКТ;Кисель из сливового варенья;63.96;0.1;0;15.5;0;;
ПРОДУКТ;Кисель из сушеных яблок;67.24;0.1;0;16.3;0;;
ПРОДУКТ;Кисель из яблок;98.51;0.1;0.1;23.7;0;;
ПРОДУКТ;Кисель клюквенный с кусочками ягод;350;0.1;0;91;0;;
ПРОДУКТ;Кисло-сладкий соус для МЯСА;214;0.6;0;53;0;;
ПРОДУКТ;Кислое Молоко 4.5;72.1;3.3;4.5;4.2;0;;
ПРОДУКТ;Кислое молоко 3.6;62;3.2;3.6;4.2;0;;
ПРОДУКТ;Кислое молоко Верея 2;47.6;3.2;2;4.2;0;;
ПРОДУКТ;Кислое молоко Верея 2,5;55;3.8;2.5;4.4;0;;
ПРОДУКТ;Кислое молоко Верея 2,9;56.5;3.4;2.4;4.2;0;;
ПРОДУКТ;Кислое молоко Верея 5;79;3.3;5;4.6;0;;
ПРОДУКТ;Кислое молоко Мегле;50;3.2;2;4.7;0;;
ПРОДУКТ;Кислое молоко пробиотик;62;3.3;3.6;4.3;0;;
ПРОДУКТ;Кисломолочной Высокобелковый Продукт Ежевика-Малина;73.3;12;0.5;5.2;0;;
ПРОДУКТ;Кисломолочный Напиток Ананас Кокос;66.5;12;0.5;3.5;0;;
ПРОДУКТ;Кисломолочный напиток Агуша Я Сам! Иммунити;73.82;2;3.4;8.3;0;;
ПРОДУКТ;Кисломолочный напиток ежевика-малина;73.3;12;0.5;5.2;0;;
ПРОДУКТ;Кисломолочный продукт Мацони Кавказский , 4;66;2.8;4;4.7;0;;
ПРОДУКТ;Кисломолочный продукт, обогащённый лактобактериями L. casei и витаминами B6 и D3, с клубникой и цинком;71.58;2.84;1.58;12.42;0;;
ПРОДУКТ;Кисломолочный продукт, обогащённый лактобактериями и витаминами B6 и D3, с персиком и малиной «Кибер персик», для питания детей дошкольного и школьного возраста;74.7;2.84;1.58;12.2;0;;
ПРОДУКТ;Кислородный коктейль Экотейль;369;7;0;83;0;;
ПРОДУКТ;Кислый Микс Жевательные Конфеты;400;0.6;9.2;77.5;0;;
ПРОДУКТ;Кислый мармелад БонПари;342;4.5;0.19;78;0;;
ПРОДУКТ;Киткат батончик;516;6.5;27;60.5;0;;
ПРОДУКТ;Китовое мясо;121.98;22.5;3.2;0;0;;
ПРОДУКТ;Киш с курицей и грибами;273.3;12.5;16.9;17.8;0;;
ПРОДУКТ;Киш со шпинатом и сыром;241;5.7;13.09;24.31;0;;
ПРОДУКТ;Клаб-сендвич с курицей и беконом;300;10;15;30;0;;
ПРОДУКТ;Клад Сендвич С Куриным Пате И Копченой-вареным Беконом;157;4.89;10.7;10.3;0;;
ПРОДУКТ;Класичне біле морозиво;213;3.3;11.5;24.1;0;;
ПРОДУКТ;Классик Пельмени;230;10;9;26;0;;
ПРОДУКТ;Классический;528;5.6;28;61;0;;
ПРОДУКТ;Классический Соевый Соус;56;1;5;6;0;;
ПРОДУКТ;Классический крекер;480.4;9;19;65;0;;
ПРОДУКТ;Клейковина пшеничная (глютен;352.22;76;0.4;9;0;;
ПРОДУКТ;Клекачка колхидская (Джонджоли;25.17;2.4;0.9;1.7;0;;
ПРОДУКТ;Клементин;47.78;0.9;0.2;10.3;0;;
ПРОДУКТ;Кленовый Сироп;259.3;0;0.1;63.5;0;;
ПРОДУКТ;Клетчатка Агросельпром из молотых семян кунжута;436.91;50.7;19.8;11;0;;
ПРОДУКТ;Клетчатка Агросельпром из отрубей гречихи;367.95;15.5;4.3;64.5;0;;
ПРОДУКТ;Клетчатка Агросельпром из отрубей ржи;305.85;11;3;56.8;0;;
ПРОДУКТ;Клетчатка Агросельпром из семян льна;306.36;34;14;9;0;;
ПРОДУКТ;Клетчатка Агросельпром из ядер тыквенных семечек;281.5;27;10;19;0;;
ПРОДУКТ;Клетчатка Сибирская;23.09;0.5;0.5;4;0;;
ПРОДУКТ;Клетчатка мелкая;197.25;16;3.8;23.5;0;;
ПРОДУКТ;Клецки;170.87;5;4.8;25.8;0;;
ПРОДУКТ;Клубника;37.75;0.8;0.4;7.5;0;;
ПРОДУКТ;Клубника 4 сезона;31.27;0.8;0.1;6.6;0;;
ПРОДУКТ;Клубника Hortex;28.73;0.7;0.4;5.4;0;;
ПРОДУКТ;Клубника И Чизкейк Молочный Шоколад С Печеньем;486;6.3;23.5;61.9;0;;
ПРОДУКТ;Клубника быстрозамороженная;29;0.8;0.4;5.5;0;;
ПРОДУКТ;Клубника замороженная;38.1;0.7;0.1;8.6;0;;
ПРОДУКТ;Клубника консервированная;71.26;0.6;0.3;16.1;0;;
ПРОДУКТ;Клубника с йогуртом шоколад с молочной начинкой;555.2;6.8;36;51;0;;
ПРОДУКТ;Клубника со сливками;380;0.3;0.5;93;0;;
ПРОДУКТ;Клубника сушёная весовая;176;3.9;1.7;42.4;0;;
ПРОДУКТ;Клубника, маракуйя;32.69;3.4;2.5;12;0;;
ПРОДУКТ;Клубничное;255;0;0;64;0;;
ПРОДУКТ;Клубничное Мороженное С Белым Шоколадом;185;15;6;16;0;;
ПРОДУКТ;Клубничное Мороженое;168;3.2;8.5;19.5;0;;
ПРОДУКТ;Клубничный сок;34.88;0.6;0.4;7;0;;
ПРОДУКТ;Клыкач;208.61;14.4;16.1;0;0;;
ПРОДУКТ;Клэб-Сандаич С Яйцом И Курицей;270.3;10.9;14.7;23.6;0;;
ПРОДУКТ;Клюква;29.93;0.5;0;6.8;0;;
ПРОДУКТ;Клюква 4 сезона;19.9;0.5;0.2;3.9;0;;
ПРОДУКТ;Клюква Hortex;17.63;0.5;0;3.8;0;;
ПРОДУКТ;Клюква сушеная;327.07;0.1;1.4;76.5;0;;
ПРОДУКТ;Клюквенный Морс;32;0;0;8;0;;
ПРОДУКТ;Клюквенный сок;49.53;0.4;0.3;11;0;;
ПРОДУКТ;Княженика;28.7;0;0;7;0;;
ПРОДУКТ;Кобра острая;23;1.2;0.2;4;0;;
ПРОДУКТ;Ковбаса з телятиною вищого сорту;277;35;35;1;0;;
ПРОДУКТ;Коврижка пряная;334;4.5;5.5;38;0;;
ПРОДУКТ;Коврижка чернослив/вино;370;4;7;72;0;;
ПРОДУКТ;Коврижка яблочная постная;264.8;4.4;4;52.8;0;;
ПРОДУКТ;Козельский Живой йогурт;78.1;2.9;2.5;11;0;;
ПРОДУКТ;Козельское живое молоко;59.6;3;3.2;4.7;0;;
ПРОДУКТ;Козий сыр;373;22.1;31.6;0;0;;
ПРОДУКТ;Козинак;514;15;26;55;0;;
ПРОДУКТ;Козинак Азовская КФ Кунжутный;540;15;34;44;0;;
ПРОДУКТ;Козинак Из Тыквенных Семечек;560;11;32;57;0;;
ПРОДУКТ;Козинак Кунжутный;532.93;12.1;28.9;52.4;0;;
ПРОДУКТ;Козинак Соняшниковий;576;16.5;44;28.1;0;;
ПРОДУКТ;Козинак арахисовый;580;19.5;39;38;0;;
ПРОДУКТ;Козинак ассорти;550;16;36;42;0;;
ПРОДУКТ;Козинак микс;540;15;36;39;0;;
ПРОДУКТ;Козинак подсолнечный;550;13;36;43;0;;
ПРОДУКТ;Козинаки Богучарские;479;14;35;27;0;;
ПРОДУКТ;Козлобородник;78.12;3.3;0.2;15.3;0;;
ПРОДУКТ;Козлятина;222.44;18;16;0;0;;
ПРОДУКТ;Козье Молоко 0.3;67.5;3;4.5;4.15;0;;
ПРОДУКТ;Козье молоко отборное;68.12;3;4.15;4.5;0;;
ПРОДУКТ;Кока Кола Классик Напиток безалкогольный газированный;42;0;0;10.6;0;;
ПРОДУКТ;Кокос;31;0.9;1.3;3.8;0;;
ПРОДУКТ;Кокос стружкой;660;5;64;15;0;;
ПРОДУКТ;Кокос. Неглазированный протеиновый батончик;295;36.7;7;6.3;0;;
ПРОДУКТ;Кокос» Растительный напиток на рисовой основе;55;0.3;1.5;10;0;;
ПРОДУКТ;Кокосовая Мука;397;19;13;51;0;;
ПРОДУКТ;Кокосовая Рикотта;183.2;6.67;10;16.6;0;;
ПРОДУКТ;Кокосовая Стружка;711;6.9;65.4;23.7;0;;
ПРОДУКТ;Кокосовая вода;24;0;0;6;0;;
ПРОДУКТ;Кокосовая вода 100;22;0;0;5.39;0;;
ПРОДУКТ;Кокосовая вода Organic;21;0;0;5.2;0;;
ПРОДУКТ;Кокосовая вода газированная;80;0;0;20;0;;
ПРОДУКТ;Кокосовая вода с соком граната;21;0;0;5.15;0;;
ПРОДУКТ;Кокосовая вода с соком личи;20;0;0;5.15;0;;
ПРОДУКТ;Кокосовая манна Nutiva органическая;333.23;3.3;30;10;0;;
ПРОДУКТ;Кокосовая рисовая каша;147.6;2.76;3.6;26;0;;
ПРОДУКТ;Кокосовая сгущенка шоколадная;397;3.6;19.4;52;0;;
ПРОДУКТ;Кокосовое масло нерафинированное (Extra virgin;900;0;100;0;0;;
ПРОДУКТ;Кокосовое молоко;187.78;2.22;18.89;2.22;0;;
ПРОДУКТ;Кокосовое печенье;379;3.8;24.1;48.2;0;;
ПРОДУКТ;Кокосовые сливки;225;2.5;22.5;2.5;0;;
ПРОДУКТ;Кокосовые чипсы;650;4;50;43;0;;
ПРОДУКТ;Кокосовый;396;40.24;20.6;12.38;0;;
ПРОДУКТ;Кокосовый Батончик Вишня Малина;577.8;6.7;44.4;37.8;0;;
ПРОДУКТ;Кокосовый Батончик С Малиной;546.7;5.3;36.7;48.8;0;;
ПРОДУКТ;Кокосовый Протеиновый Батончик;418;20;15.5;47;0;;
ПРОДУКТ;Кокосовый Сахар;375;1;0;75;0;;
ПРОДУКТ;Кокосовый йогурт из кокосового молока;108;1.3;10;4.4;0;;
ПРОДУКТ;Кокосовый йогурт с манго из кокосового молока;102;1.1;8.6;5;0;;
ПРОДУКТ;Кокосовый крем для готовки;237;2.5;24;2.8;0;;
ПРОДУКТ;Кокосовый орех;350.58;3.4;33.5;6.2;0;;
ПРОДУКТ;Кокосовый сорбет с миндалём;188;1;12;19;0;;
ПРОДУКТ;Коктейль ED Smart;211;22.2;5.7;16.9;0;;
ПРОДУКТ;Коктейль Herbalife Восстановление силы;384.19;50.8;3.4;35.2;0;;
ПРОДУКТ;Коктейль Herbalife Протеиновый Формула 1;365.47;34.6;8.8;34.6;0;;
ПРОДУКТ;Коктейль Herbalife Протеиновый Формула 1 Спорт;335.87;35;7.6;29.7;0;;
ПРОДУКТ;Коктейль Let's Go латте лесной орех;52;3;2.2;5;0;;
ПРОДУКТ;Коктейль Высокобелковый;75.3;8.7;0.5;9;0;;
ПРОДУКТ;Коктейль Кровавая Мэри;25.75;0.8;0.3;4.8;0;;
ПРОДУКТ;Коктейль Леовит Худеем за неделю белково-шоколадный;390.95;25;14.5;37.5;0;;
ПРОДУКТ;Коктейль Молочный Капучино;78;3;2;12;0;;
ПРОДУКТ;Коктейль Молочный Теос Про С Какао И Вкусом Молочный Шоколад;56.97;9.09;0.15;4.85;0;;
ПРОДУКТ;Коктейль Молочный Ультрапастеризованный;55;8;0.5;4.9;0;;
ПРОДУКТ;Коктейль Молочный Шоколадный;73;3;2;10;0;;
ПРОДУКТ;Коктейль Мохито;69.7;0;0;17;0;;
ПРОДУКТ;Коктейль Пина Колада;110.2;0.4;1.8;22.4;0;;
ПРОДУКТ;Коктейль Чудо молочное Шоколад 2;78.85;2.8;2;11.9;0;;
ПРОДУКТ;Коктейль Эгг-ног;25.12;5.5;0.1;0.4;0;;
ПРОДУКТ;Коктейль Экомилк шоколад;80;3.2;2;11.7;0;;
ПРОДУКТ;Коктейль ванильный McDonalds 400 мл;393.03;9;7;71;0;;
ПРОДУКТ;Коктейль детский с шоколадом;63.3;2.7;2.5;8;0;;
ПРОДУКТ;Коктейль из море продуктов (Меридиан;40;8.72;0.4;0;0;;
ПРОДУКТ;Коктейль из морепродуктов;200;9.1;18;1.2;0;;
ПРОДУКТ;Коктейль из морепродуктов в заливке;90;17;2;1;0;;
ПРОДУКТ;Коктейль из морепродуктов в масле;460;9.5;46;1;0;;
ПРОДУКТ;Коктейль из морепродуктов в рассоле;60.26;10;1.5;1.3;0;;
ПРОДУКТ;Коктейль клубничный McDonalds 400 мл;393.03;9;7;71;0;;
ПРОДУКТ;Коктейль молочный Агуша Я Сам! кукуруза с бананом;81.17;2.5;3;10.5;0;;
ПРОДУКТ;Коктейль молочный Агуша Я Сам! рис-груша-яблоко;77.07;2.6;3;9.4;0;;
ПРОДУКТ;Коктейль молочный Агуша Я Сам! с гречкой;70.92;2.5;3;8;0;;
ПРОДУКТ;Коктейль молочный Вкус пломбир 2,5;75;2.8;2.5;10.2;0;;
ПРОДУКТ;Коктейль молочный Здрайверы Клубника 3.2;71.96;2.8;3.2;7.5;0;;
ПРОДУКТ;Коктейль молочный Здрайверы Крем-Брюле 3.0;64.91;2.8;2;8.5;0;;
ПРОДУКТ;Коктейль молочный Здрайверы Шоколадный 3.0;80.76;2.9;3;10;0;;
ПРОДУКТ;Коктейль молочный Милкшейк Лесная клубника KFC 400 мл;157.98;3.4;3.5;27.2;0;;
ПРОДУКТ;Коктейль молочный Милкшейк Шоколадно-Ореховый KFC 400 мл;157.98;3.4;3.5;27.2;0;;
ПРОДУКТ;Коктейль молочный высокобелковый со вкусом «Ваниль» обезжиренный;52.34;8.1;0.04;4.7;0;;
ПРОДУКТ;Коктейль молочный пастеризованный Ванильное мороженое;74;2.8;2.5;10;0;;
ПРОДУКТ;Коктейль молочный пастеризованный со вкусом Тоффи;70;2.8;2.5;9;0;;
ПРОДУКТ;Коктейль молочный пастеризованный со вкусом карамели;70;2.8;2.5;9;0;;
ПРОДУКТ;Коктейль молочный пастеризованный шоколадный с массовой долей жира 2,5;76.48;2.7;2.5;10.7;0;;
ПРОДУКТ;Коктейль молочный со вкусом «Ванильное мороженое;63;2.7;1.5;9.7;0;;
ПРОДУКТ;Коктейль молочный со вкусом карамель;63;2.7;1.5;9.7;0;;
ПРОДУКТ;Коктейль молочный ультрапастеризованный со вкусом банан;67.16;2.8;2;9.5;0;;
ПРОДУКТ;Коктейль молочный ультрапастеризованный шоколадный;73.14;3;2;10.8;0;;
ПРОДУКТ;Коктейль морской Каждый день;88.82;16;2.5;0;0;;
ПРОДУКТ;Коктейль морской в масле;176.48;29.8;4.3;3.5;0;;
ПРОДУКТ;Коктейль морской замороженный;49.43;2.1;3.6;1.8;0;;
ПРОДУКТ;Коктейль орехи и сухофрукты;496.17;11.2;27.9;46.6;0;;
ПРОДУКТ;Коктейль шоколадный McDonalds 400 мл;402.32;10;8;70;0;;
ПРОДУКТ;Коктель молочный высокобелковый ультрапастризованный со вкусом Банан;52;8.1;0.04;4.7;0;;
ПРОДУКТ;Кола;42.64;0;0;10.4;0;;
ПРОДУКТ;Колбаласа Сырокопчёная Полусухая «Парме;410;24;35;0;0;;
ПРОДУКТ;Колбаса Абриколетте;520;21;46;1;0;;
ПРОДУКТ;Колбаса Брауншвайгская Сырокопченая;386;26;31;1;0;;
ПРОДУКТ;Колбаса Вареная Из Индейки;240;10;21;2.5;0;;
ПРОДУКТ;Колбаса Вареная С Маслецем;260;9;24;1;0;;
ПРОДУКТ;Колбаса Варшавская полукопчёная;343;15;27;10;0;;
ПРОДУКТ;Колбаса Варёная Любимая;209.3;12.5;17.7;0;0;;
ПРОДУКТ;Колбаса Докторская;196;13;16;0;0;;
ПРОДУКТ;Колбаса Докторская (кат. А;228;12;20;1;0;;
ПРОДУКТ;Колбаса Докторская Стародворская;150;11;12;0;0;;
ПРОДУКТ;Колбаса Киевская;321;18;27;1.8;0;;
ПРОДУКТ;Колбаса Классика растительная;113;3;9;5;0;;
ПРОДУКТ;Колбаса Копчено-Вареная Из Говядины;100;16;4;1;0;;
ПРОДУКТ;Колбаса Копчёная;328.15;21;27;1;0;;
ПРОДУКТ;Колбаса Краинская;376;10;36;3;0;;
ПРОДУКТ;Колбаса Лацио ск;178;26;8;0;0;;
ПРОДУКТ;Колбаса Милано Из мяса Цыплят-Бройлеров;230;34;10;0;0;;
ПРОДУКТ;Колбаса Московская;419;17;39;0;0;;
ПРОДУКТ;Колбаса Отличная;407;23;35;0;0;;
ПРОДУКТ;Колбаса Парме;410;24;35;0;0;;
ПРОДУКТ;Колбаса Пражская;458;29.3;37.9;0;0;;
ПРОДУКТ;Колбаса С телятиной варёная;237;7;23;0.5;0;;
ПРОДУКТ;Колбаса Сабросо Росо;190;28;8;1;0;;
ПРОДУКТ;Колбаса Сервелатная;560;14;55;0;0;;
ПРОДУКТ;Колбаса Сырокопченая С Можжевельником И Клюквой;448;20;40;2;0;;
ПРОДУКТ;Колбаса Сырокопчёная Пепперони Высший Сорт;500;23;45;0;0;;
ПРОДУКТ;Колбаса Филейная;160;9;12;4;0;;
ПРОДУКТ;Колбаса ЧМПЗ с роз. перцем нарезка 85г;350;26;26;3;0;;
ПРОДУКТ;Колбаса вареная Молочная Стародворская;170;10;14;0;0;;
ПРОДУКТ;Колбаса вареная говяжья оригинальная;367;8;35;5;0;;
ПРОДУКТ;Колбаса вареная диетическая;175.02;12.1;13.5;0;0;;
ПРОДУКТ;Колбаса вареная докторская;264.87;12.8;22.2;1.5;0;;
ПРОДУКТ;Колбаса вареная куриная;223.48;15.5;16.2;2.3;0;;
ПРОДУКТ;Колбаса вареная любительская;310.55;12.2;28;0.1;0;;
ПРОДУКТ;Колбаса вареная молочная;260.6;11.7;22.8;0.2;0;;
ПРОДУКТ;Колбаса вареная мортаделла;314.99;16.4;25.3;3.1;0;;
ПРОДУКТ;Колбаса вареная московская;257.87;11.5;21.8;2;0;;
ПРОДУКТ;Колбаса вареная русская;316.86;11.8;28.9;0;0;;
ПРОДУКТ;Колбаса вареная с телятиной;223.3;12;18.5;2.2;0;;
ПРОДУКТ;Колбаса вареная свиная;286.01;10.8;25.8;0.5;0;;
ПРОДУКТ;Колбаса вареная столичная;328.53;15.1;28.7;0;0;;
ПРОДУКТ;Колбаса вареная столовая;240.96;11.1;20.2;1.9;0;;
ПРОДУКТ;Колбаса вареная чайная;226.7;11.7;18.4;1.9;0;;
ПРОДУКТ;Колбаса варено-копченая куриная жареная;249.39;19.7;17.4;1.7;0;;
ПРОДУКТ;Колбаса варено-копченая любительская;433.65;17.2;39;0.2;0;;
ПРОДУКТ;Колбаса варено-копченая московская;419.14;19.1;36.6;0.2;0;;
ПРОДУКТ;Колбаса варено-копченая сервелат;438.54;16.1;40.1;0;0;;
ПРОДУКТ;Колбаса варено-копченая сервелат боярский;252.49;14;21;0;0;;
ПРОДУКТ;Колбаса варено-копченая сервелат российский;419.71;13;39;1;0;;
ПРОДУКТ;Колбаса варёная Любительская;300;12;28;0;0;;
ПРОДУКТ;Колбаса варёная молочная;242;11;22;0;0;;
ПРОДУКТ;Колбаса варёная фирменная;178;9;14;4;0;;
ПРОДУКТ;Колбаса вегетарианская;210.62;21.7;12.3;1.8;0;;
ПРОДУКТ;Колбаса запечённая из курицы;110;21;5;0;0;;
ПРОДУКТ;Колбаса из мяса птицы;210;17;15;2;0;;
ПРОДУКТ;Колбаса из мяса цыплёнка;100.7;13;5;0;0;;
ПРОДУКТ;Колбаса красная цена Ароматная сырокопченая 300г;366;24;30;0;0;;
ПРОДУКТ;Колбаса ливерная;332.83;14.4;28.5;2.2;0;;
ПРОДУКТ;Колбаса ливерная Аппетитная;208;5;16;11;0;;
ПРОДУКТ;Колбаса ливерная Домашняя;507.3;12;49.7;3;0;;
ПРОДУКТ;Колбаса ливерная Традиционная;220;10;18;5;0;;
ПРОДУКТ;Колбаса ливерная с печенью;277;10;21;12;0;;
ПРОДУКТ;Колбаса ливерная с яйцом;244;10;16;15;0;;
ПРОДУКТ;Колбаса печеночная домашняя;265.88;15;22;0;0;;
ПРОДУКТ;Колбаса полукапчёная финская с окороком;290;12;25;5;0;;
ПРОДУКТ;Колбаса полукопченая «Печеночная;260;17;20;7.5;0;;
ПРОДУКТ;Колбаса полукопченая Казанская Халяль;277;11;25;2;0;;
ПРОДУКТ;Колбаса полукопченая Кремлевская с грудинкой;280;12;24;4;0;;
ПРОДУКТ;Колбаса полукопченая Салями Домашняя;344;12;32;2;0;;
ПРОДУКТ;Колбаса полукопченая Сурская;308;12;28;2;0;;
ПРОДУКТ;Колбаса полукопченая закусочная;377.5;15;33;2.3;0;;
ПРОДУКТ;Колбаса полукопченая из мяса птицы;149.4;18.5;7.8;1.3;0;;
ПРОДУКТ;Колбаса полукопченая краковская;480.75;16.2;44.6;0;0;;
ПРОДУКТ;Колбаса полукопченая минская;296.08;17.4;23;2.7;0;;
ПРОДУКТ;Колбаса полукопченая одесская;415.86;14.8;38.1;0.3;0;;
ПРОДУКТ;Колбаса полукопченая полтавская;429.55;16.4;39;0;0;;
ПРОДУКТ;Колбаса полукопченая с сыром постная Vego;275.74;19;16;12;0;;
ПРОДУКТ;Колбаса полукопченая салями любительская;513.7;12;50;0;0;;
ПРОДУКТ;Колбаса полукопченая таллиннская;384.93;17.1;33.8;0.2;0;;
ПРОДУКТ;Колбаса полукопченая украинская;387.23;16.5;34.4;0;0;;
ПРОДУКТ;Колбаса полукопчёная Домашняя;340;15;27;10;0;;
ПРОДУКТ;Колбаса полукопчёная Кремлёвская с грудинкой;280;12;24;4;0;;
ПРОДУКТ;Колбаса полукопчёная Фермерская;282;11;22;10;0;;
ПРОДУКТ;Колбаса полукопчёная Чесночная;241;13;21;0;0;;
ПРОДУКТ;Колбаса растительная полукопченая «Чоризо;230;19;16;3;0;;
ПРОДУКТ;Колбаса растительная полукопчёная «Салями;244;18;18;2;0;;
ПРОДУКТ;Колбаса с/в Фуэт Экстра с трюфелем;470;27;36;10;0;;
ПРОДУКТ;Колбаса сервелат ореховый;214;11;18;2;0;;
ПРОДУКТ;Колбаса со вкусом трюфеля;280;20;22;0;0;;
ПРОДУКТ;Колбаса сыровяленая сальчичон;362.2;17;31;1.1;0;;
ПРОДУКТ;Колбаса сыровяленая суджук;476.32;30.3;37.9;0;0;;
ПРОДУКТ;Колбаса сыровяленая чоризо;462.41;24.1;38.3;1.9;0;;
ПРОДУКТ;Колбаса сырокопченая Салями Итальянская;630.37;11;63;0;0;;
ПРОДУКТ;Колбаса сырокопченая Элитная;502;10;50;3;0;;
ПРОДУКТ;Колбаса сырокопченая брауншвейгская;506.43;27.7;42.2;0.2;0;;
ПРОДУКТ;Колбаса сырокопченая зернистая;625.23;9.9;62.8;0.3;0;;
ПРОДУКТ;Колбаса сырокопченая любительская;529.75;20.9;47.8;0;0;;
ПРОДУКТ;Колбаса сырокопченая московская;487.21;24.8;41.5;0;0;;
ПРОДУКТ;Колбаса сырокопченая свиная;586.44;13;57.3;0.2;0;;
ПРОДУКТ;Колбаса сырокопченая сервелат;474.64;24;40.5;0;0;;
ПРОДУКТ;Колбаса сырокопченая столичная;501.59;24;43.4;0;0;;
ПРОДУКТ;Колбаса сырокопчёная «Богородская;422.32;24;34;5;0;;
ПРОДУКТ;Колбаса сырокопчёная Сальчичон;340;26;26;1;0;;
ПРОДУКТ;Колбаса сырокопчёная богородская;410;23;34;4;0;;
ПРОДУКТ;Колбаса сырокопчёная полусухая Деревенская;385;22;33;0;0;;
ПРОДУКТ;Колбаса» Таллинская на основе злаков;280;25.8;14;12.7;0;;
ПРОДУКТ;Колбаса» растительная варёно-копчёная «Классическая;203.9;19.5;13.1;2;0;;
ПРОДУКТ;КолбасаМУСУЛЬМАНСКАЯ С ГОВЯДИНОЙ;183;14;13;2.5;0;;
ПРОДУКТ;Колбаски Альпийские Традиции;289;14;25;2;0;;
ПРОДУКТ;Колбаски Амурские;158.9;13.9;11.3;0.4;0;;
ПРОДУКТ;Колбаски Беловежские;250;18;20;0;0;;
ПРОДУКТ;Колбаски Гриль «Нежные;210;15;16;0.7;0;;
ПРОДУКТ;Колбаски Для Жарки В Беконе С Сыром;245;13;21;1;0;;
ПРОДУКТ;Колбаски Для Жарки Из Индейки И Курицы Пряная Паприка;177.2;17;12;0.3;0;;
ПРОДУКТ;Колбаски Домашние Гриль;170;17;11;0;0;;
ПРОДУКТ;Колбаски Из Кролика И Индейки;168.2;17.5;10.3;1.4;0;;
ПРОДУКТ;Колбаски Охотничьи;470;14;46;0;0;;
ПРОДУКТ;Колбаски Прованские;420;11;42;0;0;;
ПРОДУКТ;Колбаски С Сыром И Кукурузой;179;16;11;4;0;;
ПРОДУКТ;Колбаски гриль куриные;80;12;3;1;0;;
ПРОДУКТ;Колбаски для гриля из мяса цыплят;180;16;12;2;0;;
ПРОДУКТ;Колбаски домашние Ганна из мяса птицы;290.34;16;23;2.7;0;;
ПРОДУКТ;Колбаски из индейки Шашлычные;200.1;19.2;13.3;0.9;0;;
ПРОДУКТ;Колбаски куриные для жарки с сыром гауда;204.9;18.1;13.3;3.2;0;;
ПРОДУКТ;Колбаски куриные натуральные;140;17;8;0;0;;
ПРОДУКТ;Колбаски мюнхенские белые;280;11;26;1;0;;
ПРОДУКТ;Колбаски охотничьи Дымов;476.97;25.7;40;0;0;;
ПРОДУКТ;Колбаски улитки для жарки;218.2;15;17;1.3;0;;
ПРОДУКТ;Колбасный фарш;363.32;12.3;32.4;2.9;0;;
ПРОДУКТ;Колечки со вкусом персика;310;4.5;0;73;0;;
ПРОДУКТ;Колечко с шоколадным кремом;410;6.5;20;51;0;;
ПРОДУКТ;Коллекция;559;6.7;35.9;50.4;0;;
ПРОДУКТ;Коллекция плиток шоколада Коркунов;539;6.7;32.7;51.8;0;;
ПРОДУКТ;Коллекция шоколадных конфет Коркунов из молочного шоколада;562;6.4;35.5;53.1;0;;
ПРОДУКТ;Колоказия съедобная;116.66;1.5;0.2;26.5;0;;
ПРОДУКТ;Кольца луковые с беконом;490;4;24;64;0;;
ПРОДУКТ;Кольцо Творожное;383.6;9.1;28.4;22.9;0;;
ПРОДУКТ;Кольцо заварное с крем-чизом;366;7;26;26;0;;
ПРОДУКТ;Комбуча;24;0.1;0;4.81;0;;
ПРОДУКТ;Комбуча Классическая;4.4;0.1;0;1;0;;
ПРОДУКТ;Комбуча Манго;18.6;0;0;4.8;0;;
ПРОДУКТ;Комбуча с можжевельником и смородиной;19.2;0;0;4.8;0;;
ПРОДУКТ;Комильфо Фисташка;582;7.2;40;48;0;;
ПРОДУКТ;Компашки бекон;399.14;9.5;6.5;77;0;;
ПРОДУКТ;Компот из вишни;70.03;0;0;16.5;0;;
ПРОДУКТ;Компот из сухофруктов без сахара;61.5;0.8;0;14.2;0;;
ПРОДУКТ;Компотное ассорти Hortex с клубникой;20.42;1.1;0.3;3.2;0;;
ПРОДУКТ;Конвертик Ветчина Сыр;312;16.5;19;21;0;;
ПРОДУКТ;Конвертик С Вишнёвой Начинкой;380;5;15;56;0;;
ПРОДУКТ;Конвертик слоеный;320.84;6.5;8.1;53.4;0;;
ПРОДУКТ;Конвертики Пьяная Вишня;204.8;4.5;12.4;18.8;0;;
ПРОДУКТ;Конвертики С Говядиной В Соусе Кимчи;255.1;7.7;13.1;26.6;0;;
ПРОДУКТ;Конвертики С Творогом И Вишней;146.6;4;5.4;20.5;0;;
ПРОДУКТ;Конвертики С Творогом И Зеленью;264.6;10.5;13;26.4;0;;
ПРОДУКТ;Конвертики С Форелью;190.8;7.5;13.6;9.6;0;;
ПРОДУКТ;Конвертики с Картофелем и Грибами;219.6;4.6;10;27.8;0;;
ПРОДУКТ;Конвертики с Курицей, Шпинатом и Сыром;304.9;12.6;16.9;25.6;0;;
ПРОДУКТ;Конвертики с курицей сыром и томатами с зеленью;269.8;12.1;13;26.1;0;;
ПРОДУКТ;Конвертики с сыром и баклажанами;202.8;6.2;10.8;20.2;0;;
ПРОДУКТ;Конгрио;95.96;19.1;1.9;0;0;;
ПРОДУКТ;Кондитор;276;2.4;26;8;0;;
ПРОДУКТ;Конина;147.85;20.2;7;0;0;;
ПРОДУКТ;Конина вареная;247.05;30.8;13;0;0;;
ПРОДУКТ;Конина жареная;302.28;34.3;17.4;0;0;;
ПРОДУКТ;Конина тушеная;220.48;25;12.7;0;0;;
ПРОДУКТ;Конкильони;346.01;10.4;1.1;71.5;0;;
ПРОДУКТ;Консервированная кукуруза с сахаром;110;3.5;1.5;20;0;;
ПРОДУКТ;Консервированные Баклажаны;80;1.5;5;8;0;;
ПРОДУКТ;Консервы Сардина тихоокеанская натуральная иваси;200;20;13;0;0;;
ПРОДУКТ;Консервы горбуша 5 морей натуральная (куски;138;21;6;0;0;;
ПРОДУКТ;Консервы закусочные из резаных овощей. 'Баклажаны в аджике;47.5;0.5;1.5;8;0;;
ПРОДУКТ;Контроль Стресса;20;0;0;4.8;0;;
ПРОДУКТ;Конфета;400;0.4;1;98;0;;
ПРОДУКТ;Конфета Клубника Сливки;337;14;10;49;0;;
ПРОДУКТ;Конфета Малина Сливки;370;12;13;52;0;;
ПРОДУКТ;Конфета арахисовая Caramel Bite;546.67;13.33;40;26.67;0;;
ПРОДУКТ;Конфета протеиновая с кокосом;303.6;12.4;10;41;0;;
ПРОДУКТ;Конфета протеиновая с молочной начинкой;349;12;9;55;0;;
ПРОДУКТ;Конфета протеиновая с ореховой начинкой 'Миндальный брауни;386;14.6;9.1;61.5;0;;
ПРОДУКТ;Конфета с грецкими орехами и карамелью в молочном шоколаде;546;9.43;36.82;44.22;0;;
ПРОДУКТ;Конфета шоколадно-фруктовая Тирамису;380;6;10;65;0;;
ПРОДУКТ;Конфеты;570;7.5;39;48;0;;
ПРОДУКТ;Конфеты Haribo Chamallows;346.99;3.5;0.5;80;0;;
ПРОДУКТ;Конфеты MODA Milan;500;3;23;68;0;;
ПРОДУКТ;Конфеты MODA Moscow;490;4.5;23;66;0;;
ПРОДУКТ;Конфеты Mark Sevouni Silk Collection;546;4.71;34.2;53.5;0;;
ПРОДУКТ;Конфеты Raffaello;641.27;9.3;47.8;38.8;0;;
ПРОДУКТ;Конфеты Rondo с ароматом мяты;405.9;0.6;0;98.4;0;;
ПРОДУКТ;Конфеты «Марсианка тирамису;580;2.5;39;54;0;;
ПРОДУКТ;Конфеты «манговое желе» в темном шоколаде;390.5;0.9;12.1;69.5;0;;
ПРОДУКТ;Конфеты Адель с цельным миндалём;596;7.8;42;47;0;;
ПРОДУКТ;Конфеты АоДаРи трюфель с засахаренной апельсиновой цедрой;584;3.9;43;42;0;;
ПРОДУКТ;Конфеты Бабаевская Белочка;520;8;30;55;0;;
ПРОДУКТ;Конфеты Бабаевский Белочка;562.52;8.8;33.1;53.4;0;;
ПРОДУКТ;Конфеты Визит;571.15;9;35;51;0;;
ПРОДУКТ;Конфеты Вишня ликёрная в шоколаде;374;2.1;15.1;59.8;0;;
ПРОДУКТ;Конфеты Золотое черносмородиновое суфле;400;2.5;13;67;0;;
ПРОДУКТ;Конфеты Кокосовые;544.3;7.5;35.9;47.8;0;;
ПРОДУКТ;Конфеты Коровка сливочная;389.79;2.7;4.4;82.4;0;;
ПРОДУКТ;Конфеты Красная шапочка;520;7.5;28;58;0;;
ПРОДУКТ;Конфеты Кремово-вафельные;550;6.5;34;52;0;;
ПРОДУКТ;Конфеты Крымский метеорит;350;6;17;46;0;;
ПРОДУКТ;Конфеты Ливетти;550;4.5;34;56;0;;
ПРОДУКТ;Конфеты Марсианка Чизкейк;403.75;2.5;14.2;63.8;0;;
ПРОДУКТ;Конфеты Миллениум Ривьера;575;9.2;39.4;46.1;0;;
ПРОДУКТ;Конфеты Мишка косолапый;540;6;30;59;0;;
ПРОДУКТ;Конфеты Мишки в лесу шоколадные конфеты с вафельной крошкой без добавления сахара;470;6;30;54;0;;
ПРОДУКТ;Конфеты Москва;440;3;18;67;0;;
ПРОДУКТ;Конфеты Озерский сувенир Вишня Владимировна в шоколаде;456.4;3;20;63;0;;
ПРОДУКТ;Конфеты Озерский сувенир Курага Петровна в шоколаде;391.69;5;14.8;57;0;;
ПРОДУКТ;Конфеты Озерский сувенир Орех Сергеевич Грецкий в шоколаде;601.27;8.5;44.2;38;0;;
ПРОДУКТ;Конфеты Озерский сувенир Фундук Петрович в шоколаде;648.87;8.5;48;41;0;;
ПРОДУКТ;Конфеты Осенний вальс;520;8.5;31;51;0;;
ПРОДУКТ;Конфеты Отломи;514;5.5;28;60;0;;
ПРОДУКТ;Конфеты Петровский Форт;490;5.5;23;65;0;;
ПРОДУКТ;Конфеты Птица Счастья;540;6;32;57;0;;
ПРОДУКТ;Конфеты Птичье молоко;450;2.5;24;56;0;;
ПРОДУКТ;Конфеты Родные Просторы;523.58;5.19;27.36;61.32;0;;
ПРОДУКТ;Конфеты С Зеленым Чаем;310;1;0.3;75;0;;
ПРОДУКТ;Конфеты С Кремовой Молочной Начинкой;550;4;33;58;0;;
ПРОДУКТ;Конфеты С Финиеом;440;2;20;64;0;;
ПРОДУКТ;Конфеты Славянка Золотой степ глазированные арахис карамель;506.29;10;27.4;51.4;0;;
ПРОДУКТ;Конфеты Славянка Лёвушка;377.89;1;7.4;74.4;0;;
ПРОДУКТ;Конфеты Сливки И Соленая Карамель;500;7;25;62;0;;
ПРОДУКТ;Конфеты Сливочная Му;530;6;27;66;0;;
ПРОДУКТ;Конфеты Спринт с печеньем;497.61;4.9;21.7;67.3;0;;
ПРОДУКТ;Конфеты Трюфели classic без сахара Победа;530;6.5;44;26;0;;
ПРОДУКТ;Конфеты Украли сахар Батончик;490;11;28;42;0;;
ПРОДУКТ;Конфеты Умные сладости со вкусом крем-брюле;369.5;1.6;16.3;54.1;0;;
ПРОДУКТ;Конфеты Шиков со стевией;320;2.6;12.7;52.7;0;;
ПРОДУКТ;Конфеты ассорти из молочного шоколада;579;8.1;37.8;50.1;0;;
ПРОДУКТ;"Конфеты батончики ';Кофе'; на сорбите со стевией";598.4;13.8;42.4;47.5;0;;
ПРОДУКТ;Конфеты батончики Рот-Фронт;536.04;10.7;29.5;53.2;0;;
ПРОДУКТ;Конфеты без сахара Ассорти;375;8.4;32;8.6;0;;
ПРОДУКТ;Конфеты без сахара с корпусом пралике покрытые в шоколадной глазури со вкусом трюфеля «MULTIBAR;375;8.4;32;8.6;0;;
ПРОДУКТ;Конфеты без сахара с фундуком;391;8.4;33.6;9;0;;
ПРОДУКТ;Конфеты вафельные в молочном шоколаде Соната;490;12;31;47;0;;
ПРОДУКТ;Конфеты вафельные глазированные;436;4;23;56;0;;
ПРОДУКТ;Конфеты глазированные «Аэрофлотские;548;4.1;32.2;58.4;0;;
ПРОДУКТ;Конфеты глазированные с молочными корпусами Ленинградские;430;2.5;13;75;0;;
ПРОДУКТ;Конфеты грильяжные;540.59;5.3;26.9;65.6;0;;
ПРОДУКТ;Конфеты желейные;347.8;6.5;0.2;80;0;;
ПРОДУКТ;Конфеты из сухофруктов с орехами, кофе, миндалëм;394;7;14;60;0;;
ПРОДУКТ;Конфеты кремовые;554.95;7.5;31.8;55.8;0;;
ПРОДУКТ;Конфеты лакричные;390.97;3.7;10;69;0;;
ПРОДУКТ;Конфеты молочные;388.45;2.7;4.3;82.3;0;;
ПРОДУКТ;Конфеты мультизлаковые;379.8;3.9;13.9;59.7;0;;
ПРОДУКТ;Конфеты неглазированные с молочным корпусом Молочная;410;1;6;87;0;;
ПРОДУКТ;Конфеты помадные;394.51;2.2;4.6;83.6;0;;
ПРОДУКТ;Конфеты помадные К чаю;440;2;13;80;0;;
ПРОДУКТ;Конфеты с карамелью, арахисом и солёными кранчами;481;7.3;26.4;53.6;0;;
ПРОДУКТ;Конфеты с молочно-ореховой пастой и вафлей;485;10.8;36.2;13.8;0;;
ПРОДУКТ;Конфеты с мороженым;250;6;14.5;23.5;0;;
ПРОДУКТ;Конфеты с фруктовыми корпусами «Земляника» в шоколадной глазури;420;4;26;41;0;;
ПРОДУКТ;Конфеты с шоколадно-ванильной начинкой;434;4.1;15;69;0;;
ПРОДУКТ;Конфеты сливочный каприз;480.5;2.5;2.5;87;0;;
ПРОДУКТ;Конфеты таблетированые Декстро4 с вишнёвый вкусом;380;0;0;95;0;;
ПРОДУКТ;Конфеты фруктовые;397.23;1.6;8.6;75.8;0;;
ПРОДУКТ;Конфеты шоколадные;605.58;4;39.5;54.2;0;;
ПРОДУКТ;Конфеты шоколадные Царское лакомство;470;4;24;60;0;;
ПРОДУКТ;Конфитюр;170.78;0.9;0.2;40.3;0;;
ПРОДУКТ;Конфитюр «Розовый Абрикос» пастеризованный;160;0.5;0.1;39;0;;
ПРОДУКТ;Конфитюр из апельсинов с пониженной калорийностью;56;0.6;0;15;0;;
ПРОДУКТ;Конфитюр из манго с пониженной калорийностью;60;0.5;0;14.8;0;;
ПРОДУКТ;Конфитюр клубника-земляника;25;0;0;6;0;;
ПРОДУКТ;Конфитюр экстра из груши Вильямс;196;0;0;48;0;;
ПРОДУКТ;Конфитюр экстра из сливы;230;0.4;0;56;0;;
ПРОДУКТ;Конфитюр экстра из черешни Zuegg;190;0.55;0.04;46;0;;
ПРОДУКТ;Конфитюр экстра из яблок;184;0.2;0;45;0;;
ПРОДУКТ;Концентрат Для Безалкогольных Напитков Лесные Ягоды;250;0;0;62;0;;
ПРОДУКТ;Концентрат Сывороточный Белковый КСБ-80;380;80;5.5;2;0;;
ПРОДУКТ;Концентрат Сывороточных Белков КСБ-75 С Ароматом Фисташки;390;75;5.5;11;0;;
ПРОДУКТ;Концентрат пищевой “Лимон к чаю;301;0;0;5.4;0;;
ПРОДУКТ;Коньяк трёхлетний GLOBAL WINE КАЗАКСТАН;230;0;0;1.5;0;;
ПРОДУКТ;Корасани мини;449;6.9;24.6;50;0;;
ПРОДУКТ;Кордон Блю С Ветчиной и Сыром;193.9;10.9;11.8;11;0;;
ПРОДУКТ;Кордон блю с сыром и ветчиной;240;12.6;13.7;16.7;0;;
ПРОДУКТ;Корейка фермерская;121;15;5;4;0;;
ПРОДУКТ;Корейский салат морковь-ча;105.5;1.2;6.98;9.47;0;;
ПРОДУКТ;Кореновочка;53;3;2.5;4.7;0;;
ПРОДУКТ;Корж Невский;330;6.5;5;65;0;;
ПРОДУКТ;Корж молочный;390;6;11;65;0;;
ПРОДУКТ;Корж песочный для пирога;484.6;7.3;25.4;56.7;0;;
ПРОДУКТ;Коржи бисквитные готовые;262.45;5.9;0.8;56.3;0;;
ПРОДУКТ;Коржи вафельные;350.21;10.2;4.2;65.7;0;;
ПРОДУКТ;Коржи для медовика;396.19;6.3;11.4;64.5;0;;
ПРОДУКТ;Коржик;370;6;2;80;0;;
ПРОДУКТ;Коржик Молочный;389.4;8.9;11.8;61.9;0;;
ПРОДУКТ;Коржики песочные;382;6.23;11.15;65.15;0;;
ПРОДУКТ;Корзинка шоколадная с апельсином;445;5.9;26.6;40.9;0;;
ПРОДУКТ;Корзиночка со сгущенкой;310;5;12;45;0;;
ПРОДУКТ;Кориандр;26.65;1.5;0;5;0;;
ПРОДУКТ;Кориандр молотый;268.57;12.3;17.7;13.1;0;;
ПРОДУКТ;Корица;372.9;3.9;3.2;79.8;0;;
ПРОДУКТ;Корица молотая;203;4;3;40;0;;
ПРОДУКТ;Корица-сахар приправа;388;0.3;0.9;95;0;;
ПРОДУКТ;Корлан;78.53;0.7;0.2;18;0;;
ПРОДУКТ;Корнерсы Паприка чили;390;7.5;7;76;0;;
ПРОДУКТ;Корнерсы Сметана Зелень;390;8.5;9;69;0;;
ПРОДУКТ;Корнерсы Тайский Перец;390;8;8.5;71;0;;
ПРОДУКТ;Корнерсы Томат & Базилик;405;8.5;10;71;0;;
ПРОДУКТ;Корнерсы Чипсы цельнозерновые кукурузно-рисовые с горошком, фасолью и киноа;320;13;1;64;0;;
ПРОДУКТ;Корнишоны «Хрустящие» маринованные консервированные (3-6 см;15.8;0.4;0.2;3.1;0;;
ПРОДУКТ;Корнишоны С Мёдом;12;0;0;3;0;;
ПРОДУКТ;Корнишоны маринованные;30;1.2;0.1;4.6;0;;
ПРОДУКТ;Корнишоны по-баварски (маринованные;22;1.49;0.09;2.67;0;;
ПРОДУКТ;Корнишоны по-французски;12;0;0;3;0;;
ПРОДУКТ;Корнишоны хрустящие;20;0;0;4.5;0;;
ПРОДУКТ;Корнфлейкс Панировка;360;7.6;1;79;0;;
ПРОДУКТ;Коровка;460;7.67;16.67;70;0;;
ПРОДУКТ;Коровка вафли глаз 50гр;530;4.5;30;60;0;;
ПРОДУКТ;Королевские Дамплинги;208;6.8;10.3;22;0;;
ПРОДУКТ;Королевские Дамплинги Курица С Овощами;135;9.7;3.3;17.6;0;;
ПРОДУКТ;Корюшка;104.94;15.4;4.5;0;0;;
ПРОДУКТ;Кос-халва с изюмом;390;3.5;5;82;0;;
ПРОДУКТ;Костный Говяжий Бульон Коллаген;313;73;1;3;0;;
ПРОДУКТ;Костный Куриный Бульон;381;90;1;3;0;;
ПРОДУКТ;Котлета Для Бургера;360;12;35;0;0;;
ПРОДУКТ;Котлета Для Бургера Яловича;255;16.5;21;0;0;;
ПРОДУКТ;Котлета Из Говядины С Овощами;229;8;13;20;0;;
ПРОДУКТ;Котлета Из Индейки И Курицы На Пару С Цельнозерновой Пастой И Томатным Соусом;175.6;8.4;6.7;20.4;0;;
ПРОДУКТ;Котлета Из Кролика;160;17;10;1;0;;
ПРОДУКТ;Котлета Куриная В Панировке С Картофельным Пюре;238.9;17.8;12.5;13.8;0;;
ПРОДУКТ;Котлета Куриная На Пару Фаршированная Брокколи;264;21.4;17.7;5;0;;
ПРОДУКТ;Котлета Куриная С Картофельным Пюре;350;18.8;18.8;26.8;0;;
ПРОДУКТ;Котлета Куриная С Фарфалле;222.6;14;5.8;28.6;0;;
ПРОДУКТ;Котлета Куриная С Фарфалле И Словичным Соусом;212;12.4;6.7;25.6;0;;
ПРОДУКТ;Котлета Куряча;226;16.9;13.8;8.6;0;;
ПРОДУКТ;Котлета По-Киевски С Грибами И Картофельное Пюре;172;6;11;12;0;;
ПРОДУКТ;Котлета Рыбная Вкусная Рыбка;140;11;3.5;16;0;;
ПРОДУКТ;Котлета Яловича Для Бургера;305;15;27.2;0.1;0;;
ПРОДУКТ;Котлета жареная из куриного филе с макаронами;230;12;10;23;0;;
ПРОДУКТ;Котлета из говядины и свинины с картофельным пюре и брусничным мармеладом;158;6.51;7.69;15.6;0;;
ПРОДУКТ;Котлета из индейки и курицы с макаронами и сыром;189;11;7.62;19;0;;
ПРОДУКТ;Котлета из трески с рисом и овощами;140;5.5;5;18;0;;
ПРОДУКТ;Котлета из чечевицы;148.4;7.5;0.4;28.7;0;;
ПРОДУКТ;Котлета куриная с зеленью;113.2;20.6;3.2;0.5;0;;
ПРОДУКТ;Котлета куряча парова;185;20;8.34;7.29;0;;
ПРОДУКТ;Котлета куряча рублена;208.9;22;10.3;5.95;0;;
ПРОДУКТ;Котлета по-Киевски;296;14;23;8.4;0;;
ПРОДУКТ;Котлета фермерская из индейки с овощами;114.3;9.4;5.6;5.6;0;;
ПРОДУКТ;Котлетв овощные ассорти;68.1;2.3;0.3;14.1;0;;
ПРОДУКТ;Котлетки «По-киевски;230;14.8;15.8;10.5;0;;
ПРОДУКТ;Котлетки Из Куриного Филе;102;9.3;3.1;8.5;0;;
ПРОДУКТ;Котлетки из куриной грудки с маслом;240;15;16;9.5;0;;
ПРОДУКТ;Котлетки паровые куриные;135.7;16;4.9;6.9;0;;
ПРОДУКТ;Котлетки рыбные с запечёнными овощами;95;6.4;5;6;0;;
ПРОДУКТ;Котлеты;188;16.9;9.6;8.4;0;;
ПРОДУКТ;Котлеты «Не Рыба;169.2;11.5;6.4;16.4;0;;
ПРОДУКТ;Котлеты «по-киевски» с Сырной Начинкой с Картофельным Пюре;269.2;13.3;16;18;0;;
ПРОДУКТ;Котлеты «фитнес;117.9;12.4;5.5;4.7;0;;
ПРОДУКТ;Котлеты Боярские;216.5;11;16.5;6;0;;
ПРОДУКТ;Котлеты Диетические Из Индейки;180;12;14;0.6;0;;
ПРОДУКТ;Котлеты Домашние;185;12.6;11.3;9.1;0;;
ПРОДУКТ;Котлеты Домашние Запечённые;220;16;15;5;0;;
ПРОДУКТ;Котлеты Жареные Из Курицы И Индейки;210;16.6;14.2;3.9;0;;
ПРОДУКТ;Котлеты Из Говядины;240;15;18;5;0;;
ПРОДУКТ;Котлеты Из Горбуши И Минтая;120;10.2;3;14;0;;
ПРОДУКТ;Котлеты Из Курицы С Макаронами;145;8.73;5.82;14.5;0;;
ПРОДУКТ;Котлеты Из Мяса Птицы Паровые;233;19.7;16.9;0.5;0;;
ПРОДУКТ;Котлеты Из Мяса Цыпленка На Пару С Картофельным Пюре;136.52;10.52;6.1;9.9;0;;
ПРОДУКТ;Котлеты Из Рыбы Тресковых Пород;120;8.5;1;18;0;;
ПРОДУКТ;Котлеты Из Свинины И Говядины;230;16.8;14.6;8.4;0;;
ПРОДУКТ;Котлеты Из Телятины На Пару;111.19;18.5;2;4.81;0;;
ПРОДУКТ;Котлеты Из Телятины Паровые;137;16.5;5.5;5.6;0;;
ПРОДУКТ;Котлеты Из Трески С Брокколи;115;10;3;12;0;;
ПРОДУКТ;Котлеты Из Цыпленка-Бройлера С Моцареллой;164.3;16.6;3.9;15.7;0;;
ПРОДУКТ;Котлеты Классические;205;12;13;10;0;;
ПРОДУКТ;Котлеты Кордонблю с ветчиной и сыром;157.1;19.9;6.3;5.2;0;;
ПРОДУКТ;Котлеты Куриные;203.9;20;9.9;8.7;0;;
ПРОДУКТ;Котлеты Куриные С Сыром Моцарелла;200;17;13;4.5;0;;
ПРОДУКТ;Котлеты Куриные охлажденные;227;12;17;6.5;0;;
ПРОДУКТ;Котлеты Не Рыба со вкусом краба;156;2.4;7.2;20.4;0;;
ПРОДУКТ;Котлеты Пожарские;156.2;18.1;5.8;7.9;0;;
ПРОДУКТ;Котлеты Полтавские;243;17.9;13.1;13.4;0;;
ПРОДУКТ;Котлеты Рыбные Из Трески И Минтая;317.3;18.3;20.9;14;0;;
ПРОДУКТ;Котлеты Рыбные Старорусские;166.88;16;8.88;5.69;0;;
ПРОДУКТ;Котлеты С Сыром Чеддер;204.7;18;10.3;10;0;;
ПРОДУКТ;Котлеты Славянские;227;12;17;6.5;0;;
ПРОДУКТ;Котлеты Со Сливочным Маслом И Зеленью;187;12.1;10;12.2;0;;
ПРОДУКТ;Котлеты Филейные;190;13;11;10;0;;
ПРОДУКТ;Котлеты Филейные Из Рыбы В Панировке;110;11;1.4;12.9;0;;
ПРОДУКТ;Котлеты говяжьи;50;3.5;3;2.25;0;;
ПРОДУКТ;Котлеты из баранины отбивные;406.04;20.6;30.6;9.1;0;;
ПРОДУКТ;Котлеты из баранины рубленые;246.14;13.6;14.8;12.9;0;;
ПРОДУКТ;Котлеты из говядины и свинины;208.8;20.5;12.4;3.8;0;;
ПРОДУКТ;Котлеты из говядины рубленые;217.43;14.2;11.4;13;0;;
ПРОДУКТ;Котлеты из индейки;225.27;18.6;12.2;8.7;0;;
ПРОДУКТ;Котлеты из индейки домашние;220;14;14;10;0;;
ПРОДУКТ;Котлеты из индейки с гречкой;160;12.6;6.1;13.8;0;;
ПРОДУКТ;Котлеты из индейки с пюре из батата;258;15.9;15.9;12.7;0;;
ПРОДУКТ;Котлеты из индейки с сыром и шпинатом;161;16.6;7.1;8;0;;
ПРОДУКТ;Котлеты из капусты;78.87;2;1;16;0;;
ПРОДУКТ;Котлеты из курицы;172;17;8;8;0;;
ПРОДУКТ;Котлеты из курицы (готовые;227.82;18.2;10.4;13.8;0;;
ПРОДУКТ;Котлеты из курицы и индейки;185.7;13.9;11.4;6.8;0;;
ПРОДУКТ;Котлеты из курицы и индейки с картофельным пюре;141.1;5.9;8.4;10.5;0;;
ПРОДУКТ;Котлеты из курицы с картофельным пюре;141;5.91;8.41;10.5;0;;
ПРОДУКТ;Котлеты из мяса птицы;273.79;19.79;21.43;0.5;0;;
ПРОДУКТ;Котлеты из мяса птицы паровые с гречкой;178.4;11.6;9.2;12.3;0;;
ПРОДУКТ;Котлеты из мяса цыпленка и индейки с моцареллой;150.1;13.3;7.7;6.9;0;;
ПРОДУКТ;Котлеты из мяса цыплят рубленые;244.01;15.2;13.6;13.5;0;;
ПРОДУКТ;Котлеты из свинины отбивные;482.22;17.5;40.3;8.8;0;;
ПРОДУКТ;Котлеты из телятины;382.29;23;31;0;0;;
ПРОДУКТ;Котлеты из трески;167.97;12.6;5.9;15;0;;
ПРОДУКТ;Котлеты из филе грудки цыпленка с маслом;187;18.2;8.5;8;0;;
ПРОДУКТ;Котлеты из цыпленка-бройлера с индейкой и сливочным сыром;173.1;20.8;8;4.5;0;;
ПРОДУКТ;Котлеты из цыпленка-бройлера с сыром моцарелла;168;14.6;8.3;8.7;0;;
ПРОДУКТ;Котлеты из цыплёнка с грибами и сулугуни;157;16;9;3;0;;
ПРОДУКТ;Котлеты из цыплёнка-бройлера с индейкой и укропом;149.8;17.9;8.2;1.1;0;;
ПРОДУКТ;Котлеты из шампиньонов с морковью;99.9;3.7;0.3;20.6;0;;
ПРОДУКТ;Котлеты капустные;75;3;0.4;15;0;;
ПРОДУКТ;Котлеты картофельные от Ильиной;75;2;2.5;11;0;;
ПРОДУКТ;Котлеты картофельные с нутом в кукурузной панировке;88;2.6;0.8;17.5;0;;
ПРОДУКТ;Котлеты классические Рубатки;131;10.9;8.2;3.3;0;;
ПРОДУКТ;Котлеты куриные Куролеты;150;17;7;5;0;;
ПРОДУКТ;Котлеты куриные с моцареллой с булгуром, киноа и овощами;154.5;10.2;8.5;9.3;0;;
ПРОДУКТ;Котлеты морковные;80;3;0.2;17;0;;
ПРОДУКТ;Котлеты немясо со вкусом курочки;123.4;12.2;2.6;12.8;0;;
ПРОДУКТ;Котлеты овощные с брокколи;110.1;4.2;2.1;18.6;0;;
ПРОДУКТ;Котлеты по-домашнему;220;12;14;11;0;;
ПРОДУКТ;Котлеты по-киевски С Сыром и Зеленью;313;20.6;21.9;8.5;0;;
ПРОДУКТ;Котлеты растительные HiBurger;239;10;19;4.7;0;;
ПРОДУКТ;Котлеты растительные HiChicken;199;8.5;13;8;0;;
ПРОДУКТ;Котлеты с отборной говядиной Рубатки;153;12.8;10.3;2.2;0;;
ПРОДУКТ;Котлеты с сыром сулугуни и базиликом;200;15.2;14.8;2.6;0;;
ПРОДУКТ;Котлеты с чесноком Рубатки;134;11.2;7.8;4.8;0;;
ПРОДУКТ;Котлеты сочные;243;9;19;9;0;;
ПРОДУКТ;Котлеты столичные куриные;228;11;20;1;0;;
ПРОДУКТ;Котоеты Из Индейки И Цыплёнка С Сыром Чеддер;204.7;18;10.3;10;0;;
ПРОДУКТ;Кофе;476;4.6;20;69.5;0;;
ПРОДУКТ;Кофе Maxwell House гранулированный сухой;102.09;14.6;0;10.3;0;;
ПРОДУКТ;Кофе Maxwell House растворимый сухой;102.09;14.6;0;10.3;0;;
ПРОДУКТ;Кофе Monarch caramel;103;0.1;0.05;0.4;0;;
ПРОДУКТ;Кофе Латте;52;3;2.2;5;0;;
ПРОДУКТ;Кофе Латте Со Вкусом Имбирного Пряника;60;2.3;2.7;6.3;0;;
ПРОДУКТ;Кофе Леовит Худеем за неделю Капуччино для похудения жиросжигающий комплекс;508.35;6;15;84;0;;
ПРОДУКТ;Кофе Натуральный Со Сгущенкой;299;1.84;7.5;56.1;0;;
ПРОДУКТ;Кофе Натуральный Со Снущенкой;299;1.84;7.5;56.1;0;;
ПРОДУКТ;Кофе Президент молотый сухой;202.25;13.9;14.4;2.8;0;;
ПРОДУКТ;Кофе Тайм Biscuits;446;6.5;16;69;0;;
ПРОДУКТ;Кофе Чибо растворимый сухой;270.54;18.1;0.7;46.3;0;;
ПРОДУКТ;Кофе в дрип-пакете #2;303.2;13.9;14.4;29.5;0;;
ПРОДУКТ;Кофе жареный в зёрнах сухой;254.73;13.9;14.4;15.6;0;;
ПРОДУКТ;Кофе зелёный сухой;198.66;12.3;0.2;35.7;0;;
ПРОДУКТ;Кофе латте макиато;27.36;1.5;1.4;2;0;;
ПРОДУКТ;Кофе мокаччино;300.6;2.8;10.6;46.5;0;;
ПРОДУКТ;Кофе натуральный молотый сухой;207.58;13.9;14.4;4.1;0;;
ПРОДУКТ;Кофе по-ирландски;58.21;0;4.5;4;0;;
ПРОДУКТ;Кофе растворимый сухой;94.01;15;3.5;0;0;;
ПРОДУКТ;Кофе с молоком;523.18;6.3;30;55;0;;
ПРОДУКТ;Кофе с молоком и сахаром;58.08;0.7;1;11.2;0;;
ПРОДУКТ;Кофе со сгущенным молоком;55.92;0.7;0.9;10.9;0;;
ПРОДУКТ;Кофе со сгущенным молоком и сахаром;63.79;0.6;0.6;13.6;0;;
ПРОДУКТ;Кофе черный;2.05;0.2;0;0.3;0;;
ПРОДУКТ;Кофейная карамель;436;0.6;9.9;86.2;0;;
ПРОДУКТ;Кофейный напиток;361.11;6;4.8;71.2;0;;
ПРОДУКТ;Кофейный напиток MacCoffee растворимый Оригинальный 3 в 1;439.22;3;8;86;0;;
ПРОДУКТ;Кофейный напиток Nescaf? Xpress Choko Latte;50.92;1.4;1.2;8.3;0;;
ПРОДУКТ;Кофейный напиток Nescaf? Xpress Vanilla;51.85;1.4;1.3;8.3;0;;
ПРОДУКТ;Кофейный напиток iCafe Iced French Vanilla Coffe;44.36;1;1.2;7.1;0;;
ПРОДУКТ;Кофейный напиток iCafe Iced Mocha;53.79;1.2;1.2;9.2;0;;
ПРОДУКТ;Кофейный напиток “Капучино” сливочный;437;3.4;11;80;0;;
ПРОДУКТ;Кпша овсяная;416;8.6;9.8;73.4;0;;
ПРОДУКТ;Краб голубой;84.43;18.1;1.1;0;0;;
ПРОДУКТ;Краб камчатский;80.6;18.3;0.6;0;0;;
ПРОДУКТ;Крабкейки;234;10;9;28;0;;
ПРОДУКТ;Крабовая колбаса;98.56;15.2;0.9;6.8;0;;
ПРОДУКТ;Крабовая крошка охлаждённая (имитация;78.87;4.5;0.5;14;0;;
ПРОДУКТ;Крабовое мясо «Классика;93.21;6.2;0.38;16.2;0;;
ПРОДУКТ;Крабовое мясо Мирамар;143.64;15.4;6.9;4;0;;
ПРОДУКТ;Крабовое мясо Санта Бремор;86.31;4.9;1.7;12.3;0;;
ПРОДУКТ;Крабовое мясо. Охлаждённое;109.94;7.8;0.8;17.5;0;;
ПРОДУКТ;Крабовые палочки;114;5.4;1;20.9;0;;
ПРОДУКТ;Крабовые палочки (имитация) охлажденные;109.94;8;3.5;12;0;;
ПРОДУКТ;Крабовые палочки Vici Имитация из сурими (замороженные;109.33;6.4;1;18;0;;
ПРОДУКТ;Крабовые палочки Vici сочные;74.89;6;1;10;0;;
ПРОДУКТ;Крабовые палочки «Классика;93.21;6.2;0.38;16.2;0;;
ПРОДУКТ;Крабовые палочки Меридиан Снежный краб;143.64;15.4;6.9;4;0;;
ПРОДУКТ;Крабовые палочки Мирамар;143.64;15.4;6.9;4;0;;
ПРОДУКТ;Крабовые палочки Санта Бремор Снежный краб;71.61;8.9;1;6.3;0;;
ПРОДУКТ;Крабовые палочки замороженные;195.98;3;15;12;0;;
ПРОДУКТ;Крабовые палочки охлажденные;108;7.8;0.8;17.5;0;;
ПРОДУКТ;Крабовые палочки охлажденные имитация;105;4.4;2.4;16.4;0;;
ПРОДУКТ;Крабовые палочки снежный краб;120;10;5.5;7;0;;
ПРОДУКТ;Крабовый Салаь;162.98;4.97;10.7;11.7;0;;
ПРОДУКТ;Кработые Палочки;85.2;8.3;2.4;7.6;0;;
ПРОДУКТ;Крабы консервированные;87.3;18.7;1.1;0.1;0;;
ПРОДУКТ;Крабы отварные;99.04;16;3.6;0;0;;
ПРОДУКТ;Краве масло 82;746;1;82;1;0;;
ПРОДУКТ;Краковская традиционная;282.27;11;22;10;0;;
ПРОДУКТ;Краковская» колбаса полукопченая в натуральной оболочке;211.8;15.1;11.7;0.48;0;;
ПРОДУКТ;Кранч гранола с протеином Кофе и Инжир;410;10;17;51;0;;
ПРОДУКТ;Кранч гранола с протеином Шоколад—ваниль;420;10;17;53;0;;
ПРОДУКТ;Крапива;34.77;2.6;0.3;5.2;0;;
ПРОДУКТ;Красная Рыбка В Соусе Терияки;82;7.7;2;8.4;0;;
ПРОДУКТ;Красная Шапочка;567;10;33.3;50;0;;
ПРОДУКТ;Красная фасоль в собственном соку;80;5;0.5;13;0;;
ПРОДУКТ;Красная фасоль натуральная;76.5;5;0.5;13;0;;
ПРОДУКТ;Красная шняга;219;3.9;21;3.8;0;;
ПРОДУКТ;Красноглазка;128.81;21.9;4.2;0;0;;
ПРОДУКТ;Краснопёрка;102.9;18.3;3;0;0;;
ПРОДУКТ;Красный Бархат;205;2.8;7.6;31.3;0;;
ПРОДУКТ;Красный бархат торт;410;4.5;24;43;0;;
ПРОДУКТ;Красный октябрь;560;7;35;53;0;;
ПРОДУКТ;Крауссан;250;5;13;29;0;;
ПРОДУКТ;Краффин с корицей;367.2;4.8;20.4;41.1;0;;
ПРОДУКТ;Крахмал картофельный;326.77;0.1;0;79.6;0;;
ПРОДУКТ;Крахмал кукурузный;358.99;1;0.6;85.2;0;;
ПРОДУКТ;Крахмал тапиоковый;360.8;0;0;88;0;;
ПРОДУКТ;Краяе Кисело Мляко 3.6;62;3.2;3.6;4.2;0;;
ПРОДУКТ;Креветка рубленые в классическом соусе;450;5.5;45;4.5;0;;
ПРОДУКТ;Креветки;66;15;0.7;0;0;;
ПРОДУКТ;Креветки Polar Premium свежемороженые;84.95;17;1.2;1;0;;
ПРОДУКТ;Креветки Аргентинские Дикие Очищенные;62.5;13.6;0.9;0;0;;
ПРОДУКТ;Креветки Белоногие;110.7;24.4;1.5;0;0;;
ПРОДУКТ;Креветки В Заливке;80;17;1;0.5;0;;
ПРОДУКТ;Креветки Королевские;89.46;18.3;1.2;0.8;0;;
ПРОДУКТ;Креветки Королевские Очищенные;50;11;0.4;0.5;0;;
ПРОДУКТ;Креветки Свит Чили;241;13.8;6.89;30.9;0;;
ПРОДУКТ;Креветки Тигровые;84.29;19.2;0.6;0;0;;
ПРОДУКТ;Креветки Черные Тигровые;111;19.6;1.2;5.4;0;;
ПРОДУКТ;Креветки консервированные;83.2;17.8;1.1;0;0;;
ПРОДУКТ;Креветки маринованные;62.1;12.2;1.3;0;0;;
ПРОДУКТ;Креветки отварные;97.93;18.9;2.2;0;0;;
ПРОДУКТ;Креветки очищенные замороженные;66.69;14;1;0;0;;
ПРОДУКТ;Креветки с соусом васаби;281.5;19.5;10.2;27.8;0;;
ПРОДУКТ;Креветки свежие;99.49;22;1;0;0;;
ПРОДУКТ;Крекер;363;10.3;2.9;71.4;0;;
ПРОДУКТ;Крекер (сухое печенье) «Будь здоров!» с отрубями;400;10;8.5;69;0;;
ПРОДУКТ;Крекер Tuc Cheezzz;495.42;8.5;24.2;57.5;0;;
ПРОДУКТ;Крекер Tuc Original;489.74;8.1;22;61.5;0;;
ПРОДУКТ;Крекер «Забавные животные;430;9;12;70;0;;
ПРОДУКТ;Крекер «Здрава» с луком и сыром;449.81;7.5;18;64;0;;
ПРОДУКТ;Крекер «Конфи» Рыбки с луком;477;8.1;26.3;51;0;;
ПРОДУКТ;Крекер Здрава Французский;426;8;13.8;67.5;0;;
ПРОДУКТ;Крекер Золотая Рыбка;440;9;14;71;0;;
ПРОДУКТ;Крекер С Зеленью Луком И Сметаной;466.6;10.5;19;63.4;0;;
ПРОДУКТ;Крекер С Зеленью, Луком И Сметаной;466.6;10.5;19;63.4;0;;
ПРОДУКТ;Крекер С Картофелем И Зеленью;450;9;17;64;0;;
ПРОДУКТ;Крекер С Солью;460;7.5;18;65;0;;
ПРОДУКТ;Крекер Французский Прованс;442;8.2;15;68.5;0;;
ПРОДУКТ;Крекер Янтарный с сыром;460;8;18;64;0;;
ПРОДУКТ;Крекер з цибулею;437;9.1;15.8;63;0;;
ПРОДУКТ;Крекер классический;450;9;18;64;0;;
ПРОДУКТ;Крекер крендель солёный;374;15.3;4;69.3;0;;
ПРОДУКТ;Крекер ржаной;477.2;8.1;19.2;67.4;0;;
ПРОДУКТ;Крекер ржаной с паприкой и перцем чили;462.4;7.8;16.4;70.9;0;;
ПРОДУКТ;Крекер ржаной с чесноком и кайенским перцем;451.4;7.9;15;71.2;0;;
ПРОДУКТ;Крекер с Семенами Льна;443;8;14.5;70;0;;
ПРОДУКТ;Крекер с кунжутом и семенами льна;440;9.5;18;60;0;;
ПРОДУКТ;Крекер с морской солью;430;9;14;66;0;;
ПРОДУКТ;Крекер с отрубями;438;11;14;67;0;;
ПРОДУКТ;Крекер с сыром;450;8;21;60;0;;
ПРОДУКТ;Крекеры TUC сметана-лук;495;8.5;22;65;0;;
ПРОДУКТ;Крем Сир 20;223.6;8.5;20;2.4;0;;
ПРОДУКТ;Крем взбитый на растительных маслах ультрапастеризованный Кулинар;303;1.1;26.5;14;0;;
ПРОДУКТ;Крем для торта Dr. Oetker шоколадный;470.28;15.9;28.6;34;0;;
ПРОДУКТ;Крем кондитерский;310.01;0.2;26;16.5;0;;
ПРОДУКТ;Крем на растительном масле взбитый ультрапастеризованный;303;1.1;27;14;0;;
ПРОДУКТ;Крем от скариди и авокадо Зигмас;398;4.3;40;5.2;0;;
ПРОДУКТ;Крем-Брюле Трубочки;486;6.7;31;44.7;0;;
ПРОДУКТ;Крем-Сир Der Sahnige;238;5.5;22.5;3;0;;
ПРОДУКТ;Крем-Сир Philadelphia Light;145;7.2;10;5.1;0;;
ПРОДУКТ;Крем-Фиш Кальмар с креветками;327.44;4.5;32;7.5;0;;
ПРОДУКТ;Крем-мёд Облепиховый Медведь;324;0.4;0.6;79.2;0;;
ПРОДУКТ;Крем-паста карамельная;478.01;1.5;35;40;0;;
ПРОДУКТ;Крем-суп С Лесными Грибами;124.1;1.9;8.1;10.9;0;;
ПРОДУКТ;Крем-суп из брокколи с зелёным горошком;60;2;3;7;0;;
ПРОДУКТ;Крем-суп томатный замороженный;107.4;0.6;0.1;5.5;0;;
ПРОДУКТ;Крем-фиш горбуша-скумбрия;220;9;18;6;0;;
ПРОДУКТ;Крем-фиш краб снежный;404;4;40;7;0;;
ПРОДУКТ;Кремобон;390;5;18;52;0;;
ПРОДУКТ;Кренвирш Бони;212;12;18.3;1;0;;
ПРОДУКТ;Кренвирши Бони XXL;212;12;18.3;1;0;;
ПРОДУКТ;Крендель;346.55;8.2;3.1;69.3;0;;
ПРОДУКТ;Крендель с корицей;330;7;20;43;0;;
ПРОДУКТ;Крепкий черный чай;1;0.1;0;0.2;0;;
ПРОДУКТ;Кресс-салат;15.69;2.3;0.1;1.3;0;;
ПРОДУКТ;Крестьянский;275;8.1;3;54;0;;
ПРОДУКТ;Криспер;480;6.8;22;61.1;0;;
ПРОДУКТ;Кроасан 7 дейс чипикао;453;5.6;28;43;0;;
ПРОДУКТ;Кроасан Лото какао/ ванилия;462;6.5;28.5;43.6;0;;
ПРОДУКТ;Кровянка;277.51;9;19.5;14.5;0;;
ПРОДУКТ;Крок-месье на бриоши с индейкой;181;10;10.3;11.9;0;;
ПРОДУКТ;Крокеты картофельные с грибами;256;4;20;15;0;;
ПРОДУКТ;Крокодиловое мясо;113.1;26;0.7;0;0;;
ПРОДУКТ;Кролик;389;61;13;7;0;;
ПРОДУКТ;Кролик жареный;158.24;25;6;0;0;;
ПРОДУКТ;Кроличий фарш;151.57;19.5;7.4;0.7;0;;
ПРОДУКТ;Кроличьи почки;67.97;12.5;1.8;0;0;;
ПРОДУКТ;Кроличья печень;170.8;19;10;0;0;;
ПРОДУКТ;Крохотушки маковые;351.7;10.8;4.5;67;0;;
ПРОДУКТ;Круасан;460;7;28;44;0;;
ПРОДУКТ;Круасан С Куриной Грудкой И Плавленным Сыром;270;13;16;20;0;;
ПРОДУКТ;Круасаны;448;6;26;46;0;;
ПРОДУКТ;Круассан;451;5.9;27;45;0;;
ПРОДУКТ;Круассан Выпекаем дома;397.5;5.4;25.5;36.6;0;;
ПРОДУКТ;Круассан Миндальный;421.6;8.1;22.8;46;0;;
ПРОДУКТ;Круассан Миндальный замороженный;400.6;5.9;23.4;41.6;0;;
ПРОДУКТ;Круассан Плоский С Фундуком;417.1;5.1;23.5;46.3;0;;
ПРОДУКТ;Круассан С Малиновым Джемом;330;5;15;43;0;;
ПРОДУКТ;Круассан Черёмушки без начинки;470.91;8;28.8;41.6;0;;
ПРОДУКТ;Круассан Черёмушки с абрикосовой начинкой;398.26;5.5;19.7;47;0;;
ПРОДУКТ;Круассан Черёмушки с карамельной начинкой;388.42;6.4;21.2;40.3;0;;
ПРОДУКТ;Круассан Черёмушки с клубничной начинкой;398.26;5.5;19.7;47;0;;
ПРОДУКТ;Круассан Черёмушки с шоколадно-ореховой начинкой;478.16;6.3;28.3;46.2;0;;
ПРОДУКТ;Круассан Черёмушки со сливочной начинкой;477.55;5.7;28.5;46.2;0;;
ПРОДУКТ;Круассан зерновой;341.6;6.3;21.2;31.4;0;;
ПРОДУКТ;Круассан классический;390;7;22;42;0;;
ПРОДУКТ;Круассан миндальный с брусникой;393.1;7.2;21.1;43.6;0;;
ПРОДУКТ;Круассан миндальный с вишней;362;5.7;16;48.8;0;;
ПРОДУКТ;Круассан миндальный с лесной ягодой;390.4;6.9;20;45.7;0;;
ПРОДУКТ;Круассан миндальный с малиной;363.6;5.7;17.2;46.5;0;;
ПРОДУКТ;Круассан миндальный с малиной замороженный;364.9;5.8;18.9;42.9;0;;
ПРОДУКТ;Круассан на масле;360;7.5;19;39;0;;
ПРОДУКТ;Круассан с Пепперони;270;9.5;17;19;0;;
ПРОДУКТ;Круассан с ветчиной;360;9;28;18;0;;
ПРОДУКТ;Круассан с ветчиной и сыром;393;11.09;26.6;26.93;0;;
ПРОДУКТ;Круассан с запечённой курицей, беконом и яйцом;338.2;12.1;22.2;22.5;0;;
ПРОДУКТ;Круассан с карамельной начинкой Черемушки;380;6.5;22;40;0;;
ПРОДУКТ;Круассан с колбасой и сыром;230;6;14;20;0;;
ПРОДУКТ;Круассан с копчёным лососем;377.8;21.8;20.6;26.3;0;;
ПРОДУКТ;Круассан с красной рыбкой и сливочным сыром;230;7.7;14;18.2;0;;
ПРОДУКТ;Круассан с курицей и брусникой;233.6;7.7;11.6;24.6;0;;
ПРОДУКТ;Круассан с курицей по-азиатски;230;9.5;12;20;0;;
ПРОДУКТ;Круассан с малиновой начинкой;401.9;7;17.1;55;0;;
ПРОДУКТ;Круассан с марципаном и черной смородиной;557.4;4.4;18.6;58.1;0;;
ПРОДУКТ;Круассан с миндальным кремом;461;8;29;42;0;;
ПРОДУКТ;Круассан с омлетом и пастрами из индейки;339;29;15;22;0;;
ПРОДУКТ;Круассан с салями;260;7;16;23;0;;
ПРОДУКТ;Круассан с соленой карамелью;310;4;16;37;0;;
ПРОДУКТ;Круассан с фисташками;421.2;9;24;42.3;0;;
ПРОДУКТ;Круассан с шоколадным кремом;400;6.5;19;51;0;;
ПРОДУКТ;Круассан с шоколадом;435.3;6;27.7;40.5;0;;
ПРОДУКТ;Круассан с шоколадом замороженный 2 шт;435.3;6;27.7;40.5;0;;
ПРОДУКТ;Круассан сырный;435.4;11;23.4;45.2;0;;
ПРОДУКТ;Круассан-ролл «карамель-ваниль;398.7;5.4;25.5;36.9;0;;
ПРОДУКТ;Круассаны Для Выпечки;382.4;5.2;22.4;40;0;;
ПРОДУКТ;Круассаны на сливочном масле замороженные;377.2;7;20.3;41.6;0;;
ПРОДУКТ;Круггеты;220;7;16;12;0;;
ПРОДУКТ;Кружочки сдобные с сахаром;444;8.2;15.5;68;0;;
ПРОДУКТ;Крупа Гречневая Купеческая;340;13;3.8;63;0;;
ПРОДУКТ;Крупа Гречневая Купеческая Ядрица Быстроразваривающаяся;340;13;3.5;63;0;;
ПРОДУКТ;Крупа Кукурузная в пакетиках для варки;290;6;1;64;0;;
ПРОДУКТ;Крупа Манная М;325.07;12;1;67;0;;
ПРОДУКТ;Крупа Рис длиннозёрный шлифованный. Сорт 2;321.46;7.02;1;71;0;;
ПРОДУКТ;Крупа Рис шлифованный длиннозерный;321;7;1;71;0;;
ПРОДУКТ;Крупа Рис шлифованный круглозерный;321;7;1;71;0;;
ПРОДУКТ;Крупа Рис шлифованный пропаренный;360;7.5;2.5;75;0;;
ПРОДУКТ;Крупа Рисовая Шлифованая Рис Семейный;321;7;1;71;0;;
ПРОДУКТ;Крупа горох шлифованный колотый сорт 2;323;23;1.6;57.7;0;;
ПРОДУКТ;Крупа греча ядрица;330;13;2.5;68;0;;
ПРОДУКТ;Крупа гречневая;420;6.5;9;79;0;;
ПРОДУКТ;Крупа гречневая Царь в пакетиках;330;13;3;68;0;;
ПРОДУКТ;Крупа гречневая Ядрица пропаренная;329.83;13;3;68;0;;
ПРОДУКТ;Крупа гречневая алтайская;333.65;13;2.6;68;0;;
ПРОДУКТ;Крупа гречневая быстроразваривающаяся (пропаренная) ядрица;329;12.6;2.6;68;0;;
ПРОДУКТ;Крупа гречневая для вкусного гарнира;335.09;12.6;3.3;62.1;0;;
ПРОДУКТ;Крупа гречневая ядрица;330;13;3;68;0;;
ПРОДУКТ;Крупа гречневая ядрица 1 сорт быстроразваривающаяся;329;12.6;2.6;68;0;;
ПРОДУКТ;Крупа гречневая ядрица быстроразваривающаяся;350;13;2.5;68;0;;
ПРОДУКТ;Крупа гречневая ядрица быстроразваривающаяся (пропаренная) первый сорт;329;12.6;2.6;68;0;;
ПРОДУКТ;Крупа гречневая ядрица быстроразваривающаяся Первый сорт ГОСТ Р 55290-2012;350;13;2.5;68;0;;
ПРОДУКТ;Крупа гречневая ядрица быстроразваривающаяся из пропаренного зерна ГОСТ 5550-2021 Сорт первый;350;13;2.5;68;0;;
ПРОДУКТ;Крупа гречневая ядрица быстроразваривающаяся первый сорт;350;13;2.5;68;0;;
ПРОДУКТ;Крупа кукурузная;339.39;8.5;1;75;0;;
ПРОДУКТ;Крупа манна марка «М;333;10.3;1;70.6;0;;
ПРОДУКТ;Крупа манная «Зернодар» - марка М;329.83;10;1;69;0;;
ПРОДУКТ;Крупа манная марка «М;320;10;1;67;0;;
ПРОДУКТ;Крупа манная марка М;333.22;10.3;1;70.6;0;;
ПРОДУКТ;Крупа манная марки М;329.83;10;1;69;0;;
ПРОДУКТ;Крупа овсяная Кубань матушка;306;12;6;51;0;;
ПРОДУКТ;Крупа овсяная плющеная Мясновъ;350;13;6;60;0;;
ПРОДУКТ;Крупа овсянная недробленая;303;11;6.1;49.7;0;;
ПРОДУКТ;Крупа перловая;320;9.5;1;67;0;;
ПРОДУКТ;Крупа перловая жемчужная;315;9.3;1.1;67;0;;
ПРОДУКТ;Крупа пшеничная;330;12;1.5;68;0;;
ПРОДУКТ;Крупа пшеничная Полтавская;310;12;1.5;60;0;;
ПРОДУКТ;Крупа пшено;350;12;3;69;0;;
ПРОДУКТ;Крупа пшено шлифованное;351.34;12;3;69;0;;
ПРОДУКТ;Крупа пшено шлифованное 1 сорта;347.99;11.5;3.3;66.5;0;;
ПРОДУКТ;Крупа рисовая (фасованная): рис шлифованный пропаренный;361.1;7.1;0.3;82.5;0;;
ПРОДУКТ;Крупа рисовая обработанная паром;330;7;1;74;0;;
ПРОДУКТ;Крупа рисовая обработанная паром высший сорт;330;7;1;74;0;;
ПРОДУКТ;Крупа рисовая рис шлифованный «Рис Краснодарский;321;7;1;71;0;;
ПРОДУКТ;Крупа рисовая шлифованная (рис длиннозерный;323;7;0.6;77.3;0;;
ПРОДУКТ;Крупа ячменная перловая Номер 1;317.88;10.4;1.3;67;0;;
ПРОДУКТ;Крупа ячневая;310;10;1.5;65;0;;
ПРОДУКТ;Крутец Двойной;279;6.8;9.3;42.1;0;;
ПРОДУКТ;Крутоны;425.49;10.1;9.7;71.7;0;;
ПРОДУКТ;Крушарики. Кукурузные палочки;433;4.9;14.2;71.4;0;;
ПРОДУКТ;Крыжовник;53.93;0.7;0.2;12;0;;
ПРОДУКТ;Крылышки в соусе баффало;318;10;30;2;0;;
ПРОДУКТ;Крылья барбекю в пакете для запекания;160;17;10;1;0;;
ПРОДУКТ;Крылья куриные в маринаде;170;17;11.2;1;0;;
ПРОДУКТ;Крымское Доброе классический пломбир;240;3.9;14.8;23;0;;
ПРОДУКТ;Ксилит;401.39;0;0;97.9;0;;
ПРОДУКТ;Куантро Ликер крепкий;329;0;0;25;0;;
ПРОДУКТ;Куйбышева 75 Cheetos Сладкий Тайчили;490;7;24;60;0;;
ПРОДУКТ;Куйбышева 75 Xrus team;430;9;14;66;0;;
ПРОДУКТ;Кукис С Карамелью;452.9;7.4;16.1;69.6;0;;
ПРОДУКТ;Кукис с кокосом и тёмным шоколадом;407.2;6.2;10;73.1;0;;
ПРОДУКТ;Кукумария;35.5;7.3;0.6;0;0;;
ПРОДУКТ;Кукуруза;117;3;1;23;0;;
ПРОДУКТ;Кукуруза 4 сезона сладкая в зёрнах;244.02;11.4;4.2;38.6;0;;
ПРОДУКТ;Кукуруза 6 соток сладкая;54.94;2.2;0;11.2;0;;
ПРОДУКТ;Кукуруза Globus сахарная в зернах;58.05;2.9;0.6;9.9;0;;
ПРОДУКТ;Кукуруза Hortex;106.9;3.6;1.4;19.3;0;;
ПРОДУКТ;Кукуруза Без Сахара;50;2;0;11;0;;
ПРОДУКТ;Кукуруза Бондюэль золотистая;98.67;3.2;1;18.6;0;;
ПРОДУКТ;Кукуруза Бондюэль сладкая в зернах в вакуумной упаковке;118.27;3.9;1.3;22;0;;
ПРОДУКТ;Кукуруза Бондюэль сладкая в зёрнах;95.17;3.3;2.3;14.7;0;;
ПРОДУКТ;Кукуруза Сладкая Консервированная Стерилизованная;100;3;1;19;0;;
ПРОДУКТ;Кукуруза в зернах Баланс;53;1.9;0.8;9.4;0;;
ПРОДУКТ;Кукуруза в початках вареная;123;4.1;2.3;22.5;0;;
ПРОДУКТ;Кукуруза варёная;130.43;4.1;2.3;22.5;0;;
ПРОДУКТ;Кукуруза деликатесная;100.38;3;2;18;0;;
ПРОДУКТ;Кукуруза мини;116.95;3.1;1.6;21.8;0;;
ПРОДУКТ;Кукуруза обжаренная соленая;464;8;15.1;72;0;;
ПРОДУКТ;Кукуруза сахарная в зернах;65;2;1;12;0;;
ПРОДУКТ;Кукуруза сахарная в зёрнах;45;1.5;0.8;7.9;0;;
ПРОДУКТ;Кукуруза сладкая;72;2.7;1.4;11;0;;
ПРОДУКТ;Кукуруза сладкая в зернах;80;2.6;1;15.2;0;;
ПРОДУКТ;Кукуруза сладкая в зернах в вакуумной упаковке;57.84;2.87;0.6;9.9;0;;
ПРОДУКТ;Кукуруза сладкая в початках;104.32;3.5;2.8;15.6;0;;
ПРОДУКТ;Кукуруза сладкая консервированная;54.94;2.2;0;11.2;0;;
ПРОДУКТ;Кукуруза сладкая отборная сорт высший;80;3;1;13;0;;
ПРОДУКТ;Кукурузная каша Малютка безмолочная;384.44;7;1;84.5;0;;
ПРОДУКТ;Кукурузная кашка Heinz низкоаллергенная без молока;389.49;7.8;3;80.4;0;;
ПРОДУКТ;Кукурузная кашка Heinz тыква чернослив морковочка молочная;404.27;12.9;6.4;71.2;0;;
ПРОДУКТ;Кукурузная крупа;352.68;8.3;1.2;75;0;;
ПРОДУКТ;Кукурузная манка Гарнец безглютеновая;317.44;23;1.6;50.8;0;;
ПРОДУКТ;Кукурузные Хлопья Для Каши;350;8;1;78;0;;
ПРОДУКТ;Кукурузные Хлопья С Шоколадом Без Сахара И Фруктозы;310;9;2;64;0;;
ПРОДУКТ;Кукурузные Чипсы Лисички Со Сметаной;470;8.5;23;62;0;;
ПРОДУКТ;Кукурузные палочки;424;5;8;83;0;;
ПРОДУКТ;Кукурузные палочки Солнышко;490;4.5;22;68;0;;
ПРОДУКТ;Кукурузные палочки в сахарной пудре;358;3.5;9.3;65;0;;
ПРОДУКТ;Кукурузные палочки в сахарной пудре с бананом и стевией;433;5.4;15.8;65;0;;
ПРОДУКТ;Кукурузные палочки с сахарной пудрой;510;4;23;72;0;;
ПРОДУКТ;Кукурузные палочки сладкие;479.93;4.7;13;82.9;0;;
ПРОДУКТ;Кукурузные палочки со вкусом Кетчуп;490;7.5;23;63;0;;
ПРОДУКТ;Кукурузные хлопья;394.27;6.9;2.5;83.6;0;;
ПРОДУКТ;Кукурузные хлопья Алтайская сказка;352.68;8.3;1.2;75;0;;
ПРОДУКТ;Кукурузные шарики со вкусом бекона;421;6;3.4;69.8;0;;
ПРОДУКТ;Кукуруэные палочка натуральную;377.78;8.4;1.18;82.56;0;;
ПРОДУКТ;Кулинарное изделие из жареного мяса кур с гарниром охлаждённое: шницель куриный в яйце с картофельным пюре;86.4;4.55;3.86;8.64;0;;
ПРОДУКТ;Кулинарный шедевр» Приправа для рыбы с цедрой лимона и травами;230;11;8.5;27;0;;
ПРОДУКТ;Кулич Донской;360;7.5;8.5;52;0;;
ПРОДУКТ;Кулич Праздничный;430;8;14;69;0;;
ПРОДУКТ;Кулич С Цукатами;370;7;12;61;0;;
ПРОДУКТ;Кулич кокос и вафельная крошка;420;5;23;49;0;;
ПРОДУКТ;Кулич пасхальный;356.12;7;9;63;0;;
ПРОДУКТ;Кулич пасхальный магазинный;346.86;5.5;15.8;43.3;0;;
ПРОДУКТ;Кулич праздничный с цукатами;370;5.5;11;61;0;;
ПРОДУКТ;Кулич с цукатами Пасхальный;355;6;9.5;62;0;;
ПРОДУКТ;Куличик «Нижегородский» (с изюмом;450;6.8;19.5;61.9;0;;
ПРОДУКТ;Кумжа;101.91;16.7;3.6;0;0;;
ПРОДУКТ;Кумкват;54.69;1.9;0.9;9.4;0;;
ПРОДУКТ;Кумкват сушенный;350.9;1;0.5;85.6;0;;
ПРОДУКТ;Кумкват сушёный;343.99;3.8;0;80.1;0;;
ПРОДУКТ;Кумыс;40.25;2;1;5.8;0;;
ПРОДУКТ;Кумыс и Мед;39.2;2.1;1.2;5;0;;
ПРОДУКТ;Кумыс из кобыльего молока;46.76;2.1;1.9;5;0;;
ПРОДУКТ;Кумыс из коровьего молока;39.06;3;0.1;6.3;0;;
ПРОДУКТ;Кумыс из коровьего молока обезжиренный;15.69;1.5;0.1;2.1;0;;
ПРОДУКТ;Кунжут;581.98;19.4;48.7;12.2;0;;
ПРОДУКТ;Кунжут чёрный;579.2;19.4;48.4;12.2;0;;
ПРОДУКТ;Кунжут чёрный семена;585;22;51;10;0;;
ПРОДУКТ;Кунжутное Масло;898;0;99.8;0;0;;
ПРОДУКТ;Кунжутный соус;250;0.1;21;15;0;;
ПРОДУКТ;Купаты Из Курицы;173.6;15;12;1.4;0;;
ПРОДУКТ;Купаты шашлычные (Благояр;170;16;12;0;0;;
ПРОДУКТ;Купырь (кервель;45.84;3.2;0.3;7.3;0;;
ПРОДУКТ;Курабье ГОСТ;520;6.5;28;59;0;;
ПРОДУКТ;Курага;233.21;5.2;0.3;51;0;;
ПРОДУКТ;Курага красная;225;3;0.6;51;0;;
ПРОДУКТ;Курага с Миндалем В Шоколаде;360;4.5;17;48;0;;
ПРОДУКТ;Куриная Грудка Катсу Карри;180;11;7;18;0;;
ПРОДУКТ;Куриная Грудка С Грибами И Картофелем;140;9.5;6.5;12;0;;
ПРОДУКТ;Куриная Грудка С Запеченным Картофелем Большая Порция;138.8;9.8;6.8;9.6;0;;
ПРОДУКТ;Куриная Грудка С Птитимом;140;8.4;6.7;10.6;0;;
ПРОДУКТ;Куриная Грудка Со Шпинатным Булгуром И Медово Горчичным Соусом;151.5;9.6;7.8;10.7;0;;
ПРОДУКТ;Куриная Котлета С Рисом;163.4;8.3;6.79;16.6;0;;
ПРОДУКТ;Куриная Печень;300;10;28;3;0;;
ПРОДУКТ;Куриная голень вареная без кожи;162.72;27;5.6;0;0;;
ПРОДУКТ;Куриная грудка;116.05;23.6;1.9;0.4;0;;
ПРОДУКТ;Куриная грудка вареная;140.95;29.8;1.8;0.5;0;;
ПРОДУКТ;Куриная грудка гриль;126.2;12.9;5.4;6.5;0;;
ПРОДУКТ;Куриная грудка гриль с овощами и кукурузным ай Йоле;131.6;10.2;7.1;6.7;0;;
ПРОДУКТ;Куриная грудка копченая;120.25;18;5;0;0;;
ПРОДУКТ;Куриная грудка на пару;114.41;23.6;1.9;0;0;;
ПРОДУКТ;Куриная грудка с грибами и пенне;202.4;14.4;6.4;21.8;0;;
ПРОДУКТ;Куриная грудка с картофельным пюре и квашеной капустой;122;6.76;6.76;8.24;0;;
ПРОДУКТ;Куриная кожа;218.72;18;15.6;0;0;;
ПРОДУКТ;Куриная котлета с картофельным пюре;155;5.33;10;11;0;;
ПРОДУКТ;Куриная котлета-гриль;204.7;20.3;11.9;4.1;0;;
ПРОДУКТ;Куриная лапша по-домашнему;430.21;7.7;19.5;56.1;0;;
ПРОДУКТ;Куриная печень вареная;171.99;25.9;6.2;2;0;;
ПРОДУКТ;Куриная печень жареная;217.16;30.8;8.9;2;0;;
ПРОДУКТ;Куриное Филе Запеченное С Картофелем;183;5.9;9.6;18.5;0;;
ПРОДУКТ;Куриное Филе Отваренное С Бланшироваными Овощами;80.6;12.1;2.2;3.1;0;;
ПРОДУКТ;Куриное бедро запечённое с овощами;198.5;17.6;8.9;12;0;;
ПРОДУКТ;Куриное мясо в собственном соку;251.4;16;20;0;0;;
ПРОДУКТ;Куриное сердце;163.75;15.8;10.3;0.8;0;;
ПРОДУКТ;Куриное сердце вареное;187.77;20;10.9;1.1;0;;
ПРОДУКТ;Куриное филе;105.86;23.1;1.2;0;0;;
ПРОДУКТ;Куриное филе Агрокомплекс;132.55;21;5;0;0;;
ПРОДУКТ;Куриное филе бедра без кожи;140;18;8;0;0;;
ПРОДУКТ;Куриное филе в желе;44;9.5;0.5;0.2;0;;
ПРОДУКТ;Куриное филе в хрустящей короче с кисло-сладким соусом;230.4;17;9.6;19;0;;
ПРОДУКТ;Куриное филе вареное;157.15;30.4;3.5;0;0;;
ПРОДУКТ;Куриное филе запеченное с овощами;107;12.3;5.71;1.62;0;;
ПРОДУКТ;Куриное филе сыровяленое;300.09;52.8;9;0;0;;
ПРОДУКТ;Куриное филе-медальон Мираторг;193.33;13.3;8.1;15.5;0;;
ПРОДУКТ;Куриные Мини Котлеты С Макаронами;201.38;10;7.1;24.29;0;;
ПРОДУКТ;Куриные Оладьи По Гусарски;93.9;11.2;3.9;3.5;0;;
ПРОДУКТ;Куриные Паровые Котлеты;160;26.5;3.4;6.4;0;;
ПРОДУКТ;Куриные бедра;189.93;21.3;11;0.1;0;;
ПРОДУКТ;Куриные желудки;116.1;18.2;4.2;0.6;0;;
ПРОДУКТ;Куриные колбаски с сыром;220;12;19;0.7;0;;
ПРОДУКТ;Куриные крылышки;192.06;19.2;12.2;0;0;;
ПРОДУКТ;Куриные крылышки гриль с ароматными специями;370;13;34;2.5;0;;
ПРОДУКТ;Куриные крылышки копченые;303.74;29.9;19.5;0;0;;
ПРОДУКТ;Куриные лапки;215.99;19.4;14.6;0.2;0;;
ПРОДУКТ;Куриные наггетсы;192.2;12.7;9.3;14.5;0;;
ПРОДУКТ;Куриные ножки маринованные;206.73;17;14;1.7;0;;
ПРОДУКТ;Куриные окорочка;163.64;16.8;10.2;0;0;;
ПРОДУКТ;Куриные окорочка копченые;226.8;10;20;0;0;;
ПРОДУКТ;Куриные потроха;129.08;18.3;5.2;1.4;0;;
ПРОДУКТ;Куриные стрипсы с сырным соусом;246.67;15.83;15;12.08;0;;
ПРОДУКТ;Куриные тефтели;192;17;12;4;0;;
ПРОДУКТ;Куриные тефтельки с птитимом в сливочно-грибном соусе;152;7.8;8.1;11.9;0;;
ПРОДУКТ;Куриные чипсы;194;41.1;2.4;2;0;;
ПРОДУКТ;Куриные чипсы сыровяленые;194;41.1;2.4;2;0;;
ПРОДУКТ;Куриный;329.83;14.5;2.5;62;0;;
ПРОДУКТ;Куриный Рулет С Соусом Южный;239.7;13.2;10.9;22.2;0;;
ПРОДУКТ;Куриный Суп;40;3.5;1;4;0;;
ПРОДУКТ;Куриный Шницель В Яйце С Картофельным Пюре;160;7.9;9.4;11.1;0;;
ПРОДУКТ;Куриный бульон;191.2;4;9.5;21;0;;
ПРОДУКТ;Куриный рулет;307.14;16;26;0;0;;
ПРОДУКТ;Куриный суп пюре с сухариками;62;4.5;2;10;0;;
ПРОДУКТ;Куриный суп с вермишелью;79.3;5.19;2.22;9.63;0;;
ПРОДУКТ;Куриный суповой набор;186.34;16.5;12.6;0.4;0;;
ПРОДУКТ;Куриный фарш;146.59;17.4;8.1;0;0;;
ПРОДУКТ;Куриный фарш жирный;189.93;21.3;11;0.1;0;;
ПРОДУКТ;Куриный фонарик копчено-вареный;99.75;11;5;2;0;;
ПРОДУКТ;Курирые Крылышки Барбекью;530;6;32;53;0;;
ПРОДУКТ;Курица;195.66;16;14;0;0;;
ПРОДУКТ;Курица 1 крыло KFC;323.5;16.6;20.7;15.4;0;;
ПРОДУКТ;Курица 1 ножка KFC;246.2;21.4;12.6;10.1;0;;
ПРОДУКТ;Курица 1 стрипс оригинальный;297.83;24.5;15.2;13.7;0;;
ПРОДУКТ;Курица 1 стрипс острый;251.9;22.3;10.3;15.8;0;;
ПРОДУКТ;Курица spicy;393.9;79.6;6.9;3.5;0;;
ПРОДУКТ;Курица Байтсы Острые;274.96;23.5;11.9;16.6;0;;
ПРОДУКТ;Курица Байтсы Терияки;251.19;15.1;8.9;26;0;;
ПРОДУКТ;Курица В Кисло-Сладком Соусе;200.2;6.7;11;18.6;0;;
ПРОДУКТ;Курица В Сливочном Соусе С Гречкой;152.6;11;7;11.4;0;;
ПРОДУКТ;Курица Варено Копченая;102.4;17.3;2.8;2;0;;
ПРОДУКТ;Курица Гриль;218;24.3;13.2;0.9;0;;
ПРОДУКТ;Курица Маринованная;116;24.1;2;0.4;0;;
ПРОДУКТ;Курица С Картофельным Хешбрауном В Тортилье;222.3;8.6;9.9;24.7;0;;
ПРОДУКТ;Курица С Тыквенным Рисом;217;13;11;15.6;0;;
ПРОДУКТ;Курица Сушенная С Горчицей;270;57;4;2;0;;
ПРОДУКТ;Курица Тикка Тандури;192;12.8;8;17.2;0;;
ПРОДУКТ;Курица в соусе терияки с рисом;140.4;6.1;4;20;0;;
ПРОДУКТ;Курица в тыквенно-яблочном чатни с кускусом;148;12;2;20.4;0;;
ПРОДУКТ;Курица вареная (без кожи;172.07;25.2;7.4;0;0;;
ПРОДУКТ;Курица жареная;218.08;26;12;0;0;;
ПРОДУКТ;Курица карри с жасминовый рисом;138;5.7;5.3;16.9;0;;
ПРОДУКТ;Курица копченая;188.93;27.5;8.2;0;0;;
ПРОДУКТ;Курица по-сычуаньски с лапшой;121.4;7.3;2.9;17.2;0;;
ПРОДУКТ;Курица по-французски с рисом и овощами;196;12;12;11;0;;
ПРОДУКТ;Курица с аджикой, полутушка запечеая;185.2;19;12;0.3;0;;
ПРОДУКТ;Курица с картофельным хашбрауном в тортилье;234.4;10.4;10.4;24.8;0;;
ПРОДУКТ;Курица су-вид под соусом сулугуни с фасолью;120.6;10.3;7.2;3.8;0;;
ПРОДУКТ;Курица су-вид с овощами;110;11;5;5.5;0;;
ПРОДУКТ;Курица. Мясные чипсы;342.7;71.5;5.8;1.2;0;;
ПРОДУКТ;Куркума;418.89;12.7;13.8;58.2;0;;
ПРОДУКТ;Куркума (корень;418.89;12.7;13.8;58.2;0;;
ПРОДУКТ;Куркума молотая;250;10;3.5;44;0;;
ПРОДУКТ;Куропатка;261.65;18;20;0.5;0;;
ПРОДУКТ;Куропатка жареная;193.22;29;8;0;0;;
ПРОДУКТ;Курортный Ролл Tritato С Сыром;180;21;10;0.5;0;;
ПРОДУКТ;Курт;120;17;5;1;0;;
ПРОДУКТ;Кус-кус приготовленный;106.82;3.8;0.2;21.8;0;;
ПРОДУКТ;Кус-кус сухой;354.89;12.8;0.6;72.4;0;;
ПРОДУКТ;Кусадилья С Куриным Филе И Перцем;252.4;11;11.6;26;0;;
ПРОДУКТ;Кускус;370;12;2.5;75;0;;
ПРОДУКТ;Кускус Агро-Альянс;379.92;12;2.5;75;0;;
ПРОДУКТ;Кускус С Овощами;168;4.9;6;23.6;0;;
ПРОДУКТ;Кускус С Томатами;360;13;1;75;0;;
ПРОДУКТ;Кусончики Со Вкусом Барбекю;384;40;24;2;0;;
ПРОДУКТ;Кусочки Бедра Индейки В Маринаде;130;19;6;0;0;;
ПРОДУКТ;Кусочки щупальца кальмара в чесночном соусе;320;11;30;2;0;;
ПРОДУКТ;Кутабы С Сыром И Зеленью;237;7.2;8.6;32.7;0;;
ПРОДУКТ;Кутабы с сыром и помидорами;162;6.4;7.07;18.1;0;;
ПРОДУКТ;Кутабы с сыром творогом и зеленью;238.1;12;6.1;33.8;0;;
ПРОДУКТ;Кэроб;390.26;4.6;0.7;89;0;;
ПРОДУКТ;ЛУКАНКОВ КОЛБАС СРЕДНА ГОРА;297;19;24;1.8;0;;
ПРОДУКТ;Лаванда;23.72;4;0.7;0.2;0;;
ПРОДУКТ;Лаваш;246.96;7.88;2.08;48.36;0;;
ПРОДУКТ;Лаваш «Армянский» Тандырный, Нарезка;261.2;9.8;1.2;52.8;0;;
ПРОДУКТ;Лаваш «Кавказский;268.3;8.4;0.7;57.1;0;;
ПРОДУКТ;Лаваш Армянский;350;10;3.5;70;0;;
ПРОДУКТ;Лаваш Армянский По-деревенски;262;8.7;1.2;54;0;;
ПРОДУКТ;Лаваш Армянский Тандырный;261;9.8;1.2;52.8;0;;
ПРОДУКТ;Лаваш Армянский со вкусом сыра;210;6.8;0.8;43.8;0;;
ПРОДУКТ;Лаваш Деревенский;290;8;7;47;0;;
ПРОДУКТ;Лаваш Для Шавермы;260;9.5;0.9;55;0;;
ПРОДУКТ;Лаваш Круглий;256;8.6;1.2;52.7;0;;
ПРОДУКТ;Лаваш Круглый Мини;209;6.7;0.8;43.6;0;;
ПРОДУКТ;Лаваш Круглый Сырный;360;10;4;70;0;;
ПРОДУКТ;Лаваш Тандырный;197;6.3;0.7;40.8;0;;
ПРОДУКТ;Лаваш Тонкий;235;7.6;0.8;49.2;0;;
ПРОДУКТ;Лаваш Фитнес С Отрубями И Ржаной Мукой;253;8.2;0.5;53.7;0;;
ПРОДУКТ;Лаваш Цельнозерновой с семенами Чиа;220;6.8;1.4;44.2;0;;
ПРОДУКТ;Лаваш армянский (тонкий;270;9.1;1.1;56;0;;
ПРОДУКТ;Лаваш армянский классический;280;9;1;56;0;;
ПРОДУКТ;Лаваш армянский тонкий;285;8;1;61;0;;
ПРОДУКТ;Лаваш грузинский;223;7;1;48;0;;
ПРОДУКТ;Лаваш з шпинатом;262;9;1.2;53.9;0;;
ПРОДУКТ;Лаваш кавказский;273.82;8.1;0.7;57.1;0;;
ПРОДУКТ;Лаваш круглый пшеничный;350;10;3.5;70;0;;
ПРОДУКТ;Лаваш полнозернист 5 бр;215.6;8.8;1.1;42.7;0;;
ПРОДУКТ;Лаваш ржаной;258.3;12.6;1.1;49.5;0;;
ПРОДУКТ;Лаваш сырный;241;4.5;3;43.8;0;;
ПРОДУКТ;Лаваш шпинатный;234.98;7.2;0.8;48.3;0;;
ПРОДУКТ;Лавровый лист;406;8;8;75;0;;
ПРОДУКТ;Лавровый лист сухой;300;7.5;8.5;49;0;;
ПРОДУКТ;Лавровый лист сушёный;313.1;7.6;8.3;48.6;0;;
ПРОДУКТ;Лагенария;16.4;0.6;0;3.4;0;;
ПРОДУКТ;Лагман С Говядиной И Овощами;140;7.5;8;10;0;;
ПРОДУКТ;Лагман со вкусом говядины;465;9.5;22.1;61.4;0;;
ПРОДУКТ;Ладейки» кручёные;450;6;17;68;0;;
ПРОДУКТ;Лазанья Аль Форно;202;9.5;12.9;11.9;0;;
ПРОДУКТ;Лазанья Четыре Сыра;226;8;16.4;11.5;0;;
ПРОДУКТ;Лазанья мясная;142.1;7.6;4.1;18.7;0;;
ПРОДУКТ;Лазанья с курицей и пастой из гречневой муки;296;14.1;20.6;19.6;0;;
ПРОДУКТ;Лазанья с соусом Болоньез;116.9;7.4;3.7;13.5;0;;
ПРОДУКТ;Лайм;16.92;0.9;0.1;3;0;;
ПРОДУКТ;Лаймовый сок;33.62;0;0;8.2;0;;
ПРОДУКТ;Лайт;345;10.1;4.8;65.3;0;;
ПРОДУКТ;Лайт С Экстрактом Виноградных Косточек;345;10.1;4.8;65.3;0;;
ПРОДУКТ;Лакомка;340;3.5;26;22;0;;
ПРОДУКТ;Лакомка Мороженое;280;2.5;21;20.5;0;;
ПРОДУКТ;Лактонія закваска лісова ягода;65.9;2.5;1.5;10.6;0;;
ПРОДУКТ;Ламбер Лёгкий;261;30;15.7;0;0;;
ПРОДУКТ;Лангет;172.13;15.7;11.6;0;0;;
ПРОДУКТ;Лангуст (мясо шеек;90.33;17.5;2;0;0;;
ПРОДУКТ;Лангустин;108.24;20.6;1.5;2.4;0;;
ПРОДУКТ;Лапша;423.68;10.13;14.87;61.71;0;;
ПРОДУКТ;Лапша Buitoni La Rasagnole Феттучине;375.41;13.5;4;69;0;;
ПРОДУКТ;Лапша Buitoni Тальятелле Гнезда;375.41;13.5;4;69;0;;
ПРОДУКТ;Лапша Buitoni Феттучине Гнезда;359.18;11.5;1.9;71.8;0;;
ПРОДУКТ;Лапша Le Ramen Meow Острая Со Вкусом Говядины;437.38;7.6;20.8;54.8;0;;
ПРОДУКТ;Лапша SanBonsai гречневая Soba;299.85;10;0.5;62;0;;
ПРОДУКТ;Лапша SanBonsai пшеничная Udon;324.99;12;1;65;0;;
ПРОДУКТ;Лапша SanBonsai яичная Egg;455.05;9;15;68;0;;
ПРОДУКТ;Лапша БП 80г куриная Мивина;430;8.75;19.88;52.88;0;;
ПРОДУКТ;Лапша БП С Курицей Dapanji;425;10;14;70;0;;
ПРОДУКТ;Лапша БП Том Ям;452;10.1;17.5;63.4;0;;
ПРОДУКТ;Лапша Гречневая Соба;350;15;1;71;0;;
ПРОДУКТ;Лапша Для Рамена;360;11;2.5;73;0;;
ПРОДУКТ;Лапша Лагманная;344;10.4;1.1;71.5;0;;
ПРОДУКТ;Лапша Лингвини;350;13;1.5;72;0;;
ПРОДУКТ;Лапша Пшеничная На Воке;130;4.2;7.3;12;0;;
ПРОДУКТ;Лапша Рамен Со Вкусом Говядины Остро-Кислая;341;8.9;8;57.7;0;;
ПРОДУКТ;Лапша Роллтон;460.85;8.8;20.7;56.7;0;;
ПРОДУКТ;Лапша Роллтон Сливочный, со вкусом 4 сыра;420;6;19;55;0;;
ПРОДУКТ;Лапша С Говядиной;390;6.5;17;52;0;;
ПРОДУКТ;Лапша Том Ям со вкусом креветки;437;10.3;16.1;62.6;0;;
ПРОДУКТ;Лапша бешбармачная «Fillini;344;10.4;1.1;71.5;0;;
ПРОДУКТ;Лапша быстрого приготовления;410;7.5;20;49;0;;
ПРОДУКТ;Лапша быстрого приготовления Чизи Рамен со вкусом сыра Чедер и Маскапоне;436.36;7.27;14.55;68.18;0;;
ПРОДУКТ;Лапша быстрого приготовления с куриным бульоном;410;7;18;54;0;;
ПРОДУКТ;Лапша быстрого приготовления со вкусом Карри;221;4.8;9.5;28;0;;
ПРОДУКТ;Лапша быстрого приготовления со вкусом курицы;410;7.5;20;49;0;;
ПРОДУКТ;Лапша в соусе с кусочками сочной говядины;330;8;15;41;0;;
ПРОДУКТ;Лапша гречневая;360;14.4;0.9;72.4;0;;
ПРОДУКТ;Лапша гречневая SOBA;357.68;14.7;0.9;70.5;0;;
ПРОДУКТ;Лапша гречневая с курицей по-сычуаньски и овощами;175;8.8;7;19.2;0;;
ПРОДУКТ;Лапша домашняя;329.98;12;3.7;60.1;0;;
ПРОДУКТ;Лапша куриная по-домашнему;400;7;18;52;0;;
ПРОДУКТ;Лапша рамен;338.63;10.4;1.1;69.7;0;;
ПРОДУКТ;Лапша рисовая Midori крупная;359.65;0.1;1.2;84.9;0;;
ПРОДУКТ;Лапша рисовая Сэн Сой;352.6;7;0;79;0;;
ПРОДУКТ;Лапша рисовая быстрого приготовления Фо Га со вкусом курицы Мр. Нам;393;6.33;5.92;78.5;0;;
ПРОДУКТ;Лапша рисовая крупная;330;0.1;1.2;84.9;0;;
ПРОДУКТ;Лапша с Говядиной Острая;514;9.4;22.6;66.8;0;;
ПРОДУКТ;Лапша с говядиной «по-домашнему;430.21;7.7;19.5;56.1;0;;
ПРОДУКТ;Лапша с говядиной по-домашнему;400;6.5;17;56;0;;
ПРОДУКТ;Лапша с тушёной курицей и луком;370;9;14;53;0;;
ПРОДУКТ;Лапша со вкусом камчатского краба;390;6;18;52;0;;
ПРОДУКТ;Лапша со вкусом тушёной говядины;475;7.9;22.9;59.9;0;;
ПРОДУКТ;Лапша удон;338.63;10.4;1.1;69.7;0;;
ПРОДУКТ;Лапша удон с курицей;370;17;12;48;0;;
ПРОДУКТ;Лапша удон с курицей и овощами;177;9.91;5.39;21.6;0;;
ПРОДУКТ;Лапша харусаме;361.21;0;0;88.1;0;;
ПРОДУКТ;Лапша яичная классическая;298;10.4;2;59.2;0;;
ПРОДУКТ;Лапшуха Куриная Острая;400;9;20;46;0;;
ПРОДУКТ;Ларша курица гриль по-тайски;287;5.04;17.2;29.44;0;;
ПРОДУКТ;Ласточка;400;2;9;78;0;;
ПРОДУКТ;Латте;56;2.6;0.8;9.6;0;;
ПРОДУКТ;Латте Со вкусом Банана И Карамели;60;2.4;2.7;6.4;0;;
ПРОДУКТ;Лебеда садовая сушеная;377.7;14.1;6.1;64.2;0;;
ПРОДУКТ;Лебедянь Молоко 3,2;60;3;3.2;4.7;0;;
ПРОДУКТ;Легкие Вафельные Хлебцы;345;10.1;4.8;65.3;0;;
ПРОДУКТ;Легкий Сыр;262;30.4;15.6;0;0;;
ПРОДУКТ;Лединец;53;1;1;10;0;;
ПРОДУКТ;Ледяная рыба;93.01;17.7;2.2;0;0;;
ПРОДУКТ;Лей соль маленький на смотку;520;6.3;32;52;0;;
ПРОДУКТ;Лейс из печи лисички смотка;445;5;16;70;0;;
ПРОДУКТ;Лейс из печи нежный сыр смотка;445;5;16;70;0;;
ПРОДУКТ;Лейс лосось 140 гр смотка;520;6;32;53;0;;
ПРОДУКТ;Лейс сыр 70 смотка;520;6;32;53;0;;
ПРОДУКТ;Лемонема;68.91;15.9;0.4;0;0;;
ПРОДУКТ;Ленивые Мясные Крошки;256;55;4;0;0;;
ПРОДУКТ;Ленинградское мороженное;240;3;10.5;33.5;0;;
ПРОДУКТ;Лепешка «Индийская» с картофелем и карри;220.2;6.6;5.4;36.3;0;;
ПРОДУКТ;Лепешка Мексиканская;313;7.5;7;55;0;;
ПРОДУКТ;Лепешка С Мясом И Картофелем;241;8;8.7;32.7;0;;
ПРОДУКТ;Лепешка С Творогом И Зеленью;215.3;10.5;7.3;27;0;;
ПРОДУКТ;Лепешка Тонкая С Томатом И Специями;232;6.1;0.8;50.1;0;;
ПРОДУКТ;Лепешка Узбекская;240;8;1;50;0;;
ПРОДУКТ;Лепешка для сенгвича;267;9.7;2.4;50;0;;
ПРОДУКТ;Лепешка из муки бобовых «Папад» хрустящая со специями;366.67;21;6.33;59.33;0;;
ПРОДУКТ;Лепешка с зеленью;199;7.3;4.3;33.6;0;;
ПРОДУКТ;Лепешка с картофелем и грибами (постная;150.7;4.7;3.1;26;0;;
ПРОДУКТ;Лепешка с сыром и шпинатом;263;6.5;13;30;0;;
ПРОДУКТ;Лепешка со шпинатом и сыром моцарелла;224.7;11.1;9.9;22.8;0;;
ПРОДУКТ;Лепешка узбекская из тандыра;200;6.5;1.1;41.2;0;;
ПРОДУКТ;Лепешка узбекская с кунжутом;246.46;7.9;0.8;50.4;0;;
ПРОДУКТ;Лепешки;298;7.5;7.25;50;0;;
ПРОДУКТ;Лепешки КРАЮШ;240;8.5;1.5;48;0;;
ПРОДУКТ;Лепешки Картофельные;230.2;7.8;13.8;18.7;0;;
ПРОДУКТ;Лепёшка Португальская;224.4;7.1;5.2;37.3;0;;
ПРОДУКТ;Лепёшка Роти;311;6.1;15;37.8;0;;
ПРОДУКТ;Лепёшка С Картофелем И Жареным Луком;169.5;4.05;4.54;28.11;0;;
ПРОДУКТ;Лепёшка ржаная;384.03;8;18.3;44.2;0;;
ПРОДУКТ;Лепёшка с зеленью;199.9;7.3;4.3;33;0;;
ПРОДУКТ;Лепёшка с зеленью, грибами и сыром;245.8;9.5;10.2;29;0;;
ПРОДУКТ;Лепёшка с сыром и зеленью;208.7;10.4;9.1;21.3;0;;
ПРОДУКТ;Лепёшка с чесноком и зеленью;295.4;8.3;6.2;51.6;0;;
ПРОДУКТ;Лепёшки Оригинальные;289.42;7.21;7.21;47.84;0;;
ПРОДУКТ;Лепёшки Цельные Злаки;290;7;7;47;0;;
ПРОДУКТ;Лепёшки со вкусом сыра;290;7;7;48;0;;
ПРОДУКТ;Лесной орех шоколад молочный;558;7.7;35;51;0;;
ПРОДУКТ;Лесные Ягоды;369;10;5.6;66;0;;
ПРОДУКТ;Лесные грибы Hortex;31.51;2.2;0.7;3.9;0;;
ПРОДУКТ;Лесные грибы Hortex с картошкой;47.15;2.6;1.5;5.5;0;;
ПРОДУКТ;Летрин;86.54;20.2;0.4;0;0;;
ПРОДУКТ;Летучая рыба;80.27;15.5;1.8;0;0;;
ПРОДУКТ;Лечо Бондюэль в томатном соусе замороженное;35.83;1.3;0.9;5.4;0;;
ПРОДУКТ;Лечо Бондюэль консервированное;78.64;1.5;0.3;17;0;;
ПРОДУКТ;Лешников тахан;715;16;66;15;0;;
ПРОДУКТ;Лещ вяленый;227.01;42;5.9;0;0;;
ПРОДУКТ;Лещ горячего копчения;176.29;32.8;4.5;0;0;;
ПРОДУКТ;Лещ морской;146.79;21.3;6.4;0;0;;
ПРОДУКТ;Лещ отварной;129.35;20.9;4.7;0;0;;
ПРОДУКТ;Лещ свежий;108.2;17.1;4.1;0;0;;
ПРОДУКТ;Лещ холодного копчения;164.5;29.7;4.6;0;0;;
ПРОДУКТ;Ливерная колбаса Традиционная;220;10;18;5;0;;
ПРОДУКТ;Ликер Grand Marnier;82;0;0;20;0;;
ПРОДУКТ;Ликер десертный Лимончелло;248;0;0;27;0;;
ПРОДУКТ;Ликёр Amaretto;143.5;0;0;35;0;;
ПРОДУКТ;Ликёр Amarula;235.57;3;13;25;0;;
ПРОДУКТ;Ликёр Baileys;235.57;3;13;25;0;;
ПРОДУКТ;Ликёр Becherovka;26.24;0;0;6.4;0;;
ПРОДУКТ;Ликёр Blue Curacao;188.6;0;0;46;0;;
ПРОДУКТ;Ликёр Brogans;212.96;2.7;7.3;32.7;0;;
ПРОДУКТ;Ликёр Campari;49.2;0;0;12;0;;
ПРОДУКТ;Ликёр Cointreau;82;0;0;20;0;;
ПРОДУКТ;Ликёр Don Amaretto Milano;143.5;0;0;35;0;;
ПРОДУКТ;Ликёр Drambuie;164;0;0;40;0;;
ПРОДУКТ;Ликёр Frangelico;84.4;0;0.7;19;0;;
ПРОДУКТ;Ликёр Galliano;26.24;0;0;6.4;0;;
ПРОДУКТ;Ликёр Irish Mist;26.24;0;0;6.4;0;;
ПРОДУКТ;Ликёр Jagermeister;54.12;0;0;13.2;0;;
ПРОДУКТ;Ликёр Kahlua;179.93;0.6;0.7;41.7;0;;
ПРОДУКТ;Ликёр Limoncello;123;0;0;30;0;;
ПРОДУКТ;Ликёр Malibu;82;0;0;20;0;;
ПРОДУКТ;Ликёр Maraschino;164;0;0;40;0;;
ПРОДУКТ;Ликёр Midori;159.9;0;0;39;0;;
ПРОДУКТ;Ликёр Mozart;216.78;1.2;7.8;34;0;;
ПРОДУКТ;Ликёр Sambuca;164;0;0;40;0;;
ПРОДУКТ;Ликёр Sheridans;230.67;1.4;7;39;0;;
ПРОДУКТ;Ликёр Southern Comfort;127.1;0;0;31;0;;
ПРОДУКТ;Ликёр Vana Tallinn;159.9;0;0;39;0;;
ПРОДУКТ;Ликёр Wild Africa;212.55;2.7;7.3;32.6;0;;
ПРОДУКТ;Ликёр Xuxu;118.9;0;0;29;0;;
ПРОДУКТ;Ликёр эмульсионный КРЕМОССА;300;3;6.5;33;0;;
ПРОДУКТ;Лимогад с соком фейхоа;38.8;0;0;9.3;0;;
ПРОДУКТ;Лимон;16.92;0.9;0.1;3;0;;
ПРОДУКТ;Лимон лайм;18;0;0;4.6;0;;
ПРОДУКТ;Лимон маринованный;31.08;0.4;0.3;6.5;0;;
ПРОДУКТ;Лимон японский (Юзу;31.68;0.5;0.1;7;0;;
ПРОДУКТ;Лимонад;26.24;0;0;6.4;0;;
ПРОДУКТ;Лимонад «Груша;40;0;0;10;0;;
ПРОДУКТ;Лимонад Грейпфрут;25.6;0;0;6.4;0;;
ПРОДУКТ;Лимонад Гуава;32;0;0;7.9;0;;
ПРОДУКТ;Лимонад Зимняя клюква;25.3;0.1;0.1;6;0;;
ПРОДУКТ;Лимонад Красный Апельсин;20;0;0;4.5;0;;
ПРОДУКТ;Лимонад Лаванда;26.8;0;0;6.7;0;;
ПРОДУКТ;Лимонад Манго Кокос;50;0;0;12;0;;
ПРОДУКТ;Лимонад вишневый;14.8;0;0;3.7;0;;
ПРОДУКТ;Лимонад фейхоа;20;0;0;4.8;0;;
ПРОДУКТ;Лимонелла;81.45;17.6;1;0;0;;
ПРОДУКТ;Лимонная вафля С Клубничным Соусом;315.83;4.33;10.08;51.5;0;;
ПРОДУКТ;Лимонная содовая с юдзу;6;0;0;1.5;0;;
ПРОДУКТ;Лимонник;11.89;1;0;1.9;0;;
ПРОДУКТ;Лимонный сок;16.92;0.9;0.1;3;0;;
ПРОДУКТ;Лингвини особые;344;10.5;1.1;71.5;0;;
ПРОДУКТ;Лингуине;351.45;12;1.2;71;0;;
ПРОДУКТ;Линд;624;4.8;48;44;0;;
ПРОДУКТ;Линцер Шоколадов;498;6.1;23;66.6;0;;
ПРОДУКТ;Линь;45.42;7;1.8;0;0;;
ПРОДУКТ;Лиофилизиророванная черная смородина с йогуртом из черники в белом шоколаде;569;7.6;35.4;53;0;;
ПРОДУКТ;Липарис Тихоокеанский;213.2;41.5;0.8;10;0;;
ПРОДУКТ;Липтон зеленый 1.5;19;0;0;4.6;0;;
ПРОДУКТ;Липтон чай Персик;20;0;0;4.6;0;;
ПРОДУКТ;Лисички в сливочном соусе;550;5.5;37;48;0;;
ПРОДУКТ;Лисички свежие;25.8;1.6;1.1;2.2;0;;
ПРОДУКТ;Лисички сушёные;261.25;22.3;7.6;24.2;0;;
ПРОДУКТ;Листы Блинные;138;5;6;16;0;;
ПРОДУКТ;Листы для лазаньи;359.15;12;1.5;72.2;0;;
ПРОДУКТ;Листы для лазаньи Barilla;359.15;12;1.5;72.2;0;;
ПРОДУКТ;Листы для лазаньи Buitoni;359.18;11.5;1.9;71.8;0;;
ПРОДУКТ;Листья алоэ;20.5;0;0;5;0;;
ПРОДУКТ;Листья амаранта;29.44;2.5;0.3;4;0;;
ПРОДУКТ;Листья винограда;68.3;5.6;2.1;6.3;0;;
ПРОДУКТ;Листья винограда консервированные;84.18;4.3;2;11.7;0;;
ПРОДУКТ;Листья карри;217.74;16.8;8.3;17.5;0;;
ПРОДУКТ;Листья хрена;76.97;9.4;1.4;6.2;0;;
ПРОДУКТ;Личи;65.11;0.8;0.3;14.4;0;;
ПРОДУКТ;Лоби 4 сезона зелёный нарезанный;28.21;3.1;0.3;3.1;0;;
ПРОДУКТ;Лобстер;87.49;18.8;0.9;0.5;0;;
ПРОДУКТ;Ловджийски Деликатес;372.06;25.62;29.28;1.33;0;;
ПРОДУКТ;Логанова ягода;40.51;1.5;0.3;7.7;0;;
ПРОДУКТ;Ложкарёв Котлеты из индейки;150;8;5;18;0;;
ПРОДУКТ;Локум Сладки Времена Вкус Ягода;340;0;0;85;0;;
ПРОДУКТ;Локшина Рисова;357;7.5;1.3;78.9;0;;
ПРОДУКТ;Локшина со вкусом сыра и трав быстрого приготовления;474;11;21;59;0;;
ПРОДУКТ;Локшина яєчна зі смаком сиру та зеленню;316;5.7;15.3;38;0;;
ПРОДУКТ;Лонган;63.66;1.3;0.1;14;0;;
ПРОДУКТ;Лопаткова Частина Ядовича;110;19.4;3.6;0;0;;
ПРОДУКТ;Лопух (репейник) корень;64.48;1.5;0.1;14;0;;
ПРОДУКТ;Лопух (репейник) листья;24.41;1.8;0.2;3.7;0;;
ПРОДУКТ;Лососевые медальоны;115.5;11.2;6.3;3.5;0;;
ПРОДУКТ;Лососевые порции;218;11.3;10.5;19.5;0;;
ПРОДУКТ;Лососевый фарш;133.64;19;6;0;0;;
ПРОДУКТ;Лосось;203;22.5;12.5;0;0;;
ПРОДУКТ;Лосось Атлантический (сёмга), Слабосоленый, Ломтики;196;22;12;0;0;;
ПРОДУКТ;Лосось Атлантический Стейк;205;22;13;0;0;;
ПРОДУКТ;Лосось Королевский свежий;191.92;20.3;11.7;0;0;;
ПРОДУКТ;Лосось На Гриле;348.7;23.3;28;0.8;0;;
ПРОДУКТ;Лосось Слабосолений;202.9;22.5;12.5;0;0;;
ПРОДУКТ;Лосось консервированный;142.99;20.6;6.3;0;0;;
ПРОДУКТ;Лосось копчёный;166.19;21.5;8.4;0;0;;
ПРОДУКТ;Лосось маринованный;244.03;21;17;0;0;;
ПРОДУКТ;Лосось рубленный подкопченый;240;9.5;23;6;0;;
ПРОДУКТ;Лосось с гриля;294.5;20.7;22.3;0.6;0;;
ПРОДУКТ;Лосось солёный;215.07;23;13;0;0;;
ПРОДУКТ;Лосось соте;395.03;21.1;31.4;4.1;0;;
ПРОДУКТ;Лосятина;103.53;21.4;1.7;0;0;;
ПРОДУКТ;Лотос (корень;62.02;2.6;0.1;12.3;0;;
ПРОДУКТ;Лотте пай с ароматом банана;440;4;18.8;63.8;0;;
ПРОДУКТ;Лук душистый джусай;41.22;1.4;0.2;8.2;0;;
ПРОДУКТ;Лук жареный сушеный;274;11.5;1.1;54.6;0;;
ПРОДУКТ;Лук зелёный;24.19;1.3;0;4.6;0;;
ПРОДУКТ;Лук красный;43.05;1.4;0;9.1;0;;
ПРОДУКТ;Лук красный маринованный;16.1;0.9;0.1;2.8;0;;
ПРОДУКТ;Лук маринованный;16.1;0.9;0.1;2.8;0;;
ПРОДУКТ;Лук порей;41.82;2;0;8.2;0;;
ПРОДУКТ;Лук репчатый;48.38;1.4;0;10.4;0;;
ПРОДУКТ;Лук репчатый 4 сезона нарезанный;42.04;1.2;0.2;8.6;0;;
ПРОДУКТ;Лук репчатый сушеный;235.11;8.4;2.8;42.6;0;;
ПРОДУКТ;Лук со сметаной;207.2;2.6;0.8;47.4;0;;
ПРОДУКТ;Лук-чеснок рокамболь;157.99;6.4;0.5;31;0;;
ПРОДУКТ;Лук-шалот;80.06;2.5;0.1;16.8;0;;
ПРОДУКТ;Лукма;337.67;2;2.1;75.6;0;;
ПРОДУКТ;Луковые колечки со вкусом сыра;478;5.5;24;58.5;0;;
ПРОДУКТ;Лукоморье вафельные конфеты с тягучей карамелью;460;5;22.2;61.1;0;;
ПРОДУКТ;Лукошко;500;2.5;26;62;0;;
ПРОДУКТ;Лукум Ванильный;320.3;0.4;0.3;79;0;;
ПРОДУКТ;Лукум Сбивной Ванильный;320;0.4;0.3;79;0;;
ПРОДУКТ;Лукум сбивной с клюквой;318;0.5;0.3;78;0;;
ПРОДУКТ;Лукума;33.73;0.1;0.1;7.9;0;;
ПРОДУКТ;Луми;16.92;0.9;0.1;3;0;;
ПРОДУКТ;Луналёд С Мармеладом;115;0.55;0.02;27.27;0;;
ПРОДУКТ;Лунная Макрель;275;48.4;4.2;10.9;0;;
ПРОДУКТ;Лунный пряник;394.8;7.8;15.6;55.8;0;;
ПРОДУКТ;Луфарь;112.36;19.7;3.4;0;0;;
ПРОДУКТ;Льняная каша с кунжутом;318.66;34;14;12;0;;
ПРОДУКТ;Льняная клетчатка;150;14;4;15;0;;
ПРОДУКТ;Льняная мука;305;36;13;11;0;;
ПРОДУКТ;Льняная с черникой;150.57;12;5;14;0;;
ПРОДУКТ;Льняное чудо;280;8;6;51;0;;
ПРОДУКТ;Льняные отруби Dr. Dias;256.9;30;10;10;0;;
ПРОДУКТ;Льняные отруби Dr. Dias с семечкой;256.9;30;10;10;0;;
ПРОДУКТ;Льодяники Halls Extra Strong;386;0;0;96;0;;
ПРОДУКТ;Лэйс сметана и зеленьг;520;6;32;53;0;;
ПРОДУКТ;Люби;189.61;23.54;10.29;0.81;0;;
ПРОДУКТ;Любимая Алёнка С Печеньем;526;7.2;31.8;52.8;0;;
ПРОДУКТ;Любимов;555;9.3;34.9;51;0;;
ПРОДУКТ;Любимое овсяное с добавлением шоколадных кусочков;460;6;17;68;0;;
ПРОДУКТ;Любимое овсяное с шоколадными кусочками;470;6;17;72;0;;
ПРОДУКТ;Любисток;50.05;3.7;0.4;7.6;0;;
ПРОДУКТ;Любисток (корень;50.05;3.7;0.4;7.6;0;;
ПРОДУКТ;Любятово Витаминный крекер;402;8.2;8;72.9;0;;
ПРОДУКТ;Любятово мюсли;456;7.7;17.9;63;0;;
ПРОДУКТ;Любятово шарики дуо микс;374;8.9;1.6;78;0;;
ПРОДУКТ;Люля Из Курицы С Овощами;133;8;9;6;0;;
ПРОДУКТ;Люля-кебаб Из Курицы;195;7;13.5;11.3;0;;
ПРОДУКТ;Люля-кебаб немясо;135;11;5.8;9.7;0;;
ПРОДУКТ;Люля-кебаб со вкусом говядины;280;30;14;9;0;;
ПРОДУКТ;Люффа;24.82;1.2;0.2;4.4;0;;
ПРОДУКТ;Люцерна;23.72;0.2;0.7;4;0;;
ПРОДУКТ;Лябон, жевательная карамель;395;0.5;5;87;0;;
ПРОДУКТ;Лягушачьи лапки;70.03;16.4;0.3;0;0;;
ПРОДУКТ;Лёгкий майонез;299;0.3;30;2.2;0;;
ПРОДУКТ;Лёгкий сыр;288.6;31.2;18.2;0;0;;
ПРОДУКТ;Лёгкое протеиновые печенье Двойной шоколад;349.19;25;16.3;16.8;0;;
ПРОДУКТ;Лёд со вкусом вишни и лайма;90;0;0;22;0;;
ПРОДУКТ;Мiлко Во 2,5;46.85;2.6;2.5;4.7;0;;
ПРОДУКТ;МАКАРОНЫ БЫСТРОГО ПРИГОТОВЛЕНИЯ;359;11;2;72;0;;
ПРОДУКТ;МАСЛО СЛИВОЧНОЕ BUTTER MEGGLE;743;0.7;82;0.6;0;;
ПРОДУКТ;МИКС БАДЕМ & КАШУ;610;20;47;26;0;;
ПРОДУКТ;МИНИ Круассаны с кремом со вкусом ваниль;448;6;26;46;0;;
ПРОДУКТ;МИНСТРАЛЬ МАННАЯ КРУПА;345;11.2;0.9;74.8;0;;
ПРОДУКТ;МОЛОЧНЫЙ ШОКОЛАД АЛЕНКА;547;8;33;54;0;;
ПРОДУКТ;МОЦАРЕЛА КРУГЛОЯ;318;23.1;25;0.1;0;;
ПРОДУКТ;МР протеиновое печенье со вкусом Апельсин;190;13;6;21;0;;
ПРОДУКТ;Маасдам сыр;336.5;25.4;26.1;0;0;;
ПРОДУКТ;Маболо;68.5;0.5;0.4;15.3;0;;
ПРОДУКТ;Магический фрукт;31.57;0;0;7.7;0;;
ПРОДУКТ;Магнит батон нарезной;265;7.5;2.9;51.4;0;;
ПРОДУКТ;Мажитэль J7 с соком Арбуза и Дыни;44.22;0.3;0.03;10.5;0;;
ПРОДУКТ;Мажитэль ананас манго;42;0.4;0.04;10.1;0;;
ПРОДУКТ;Майонез;620;1.55;67;2.38;0;;
ПРОДУКТ;Майонез 50% Апетитний;480;0.3;50.5;6;0;;
ПРОДУКТ;Майонез 67;616;0.1;67;3.14;0;;
ПРОДУКТ;Майонез 67 % Провансаль 800;613;0.4;67;2.1;0;;
ПРОДУКТ;Майонез 67% на перепелиных яйцах;610;0.2;67;2;0;;
ПРОДУКТ;Майонез 72;668;0.5;72;4.2;0;;
ПРОДУКТ;Майонез Calve Легкий;262.18;0.8;25;6.5;0;;
ПРОДУКТ;Майонез Calve Экстра Легкий;119.42;1;8;10;0;;
ПРОДУКТ;Майонез «Живой Провансаль» 67;607.07;0.5;67;3;0;;
ПРОДУКТ;Майонез «Московский провансаль» классический;619;0.4;67;2.2;0;;
ПРОДУКТ;Майонез «Оливковый;607;0;67;1;0;;
ПРОДУКТ;Майонез «Провансаль;462;0.5;50.5;1.3;0;;
ПРОДУКТ;Майонез «Провансаль оливковый» 67;620;0.5;67;2.5;0;;
ПРОДУКТ;Майонез Айоли Со Свежим Чемноком;630;1;67;5;0;;
ПРОДУКТ;Майонез Диетический;209.58;1.4;20;4.4;0;;
ПРОДУКТ;Майонез Домашний (готовый;585.5;5.3;58.7;4.5;0;;
ПРОДУКТ;Майонез Домашний с массовой долей жира 80;740;1.5;80;3.2;0;;
ПРОДУКТ;Майонез Домашній , 50% жиру;477;0.4;50;5.7;0;;
ПРОДУКТ;Майонез Европейский;685.28;1.4;72;2.6;0;;
ПРОДУКТ;Майонез Здрава Провансаль 67%, 150мл;627;0.5;67;2.1;0;;
ПРОДУКТ;Майонез Леммик оливковый провансаль;473;0.7;50;5;0;;
ПРОДУКТ;Майонез Любительский;461.64;3.1;47;3;0;;
ПРОДУКТ;Майонез Лёгкий;301.25;0.3;30;5.2;0;;
ПРОДУКТ;Майонез Махеев постный;300;0;30;6.67;0;;
ПРОДУКТ;Майонез Махеевъ Провансаль;381.44;0.6;40;1.8;0;;
ПРОДУКТ;Майонез Махеевъ Салатный;242.5;0.6;25;1.9;0;;
ПРОДУКТ;Майонез Московский провансаль сливочный;617;0.7;67;2.5;0;;
ПРОДУКТ;Майонез На Перепелином Яйце;627;1;67;2.6;0;;
ПРОДУКТ;Майонез Низкокалорийный 35;331;1.1;35;2.6;0;;
ПРОДУКТ;Майонез Оливковый;600;0.2;67;0.5;0;;
ПРОДУКТ;Майонез Оливковый 67;613.4;0.3;67;2.3;0;;
ПРОДУКТ;Майонез Оливковый ГОСТ;603;0;67;0;0;;
ПРОДУКТ;Майонез Оліс 50;471;0.1;50;3.9;0;;
ПРОДУКТ;Майонез Постный с лимонным соком;286;0;30;4;0;;
ПРОДУКТ;Майонез Правонсаль классический слабода;610;0.1;67;1;0;;
ПРОДУКТ;Майонез Премиум( maionese shedro;662;0.5;72;3.2;0;;
ПРОДУКТ;Майонез Провансаль;645.8;3.1;67;2.6;0;;
ПРОДУКТ;Майонез Провансаль 67;620;2.2;67;2.5;0;;
ПРОДУКТ;Майонез Провансаль ГОСТ;603;0;67;0;0;;
ПРОДУКТ;Майонез Провансаль Зеронез;140;1;14;3;0;;
ПРОДУКТ;Майонез Провансаль Слобода;620;0.3;67;3;0;;
ПРОДУКТ;Майонез Провансаль с лимонным соком;607;0;67;1;0;;
ПРОДУКТ;Майонез Саратовский Провансаль 67;610;0.3;67;2.6;0;;
ПРОДУКТ;Майонез Слобода;610;0.3;67;2.5;0;;
ПРОДУКТ;Майонез Слобода Оливковый;646.21;3;67;2.8;0;;
ПРОДУКТ;Майонез Слобода Провансаль;646.21;3;67;2.8;0;;
ПРОДУКТ;Майонез Слобода на перепелиных яйцах;631.45;0;67;2.2;0;;
ПРОДУКТ;Майонез Сметанный;611;1;67;2.6;0;;
ПРОДУКТ;Майонез из перепелиных яиц;486;5.2;50;3.9;0;;
ПРОДУКТ;Майонез классический 50;470;0.7;50;5;0;;
ПРОДУКТ;Майонез классический Хайнц;620;1;67;3.5;0;;
ПРОДУКТ;Майонез махеев с лимонным соком 770г;461;0;50.5;1.5;0;;
ПРОДУКТ;Майонез на пепепелином яйце;610;0.4;67;2;0;;
ПРОДУКТ;Майонез на перепелином яйце с массовой долей жира 67;610;0.3;67;2.2;0;;
ПРОДУКТ;Майонез на перепелиных яйцах;610;0.2;67;2;0;;
ПРОДУКТ;Майонез на перепелиных яйцах Слабода;610;0.2;67;2;0;;
ПРОДУКТ;Майонез на соевом молоке;321.34;8.7;30;1.7;0;;
ПРОДУКТ;Майонез оливковый Слабода;620;0.3;67;3;0;;
ПРОДУКТ;Майонез оливковый Традиционный;460;0.3;50;1.5;0;;
ПРОДУКТ;Майонез пикантный;685;1;74;4;0;;
ПРОДУКТ;Майонез провансаль Золотой;616;0.5;67;2.9;0;;
ПРОДУКТ;Майонез провансаль Конопляный с конопляным маслом;480;0.5;50.5;5;0;;
ПРОДУКТ;Майонез провансаль Сметанный;470;0.4;50.5;4;0;;
ПРОДУКТ;Майонез провансаль классический 67;615.4;0.3;67;2.8;0;;
ПРОДУКТ;Майонез провансаль классический оливковый с массовой долей жира 67;620;0.3;67;2.8;0;;
ПРОДУКТ;Майонез с перепелиным яйцом;462;0;50.5;1.8;0;;
ПРОДУКТ;Майонез с перепелиными яйцами;610;0.4;67;2.5;0;;
ПРОДУКТ;Майонез столовый молочный;648.26;2.4;67;3.9;0;;
ПРОДУКТ;Майонез японский;136.17;4.3;10.2;5.8;0;;
ПРОДУКТ;Майонеза;715;0.9;77;2.6;0;;
ПРОДУКТ;Майонеза с горчица;490;1.1;52;4.4;0;;
ПРОДУКТ;Майонезний Соус 28;286.67;0;28;8;0;;
ПРОДУКТ;Майонезний соус Люкс 35;320;1.6;35;3.4;0;;
ПРОДУКТ;Майонезный соус Деликатесный;294;0.1;28.6;8.6;0;;
ПРОДУКТ;Майонезный соус Провансаль деликатесы с массовой долей — 25;250;0;25;5.9;0;;
ПРОДУКТ;Майонезный соус Салатный;370;0;40;2.5;0;;
ПРОДУКТ;Майонезный соус лёгкий;243;0;25;4.4;0;;
ПРОДУКТ;Майонезный соус сметанный с грибами;461;0;50.5;1.5;0;;
ПРОДУКТ;Майоран;365.56;12.7;7;60.6;0;;
ПРОДУКТ;Мак Н Шницель;234.7;15.3;12.7;14.8;0;;
ПРОДУКТ;Макарони Київ мікс;340;10.5;1.1;70.4;0;;
ПРОДУКТ;Макарони Лесные Ягоды;435;6;18.5;61.2;0;;
ПРОДУКТ;Макаронные Изделия;350;13;1.5;72;0;;
ПРОДУКТ;Макаронные Изделия Ёлочка;348.3;13.1;1.1;71.5;0;;
ПРОДУКТ;Макаронные Изделия Джемелли;387;12.8;2.4;75.5;0;;
ПРОДУКТ;Макаронные изделия Вермишель паутинка;344.17;10.4;1.1;71.5;0;;
ПРОДУКТ;Макаронные изделия Ньокки Сарди;351;14;1;70;0;;
ПРОДУКТ;Макаронные изделия Перья;351.34;12.6;1.1;71.5;0;;
ПРОДУКТ;Макаронные изделия Перья из твёрдых сортов пшеницы;324;12;1;67;0;;
ПРОДУКТ;Макаронные изделия Рожки;344;10.4;1.1;71.5;0;;
ПРОДУКТ;Макаронные изделия Спираль;340;10.5;1;71;0;;
ПРОДУКТ;Макаронные изделия из твердых сортов пшеницы Группа А CAMPANELLE;359;14;2;69.7;0;;
ПРОДУКТ;Макаронные изделия из твёрдых сортов пшеницы;330;12;1;67;0;;
ПРОДУКТ;Макаронные изделия перья „Penne;357;7.3;1.9;77;0;;
ПРОДУКТ;Макаронные изделия ризо 121;350;13;1.5;70;0;;
ПРОДУКТ;Макаронные изделия рожки 8;344;10.5;1.1;71.5;0;;
ПРОДУКТ;Макаронные изделия спагетти из красной чечевицы;368.5;17.3;1.7;71;0;;
ПРОДУКТ;Макаронные изделия фигурные;325;12;1;67;0;;
ПРОДУКТ;Макаронс;405;7.1;22.3;43.9;0;;
ПРОДУКТ;Макароны 1000г;340;10.5;1.1;70.4;0;;
ПРОДУКТ;Макароны 5 злаков;348;13;1.5;68;0;;
ПРОДУКТ;Макароны Buitoni Бантики трехцветные;356.09;11.7;1.7;71.3;0;;
ПРОДУКТ;Макароны Buitoni Каннеллони крупные;359.18;11.5;1.9;71.8;0;;
ПРОДУКТ;Макароны Buitoni Спиральки трехцветные;356.09;11.7;1.7;71.3;0;;
ПРОДУКТ;Макароны Integrale Цельнозерновые Готовые;161.3;6;0.92;30.9;0;;
ПРОДУКТ;Макароны PENNE RIGATE N73;359;13;2;71;0;;
ПРОДУКТ;Макароны Из Полбы;350;15;1.5;69;0;;
ПРОДУКТ;Макароны Макфа;346.01;10.4;1.1;71.5;0;;
ПРОДУКТ;Макароны Макфа Станичные (перья любительские;365.41;16.3;1.6;69.2;0;;
ПРОДУКТ;Макароны Макфа Станичные (спирали;365.41;16.3;1.6;69.2;0;;
ПРОДУКТ;Макароны Макфа гречневые;357.79;14.1;1;70.9;0;;
ПРОДУКТ;Макароны Макфа цельнозерновые;369.71;13.9;1.4;73.1;0;;
ПРОДУКТ;Макароны Мартин;344;10.4;1.1;71.5;0;;
ПРОДУКТ;Макароны По-флотски;185;8.4;7.2;21.6;0;;
ПРОДУКТ;Макароны Ракушки;350;13;1.5;72;0;;
ПРОДУКТ;Макароны С Тушеной Говядиной;170.4;9.1;4;24.5;0;;
ПРОДУКТ;Макароны Триколлини;367;15.5;1.3;73.2;0;;
ПРОДУКТ;Макароны Фузилли;346;13;1.3;70;0;;
ПРОДУКТ;Макароны Цельнозерновые;320;15.3;1.5;64;0;;
ПРОДУКТ;Макароны Цельнозерновые Спиральки;330;12;2;66;0;;
ПРОДУКТ;Макароны бабочки из твёрдых сортов пшеницы;330;12;1;67;0;;
ПРОДУКТ;Макароны вареные с жиром;138.29;3.4;5;19;0;;
ПРОДУКТ;Макароны высшего сорта;338.63;10.4;1.1;69.7;0;;
ПРОДУКТ;Макароны высшего сорта вареные;113.19;3.5;0.4;23.2;0;;
ПРОДУКТ;Макароны запеченные с яйцом;156.65;4.6;8.3;14.8;0;;
ПРОДУКТ;Макароны из полбы цельнозерновые;369.57;16.9;2.4;67.8;0;;
ПРОДУКТ;Макароны из твёрдой пшеницы Добродея;348;13.5;1.3;70.5;0;;
ПРОДУКТ;Макароны молочные;349.2;11.5;2.9;67.1;0;;
ПРОДУКТ;Макароны первого сорта;336.39;10.7;1.3;68.4;0;;
ПРОДУКТ;Макароны пружинки рифлёные #51 твёрдых сортов;350;12;1;72;0;;
ПРОДУКТ;Макароны рифлёные, высший сорт, группа А;354;11;1.3;73.2;0;;
ПРОДУКТ;Макароны спирали Станичные;366;14.5;1.4;73.8;0;;
ПРОДУКТ;Макароны улитка;342;12;1.3;70.5;0;;
ПРОДУКТ;Макароны цельнозерновые Linguine;330;15;0.5;62;0;;
ПРОДУКТ;Макаруны;490;9;20;68;0;;
ПРОДУКТ;Макзавтрак Блины с джемом;290.27;7;3;57;0;;
ПРОДУКТ;Макзавтрак Блины с мёдом;298.47;7;3;59;0;;
ПРОДУКТ;Макзавтрак Блины стандартные;241.07;7;3;45;0;;
ПРОДУКТ;Макзавтрак МакМаффин с яйцом и беконом;310.46;17;14;27;0;;
ПРОДУКТ;Макзавтрак МакМаффин с яйцом и свиной котлетой;441.35;24;25;27;0;;
ПРОДУКТ;Макзавтрак МакМаффин с яйцом и сыром;274.39;15;11;27;0;;
ПРОДУКТ;Макзавтрак МакМаффин со свиной котлетой;366.2;17;20;27;0;;
ПРОДУКТ;Макзавтрак МакТост;256.9;10;10;30;0;;
ПРОДУКТ;Макзавтрак МакТост с ветчиной;282.59;14;11;30;0;;
ПРОДУКТ;Макзавтрак Овсяная каша с джемом;197.06;4;4;35;0;;
ПРОДУКТ;Макзавтрак Овсяная каша с клюквой и изюмом;210.59;4.3;4;38;0;;
ПРОДУКТ;Макзавтрак Овсяная каша с мёдом;197.06;4;4;35;0;;
ПРОДУКТ;Макзавтрак Овсяная каша стандартная;147.86;4;4;23;0;;
ПРОДУКТ;Макзавтрак Снек Ролл с омлетом и беконом;324.94;16;16;27;0;;
ПРОДУКТ;Макзавтрак Снек Ролл с омлетом и свиной котлетой;442.44;22;26;27;0;;
ПРОДУКТ;Макзавтрак Фреш МакМаффин;404.19;18;21;33;0;;
ПРОДУКТ;Макзавтрак Хашбраун;135.82;1;8;14;0;;
ПРОДУКТ;Макзавтрак Чикен Фреш МакМаффин;366.77;19;13;41;0;;
ПРОДУКТ;Макзавтрак двойной Фреш МакМаффин;571.15;27;35;33;0;;
ПРОДУКТ;Маковник Сдобная особа;402.97;7.5;18;50;0;;
ПРОДУКТ;Макрель;116.46;20.7;3.4;0;0;;
ПРОДУКТ;Макрурус;61.55;13.2;0.8;0;0;;
ПРОДУКТ;Маленькое счастье;42;0.5;0;10;0;;
ПРОДУКТ;Малина;40.9;0.8;0.5;8.3;0;;
ПРОДУКТ;Малина 4 сезона;41.96;0.8;0.5;8.3;0;;
ПРОДУКТ;Малина В Белом И Темном Шоколаде, Быстрозамороженная;370;4.4;22;38.77;0;;
ПРОДУКТ;Малина В Белом Молочном Шоколаде;391;5;23;41;0;;
ПРОДУКТ;Малина Протёртая С Сахаром, Без Семян;229.1;0.6;0.3;56;0;;
ПРОДУКТ;Малина-шоколад Rexy Night Raspberry Jazz;410;24.5;22.75;26.75;0;;
ПРОДУКТ;Малина. Неглазированный протеиновый батончик;295;36.7;7;6.3;0;;
ПРОДУКТ;Малиновое варенье;254.9;0.2;0.1;63.3;0;;
ПРОДУКТ;Малиновый Коин;230;3.5;14;23;0;;
ПРОДУКТ;Малиновый Сметанник;310;3.5;22;25;0;;
ПРОДУКТ;Малиновый сок;104.55;0.8;0;24.7;0;;
ПРОДУКТ;Мальтоза (солодовый сахар;390.73;0;0;95.3;0;;
ПРОДУКТ;Мамба кислые звёздочки;339;0;0;82;0;;
ПРОДУКТ;Мамба твист;397;1.6;5.9;84.8;0;;
ПРОДУКТ;Маммея;45.65;0.5;0.5;9.5;0;;
ПРОДУКТ;Манго;378.8;4.8;0.8;88.1;0;;
ПРОДУКТ;Манго - Яблоко сок;56.8;0.72;0;13.2;0;;
ПРОДУКТ;Манго Кубики;60;0.8;0.4;13.5;0;;
ПРОДУКТ;Манго Кубики Нарезанные;60;0.8;0.4;13.4;0;;
ПРОДУКТ;Манго Со Сливками Мороженое;180;2.5;5.8;29.5;0;;
ПРОДУКТ;Манго Шматочками;381;0;0;93.8;0;;
ПРОДУКТ;Манго дольки в сиропе;70;0.4;0.1;17;0;;
ПРОДУКТ;Манго сушений;358;1;0.3;87;0;;
ПРОДУКТ;Манго сушеное;280;2;0;68;0;;
ПРОДУКТ;Манго сушёное;348;1.1;0;86;0;;
ПРОДУКТ;Манго сушёный;348.14;1.5;0.8;81.6;0;;
ПРОДУКТ;Манго-Красные Ягоды;317.91;4.18;17.16;35.67;0;;
ПРОДУКТ;Манго-Маракуйя;92;0.5;0.5;21;0;;
ПРОДУКТ;Манговое желе;102.8;1.6;1.6;20.5;0;;
ПРОДУКТ;Манговый сок;55.35;0;0;13.5;0;;
ПРОДУКТ;Мангольд;24.41;1.8;0.2;3.7;0;;
ПРОДУКТ;Мангостан (мангостин;62.65;0.6;0.3;14;0;;
ПРОДУКТ;Мандарин;35.89;0.8;0.2;7.5;0;;
ПРОДУКТ;Мандарин консервированный;41.74;0.6;0.3;8.9;0;;
ПРОДУКТ;Мандариновый компот;74.62;0.1;0;18.1;0;;
ПРОДУКТ;Мандариновый сок;39.28;0.8;0.3;8.1;0;;
ПРОДУКТ;Манная Крупа;333.75;10;1;71.25;0;;
ПРОДУКТ;Манная каша на воде;80.99;2.5;0.2;16.8;0;;
ПРОДУКТ;Манная каша на молоке;104.76;3;3.2;15.3;0;;
ПРОДУКТ;Манная крупа Myllyn Paras;350.68;12;2;69;0;;
ПРОДУКТ;Манная крупа Агро-Альянс;333.19;10;1;69;0;;
ПРОДУКТ;Манная крупа с отрубями БИО Черный хлеб;348.59;13.1;4.6;61.5;0;;
ПРОДУКТ;Манты «По-восточному;270;14;11;29;0;;
ПРОДУКТ;Манты домашние;178;7.8;5.1;25;0;;
ПРОДУКТ;Манты со сметаной;295.6;5.3;20.8;21.8;0;;
ПРОДУКТ;Маойнезный соус «Салатный;214;0.2;20;7.7;0;;
ПРОДУКТ;Маракуйя;68.5;2.4;0.4;13.4;0;;
ПРОДУКТ;Маракуйя сушеная;108.7;2.2;0.7;23.4;0;;
ПРОДУКТ;Маранг;128.68;2.5;0.7;27.3;0;;
ПРОДУКТ;Марауйя кусочки;110;2.8;3;21;0;;
ПРОДУКТ;Маргарин Славянский;763.42;0.3;82;0.1;0;;
ПРОДУКТ;Маргарин Экстра;767.93;0.5;82;1;0;;
ПРОДУКТ;Маргарин низкокалорийный;562.32;0.5;60;0.7;0;;
ПРОДУКТ;Маргарин сливочный;763.83;0.5;82;0;0;;
ПРОДУКТ;Маргарин столовый Сливочник 40;371.6;0;40;0;0;;
ПРОДУКТ;Маргарин столовый молочный;767.11;0.3;82;1;0;;
ПРОДУКТ;Марийка с Шоколадными Шариками;152.96;7.1;5;20;0;;
ПРОДУКТ;Маринад для курицы;35;0.4;0.7;7;0;;
ПРОДУКТ;Маринад для шашлыка классический;50;0.5;0.5;11;0;;
ПРОДУКТ;Маринованные опята с семенами горчицы;35;1;1;5.5;0;;
ПРОДУКТ;Маринованный перчик Piri piri;23;0.87;0.25;4.44;0;;
ПРОДУКТ;Маркет Камамбер;239;17;19;0;0;;
ПРОДУКТ;Марлин;115.85;20.1;3.6;0;0;;
ПРОДУКТ;Мармелад;315;6;0.1;73;0;;
ПРОДУКТ;Мармелад Bob Snail яблуко-манго-гарбуз-чіа;291.4;4.4;9.6;43.1;0;;
ПРОДУКТ;Мармелад Krut Frut;310;4.5;0.2;73;0;;
ПРОДУКТ;Мармелад baby fox;4;6;9;3;0;;
ПРОДУКТ;Мармелад «Веселые Змейки» С Соком;319;6.6;1;70.9;0;;
ПРОДУКТ;Мармелад «Смородиновый;302.9;1;0.1;74.5;0;;
ПРОДУКТ;Мармелад Ассорти С Начинкой;350;3;2;81;0;;
ПРОДУКТ;Мармелад Ассорти Фрукты;324.6;5.9;0.2;74.8;0;;
ПРОДУКТ;Мармелад Жевательнвй Фигурный Кислый;320;5;0;75;0;;
ПРОДУКТ;Мармелад Живые конфеты Малинка;270;0.5;0.1;69;0;;
ПРОДУКТ;Мармелад Кислый Яблоко;374.5;0.5;3.1;89.3;0;;
ПРОДУКТ;Мармелад Кислый чел;310;8;0.2;70;0;;
ПРОДУКТ;Мармелад Клюковка;285;0.1;0.1;75;0;;
ПРОДУКТ;Мармелад Мармеландия Лимонные дольки;332.51;0.1;0;81;0;;
ПРОДУКТ;Мармелад Открой Космос Кислый;330;6.5;0;75;0;;
ПРОДУКТ;Мармелад С Вишней, Глазированный В Бельгийском Молочном Шоколаде;345;1.4;7.2;68.6;0;;
ПРОДУКТ;Мармелад ассорти;320.9;5;0.1;75;0;;
ПРОДУКТ;Мармелад жевательный Fruit-tella Микс;336.2;0;0;82;0;;
ПРОДУКТ;Мармелад жевательный Haribo Berries;348.5;1;0;84;0;;
ПРОДУКТ;Мармелад жевательный Haribo Золотой мишка;343.99;6.9;0;77;0;;
ПРОДУКТ;Мармелад жевательный «Змеи XXL;330;5;0.14;76;0;;
ПРОДУКТ;Мармелад жевательный Бон Пари Айс Крим;336.2;5.5;0;76.5;0;;
ПРОДУКТ;Мармелад жевательный Бон Пари Бегемотики;323.08;4.3;0;74.5;0;;
ПРОДУКТ;Мармелад жевательный Бон Пари Весёлые челюсти;327.59;4.7;0;75.2;0;;
ПРОДУКТ;Мармелад жевательный Бон Пари Кислые червячки;331.28;3.6;0;77.2;0;;
ПРОДУКТ;Мармелад жевательный Бон Пари Кола;325.54;4.4;0;75;0;;
ПРОДУКТ;Мармелад жевательный Бон Пари Машинки;330.87;4.8;0;75.9;0;;
ПРОДУКТ;Мармелад жевательный Бон Пари Медвежата;330.05;4.8;0;75.7;0;;
ПРОДУКТ;Мармелад жевательный Бон Пари Морское царство;321.85;4.7;0;73.8;0;;
ПРОДУКТ;Мармелад жевательный Фру-фру Цветные акулы;299.3;3.5;0;69.5;0;;
ПРОДУКТ;Мармелад жевательный, мармеладные медвежата;298;5.9;0.2;68;0;;
ПРОДУКТ;Мармелад желейный Французский сад;320;0;0;80;0;;
ПРОДУКТ;Мармелад со вкусом чёрной смородины;325;0;0;80.7;0;;
ПРОДУКТ;Мармелад со вкусом яблока;320;0;0;80;0;;
ПРОДУКТ;Мармелад фруктово-ягодный;315.7;0.4;0;76.6;0;;
ПРОДУКТ;Мармелад фруктово-ягодный в шоколаде;354.84;1.5;9.2;64.2;0;;
ПРОДУКТ;Мармелад червячки;315;5.5;0.1;73;0;;
ПРОДУКТ;Мармеладные Дольки Лимон;330;0.2;0;83;0;;
ПРОДУКТ;Мармеладные дольки;355.06;0;0;86.6;0;;
ПРОДУКТ;Мартини Бьянко Вермут сланкий белый;150;0;0;17.1;0;;
ПРОДУКТ;Марула;46.47;0.6;0.5;9.6;0;;
ПРОДУКТ;Марципан;492.56;6.8;21.2;65.3;0;;
ПРОДУКТ;Марципан в темном шоколаде;516;10.6;34;40;0;;
ПРОДУКТ;Марципан шоколад темный;487.6;6.9;28;52;0;;
ПРОДУКТ;Марципан. Шоколад темный с начинкой;496;7;27;52;0;;
ПРОДУКТ;Маршмеллоу;347;3.1;0;83.7;0;;
ПРОДУКТ;Маршмеллоу В Шоколаде С Малиной;420.3;4.3;11.9;74;0;;
ПРОДУКТ;Маршмеллоу Пломбир;347;3.1;0;83.7;0;;
ПРОДУКТ;Маршмеллоу С Соленой Карамелью;440.8;6;17.6;64.6;0;;
ПРОДУКТ;Маршмеллоу з ароматом суниці Жувальні крейдочки;340;3.5;0.1;81;0;;
ПРОДУКТ;Маршмеллоу кислые в кубе;341;4.6;0.17;78;0;;
ПРОДУКТ;Маршмело карамель;360;4.5;10;62;0;;
ПРОДУКТ;Маршмелоу;334;3.6;0;79;0;;
ПРОДУКТ;Маршмелоу Холидей Luppo Cake Bite Dark;445;4.7;18.9;63.4;0;;
ПРОДУКТ;Масала;385.35;15;15;45;0;;
ПРОДУКТ;Масдам Высокобелковый;341.3;29.3;24.9;0;0;;
ПРОДУКТ;Маскарпоне;375;3.9;38;4.3;0;;
ПРОДУКТ;Маслени Бисквити С Ванилия;533;4.7;31.5;56.8;0;;
ПРОДУКТ;Маслины;127.47;2.2;10.5;5.1;0;;
ПРОДУКТ;Маслины Bravo без косточки стерилизованные;131;0.9;13;0.5;0;;
ПРОДУКТ;Маслины Бондюэль с косточкой / без косточки;128.51;0.8;10.7;6.3;0;;
ПРОДУКТ;Маслины без косточек;180;2;16;5;0;;
ПРОДУКТ;Маслины без косточки;180;2;16;5;0;;
ПРОДУКТ;Маслины крупные без косточки;129;0.5;13;0;0;;
ПРОДУКТ;Маслины с косточкой;127;0.5;13.2;0;0;;
ПРОДУКТ;Масло;744;1;82;1;0;;
ПРОДУКТ;Масло 72,5;662;1;72.5;1.4;0;;
ПРОДУКТ;Масло 82.5% сладкосливочное Экстра;748;0.5;82.5;0.8;0;;
ПРОДУКТ;Масло 82.5% солодковершкове Екстра Ферма;740;0.5;82.5;0.8;0;;
ПРОДУКТ;Масло Lurpak;747;0.6;82;0.7;0;;
ПРОДУКТ;Масло Ильинское растительно сливочное;747.37;0.6;82.5;0.8;0;;
ПРОДУКТ;Масло Кедровое;899;0;99.9;0;0;;
ПРОДУКТ;Масло Крестьянское сливочное 72,5;662.52;1;72.5;1.4;0;;
ПРОДУКТ;Масло ПРЕЗИДЕНТ;745;0.7;82;1;0;;
ПРОДУКТ;Масло Сливочное;748;0.6;82.5;0.8;0;;
ПРОДУКТ;Масло Сливочное 72.5;660;1;72.5;1.5;0;;
ПРОДУКТ;Масло Сливочное 82.5;750;0.6;82.5;0.8;0;;
ПРОДУКТ;Масло Сливочное Безлактозное;662;1;72.5;1.4;0;;
ПРОДУКТ;Масло Традиционное;748.57;0.6;82.5;0.8;0;;
ПРОДУКТ;Масло Традиционное сладко-сливочное 82,5;736.14;0.6;82.5;0.8;0;;
ПРОДУКТ;Масло амаранта;759.92;0;81.8;0;0;;
ПРОДУКТ;Масло арахисовое PB2 сухое обезжиренное;384.61;37.5;8.3;37.5;0;;
ПРОДУКТ;Масло горчичное нерафинированное коричневое;898;0;99.8;0;0;;
ПРОДУКТ;Масло гхи чеснок с укропом;899;0.3;99;0.6;0;;
ПРОДУКТ;Масло крестьянское сладко-сливочное несоленое;662;1;72.5;1.4;0;;
ПРОДУКТ;Масло крестьянское сладко-сливочное несолёное;662;1;72.5;1.4;0;;
ПРОДУКТ;Масло крестьянское сливочное;662;0.9;72.5;0.1;0;;
ПРОДУКТ;Масло макадамии;771.75;9.2;74.6;10;0;;
ПРОДУКТ;Масло миндальное;842.6;0;90.7;0;0;;
ПРОДУКТ;Масло оливковое;828;0;92;0;0;;
ПРОДУКТ;Масло оливковое нерафинированное высшего качества;900;0;100;0;0;;
ПРОДУКТ;Масло оливковое нерафинированное высшего качества Classico;900;0;100;0;0;;
ПРОДУКТ;Масло оливковое рафинированное с добавлением масла оливкого нерафинированного;900;0;100;0;0;;
ПРОДУКТ;Масло подсолнечное Саратовское;899;0;99.9;0;0;;
ПРОДУКТ;Масло подсолнечное нерафинированное;897.47;0;99.7;0;0;;
ПРОДУКТ;Масло подсолнечное рафинированное;899;0;99.9;0;0;;
ПРОДУКТ;Масло подсолнечное рафинированное дезодорированное;899;0;99.9;0;0;;
ПРОДУКТ;Масло подсолнечное рафинированное дезодорированное 1 сорт;899.62;0;99.9;0;0;;
ПРОДУКТ;Масло подсолнечное рафинированное дезодорированное вымороженное, первый сорт;899;0;99.9;0;0;;
ПРОДУКТ;Масло сладко-сливочное 82,5;750;0.6;82.5;0.8;0;;
ПРОДУКТ;Масло сладко-сливочное 82.5;748;0.6;82.5;0.8;0;;
ПРОДУКТ;Масло сладко-сливочное «Традиционное;748.1;0.6;82.5;0.8;0;;
ПРОДУКТ;Масло сладко-сливочное Крестьянское м.д.ж. 72,5 % высший сорт;650.81;1;72.5;1.4;0;;
ПРОДУКТ;Масло сладко-сливочное Чулымское;662;1;72.5;1.4;0;;
ПРОДУКТ;Масло сладко-сливочное несоленое Крестьянское;662;1;72.5;1.4;0;;
ПРОДУКТ;Масло сладко-сливочное несоленое Крестьянское 72,5;662;1;72.5;1.4;0;;
ПРОДУКТ;Масло сладко-сливочное несоленое крестьянское высший сорт;662;1;72.5;1.4;0;;
ПРОДУКТ;Масло сладко-сливочное традиционное;748;0.6;82.5;0.8;0;;
ПРОДУКТ;Масло сладкосливочное 72,5;662;1;72.5;1.4;0;;
ПРОДУКТ;Масло сладкосливочное высший сорт несолёное;750;0.5;82.5;0.8;0;;
ПРОДУКТ;Масло сливочное 60;569.7;1.3;60;1.7;0;;
ПРОДУКТ;Масло сливочное 67;633.09;1;67;1.6;0;;
ПРОДУКТ;Масло сливочное 72,5;662;1;72.5;1.4;0;;
ПРОДУКТ;Масло сливочное 82,5;748;0.6;82.5;0.8;0;;
ПРОДУКТ;Масло сливочное 82.5% Светаево;750;0.6;82.5;0.8;0;;
ПРОДУКТ;Масло сливочное «Крестьянское;662.52;1;72.5;1.4;0;;
ПРОДУКТ;Масло сливочное «Традиционное» сладко-сливочное несоленое, 82,5;748.57;0.6;82.5;0.8;0;;
ПРОДУКТ;Масло сливочное Башкирское традиционное 82,5;750;0.6;82.5;0.8;0;;
ПРОДУКТ;Масло сливочное Валио 82;767.52;0.7;82;0.7;0;;
ПРОДУКТ;Масло сливочное Крестьянское;622;1;72.5;1.4;0;;
ПРОДУКТ;Масло сливочное Крестьянское высший сорт 72,5;662;1;72.5;1.4;0;;
ПРОДУКТ;Масло сливочное Шоколадное 62;644;1.2;62;19.6;0;;
ПРОДУКТ;Масло сливочное Эко милк;750;0.6;82.5;0.8;0;;
ПРОДУКТ;Масло сливочное высший сорт 82,5;735.18;0.6;82.5;0.8;0;;
ПРОДУКТ;Масло сливочное крестьянское 72,5;662;1;72.5;1.4;0;;
ПРОДУКТ;Масло сливочное крестьянское «золото;662;1;72.5;1.4;0;;
ПРОДУКТ;Масло сливочное крестьянское несолёное 72,5;683.36;1;72.5;1.4;0;;
ПРОДУКТ;Масло сливочное крестьянское сладко-сливочное несоленое 72,5;662;1;72.5;1.4;0;;
ПРОДУКТ;Масло сливочное крестьянское солёное 72,5;683.36;1;72.5;1.4;0;;
ПРОДУКТ;Масло сливочное массовая доля жира 72,5;662;1;72.5;1.7;0;;
ПРОДУКТ;Масло сливочное традиционное;748.57;0.6;82.5;0.8;0;;
ПРОДУКТ;Масло сливочное традиционное 82,5;748.57;0.6;82.5;0.8;0;;
ПРОДУКТ;Масло сливочное шоколадное;639.34;1.2;62;19;0;;
ПРОДУКТ;Масло солодковершковое селянське 72.5;661;0.8;72.5;1.3;0;;
ПРОДУКТ;Масло топленое массовая доля жира 99;891.49;0;99;0;0;;
ПРОДУКТ;Масло шоколадное;658.39;1.5;62;18.6;0;;
ПРОДУКТ;Масляная Рыба С Овощным Соте;115;9;6;6;0;;
ПРОДУКТ;Масляная рыба;116.1;18.8;4.2;0;0;;
ПРОДУКТ;Масляная рыба копченая;185.28;18;12;0;0;;
ПРОДУКТ;Маслята маринованные Золотая Долина;22.68;3;0.5;1.4;0;;
ПРОДУКТ;Маслята свежие;23.31;2.4;0.7;1.7;0;;
ПРОДУКТ;Масные Чипсы;264;50;7;0;0;;
ПРОДУКТ;Масса Домашняя с черникой;334.61;3.5;24;26;0;;
ПРОДУКТ;Масса Творожная Особая с курагой;339;7.9;20.7;30.2;0;;
ПРОДУКТ;Масса Творожная С Соленой Карамелью И Арахисом;212.4;8;12;18.1;0;;
ПРОДУКТ;Масса Творожная С Шоколадом;167;9;3.5;25;0;;
ПРОДУКТ;Масса Творожная со Вкусом Топлёное Молоко;70;16;0;1.5;0;;
ПРОДУКТ;Масса творожная «Особая» с изюмом 23;339;7;20.7;30.6;0;;
ПРОДУКТ;Масса творожная «Особая» с сахаром и изюмом с массовой долей жира 23;344;7.7;20.7;31.6;0;;
ПРОДУКТ;Масса творожная ОСОБАЯ с сахаром и изюмом;344;7.7;20.7;31.6;0;;
ПРОДУКТ;Масса творожная из топлёного молока;287.3;10.4;16.5;24.3;0;;
ПРОДУКТ;Масса творожная с изюмом;370;6.8;23;33.9;0;;
ПРОДУКТ;Масса творожная с курагой;313.1;8.4;17.9;29.6;0;;
ПРОДУКТ;Масса творожная с миндалем;143.5;11;3.5;17;0;;
ПРОДУКТ;Масса творожная с сахаром и изюмом;243;12.1;15.5;13.9;0;;
ПРОДУКТ;Масса творожная с фруктово-ягодным наполнителем «Вишня-черешня» с массовой долей жира 4,5;150.57;13;4.5;14.6;0;;
ПРОДУКТ;Масса творожная с фруктово-ягодным наполнителем Черника-малина с массовой долей жира 4,5;150.57;13;4.5;14.8;0;;
ПРОДУКТ;Мастика сахарная;402.89;0;1;96;0;;
ПРОДУКТ;Матнакаш Армянский;262;7.8;0.7;56.2;0;;
ПРОДУКТ;Матча Латте Растворимый;553;8;41;38;0;;
ПРОДУКТ;Мафальдине;359.15;12;1.5;72.2;0;;
ПРОДУКТ;Маффин Брауни;270.8;4.9;9.6;41.2;0;;
ПРОДУКТ;Маффин английский;224.3;6.8;3.5;41.4;0;;
ПРОДУКТ;Маффин пасхальный с начинкой;383.4;3.6;21;45;0;;
ПРОДУКТ;Маффин с изюмом;390;6;17;53;0;;
ПРОДУКТ;Маффины творожные с черникой;247.3;9.2;8.4;33.7;0;;
ПРОДУКТ;Махеев с перепилинными яйцами;605;0.3;67;0.1;0;;
ПРОДУКТ;Махи-махи (корифена;82.35;18.5;0.7;0;0;;
ПРОДУКТ;Маца;341.72;10.5;1.3;69.9;0;;
ПРОДУКТ;Мацони;54;2.8;3.2;3.6;0;;
ПРОДУКТ;Мацони 4;66.4;3;4;4.6;0;;
ПРОДУКТ;Мацони домашний;60;2.7;3.6;3.9;0;;
ПРОДУКТ;Мацони из козьего молока;65.89;2.9;4.4;3.2;0;;
ПРОДУКТ;Мацони из коровьего молока;55.97;2.8;3.2;3.6;0;;
ПРОДУКТ;Мацони из коровьего молока маложирный;40.58;2.9;1.5;3.6;0;;
ПРОДУКТ;Мачете стейк;213;15;17;0;0;;
ПРОДУКТ;Маш продовольственный;360;23;2;62;0;;
ПРОДУКТ;Маш-салат;18.86;1.1;0;3.5;0;;
ПРОДУКТ;Машенька какао, десерт сырковый;147;7.4;5;18.1;0;;
ПРОДУКТ;Мед С Маточным Молочком;324;0.9;0;80.1;0;;
ПРОДУКТ;Мед цветочный;305;0.3;0.4;75;0;;
ПРОДУКТ;Медальоны в рисовых хлопьях;131;14;3;12;0;;
ПРОДУКТ;Медальоны в рисовых хлопьях из мяса цыплят-бройлеров;131;14;3;12;0;;
ПРОДУКТ;Медвежата;340;7;0.1;76;0;;
ПРОДУКТ;Медвежата Шоколадные;350;5.5;4;73;0;;
ПРОДУКТ;Медвежье мясо;159.52;20.1;8.3;0;0;;
ПРОДУКТ;Медвежье ушко;253.59;12;10;29;0;;
ПРОДУКТ;Медена торта;415;5.5;23;44;0;;
ПРОДУКТ;Меденка Любимка;440;4.96;17;66.89;0;;
ПРОДУКТ;Медовая Пастила С Черной Смородины;330;0;0;83.3;0;;
ПРОДУКТ;Медовик;367;5.5;13;57;0;;
ПРОДУКТ;Медовик С Карамелью;343.3;4.6;15.3;46.3;0;;
ПРОДУКТ;Медовые Хрустящие Кукурузные Хлопья;373;6.9;2.4;79.3;0;;
ПРОДУКТ;Медовые звёздочки и ракеты Kosmostars;376;7.5;4.8;75.6;0;;
ПРОДУКТ;Межня полукопчёная межениновская;250;15;20;2;0;;
ПРОДУКТ;Мексиканска овощная смесь;105;4.2;1.1;19.5;0;;
ПРОДУКТ;Мексиканская Смесь;85;3.5;1;16;0;;
ПРОДУКТ;Мексиканская смесь замороженная;50.8;2.5;0.3;9.4;0;;
ПРОДУКТ;Меланж яичный;161.77;12.7;11.5;0.7;0;;
ПРОДУКТ;Мелисса лекарственная;51.69;3.7;0.4;8;0;;
ПРОДУКТ;Мелония двойная Дыня;167;1.33;6.67;25.3;0;;
ПРОДУКТ;Мелотрия (Африканский огурец;14.46;0.8;0.1;2.5;0;;
ПРОДУКТ;Меренга Ягодное ассорти;349.2;5.3;0;82;0;;
ПРОДУКТ;Меренги (безе;451.94;2.6;20.8;60.5;0;;
ПРОДУКТ;Меренги Ягодные;360;7.5;0;82;0;;
ПРОДУКТ;Мерланг;90.33;17.5;2;0;0;;
ПРОДУКТ;Мерси чб;585;7.8;40.2;45.9;0;;
ПРОДУКТ;Меч-рыба;143.01;19.7;6.7;0;0;;
ПРОДУКТ;Мечта Хозяйки;618;0.4;67;3.2;0;;
ПРОДУКТ;Мигдаль З Шоколадное Карамелью;525;16.2;29.2;52;0;;
ПРОДУКТ;Мигдаль Смажений;642;22.4;55.9;12.3;0;;
ПРОДУКТ;Мидии В Рассоле;71;11.2;2.2;1.5;0;;
ПРОДУКТ;Мидии Чилийские В Рассоле;80;14;2.7;0;0;;
ПРОДУКТ;Мидии в масле;124.7;20;3.5;3.3;0;;
ПРОДУКТ;Мидии в солевой заливке;87;12;3;3;0;;
ПРОДУКТ;Мидии жареные;60.78;11.2;1.6;0;0;;
ПРОДУКТ;Мидии консервированные;90.33;17.5;2;0;0;;
ПРОДУКТ;Мидии копченые в масле;180;13.51;14;0;0;;
ПРОДУКТ;Мидии маринованные;68.44;7;1.1;7.2;0;;
ПРОДУКТ;Мидии отварные;51.24;9.1;1.5;0;0;;
ПРОДУКТ;Мидии чилийские отварные;371.7;7.4;37.3;1.6;0;;
ПРОДУКТ;Мидии чилийские с перцем Халапенье;352.2;9.2;34.6;1;0;;
ПРОДУКТ;Микрозелень;32.09;2.6;0.1;5;0;;
ПРОДУКТ;Микрозелень гороха;31;4.28;0.62;2.1;0;;
ПРОДУКТ;Микропельмени с говядной;237;12.3;6.6;32.1;0;;
ПРОДУКТ;Микс 4 Сыра;343.3;25;26.5;1.2;0;;
ПРОДУКТ;Микс Premium сладкая смесь жареных орехов с цукатами;456;13.3;19;58;0;;
ПРОДУКТ;Микс Бобовых;99.4;5.6;5;8;0;;
ПРОДУКТ;Микс Из Капусты Белокочанной И Моркови Нарезка;29.05;1.73;0.1;5.03;0;;
ПРОДУКТ;Микс Карамели Барбарис, Дюшес, Апельсиновая с фруктовой начинкой;380;0;0.2;96;0;;
ПРОДУКТ;Микс Салатный Цезарь;26.5;2;0.5;3.5;0;;
ПРОДУКТ;Микс салатный «Витамикс;25;1.5;0.2;4;0;;
ПРОДУКТ;Микс салатный «Прованс;19.6;1.2;0.1;3;0;;
ПРОДУКТ;Микс салатный Паризьен;16;1.5;0.2;2;0;;
ПРОДУКТ;Микс салатный Римини;18;1.7;0.2;2.5;0;;
ПРОДУКТ;Микс салатный Тоскана;16;1.5;0.2;2;0;;
ПРОДУКТ;Микс семян для прорастания;159.51;15.6;3.4;15.6;0;;
ПРОДУКТ;Микс ягодный;44;1;0.38;9;0;;
ПРОДУКТ;Миксбар семечки 70г;600;22;56;3.5;0;;
ПРОДУКТ;Милерам;290;2.3;30;2.7;0;;
ПРОДУКТ;Милк Вилл эскимо;244;4;12;30;0;;
ПРОДУКТ;Милка Бисквити Орео крем;516;4.3;28;61;0;;
ПРОДУКТ;Милка Бисквити каким бели с пълнеж;514;0.89;27;62;0;;
ПРОДУКТ;Милка Бискофф;526.67;6.2;29;59;0;;
ПРОДУКТ;Милка Брауни;468;4.8;29;48;0;;
ПРОДУКТ;Милка десерт орео;549;5.3;33;57;0;;
ПРОДУКТ;Милка кейк и шоко;429;5.4;21;56.5;0;;
ПРОДУКТ;Милка мини шоколад;509.33;7.1;25;63;0;;
ПРОДУКТ;Милка шоко вафла;535;6.7;31;56;0;;
ПРОДУКТ;Милка шоко мини;505;6.4;24.5;63.5;0;;
ПРОДУКТ;Милкиуэй1+1;451;3.1;16.5;72;0;;
ПРОДУКТ;Мильфей;185.8;1.7;9;24.5;0;;
ПРОДУКТ;Миндаль Золотой;630;18.6;54.2;16.9;0;;
ПРОДУКТ;Миндаль Обжаренный С Паприкой;609;17.4;52.3;17.3;0;;
ПРОДУКТ;Миндаль жареный;660;19;59;14;0;;
ПРОДУКТ;Миндаль сладкий;678.71;18.6;57.7;16.2;0;;
ПРОДУКТ;Миндальное Протеиновое Печенье;170;19.5;7.9;5.3;0;;
ПРОДУКТ;Миндальное молоко;21;4;1;2;0;;
ПРОДУКТ;Миндальные лепестки;678.22;22;58;12;0;;
ПРОДУКТ;Миндальный Рожок;320;5.5;20.5;28.1;0;;
ПРОДУКТ;Миндальный напиток;22;0.4;1.2;2.4;0;;
ПРОДУКТ;Миндальный торт;290;9.1;20.7;16.4;0;;
ПРОДУКТ;Миндальный экстракт;1.75;0.1;0.1;0.1;0;;
ПРОДУКТ;Мини Багет Сырного Луковый;183;11.5;0.6;32.8;0;;
ПРОДУКТ;Мини Дамплинги;193;8.3;9.1;19.6;0;;
ПРОДУКТ;Мини Котлетки С Творожным Сыром;258;9;14;24;0;;
ПРОДУКТ;Мини Пельмени С Телятиной;280;11;15;25;0;;
ПРОДУКТ;Мини Сушеница;490;17;47;2.4;0;;
ПРОДУКТ;Мини Сырники;245.1;21;5.9;27;0;;
ПРОДУКТ;Мини Чабата С Куриной Ветчиной, Омлетом И Сыром;282;10;15.8;25;0;;
ПРОДУКТ;Мини Чиабатта С Салями;327.2;10.7;18;30.6;0;;
ПРОДУКТ;Мини багет;265;7.5;3.1;51.8;0;;
ПРОДУКТ;Мини батончики амарантовые;515;4.3;27.6;62.3;0;;
ПРОДУКТ;Мини зефир с экстрактом тыквы и цедры апельсина;340;0.2;0.1;84;0;;
ПРОДУКТ;Мини котлеты для бургеров из говядины;188.4;12.6;14.8;1.2;0;;
ПРОДУКТ;Мини круассаны;450;7;26;47;0;;
ПРОДУКТ;Мини круассаны 7 Days с кокосовым кремом;445.23;7;26.3;42;0;;
ПРОДУКТ;Мини круассаны 7 Days с кремом ваниль;453.43;7;26.3;44;0;;
ПРОДУКТ;Мини круассаны 7 Days с кремом варёная сгущенка;457.53;8;26.3;44;0;;
ПРОДУКТ;Мини круассаны 7 Days с кремом какао;453.43;7;26.3;44;0;;
ПРОДУКТ;Мини круассаны 7 Days с кремом карамель;451.38;6;26.3;44.5;0;;
ПРОДУКТ;Мини круассаны 7 Days с начинкой вишня;386.44;6;16;52;0;;
ПРОДУКТ;Мини круассаны 7 Days с начинкой клубника;389.23;6;16.3;52;0;;
ПРОДУКТ;Мини-Пирожки С Мясом;293.13;12.12;11.31;35.71;0;;
ПРОДУКТ;Мини-Пицца С Колбасой;285.01;9.25;13.45;31.74;0;;
ПРОДУКТ;Мини-багет С Чесноком;275;5;12;37;0;;
ПРОДУКТ;Мини-запеканка С Рикоттой И Яблоками;156.2;10.2;8.2;10.4;0;;
ПРОДУКТ;Мини-запеканка С Творожным Сыром;260.81;12;18.38;11.81;0;;
ПРОДУКТ;Мини-кексы Юбилейное;425;5.3;21;53;0;;
ПРОДУКТ;Мини-круассаны 7 Days с кремом со вкусом ваниль;456;6;27;45;0;;
ПРОДУКТ;Мини-маффины с начинкой «клубника;418.26;4.5;20;55;0;;
ПРОДУКТ;Мини-маффины с начинкой вареная сгущенка;380;5;18;51;0;;
ПРОДУКТ;Мини-маффины с шоколадным вкусом;350;4.5;13;53;0;;
ПРОДУКТ;Мини-морковь;35;1.3;0.1;7.2;0;;
ПРОДУКТ;Мини-муравьешкино;457.5;6.7;25.5;50.3;0;;
ПРОДУКТ;Мини-печенье Медвежонок Барни для завтрака медовое;446.3;8;14.5;68;0;;
ПРОДУКТ;Мини-печенье Медвежонок Барни для завтрака шоколадное;452.73;8.3;15.5;67;0;;
ПРОДУКТ;Мини-пирожки с Яблоком;245.53;4.28;2.44;51.62;0;;
ПРОДУКТ;Мини-пирожные карамельные;380;5;16;55;0;;
ПРОДУКТ;Мини-рулеты бисквитные;420;5;18;60;0;;
ПРОДУКТ;Мини-сушки Оригинальные;440;9.6;9.2;79.6;0;;
ПРОДУКТ;Мини-сушки Цельнозерновые;409;14;4.8;77.4;0;;
ПРОДУКТ;Мини-чиабатта С Индейкой, Сыром Гауда И Соусом песто;247;8.6;12.7;24.8;0;;
ПРОДУКТ;Мини-чиабатта С Курицей, Пармезаном И Соусом Копчёной Айоли;293;9.6;17;25.4;0;;
ПРОДУКТ;Мини-чиабатта с куриной ветчиной, омлетом и сыром;273.5;14.1;13.9;23;0;;
ПРОДУКТ;Минога;90.33;17.5;2;0;0;;
ПРОДУКТ;Минога маринованная;90.33;17.5;2;0;0;;
ПРОДУКТ;Минтай;73;16;1;0;0;;
ПРОДУКТ;Минтай (печень;489.1;6;50;0;0;;
ПРОДУКТ;Минтай (филе;74.89;16;1;0;0;;
ПРОДУКТ;Минтай Fish House с перцем соломка;212;46.7;8.6;1;0;;
ПРОДУКТ;Минтай в кляре;284.79;17.1;16.4;15.2;0;;
ПРОДУКТ;Минтай запеченый с крабовым мясом;257;12.8;19.8;6.95;0;;
ПРОДУКТ;Минтай отварной;81.45;17.6;1;0;0;;
ПРОДУКТ;Минтай под маринадом;217.5;13.5;12.6;11;0;;
ПРОДУКТ;Минтай свежий;73.55;15.9;0.9;0;0;;
ПРОДУКТ;Миньонет;230.22;10.9;3.2;38;0;;
ПРОДУКТ;Мир Кисломолочний;102;14;3.5;3.5;0;;
ПРОДУКТ;Миринда;30.75;0;0;7.5;0;;
ПРОДУКТ;Мирпуа;39.36;1.8;0;7.8;0;;
ПРОДУКТ;Мисо;202.38;12.3;5.5;24.6;0;;
ПРОДУКТ;Мисо паста соевая светлая;200;12;5.4;23.5;0;;
ПРОДУКТ;Мит с кренвирш;265;9.46;10.1;33.98;0;;
ПРОДУКТ;Митболы со вкусом говядины;280;30;14;9;0;;
ПРОДУКТ;Мишки В Лесу Шоколад Молочный С Вафельный Крошкой;510;5;27;61;0;;
ПРОДУКТ;Мйонезний соус Салатний Фея 35;341;0.6;35;5.9;0;;
ПРОДУКТ;Млинці з сиром;142;5.1;2;25.9;0;;
ПРОДУКТ;Мляко с ориз;125;2.55;2.4;23.3;0;;
ПРОДУКТ;Многозерновая кашка 5 злаков Heinz без молока;385.31;6.9;1.8;83;0;;
ПРОДУКТ;Многозерновая кашка Heinz Любопышки банан клубника йогуртная;421.06;13;10.9;65;0;;
ПРОДУКТ;Многозерновая кашка Heinz Любопышки слива абрикос черника молочная;426.09;13;11;66;0;;
ПРОДУКТ;Многозърнест хляб;249;8.9;1.5;50;0;;
ПРОДУКТ;Можжевельник;127.1;0;0;31;0;;
ПРОДУКТ;Мойва весенняя;119.67;13.1;7.1;0;0;;
ПРОДУКТ;Мойва жареная;380.71;20;30.3;4.2;0;;
ПРОДУКТ;Мойва копченая;278.18;18;22;0;0;;
ПРОДУКТ;Мойва маринованная;224.73;13.8;18.1;0;0;;
ПРОДУКТ;Мойва осенняя;223.91;13.6;18.1;0;0;;
ПРОДУКТ;Мойва свежая;161.77;13.4;11.5;0;0;;
ПРОДУКТ;Мойва соленая;223.91;13.6;18.1;0;0;;
ПРОДУКТ;Мокко-миндаль;240;4;13;23;0;;
ПРОДУКТ;Молисана ригатони 31;356.12;14;1;70;0;;
ПРОДУКТ;Моллюски;78.69;16.7;1.1;0;0;;
ПРОДУКТ;Молодая кукуруза;73;2.7;1.4;11;0;;
ПРОДУКТ;Молодой горошек (консервы овощные стерилизованные: горошек зеленый;59;4.4;0.3;7;0;;
ПРОДУКТ;Молоки рыбьи;92.54;16;2.9;0;0;;
ПРОДУКТ;Молоко;66.24;3.2;3.6;4.8;0;;
ПРОДУКТ;Молоко 0.05% Безлактозное;32;3.2;0.05;4.7;0;;
ПРОДУКТ;Молоко 0.1% (обезжиренное;28.81;2;0.1;4.8;0;;
ПРОДУКТ;Молоко 0.5;36.22;2.8;0.5;4.9;0;;
ПРОДУКТ;Молоко 0.7;39.3;3.3;0.7;4.7;0;;
ПРОДУКТ;Молоко 1;42.5;3.3;1;4.8;0;;
ПРОДУКТ;Молоко 1,0;39.8;3;1;4.7;0;;
ПРОДУКТ;Молоко 1,0% ультрапастеризоване;39.4;2.9;1;4.7;0;;
ПРОДУКТ;Молоко 1,5;45;3.1;1.5;4.7;0;;
ПРОДУКТ;Молоко 1,5 % ультрапастеризованное питьевое;44;3;1.5;4.7;0;;
ПРОДУКТ;Молоко 1,8 % низколактозное;47.08;3;1.8;4.7;0;;
ПРОДУКТ;Молоко 1.5;44;3;1.5;4.7;0;;
ПРОДУКТ;Молоко 1.5% | Milk 1.5;45;3;1.5;4.7;0;;
ПРОДУКТ;Молоко 1.5% Безлактозное;46;3.5;1.5;4.7;0;;
ПРОДУКТ;Молоко 2,5;54;3.1;2.5;4.7;0;;
ПРОДУКТ;Молоко 2,5 % жира;54.97;3;2.5;4.7;0;;
ПРОДУКТ;Молоко 2,5 % ультрапастеризованное питьевое;53.3;3;2.5;4.7;0;;
ПРОДУКТ;Молоко 2,5% жиру, ультрапастеризоване;52;2.8;2.5;4.7;0;;
ПРОДУКТ;Молоко 2,5% ультрапастеризоване;52;2.8;2.5;4.7;0;;
ПРОДУКТ;Молоко 2,6% Жиру;53;2.8;2.6;4.7;0;;
ПРОДУКТ;Молоко 2,6% Яготинське ультрапастеризоване;53;2.8;2.6;4.7;0;;
ПРОДУКТ;Молоко 2.5;60;3.4;2.5;5.6;0;;
ПРОДУКТ;Молоко 2.5% Молочный мир;55;3.3;2.5;4.7;0;;
ПРОДУКТ;Молоко 2.5% ультрапастеризованное;55;3.3;2.5;4.7;0;;
ПРОДУКТ;Молоко 2.8;56;3;2.8;4.7;0;;
ПРОДУКТ;Молоко 3;57;2.8;3;4.7;0;;
ПРОДУКТ;Молоко 3,2;60;3;3.2;4.7;0;;
ПРОДУКТ;Молоко 3,4-4,5;72;2.8;4.5;4.7;0;;
ПРОДУКТ;Молоко 3,4-6;70;3;4.5;4.7;0;;
ПРОДУКТ;Молоко 3,4-6,0;66;3;3.9;4.7;0;;
ПРОДУКТ;Молоко 3,5;63;3.2;3.5;4.7;0;;
ПРОДУКТ;Молоко 3.2;60;3.2;3.2;4.68;0;;
ПРОДУКТ;Молоко 3.2% (пастеризованное;60.48;2.8;3.2;4.7;0;;
ПРОДУКТ;Молоко 3.2% Безлактозное;58.8;3;3.2;4.5;0;;
ПРОДУКТ;Молоко 3.2% ультрапастеризованное;60;3;3.2;4.7;0;;
ПРОДУКТ;Молоко 3.4%-6% Отборное;34.8;3.28;0.19;4.99;0;;
ПРОДУКТ;Молоко 3.5%-4.5;70;3;4;4.7;0;;
ПРОДУКТ;Молоко 3.6;64.19;2.8;3.6;4.7;0;;
ПРОДУКТ;Молоко 4.5;73.79;3.1;4.5;4.7;0;;
ПРОДУКТ;Молоко 6;84.8;3;6;4.7;0;;
ПРОДУКТ;Молоко Copta Elite обезжиренное 0.05;32;3.1;0.05;4.7;0;;
ПРОДУКТ;Молоко LANITIS 3;58;3.3;3;4.6;0;;
ПРОДУКТ;Молоко Lactel с витамином D;52;2.8;2.5;4.6;0;;
ПРОДУКТ;Молоко Low Lactose 3,5;62.14;3;3.5;4.7;0;;
ПРОДУКТ;Молоко Protein;55;5;1.8;4.6;0;;
ПРОДУКТ;Молоко Protein 1.8;55;5;1.8;4.6;0;;
ПРОДУКТ;Молоко «Лёгкое утро» 3.2;58;2.8;3.2;4.5;0;;
ПРОДУКТ;Молоко АГУША;60;3.1;3.2;4.7;0;;
ПРОДУКТ;Молоко АИСФеР 3.2-4;63;3;3.6;4.7;0;;
ПРОДУКТ;Молоко Агуша Я Сам! Иммунити 2.5;54.79;2.9;2.5;4.8;0;;
ПРОДУКТ;Молоко Агуша с витаминами А и С 3.2;60.89;2.9;3.2;4.7;0;;
ПРОДУКТ;Молоко Агуша с лактулозой 2.5;60.48;3;3.2;4.5;0;;
ПРОДУКТ;Молоко Без Лактозы 1,5;45;2.9;1.5;4.8;0;;
ПРОДУКТ;Молоко Безлактозное;52;2.8;2.5;4.6;0;;
ПРОДУКТ;Молоко Безлактозное 1.5;44;3;1.5;4.7;0;;
ПРОДУКТ;Молоко Безлактозное Ультрапастеризованное 1.5;43.5;2.8;1.5;4.7;0;;
ПРОДУКТ;Молоко Боженцы 3.6;64;3.4;3.6;4.5;0;;
ПРОДУКТ;Молоко Большая кружка 3,2;60;3.2;3;4.7;0;;
ПРОДУКТ;Молоко Верея 2 литра;55.4;3;3;4.1;0;;
ПРОДУКТ;Молоко Верея 3;55.4;3;3;4.1;0;;
ПРОДУКТ;Молоко Вологжанка 2,5;53.3;2.5;3;4.7;0;;
ПРОДУКТ;Молоко Высокобелковое;63;7;1.8;4.6;0;;
ПРОДУКТ;Молоко Галичина 1;39;2.9;1;4.7;0;;
ПРОДУКТ;Молоко Домик в деревне 2,5;53;3;2.5;4.7;0;;
ПРОДУКТ;Молоко Домик в деревне 3,5-4,5;30;1.5;1.6;2.35;0;;
ПРОДУКТ;Молоко Домик в деревне ультрапастеризованное 3,2;60;3;3.2;4.7;0;;
ПРОДУКТ;Молоко Кокосовое;40;0.54;1.8;5.5;0;;
ПРОДУКТ;Молоко Кунгурское отборное 3,4-4,5;68;2.8;3.95;4.7;0;;
ПРОДУКТ;Молоко Легкое;35;3.4;0;5.7;0;;
ПРОДУКТ;Молоко Лианозовское 3,2;59.27;2.9;3.2;4.7;0;;
ПРОДУКТ;Молоко Лианозовское, жирность 1,5;44.22;2.9;1.5;4.7;0;;
ПРОДУКТ;Молоко Молочная лавка пастеризованное 2.6;53.4;2.8;2.6;4.7;0;;
ПРОДУКТ;Молоко Молочный знак 360г сгущ.цел.с сах;328.5;7;8.5;56;0;;
ПРОДУКТ;Молоко Незбиране Сгущение З Цукром;339;7.2;8.5;58.3;0;;
ПРОДУКТ;Молоко Олимпус 3.7;65;3.1;3.7;4.7;0;;
ПРОДУКТ;Молоко Пастеризованное;53;3;2.5;4.7;0;;
ПРОДУКТ;Молоко Перекресток 1.5;44;3;1.5;4.7;0;;
ПРОДУКТ;Молоко Пискарёвское 2,5;53.06;3;2.5;4.7;0;;
ПРОДУКТ;Молоко Питьевое Пастеризованное С Массовой Долей Жира 2.5;53;3;2.5;4.7;0;;
ПРОДУКТ;Молоко Питьевое Пастеризованное С Массовой Долей Жира 3.2;60;3;3.2;4.7;0;;
ПРОДУКТ;Молоко Питьевое Ультрапастеризованное 6;85;3;6;4.7;0;;
ПРОДУКТ;Молоко Простоквашино 2,5 % бут. пастеризованное 930мл;53.78;2.9;2.5;4.9;0;;
ПРОДУКТ;Молоко Простоквашино 2.5;54.38;2.9;2.5;4.7;0;;
ПРОДУКТ;Молоко Простоквашино отборное пастеризованное бут;63;3.2;3.5;4.7;0;;
ПРОДУКТ;Молоко Протеиновое;63;7;1.8;4.6;0;;
ПРОДУКТ;Молоко Сгущеное Вареное;330;6.5;8.5;56;0;;
ПРОДУКТ;Молоко Сгущеное С Сахаром;330;6.8;8.5;56;0;;
ПРОДУКТ;Молоко Сгущённое Иррска;338.5;7.2;8.5;58.3;0;;
ПРОДУКТ;Молоко Сгущёное С Сахаром, Какао И Ароматом Черри-Бренди Вишня В Шоколаде;330;7.8;7.5;56.8;0;;
ПРОДУКТ;Молоко Село Молочное из Вологды питьевое пастеризованное 1,5;45;3;1.5;4.7;0;;
ПРОДУКТ;Молоко Сухе 26;490;24;26;40;0;;
ПРОДУКТ;Молоко Топленое 4;66.8;3;4;4.7;0;;
ПРОДУКТ;Молоко Тёма детское 3.2;61.3;3;3.2;4.7;0;;
ПРОДУКТ;Молоко Тёма детское обогащенное 3.2;60.89;2.9;3.2;4.7;0;;
ПРОДУКТ;Молоко Ультра пастеризованное Питьевое 2.5;55;3;2.5;4.7;0;;
ПРОДУКТ;Молоко Цельное Сухое;490;24;26;39;0;;
ПРОДУКТ;Молоко Экомилк 2.5;52.58;3;2.5;4.7;0;;
ПРОДУКТ;Молоко Яготинське 2,6;54;3;2.6;4.7;0;;
ПРОДУКТ;Молоко без лактозы 1.8;47;3;1.8;4.7;0;;
ПРОДУКТ;Молоко безлактозное 3.2;58.8;2.8;3.2;4.7;0;;
ПРОДУКТ;Молоко безлактозное 3.6-4.6;74;3.4;4.6;4.7;0;;
ПРОДУКТ;Молоко безлкатозное 2.5;52.5;2.8;2.5;4.7;0;;
ПРОДУКТ;Молоко белковое;53.16;4.3;1;6.4;0;;
ПРОДУКТ;Молоко буйволиное;108.95;4;7.8;4.9;0;;
ПРОДУКТ;Молоко верблюжье;83.87;4;5.1;4.9;0;;
ПРОДУКТ;Молоко для питания детей дошкольного и школьного возраста;60;3;3.2;4.7;0;;
ПРОДУКТ;Молоко домик в деревне;67;3.1;4.1;4.7;0;;
ПРОДУКТ;Молоко згущене 8.5% незбиране з цукром;338.5;7.2;8.5;58.3;0;;
ПРОДУКТ;Молоко згущене з цукром 5% жиру;311.8;8.4;5;58.2;0;;
ПРОДУКТ;Молоко згущене на фруктозі;310.5;8.5;8.5;50;0;;
ПРОДУКТ;Молоко из Вологды 2,5;55;3;2.5;4.7;0;;
ПРОДУКТ;Молоко имбирное;20.36;1.2;1;1.5;0;;
ПРОДУКТ;Молоко кислое;46.6;2.2;2.5;3.5;0;;
ПРОДУКТ;Молоко кобылье;42.09;2.2;1;5.8;0;;
ПРОДУКТ;Молоко козье;65.1;3.6;3.3;4.8;0;;
ПРОДУКТ;Молоко кокосовое Blue Dragon;156.87;1.8;14.9;2.7;0;;
ПРОДУКТ;Молоко кокосовое Chaokoh Less Fat;79.11;1;7.5;1.3;0;;
ПРОДУКТ;Молоко коровье;61;3;3.2;4.8;0;;
ПРОДУКТ;Молоко коровье 3,2% ультрапастеризированное;59;2.8;3.2;4.7;0;;
ПРОДУКТ;Молоко коровье свежее;63.67;2.9;3.5;4.7;0;;
ПРОДУКТ;Молоко кунжутное;146.18;3.1;8.1;14.2;0;;
ПРОДУКТ;Молоко миндальное;45;0.5;2;6;0;;
ПРОДУКТ;Молоко натуральное от коров Рязанского края 3,2;60;3;3.2;4.7;0;;
ПРОДУКТ;Молоко овечье;117.86;6.5;7.7;4.8;0;;
ПРОДУКТ;Молоко овсяное Alpro 1.2;43.87;0.3;1.5;7;0;;
ПРОДУКТ;Молоко ореховое;135.01;3.7;3.5;21.3;0;;
ПРОДУКТ;Молоко отборное;67;3.1;4.7;3.9;0;;
ПРОДУКТ;Молоко отборное Першинское;63;2.9;3.6;4.7;0;;
ПРОДУКТ;Молоко пастеризованное 2,5;53;3;2.5;4.7;0;;
ПРОДУКТ;Молоко пастеризованное 3,2;59.51;3;3.2;4.7;0;;
ПРОДУКТ;Молоко пастеризованное 3.2;60;3;3.2;4.7;0;;
ПРОДУКТ;Молоко пастеризованное отборное;60.95;3;3.4;4.7;0;;
ПРОДУКТ;Молоко питне пастеризоване;53;2.9;2.5;4.7;0;;
ПРОДУКТ;Молоко питьевое;69;3;3.2;4.7;0;;
ПРОДУКТ;Молоко питьевое 3,2;60;3;3.2;4.7;0;;
ПРОДУКТ;Молоко питьевое безлактозное пастеризованное с массовой долей жира 1.5;34.7;3;1.5;2.3;0;;
ПРОДУКТ;Молоко питьевое для питания детей раннего возраста;60;3.1;3.2;4.7;0;;
ПРОДУКТ;Молоко питьевое низколактозное 2,5;53;2.8;2.5;4.7;0;;
ПРОДУКТ;Молоко питьевое пастеризованное;61.9;2.8;3.5;4.7;0;;
ПРОДУКТ;Молоко питьевое пастеризованное 1,0;39.8;3;1;4.7;0;;
ПРОДУКТ;Молоко питьевое пастеризованное 1,5;45;3;1.5;4.7;0;;
ПРОДУКТ;Молоко питьевое пастеризованное 2,5;53;3;2.5;4.7;0;;
ПРОДУКТ;Молоко питьевое пастеризованное 2,5% Российское;53;2.8;2.5;4.7;0;;
ПРОДУКТ;Молоко питьевое пастеризованное 3,2;59.75;3;3.2;4.7;0;;
ПРОДУКТ;Молоко питьевое пастеризованное 3,2 % жира;59.75;3;3.2;4.7;0;;
ПРОДУКТ;Молоко питьевое пастеризованное 3.2% процент жирности;60;3;3.2;4.7;0;;
ПРОДУКТ;Молоко питьевое пастеризованное «Деревенское;59.6;3;3.2;4.7;0;;
ПРОДУКТ;Молоко питьевое пастеризованное массовая доля жира 2,5;53.3;3;2.5;4.7;0;;
ПРОДУКТ;Молоко питьевое пастеризованное массовая доля жира 3,2;59.51;3;3.2;4.7;0;;
ПРОДУКТ;Молоко питьевое пастеризованное с массовой долей жира 2,5;54.97;3;2.5;4.7;0;;
ПРОДУКТ;Молоко питьевое пастеризованное с массовой долей жира 3,2;59.75;3;3.2;4.7;0;;
ПРОДУКТ;Молоко питьевое стерилизованное 3,2;58.84;2.8;3.2;4.7;0;;
ПРОДУКТ;Молоко питьевое топленое;35.35;3.2;0.19;5.5;0;;
ПРОДУКТ;Молоко питьевое топленое 3,2;59.99;3;3.2;4.7;0;;
ПРОДУКТ;Молоко питьевое ультрапастеризованное 1,5;44.22;3;1.5;4.7;0;;
ПРОДУКТ;Молоко питьевое ультрапастеризованное 2,5;52.58;3;2.5;4.7;0;;
ПРОДУКТ;Молоко питьевое ультрапастеризованное с массовой долей жира 2,5;55;3;2.5;4.7;0;;
ПРОДУКТ;Молоко питьевое ультрапастеризованное топленое к чаю 6;83;2.6;6;4.7;0;;
ПРОДУКТ;Молоко питьевое ультрапастеризованное. 2,5;54;2.9;2.5;4.8;0;;
ПРОДУКТ;Молоко питьевое ультрапастеризованое 3,2;60;3;3.2;4.7;0;;
ПРОДУКТ;Молоко питьевое цельное 3,3-6;85;3;6;4.7;0;;
ПРОДУКТ;Молоко питьевое. Массовая доля жира от 3.4 до 4;61;2.8;3.4;4.7;0;;
ПРОДУКТ;Молоко пряжене 2,5;53.3;3;2.5;4.7;0;;
ПРОДУКТ;Молоко рисовое натуральное;62.51;0.1;1.3;12.2;0;;
ПРОДУКТ;Молоко с витамином D3;43;2.8;1.5;4.6;0;;
ПРОДУКТ;Молоко сгущенное с бананом;309.7;6.6;8.5;51.7;0;;
ПРОДУКТ;Молоко сгущенное цельное с сахаром 8,5;330;7;8.5;56;0;;
ПРОДУКТ;Молоко сгущенное цельное с сахаром ГОСТ 31688-2012;330;8;8.5;56;0;;
ПРОДУКТ;Молоко сгущённое;338.5;7.2;8.5;58.3;0;;
ПРОДУКТ;Молоко сгущённое без сахара;135.27;6.6;7.5;9.4;0;;
ПРОДУКТ;Молоко сгущённое варёное с сахаром;280;5;8.5;54;0;;
ПРОДУКТ;Молоко сгущённое с сахаром;338.08;7.2;8.5;56;0;;
ПРОДУКТ;Молоко сгущённое с сахаром в вафельной трубочке;429;7.8;19.6;55.3;0;;
ПРОДУКТ;Молоко сгущённое с сахаром нежирное;278.8;10;0;58;0;;
ПРОДУКТ;Молоко сгущённое со вкусом кокоса;329.07;5;8.5;56;0;;
ПРОДУКТ;Молоко соевое;53.62;3.3;1.8;5.7;0;;
ПРОДУКТ;Молоко соевое Alpro;30.25;3.3;1.8;0;0;;
ПРОДУКТ;Молоко соевое низкожирное;38.78;1.7;0.6;6.4;0;;
ПРОДУКТ;Молоко соевое обезжиренное;26.24;2.5;0;3.9;0;;
ПРОДУКТ;Молоко стерилизованное 3,2;58;2.8;3.2;4.7;0;;
ПРОДУКТ;Молоко стерилизованное концентрированное без сахара, массовая доля жира 8,7;133.84;5.3;8.7;9;0;;
ПРОДУКТ;Молоко стерилизованное питьевое;53;4.7;2.5;3;0;;
ПРОДУКТ;Молоко сухое;494;5;26;60;0;;
ПРОДУКТ;Молоко сухое Беллакт 25;491.37;24.2;25;39;0;;
ПРОДУКТ;Молоко сухое обезжиренное;361.07;33.2;1;52.6;0;;
ПРОДУКТ;Молоко сухое цельное;492.6;26;25;37.5;0;;
ПРОДУКТ;Молоко топленое;68;2.8;4.2;4.7;0;;
ПРОДУКТ;Молоко топленое 3,2;60;3.2;3;4.7;0;;
ПРОДУКТ;Молоко топленое 3,5;62;3;3.5;4.7;0;;
ПРОДУКТ;Молоко топленое Вологжанка 4;66.4;3;4;4.6;0;;
ПРОДУКТ;Молоко топленое с массовой долей жира от 3.6% до 4.2;68.6;3.4;4.2;4.7;0;;
ПРОДУКТ;Молоко топлёное;87.31;3;6;4.7;0;;
ПРОДУКТ;Молоко топлёное 3,2;60.47;3.2;3.2;4.7;0;;
ПРОДУКТ;Молоко топлёное 3.2;60;3;3.2;4.7;0;;
ПРОДУКТ;Молоко ультрапасиеризованное 3,2;60;3;3.2;4.7;0;;
ПРОДУКТ;Молоко ультрапастеризованное;60;3;3.2;4.7;0;;
ПРОДУКТ;Молоко ультрапастеризованное 0,5;36;3.2;0.5;4.7;0;;
ПРОДУКТ;Молоко ультрапастеризованное 0.5;36;3.2;0.5;4.7;0;;
ПРОДУКТ;Молоко ультрапастеризованное 1,5;44.46;3;1.5;4.7;0;;
ПРОДУКТ;Молоко ультрапастеризованное 1.5;47;3;1.8;4.7;0;;
ПРОДУКТ;Молоко ультрапастеризованное 2,5;52.58;3;2.5;4.7;0;;
ПРОДУКТ;Молоко ультрапастеризованное 3,2;59.51;3;3.2;4.7;0;;
ПРОДУКТ;Молоко ультрапастеризованное 3,5;62.33;3;3.5;4.7;0;;
ПРОДУКТ;Молоко ультрапастеризованное 3.2;59.6;3;3.2;4.7;0;;
ПРОДУКТ;Молоко ультрапастеризованное 3.5;62;3;3.5;4.7;0;;
ПРОДУКТ;Молоко ультрапастеризованное Lactel sutim 1% (Узбекистан;40;3;1;4.7;0;;
ПРОДУКТ;Молоко ультрапастеризованное безлактозное 1.8;47;3;1.8;4.7;0;;
ПРОДУКТ;Молоко ультрапастеризованное питьевое 1,5;43.98;3;1.5;4.7;0;;
ПРОДУКТ;Молоко ультрапастеризованное питьевое 2.5;55;3;2.5;4.7;0;;
ПРОДУКТ;Молоко ультрапастеризованное питьевое 3,2;60;3;3.2;4.7;0;;
ПРОДУКТ;Молоко ультрапастеризованное питьевое, массовая доля жира 3,2;59.99;3;3.2;4.7;0;;
ПРОДУКТ;Молоко ультрапастеризованное питьевое. Массовая доля жира 3,2;59.99;3;3.2;4.7;0;;
ПРОДУКТ;Молоко устьянское 3,2;60;3;3.2;4.7;0;;
ПРОДУКТ;Молоко фисташковый пломбир;38;0.8;0.8;6.8;0;;
ПРОДУКТ;Молоко цельное;67.5;3;4;5;0;;
ПРОДУКТ;Молоко цельное сгущенное с сахаром;330;7.5;8.5;57;0;;
ПРОДУКТ;Молоко цельное сгущенное с сахаром 8,5;330;7.5;8.5;56;0;;
ПРОДУКТ;Молоко цельное сгущенное с сахаром ГОСТ 31688-2012 8,5;329.83;7.2;8.5;56;0;;
ПРОДУКТ;Молоко цельное сгущенное с сахаром деповское;329;7.2;8.5;50;0;;
ПРОДУКТ;Молоко цельное сгущенное с сахаром с массовой долей жира 8,5;331.98;7.2;8.5;56;0;;
ПРОДУКТ;Молоко цельное сгущённое с сахаром;330;7.7;8.5;56;0;;
ПРОДУКТ;Молоко цельное сгущённое с сахаром «Любимая классика;329;7.2;8.5;56;0;;
ПРОДУКТ;Молоко, Обогащенное Белком;55;5;1.8;4.6;0;;
ПРОДУКТ;Молокосодержащий продукт с ЗМЖ произведенный по технологии сыра, порционированный Российский особый;358;25.2;28.6;0;0;;
ПРОДУКТ;Молокосодержащий продукт с заменителем молочного жира, произведённый по технологии молока сгущённого с сахаром варёного, «Варёнка. Сгущёнка варёная с сахаром;284;2;4;60;0;;
ПРОДУКТ;Молочко кедровое;56.15;2.3;4.5;1.2;0;;
ПРОДУКТ;Молочная Шоколадка;560;8;36;50;0;;
ПРОДУКТ;Молочная продукция;91.2;7;2;11.3;0;;
ПРОДУКТ;Молочно-шоколадный батон Рошен с миндалем и кокосовой начинкой;556;6.4;34.6;53.6;0;;
ПРОДУКТ;Молочное ванильное мороженое эскимо с фисташковой пастой с тестом Катаифи , глазированное;270;3.9;15.3;27.3;0;;
ПРОДУКТ;Молочное лакомство в бельгийском шоколаде;450;8;27;44;0;;
ПРОДУКТ;Молочные Сосиски;296;11;28;2;0;;
ПРОДУКТ;Молочные сливки 10;116;2.6;10;3.9;0;;
ПРОДУКТ;Молочный Коктейль;78;3.2;2;11.9;0;;
ПРОДУКТ;Молочный Коктейль (Малина-фисташка;68.08;11.54;0.15;5;0;;
ПРОДУКТ;Молочный Коктейль Вкус Ванильное Мороженое;77;2.8;3.2;9.3;0;;
ПРОДУКТ;Молочный Коктейль Вкус Голубика;78;2.8;3.2;9.5;0;;
ПРОДУКТ;Молочный Коктейль Какао;65;2.6;2;9;0;;
ПРОДУКТ;Молочный Коктейль Клубника;71;2.8;2;10.5;0;;
ПРОДУКТ;Молочный Коктейль Малиновое Мороженое;70;3.3;2;9.7;0;;
ПРОДУКТ;Молочный Коктейль Манго;63.2;2.3;2;9;0;;
ПРОДУКТ;Молочный Коктейль Черника;63.2;2.3;2;9;0;;
ПРОДУКТ;Молочный Коктейль Шоколад;78;2.9;2;12;0;;
ПРОДУКТ;Молочный Коктейль Шоколадный;41.5;1.5;1.6;5.3;0;;
ПРОДУКТ;Молочный Продукт Панакота Десерт Из Сливок Сливки Клубника;165;3.2;9;18.5;0;;
ПРОДУКТ;Молочный Шоколад 31.5;560;8.5;36;50;0;;
ПРОДУКТ;Молочный Шоколад Арахис И Соленая Карамель;550;9;34;51;0;;
ПРОДУКТ;Молочный Шоколад Арахис И Хлопья;518;6.6;27;60;0;;
ПРОДУКТ;Молочный Шоколад Без Сахара;470;11;31;36;0;;
ПРОДУКТ;Молочный Шоколад Полосатый;560;7;36;53;0;;
ПРОДУКТ;Молочный Шоколад С Фундуком И Изюмом;503;5.6;26;58;0;;
ПРОДУКТ;Молочный коктейль - Вкус клубника;72.18;2.8;2;10.6;0;;
ПРОДУКТ;Молочный коктейль Малина;65.7;2.7;2.1;9;0;;
ПРОДУКТ;Молочный коктейль Нытвенский Шоколадный;77;2.6;2.5;11.4;0;;
ПРОДУКТ;Молочный коктейль Растишка ванильное мороженое 210г;70;3.3;2;9.9;0;;
ПРОДУКТ;Молочный коктейль ТОП;69.2;2.3;2;10.5;0;;
ПРОДУКТ;Молочный коктейль Топ Power ванильная вафля;45.8;4.5;1;4.7;0;;
ПРОДУКТ;Молочный коктейль Чудо ванильный пломбир;71;2.8;2;10.4;0;;
ПРОДУКТ;Молочный коктейль сливочный пломбир;60;3.8;1.5;7;0;;
ПРОДУКТ;Молочный коктейль со вкусом ванили 2;66.4;2.6;2;9.5;0;;
ПРОДУКТ;Молочный коктейль со вкусом клубники 2;66.4;2.6;2;9.5;0;;
ПРОДУКТ;Молочный шокол ад д;500;21;38;8.4;0;;
ПРОДУКТ;Молочный шоколад;538;6.6;30;59;0;;
ПРОДУКТ;Молочный шоколад Ameri;544;6.4;32;56;0;;
ПРОДУКТ;Молочный шоколад Babyfox;570;8;38;49;0;;
ПРОДУКТ;Молочный шоколад Extra Milk с цельным фундуком;568;6.4;37;51;0;;
ПРОДУКТ;Молочный шоколад «Маша и Медведь;568;8;36;53;0;;
ПРОДУКТ;Молочный шоколад Карамель Арахис;506;6.8;27;59;0;;
ПРОДУКТ;Молочный шоколад и белый шоколад с двухслойной начинкой с печеньем, со вкусом карамели и мороженого;548;6.3;32;57;0;;
ПРОДУКТ;Молочный шоколад миндаль и вафля;531;7.6;29;59;0;;
ПРОДУКТ;Молочный шоколад ореховый микс нуга смотка;490;5;24;64;0;;
ПРОДУКТ;Молочный шоколад с изюмом и орехами;500;6.5;27;56;0;;
ПРОДУКТ;Молочный шоколад с лесным орехом;551;7;33;55;0;;
ПРОДУКТ;Молочный шоколад с миндалём;535;20.8;41.5;9.6;0;;
ПРОДУКТ;Молочный шоколад с молочной начинкой со вкусом мороженого и с какао-печеньем;542;5.5;31;60;0;;
ПРОДУКТ;Молочный шоколад с муссом крем-брюле;563;5.9;36.3;52.8;0;;
ПРОДУКТ;Молочный шоколад с печеньем;500;6;28;56;0;;
ПРОДУКТ;Молочный шоколад с солёным крекером TUC;517.24;6.3;28;59.5;0;;
ПРОДУКТ;Молочный шоколад с фундуком;570;9;38;47;0;;
ПРОДУКТ;Молочный шоколад с хрустящей вафлей;527;6.1;28;62;0;;
ПРОДУКТ;Молочный шоколад с цельным миндалем;547;8.3;34;50;0;;
ПРОДУКТ;Молочный шоколад с цельным фундуком;555;11;38;44;0;;
ПРОДУКТ;Молочный шоколад с цельным фундуком Chocolate Present;580;10;39;47;0;;
ПРОДУКТ;Молочный шоколад с шоколадно-ореховой пастой;471;10;35;12;0;;
ПРОДУКТ;Молочныц пудинг ультрапастеризованныц шоколадный со сливочным муссом Grand desert;130;2.6;5.2;17.3;0;;
ПРОДУКТ;Мольва (морская щука;83.06;18.9;0.6;0;0;;
ПРОДУКТ;Моментальная овсяная каша «Геркулес®» с яблоками;360.9;9;4.5;69;0;;
ПРОДУКТ;Моментальная овсяная каша с молоком (малина;370;10;5;70;0;;
ПРОДУКТ;Момордика (Индийский огурец;16.51;0.8;0.1;3;0;;
ПРОДУКТ;Монстр M3 экстра сила;43;0.8;0;10.67;0;;
ПРОДУКТ;Мора;34.99;1.5;0.5;5.9;0;;
ПРОДУКТ;Морепродукты;73.25;15.5;1;0.1;0;;
ПРОДУКТ;Морепродукты В Маринаде;100;19.2;2.4;0.4;0;;
ПРОДУКТ;Морепродукты Меридиан с заправкой для салата;68.57;10.2;1.6;2.9;0;;
ПРОДУКТ;Морепродукты консервированные;62.12;10;1.7;1.3;0;;
ПРОДУКТ;Морковка и сельдерей;27.7;1.2;0.1;5.5;0;;
ПРОДУКТ;Морковная ботва;25.12;0.6;0.1;5.3;0;;
ПРОДУКТ;Морковные палочки;35;1.3;0.1;6.9;0;;
ПРОДУКТ;Морковные палочки McDonalds;28.7;1;0;6;0;;
ПРОДУКТ;Морковный Торт;402;5;26;37;0;;
ПРОДУКТ;Морковный жмых;21.84;0.6;0.1;4.5;0;;
ПРОДУКТ;Морковный сок;31.68;1.1;0.1;6.4;0;;
ПРОДУКТ;Морковный сок Золотая Русь экзотик;45.1;0;0;11;0;;
ПРОДУКТ;Морковный сок холодного отжима;36;0.9;0;8;0;;
ПРОДУКТ;Морковь;34.55;1.3;0.1;6.9;0;;
ПРОДУКТ;Морковь Бондюэль молодая Экстра;25.77;0.5;0.7;4.2;0;;
ПРОДУКТ;Морковь Бондюэль молодая целая;28.42;0.8;0.5;5;0;;
ПРОДУКТ;Морковь Запеченая С Травами;99.8;2.4;3.2;15.2;0;;
ПРОДУКТ;Морковь Пикантная;90;1;7;6;0;;
ПРОДУКТ;Морковь По Корейски;153.7;1.9;9.3;15.6;0;;
ПРОДУКТ;Морковь варёная;26.57;0.8;0.3;5;0;;
ПРОДУКТ;Морковь жёлтая;35.78;1.3;0.1;7.2;0;;
ПРОДУКТ;Морковь квашеная;24.71;1.3;0.1;4.5;0;;
ПРОДУКТ;Морковь консервированная;18.15;0.6;0.1;3.6;0;;
ПРОДУКТ;Морковь пассерованная;133.3;0.9;10.2;8.5;0;;
ПРОДУКТ;Морковь по корейски 200г;95;1;7;7;0;;
ПРОДУКТ;Морковь по-корейски;93;1.5;3;15;0;;
ПРОДУКТ;Морковь по-корейски классическая готовая;124.56;1.1;8.2;10.7;0;;
ПРОДУКТ;Морковь по-корейски острая готовая;141.42;1.2;9;12.9;0;;
ПРОДУКТ;Морковь по-корейски с грибами готовая;75.15;1.3;5;5.7;0;;
ПРОДУКТ;Морковь по-корейски с кальмарами готовая;159.21;5.3;11.4;7.7;0;;
ПРОДУКТ;Морковь по-корейски с капустой готовая;105.34;0;9;5.3;0;;
ПРОДУКТ;Морковь по-корейски со спаржей готовая;97.12;1.5;7.1;6.1;0;;
ПРОДУКТ;Морковь с чесноком и орехами готовая;153.16;2;11.5;9.3;0;;
ПРОДУКТ;Морковь сушеная;239.27;7.8;0.6;49.2;0;;
ПРОДУКТ;Морковь фиолетовая;34.55;1.3;0.1;6.9;0;;
ПРОДУКТ;Мороженле протеиновое мятная тыква;111.7;15.8;2.5;6.5;0;;
ПРОДУКТ;Мороженное Protein Ваниль;160;10;4.5;18;0;;
ПРОДУКТ;Мороженное milkyWay;207;3.8;10.8;23.3;0;;
ПРОДУКТ;Мороженное «Сливочный Брауни;159;15;6;11;0;;
ПРОДУКТ;Мороженное Вкус Маракуйи + Кусочки Ананаса;146;1.6;4.5;24.8;0;;
ПРОДУКТ;Мороженное Джелато Банан-страчателла;228;3;12;27;0;;
ПРОДУКТ;Мороженное Драгонфрут Гуанабана;142.86;1.29;1.14;29.29;0;;
ПРОДУКТ;Мороженное Йогуртное Черная Смородина;151;4.03;4;24.6;0;;
ПРОДУКТ;Мороженное Каприс Шоколад;292;4.5;13.3;38.5;0;;
ПРОДУКТ;Мороженное Лесные Ягоды;180;3;7;25;0;;
ПРОДУКТ;Мороженное Мохито Клубничный;130;1.5;2.7;24.9;0;;
ПРОДУКТ;Мороженное Пломбир;241;4.1;14.2;24.3;0;;
ПРОДУКТ;Мороженное Протеиновое С Шоколадной Крошкой;190;15.56;5.56;17.78;0;;
ПРОДУКТ;Мороженное Рожок Крем Брюле;161;4.4;5.7;23;0;;
ПРОДУКТ;Мороженное Ром Изюм Шоколад;180;3.5;7;26;0;;
ПРОДУКТ;Мороженное Сливочное Вкус Клубники + Кусочки Клубники;163;1.8;4.5;28.7;0;;
ПРОДУКТ;Мороженное Со Вкусами Клубники, Банана И Киви;143;2;5;22.4;0;;
ПРОДУКТ;Мороженное Столичное;309;3.25;24.1;19.8;0;;
ПРОДУКТ;Мороженное арахисовое;247;4.9;11;32.1;0;;
ПРОДУКТ;Мороженное клубника со сливками;256;2.9;10.4;37.7;0;;
ПРОДУКТ;Мороженное пломбир ванильный;240;3.5;15;22;0;;
ПРОДУКТ;Мороженное пломбир со вкусом ванили с шоколадной крошкой в вафельном стаканчике Чебоксарский пломбир;220;3.5;14;20;0;;
ПРОДУКТ;Мороженное сливочное с ароматом крем-брюле и наполнителем соленная карамель в глазури;340;2.2;22;33.2;0;;
ПРОДУКТ;Мороженное сливочное шоколадное;185;4;9;22;0;;
ПРОДУКТ;Мороженное шоколадное без сахара;159;4.62;8;17;0;;
ПРОДУКТ;Мороженное эскимо сливочное ванильное с клубничным наполнителем в глазури;349;2.53;16.9;24.5;0;;
ПРОДУКТ;Мороженое;300;4.5;16;36;0;;
ПРОДУКТ;Мороженое - Maxiduo;282;3;12.9;38.4;0;;
ПРОДУКТ;Мороженое BR сливки с печеньем;250;4;15;27;0;;
ПРОДУКТ;Мороженое Deluxe Миндаль;351;4.5;22.5;32.5;0;;
ПРОДУКТ;Мороженое Maxiduo страчателла;311;4.02;14.2;41.8;0;;
ПРОДУКТ;Мороженое Nestle Extreme Пломбир с чёрной смородиной;273.26;2.6;12.6;35.5;0;;
ПРОДУКТ;Мороженое Nestle Extreme Тропик;239.41;2.4;7.5;39;0;;
ПРОДУКТ;Мороженое Nestle Maxibon Страчателла;315.65;3.6;15;39.4;0;;
ПРОДУКТ;Мороженое Nestle Maxibon с печеньем и орехами;314.83;3.6;15;39.2;0;;
ПРОДУКТ;Мороженое OREO с кусочками печенья;300;4.5;11;47;0;;
ПРОДУКТ;Мороженое Protein Банан;111.1;15;2;7.6;0;;
ПРОДУКТ;Мороженое Snickers;293;5.2;13.3;37.5;0;;
ПРОДУКТ;Мороженое Viva la Crema Грецкий орех;248.69;4.1;13;27.1;0;;
ПРОДУКТ;Мороженое Viva la Crema Лесная ягода;209.84;3.2;8.2;29.4;0;;
ПРОДУКТ;Мороженое Viva la Crema Персик-маракуйя;213.34;3.3;8.4;29.7;0;;
ПРОДУКТ;Мороженое Viva la Crema Тартюфо;250.33;3.9;13;27.7;0;;
ПРОДУКТ;Мороженое Viva la Crema Трюфель;212.59;2.5;9.6;27.6;0;;
ПРОДУКТ;Мороженое Viva la Crema Фисташковое;246.8;4.1;13.9;24.6;0;;
ПРОДУКТ;Мороженое Viva la Crema Шварцвальдская вишня;281.1;1.7;16.4;29.7;0;;
ПРОДУКТ;Мороженое twix;264;4;10.5;37.7;0;;
ПРОДУКТ;Мороженое «Байтерек;180;4.6;7.9;22.5;0;;
ПРОДУКТ;Мороженое «Бомба конус XXL клубника;260;3.7;12.1;34.2;0;;
ПРОДУКТ;Мороженое «Бостонский пирог;259.73;4.8;15.41;25.39;0;;
ПРОДУКТ;Мороженое «Ванильное» в вафельном стаканчике;124;9;4;11;0;;
ПРОДУКТ;Мороженое «пломбир» ванильный в вафельном стаканчике;243;4.2;14.4;24.1;0;;
ПРОДУКТ;Мороженое Банан И Клубника;198.9;3.56;10.05;25.53;0;;
ПРОДУКТ;Мороженое Банан-клубника;185.8;3.4;9.4;21.9;0;;
ПРОДУКТ;Мороженое Без Сахара, Банан Карамель;157.6;5.7;7.2;17.5;0;;
ПРОДУКТ;Мороженое Бейлис;180;3;7.5;26;0;;
ПРОДУКТ;Мороженое Брауни;190;3.6;10.1;21;0;;
ПРОДУКТ;Мороженое В Стаканчике;298;3.3;20.6;24.8;0;;
ПРОДУКТ;Мороженое В Стаканчике Пломбир Настоящий;248;2.4;15;26;0;;
ПРОДУКТ;Мороженое Ванильное Без Сахара;132;5.7;7.2;11.1;0;;
ПРОДУКТ;Мороженое Вишня Ваниль Шоколад;180;3.5;7.5;25;0;;
ПРОДУКТ;Мороженое ГОСТ клубничное;203;3.4;11.9;20.7;0;;
ПРОДУКТ;Мороженое ГОСТ пломбир ванильный с шоколадной крошкой в вафельном стаканчике;243.9;4.3;14.3;24.5;0;;
ПРОДУКТ;Мороженое Двухслойное В Вафельном Рожке;268.6;4.3;13;33.6;0;;
ПРОДУКТ;Мороженое Двухслойнон Золотая Ириска;241.2;3.7;14.4;24.2;0;;
ПРОДУКТ;Мороженое Джелато С Кленовым Сироп И Пеканом;232.5;4.6;13.7;22.7;0;;
ПРОДУКТ;Мороженое Джиандуйя;207.2;3.9;10.4;24.5;0;;
ПРОДУКТ;Мороженое Дубайское;380;4.5;26;33;0;;
ПРОДУКТ;Мороженое Имбирное печенье;223;4;11;27;0;;
ПРОДУКТ;Мороженое Инмарко Золотой стандарт пломбир;238.98;3.9;15;20.4;0;;
ПРОДУКТ;Мороженое Инмарко Торжество Птичье молоко;258.01;3.7;12.9;30;0;;
ПРОДУКТ;Мороженое Инмарко Торжество пломбир натуральные сливки;238.98;3.9;15;20.4;0;;
ПРОДУКТ;Мороженое Инмарко Торжество с клубничным чизкейком;213.23;3.9;8.3;29.3;0;;
ПРОДУКТ;Мороженое Карамельное без добавления сахара;121.2;4.4;7.6;8.8;0;;
ПРОДУКТ;Мороженое Каштан Капучино;322;3.6;24.1;22.7;0;;
ПРОДУКТ;Мороженое Клубника;285;4.5;12.4;38.9;0;;
ПРОДУКТ;Мороженое Кокос | Mochi Ice Cream;199.2;3.7;7.8;28.7;0;;
ПРОДУКТ;Мороженое Крем Брюле;235;4.5;12;27.2;0;;
ПРОДУКТ;Мороженое Крем Чиз;326;4.3;18.2;35.3;0;;
ПРОДУКТ;Мороженое Лакомка;350;4;24;30;0;;
ПРОДУКТ;Мороженое Магнат Брюнетка;301.87;4.3;17.4;29.9;0;;
ПРОДУКТ;Мороженое Магнат Мадагаскар тёмный шоколад;295.27;4;18.5;26.1;0;;
ПРОДУКТ;Мороженое Магнат пломбир;313.83;4.3;20.1;26.7;0;;
ПРОДУКТ;Мороженое Малина-личи;175.71;2.29;6;28;0;;
ПРОДУКТ;Мороженое Мокко | Macaroni Ice Cream Mocha;350.8;7.6;12.4;52.3;0;;
ПРОДУКТ;Мороженое Молочное С Вишней В Вафельном Стаканчике;162;4.3;4;27.2;0;;
ПРОДУКТ;Мороженое Морковный торт;240.3;7.4;13.9;21.4;0;;
ПРОДУКТ;Мороженое Мятная Тыква;122.2;14.5;3.8;7.5;0;;
ПРОДУКТ;Мороженое Пломбир;235;4.1;15;20.9;0;;
ПРОДУКТ;Мороженое Пломбир «Маршмеллоу С Шоколадным Печеньем;239;4.2;15;21.8;0;;
ПРОДУКТ;Мороженое Пломбир Брикет Шоколадный;234;3.7;10.3;31.7;0;;
ПРОДУКТ;Мороженое Пломбир В Вафельном Стаканчике;239.9;4.6;14.1;23.5;0;;
ПРОДУКТ;Мороженое Пломбир Гранат с Острым Перцем Хабанеро;263.7;4.1;8.8;41.9;0;;
ПРОДУКТ;Мороженое Пломбир Кукис С Голубой Спирулиной;227;3.7;12;26;0;;
ПРОДУКТ;Мороженое Пломбир С Арахисом И Карамелью;340;5;24;28;0;;
ПРОДУКТ;Мороженое Пломбир в Стаканчике;300;4.3;15;36.5;0;;
ПРОДУКТ;Мороженое Пломбир на сливках ванильный в глазированном сахарном рожке;304.9;4.5;16.2;34.5;0;;
ПРОДУКТ;Мороженое Пломбир с Кедровым;334;3.5;24.9;20.8;0;;
ПРОДУКТ;Мороженое Пралине;260;4;12;31;0;;
ПРОДУКТ;Мороженое Протеиновое;147.5;15;7.5;5;0;;
ПРОДУКТ;Мороженое Протеиновое Черная Смородина;157.33;10;4;20.4;0;;
ПРОДУКТ;Мороженое Русский Холодъ Золотой пломбир;210.7;3.8;12;20.4;0;;
ПРОДУКТ;Мороженое Русский Холодъ Юбилейное ванильное;210.29;3.7;12;20.4;0;;
ПРОДУКТ;Мороженое Русский Холодъ Юбилейное эскимо без глазури;221.44;3.7;13.2;20.4;0;;
ПРОДУКТ;Мороженое С Изюмом;226.3;4.2;9.9;30.1;0;;
ПРОДУКТ;Мороженое С Карамелью И Арахисовой Пастой;225;5.3;12.5;22.9;0;;
ПРОДУКТ;Мороженое С Клубникой Без Сахара;113;15;3.2;6;0;;
ПРОДУКТ;Мороженое С Малиной;285.6;4.1;19.2;24.1;0;;
ПРОДУКТ;Мороженое С Шокладной Крошкой;250;3;15.5;24;0;;
ПРОДУКТ;Мороженое С Шоколадной Крошкой;202.6;3.7;12.2;19.5;0;;
ПРОДУКТ;Мороженое СВЕТАЕВО Эскимо с арахисом и карамелью;345;4;24.5;27.5;0;;
ПРОДУКТ;Мороженое СССР;280;0.5;20;22;0;;
ПРОДУКТ;Мороженое Серебряная пуля;300;3.5;20;28;0;;
ПРОДУКТ;Мороженое Сливочное В Вафельном Рожке;220;4;9;31;0;;
ПРОДУКТ;Мороженое Сливочное Кофейный Трайфл;194.1;3;9.3;24.6;0;;
ПРОДУКТ;Мороженое Сливочное С Пастой Из Арахиса;263;5;14;29;0;;
ПРОДУКТ;Мороженое Сливочный Раф;190;2.5;10.5;21;0;;
ПРОДУКТ;Мороженое Соблазн . Фисташка;308.4;4.3;22.4;20.7;0;;
ПРОДУКТ;Мороженое Степ;310;5.5;21;25;0;;
ПРОДУКТ;Мороженое Столичное Элит;321.6;3.3;22.4;26.7;0;;
ПРОДУКТ;Мороженое Суфле В Молочном Шоколаде С Печеньем;330;4;22;29;0;;
ПРОДУКТ;Мороженое Талосто Ля Фам крем-брюле;276.92;4.5;13.7;32;0;;
ПРОДУКТ;Мороженое Творожное;308.6;5.7;20.6;25.1;0;;
ПРОДУКТ;Мороженое Фисташковое;220;4;13;23;0;;
ПРОДУКТ;Мороженое Фифти-фифти Птичье молоко;219.23;9.6;10.8;19.4;0;;
ПРОДУКТ;Мороженое Чизкейк С Малиной;240;3.5;16;20;0;;
ПРОДУКТ;Мороженое Чистая Линия Cемейное пломбир ванильное;210.7;3.7;12;20.5;0;;
ПРОДУКТ;Мороженое Шоколадная Прага;200;3.5;9;27;0;;
ПРОДУКТ;Мороженое Шоколадный Нью-Йорк;267.3;3.6;17.7;23.4;0;;
ПРОДУКТ;Мороженое Штрудель;240;3.5;16;19.5;0;;
ПРОДУКТ;Мороженое Эkzo манго малина;136;1.7;1.5;28;0;;
ПРОДУКТ;Мороженое Экзо Арбуз и дыня;161.69;1.9;3.9;28.7;0;;
ПРОДУКТ;Мороженое Экзо Черника и ежевика;161.69;1.9;3.9;28.7;0;;
ПРОДУКТ;Мороженое Эскимо;300;4;23;20;0;;
ПРОДУКТ;Мороженое Эскимо Лайм;322;3.38;24.2;22.8;0;;
ПРОДУКТ;Мороженое Эскимо Светаево с арахисом и карамелью;346;40;24.5;27.5;0;;
ПРОДУКТ;Мороженое Эскимо Сливочное Шоколадное;317;4;18.5;32.5;0;;
ПРОДУКТ;Мороженое в вафельном стаканчике;164.2;3.9;6;23.6;0;;
ПРОДУКТ;Мороженое ванильное;170;3.5;6;26;0;;
ПРОДУКТ;Мороженое ванильное в вафельном стаканчике;220;3.9;11.5;26;0;;
ПРОДУКТ;Мороженое клубника со сливками;190;4.5;10;20;0;;
ПРОДУКТ;Мороженое манго с семенами чиа;231;15;6.5;23.7;0;;
ПРОДУКТ;Мороженое молочное;132.96;3.2;3.5;21.3;0;;
ПРОДУКТ;Мороженое молочное клубничное;132.61;3.8;2.8;22.2;0;;
ПРОДУКТ;Мороженое молочное клубничное и черничное со вкусом жевательной резинки, с соусом чёрная смородина и глазурью в вафельном сахарном рожке;198;2;7.3;31;0;;
ПРОДУКТ;Мороженое молочное крем-брюле;141.57;3.5;3.5;23.1;0;;
ПРОДУКТ;Мороженое молочное ореховое;164.93;5.4;6.5;20.1;0;;
ПРОДУКТ;Мороженое молочное протеиновое;207;12.6;6.5;24.5;0;;
ПРОДУКТ;Мороженое молочное с ароматом ванили и кусочками темного шоколада в печенье и глазури с рисовыми шариками. Страчателла;310;4;14;42;0;;
ПРОДУКТ;Мороженое молочное с кусочками дыни в замороженной глазури с соком арбуза «Экзо Арбуз+Дыня;129;1.43;1.14;27.1;0;;
ПРОДУКТ;Мороженое молочное с чёрной смородиной;113;3;1;23;0;;
ПРОДУКТ;Мороженое молочное шоколадное;144.04;4.2;3.5;23;0;;
ПРОДУКТ;Мороженое молочнон Maxiduo;311;4;14.2;41.8;0;;
ПРОДУКТ;Мороженое натуральное молочное клубника;166;5;3.7;28.1;0;;
ПРОДУКТ;Мороженое пломбир 12;200;3.5;12;20;0;;
ПРОДУКТ;Мороженое пломбир «Aq Ayu;204;3.3;15;19.2;0;;
ПРОДУКТ;Мороженое пломбир «Вологодский пломбир;225;3;15;19.7;0;;
ПРОДУКТ;Мороженое пломбир «Как раньше;207;2.9;12;22.4;0;;
ПРОДУКТ;Мороженое пломбир «классический» в вафлях;240.3;3.7;9;24;0;;
ПРОДУКТ;Мороженое пломбир Ваниль;286;4.4;12.4;38.9;0;;
ПРОДУКТ;Мороженое пломбир Фисташка;286;4.6;12.6;38.5;0;;
ПРОДУКТ;Мороженое пломбир в ванильный в вафельном стакане;300;4;22;22;0;;
ПРОДУКТ;Мороженое пломбир в печенье;290.5;4.5;12.5;40;0;;
ПРОДУКТ;Мороженое пломбир ванильный;227;3.7;15;19.4;0;;
ПРОДУКТ;Мороженое пломбир ванильный Кузя;185;3;11;18;0;;
ПРОДУКТ;Мороженое пломбир ванильный в вафельном сахарном рожке;252;4.6;10.5;34.8;0;;
ПРОДУКТ;Мороженое пломбир ванильный в вафельном сахарном рожке с шоколадной глазурью;236;4.2;13.5;24.5;0;;
ПРОДУКТ;Мороженое пломбир ванильный в вафельном стаканчике;243;4.2;14.4;24.1;0;;
ПРОДУКТ;Мороженое пломбир ванильный в вафлях;210;2.5;11.5;24;0;;
ПРОДУКТ;Мороженое пломбир ванильный во взбитой шоколадной глазури «Сам-поЛакомья;300;3.5;23;19.5;0;;
ПРОДУКТ;Мороженое пломбир ванильный с вишнёвым наполнителем;240;3.2;13.1;26.2;0;;
ПРОДУКТ;Мороженое пломбир ванильный с крошкой из шоколадной глазури;220;2.5;14;22;0;;
ПРОДУКТ;Мороженое пломбир крем-брюле;245.95;3;15;23;0;;
ПРОДУКТ;Мороженое пломбир крем-брюле в вафельном стоканчике;253;5;14.9;24.6;0;;
ПРОДУКТ;Мороженое пломбир на сливках ванильно-шоколадное в печенье со вкусом шоколада;357.2;6.2;16;47.1;0;;
ПРОДУКТ;Мороженое пломбир ореховый;270.13;5.2;18;19.9;0;;
ПРОДУКТ;Мороженое пломбир с ароматом ванили;309.3;3.3;24.1;19.8;0;;
ПРОДУКТ;Мороженое пломбир с ароматом ванили в вафельном сахарном рожке;270;4.2;13;34;0;;
ПРОДУКТ;Мороженое пломбир с ароматом ванили в вафельном стаканчике;240;4;15;23;0;;
ПРОДУКТ;Мороженое пломбир с кленовым сиропом, в белом шоколаде с карамелизированным грецким орехом;364.2;5;23.4;33.4;0;;
ПРОДУКТ;Мороженое пломбир с клубничным наполнителем в глазированном тёмным шоколадом вафельном сахарном рожке;283;4.6;14.3;33.8;0;;
ПРОДУКТ;Мороженое пломбир с черничным наполнителем в вафельном стаканчике с глазурью золотой стандарт «С таёжной черникой;262;3.66;12.6;32.7;0;;
ПРОДУКТ;Мороженое пломбир со вкусом фисташки в вафельном стаканчике с глазурью;231.9;3.6;12.7;25.8;0;;
ПРОДУКТ;Мороженое пломбир шоколадный;245.54;3.6;15;22.3;0;;
ПРОДУКТ;Мороженое протеиновое банановое;108.4;15;2;7.6;0;;
ПРОДУКТ;Мороженое с Кокосом;350;4.6;26.1;23.3;0;;
ПРОДУКТ;Мороженое с Крошкой;220;3.9;13.3;21;0;;
ПРОДУКТ;Мороженое с Солёной Карамелью;319;4.2;15.8;39.9;0;;
ПРОДУКТ;Мороженое с Фисташкой;320;4;21;30;0;;
ПРОДУКТ;Мороженое с ароматом ванили;163;2;8;18.7;0;;
ПРОДУКТ;Мороженое с ароматом ванили «Мини-шарики Радуга;178;2.4;12.7;11.3;0;;
ПРОДУКТ;Мороженое с вишней и тёмным шоколадом;177.8;3.3;6.2;27.2;0;;
ПРОДУКТ;Мороженое с кусочками манго;185.3;4.6;10.1;19;0;;
ПРОДУКТ;Мороженое с протеином;145;15;7;5.5;0;;
ПРОДУКТ;Мороженое с протеином шоколадное без сахара;107;14.5;3;5.5;0;;
ПРОДУКТ;Мороженое с шариками Фисташка и шоколад;307;3.8;15.8;37.5;0;;
ПРОДУКТ;Мороженое сливочное;187.61;3.3;10;19.8;0;;
ПРОДУКТ;Мороженое сливочное Жареный арахис в карамели;256.6;5.5;15.4;24;0;;
ПРОДУКТ;Мороженое сливочное банановое;161.6;2;6;24.9;0;;
ПРОДУКТ;Мороженое сливочное ванильное со сгущенным молоком;275;5;11;39;0;;
ПРОДУКТ;Мороженое сливочное клубничное;175.59;3.8;8;20.9;0;;
ПРОДУКТ;Мороженое сливочное крем-брюле;195.81;3.5;10;21.6;0;;
ПРОДУКТ;Мороженое сливочное ореховое;219.58;5.5;13;18.6;0;;
ПРОДУКТ;Мороженое сливочное с вареным сгущеным молоком и грецким орехом в глазированном сахарном вафельном рожке «Пипец;286;5.4;14;34.5;0;;
ПРОДУКТ;Мороженое сливочное фундучно-шоколадное Джиандуйя;207.2;3.9;10.4;24.5;0;;
ПРОДУКТ;Мороженое сливочное шоколадное;195.4;3.5;10;21.5;0;;
ПРОДУКТ;Мороженое со вкусом пралине с карамелью;150;9;6.6;11.6;0;;
ПРОДУКТ;Мороженое трёхслойное пломбир ванильный «Дракончик;200.4;3.1;12;20;0;;
ПРОДУКТ;Мороженое трёхслойное пломбир ванильный «Единорожка;200.4;3.1;12;20;0;;
ПРОДУКТ;Мороженое шоколадное, вафельный стаканчик;220;4;12;25;0;;
ПРОДУКТ;Мороженое эскимо весёлый кактус гранатовый;310;3.1;19.4;30;0;;
ПРОДУКТ;Мороженое эскимо пломбир ванильный в шоколадной глазури с арахисом «Чистый пломбир;337;4.8;25.7;21.7;0;;
ПРОДУКТ;Мороженое эскимо пломбир ванильный с малиновым наполнителем в глазури с ароматом малины и кусочками малины Малиновый кактус;304;3.1;19.6;28.8;0;;
ПРОДУКТ;Мороженое эскимо пломбир крем-блюле в шоколодной глазури с арахисом;330;5;24.3;22.7;0;;
ПРОДУКТ;Мороженое эскимо пломбир с малиной в молочном шоколаде;335;4.2;22.3;29.4;0;;
ПРОДУКТ;Мороженое эскимо сливочное с кокосом, со слоем шербета «Маракуйя» в молочном и в белом шоколаде «Маракуйя-кокос;316;3.71;17.9;34.3;0;;
ПРОДУКТ;Мороженое эскимо сливочное шоколадное с шоколадным наполнителем и шоколадными бисквитами в молочном шоколаде «Магнат шоколадный трюфель;319.08;4.17;18.8;33.3;0;;
ПРОДУКТ;Морозиво «Вершкове;159;3.9;10.8;11.6;0;;
ПРОДУКТ;Морозиво Ескімо «Чорниця-Ожина» «Рудь;162;2.1;6.1;24;0;;
ПРОДУКТ;Морозиво Золотий Рецепт;241;3;15;23.3;0;;
ПРОДУКТ;Морозиво фруктовий лід Круто;128;0.2;3.5;23.9;0;;
ПРОДУКТ;Морошка;43.46;0.8;0;9.8;0;;
ПРОДУКТ;Морс «Лесные ягоды;42.6;0;0;10.5;0;;
ПРОДУКТ;Морс Агуша ягодный сбор;41;0;0;10;0;;
ПРОДУКТ;Морс Клюквенный;43.2;0;0;10.8;0;;
ПРОДУКТ;Морс Облепиховый;43.2;0.2;0.8;8.8;0;;
ПРОДУКТ;Морс ФрутоНяня из клюквы и малины;41;0;0;10;0;;
ПРОДУКТ;Морс ФрутоНяня из ягод;46.74;0;0;11.4;0;;
ПРОДУКТ;Морс брусничный;44.28;0.1;0;10.7;0;;
ПРОДУКТ;Морская Капуста;508;25;24;48;0;;
ПРОДУКТ;Морская Капуста Классическая;630;25;46.8;19;0;;
ПРОДУКТ;Морская Капуста С Морковью;46;1.2;1.3;7.4;0;;
ПРОДУКТ;Морская Капуста С Фукусом;8;0.5;0;1.5;0;;
ПРОДУКТ;Морская капуста (салат с овощами;39.44;0.67;3;2.5;0;;
ПРОДУКТ;Морская капуста в уксусно-мясной заливке — салат с кальмаром;9;1;0.2;0.8;0;;
ПРОДУКТ;Морская капуста маринованная;62.85;1;5;3;0;;
ПРОДУКТ;Морская капуста маринованная «Классическая;15;0.8;0.2;4.6;0;;
ПРОДУКТ;Морская капуста по-корейски готовая;83.29;0.9;7.2;3.1;0;;
ПРОДУКТ;Морская капуста салат Витаминный;66;1.6;3.6;6.8;0;;
ПРОДУКТ;Морская капуста сушеная;487.88;31.5;21.8;38.1;0;;
ПРОДУКТ;Морская капуста терияки;556.3;22;38.3;33.4;0;;
ПРОДУКТ;Морская капуста. Салат «Сахалинский сочный;64.53;1;5;4;0;;
ПРОДУКТ;Морское ухо;78.69;16.7;1.1;0;0;;
ПРОДУКТ;Морской Коктейль Отварной В Рассоле;90;17;1.5;2;0;;
ПРОДУКТ;Морской гребешок;100.58;17;2;3;0;;
ПРОДУКТ;Морской дракон;76.67;15.3;1.5;0;0;;
ПРОДУКТ;Морской еж;106.78;13.8;4.3;2.5;0;;
ПРОДУКТ;Морской желудь балянус;72.68;17.5;0.1;0;0;;
ПРОДУКТ;Морской микс;85;15.6;1.8;1.5;0;;
ПРОДУКТ;Морской микс в масле;191;8.5;17;1;0;;
ПРОДУКТ;Морской микс с овощами в масле;480;4.5;50;4;0;;
ПРОДУКТ;Морской петух;98.88;18;2.7;0;0;;
ПРОДУКТ;Мортадела с чушки;259;12;22;2.7;0;;
ПРОДУКТ;Мортаделла с оливками;445;8;45;2;0;;
ПРОДУКТ;Мортадельки;336;10;32.4;0.1;0;;
ПРОДУКТ;Москвичка;409;0;9.09;81.8;0;;
ПРОДУКТ;Московский;318;4.7;15.7;37;0;;
ПРОДУКТ;Московский картофель со вкусом сыра;552.1;5.5;37;48;0;;
ПРОДУКТ;Моти Из Клубники;283;4;12.3;39;0;;
ПРОДУКТ;Моти С Мороженым;317;4.1;15.2;41;0;;
ПРОДУКТ;Моцарелла безлактозная;224.1;15;16.9;3;0;;
ПРОДУКТ;Моцарелла для бутербродов;297;23.5;22.5;3;0;;
ПРОДУКТ;Моцарелла для пиццы;250;16;20;1.5;0;;
ПРОДУКТ;Моцарелла классическая;257.3;21;19;0.7;0;;
ПРОДУКТ;Моцарелла. Один большой;237.6;16;18;2.9;0;;
ПРОДУКТ;Моцарт;484;6;23;62;0;;
ПРОДУКТ;Мраморная Говядина;230;16;18;0;0;;
ПРОДУКТ;Мука Высший Сорт;330;10;1;69;0;;
ПРОДУКТ;Мука Кондитерская;330;10;1;70;0;;
ПРОДУКТ;Мука Пшеничная Высший Сорт;328;10.2;1.1;69.2;0;;
ПРОДУКТ;Мука Пшеничная Хлебопекарная Обойная;310;12;2;62;0;;
ПРОДУКТ;Мука Пшеничная хлебопекарная высший сорт;360;12;1;75;0;;
ПРОДУКТ;Мука Цельнозерновая Жерлового Помола;284;13.8;1.7;59.3;0;;
ПРОДУКТ;Мука амарантовая;305.25;8.9;1.7;61.7;0;;
ПРОДУКТ;Мука арахисовая;598.58;25;47;14.5;0;;
ПРОДУКТ;Мука блинная;343.9;10.1;1.8;69.7;0;;
ПРОДУКТ;Мука блинная по бабушкиному рецепту для блинчиков, блинов, оладий;339.39;10;1.5;70;0;;
ПРОДУКТ;Мука гороховая;305.58;21;2;49;0;;
ПРОДУКТ;Мука грецкого ореха;419;48;15;23;0;;
ПРОДУКТ;Мука гречневая Гарнец;354.61;12.6;2.6;68;0;;
ПРОДУКТ;Мука гречневая Рязаночка;361.7;13.6;1.2;71.9;0;;
ПРОДУКТ;Мука гречневая С.Пудовъ;353.69;14;1;70;0;;
ПРОДУКТ;Мука гречневая блинная Myllyn Paras;345.84;13;1.7;67.5;0;;
ПРОДУКТ;Мука гречневая диетическая;369.08;13.6;1.2;73.7;0;;
ПРОДУКТ;Мука для пиццы Myllyn Paras;351.91;12.9;2;68.4;0;;
ПРОДУКТ;Мука из зародышей пшеницы;345;33.9;7.7;32.8;0;;
ПРОДУКТ;Мука из овсяных отрубей;325.49;18;7.1;45.3;0;;
ПРОДУКТ;Мука из семян чёрного кунжута Житница здоровья;372.54;26.3;21.3;16.3;0;;
ПРОДУКТ;Мука кедровая;438.91;31;19;33;0;;
ПРОДУКТ;Мука кокосовая;482.21;20;16.6;60;0;;
ПРОДУКТ;Мука кокосовая Coconut Secret;465.53;25;10.7;64.3;0;;
ПРОДУКТ;Мука кокосовая Nutiva безглютеновая;262.09;22;11;17;0;;
ПРОДУКТ;Мука конопляная;297.66;30;7.9;24.7;0;;
ПРОДУКТ;Мука кукурузная;340;8;1;75;0;;
ПРОДУКТ;Мука кукурузная Гарнец;349.59;8;1;75;0;;
ПРОДУКТ;Мука кукурузная диетическая;331.27;7.2;1.5;70.2;0;;
ПРОДУКТ;Мука кукурузная тонкого помола С.Пудовъ;337.83;7;1.5;72;0;;
ПРОДУКТ;Мука кунжутная;427.18;45;12;32;0;;
ПРОДУКТ;Мука льняная;277.4;36;10;9;0;;
ПРОДУКТ;Мука льняная Гарнец;312.95;25;5;40;0;;
ПРОДУКТ;Мука льняная полуобезжиренная С.Пудовъ;312.95;25;5;40;0;;
ПРОДУКТ;Мука миндальная;665.39;25.8;54.5;13;0;;
ПРОДУКТ;Мука нутовая;342.23;10.9;2.9;66;0;;
ПРОДУКТ;Мука нутовая Гарнец;362.7;21.4;5.5;54.6;0;;
ПРОДУКТ;Мука овсяная;391;13.2;6;69.1;0;;
ПРОДУКТ;Мука овсяная Гарнец;370.81;11.9;5.8;65.4;0;;
ПРОДУКТ;Мука овсяная С.Пудовъ;376.63;13;7;63;0;;
ПРОДУКТ;Мука овсяная диетическая;382.56;13;6.8;64.9;0;;
ПРОДУКТ;Мука овсяная цельносмолотая Образ Жизни;377.7;17;6.1;61.3;0;;
ПРОДУКТ;Мука ореховая;367.68;50.1;1.8;35.5;0;;
ПРОДУКТ;Мука подсолнечная;434.15;48.1;12;30.6;0;;
ПРОДУКТ;Мука полбы;369.98;17;2.4;67.8;0;;
ПРОДУКТ;Мука пшеничная;355.96;9.2;1.2;74.9;0;;
ПРОДУКТ;Мука пшеничная 1-го сорта;332.7;10.6;1.3;67.6;0;;
ПРОДУКТ;Мука пшеничная 2 сорт М12-25;319;11.7;1.8;64.1;0;;
ПРОДУКТ;Мука пшеничная 2-го сорта;325.86;11.7;1.8;63.7;0;;
ПРОДУКТ;Мука пшеничная Нижегородская высший сорт;334;10.3;1.1;70.6;0;;
ПРОДУКТ;Мука пшеничная высшего сорта;334.94;10.3;1.1;68.9;0;;
ПРОДУКТ;Мука пшеничная высшего сорта Myllyn Paras;355.6;12.7;2;69.5;0;;
ПРОДУКТ;Мука пшеничная из твёрдых сортов Durum;346.01;10.4;1.1;71.5;0;;
ПРОДУКТ;Мука пшеничная из цельносмолотого зерна Рязаночка;369.62;11.3;1.7;75;0;;
ПРОДУКТ;Мука пшеничная особо тонкого помола;362;10.1;1.6;76.9;0;;
ПРОДУКТ;Мука пшеничная хлебопекарная;330;10;1;71;0;;
ПРОДУКТ;Мука пшеничная хлебопекарная ГОСТ Р 52189-2003;330;10;1;71;0;;
ПРОДУКТ;Мука пшеничная хлебопекарная в/с;334;10.3;1.1;70.6;0;;
ПРОДУКТ;Мука пшеничная хлебопекарная высший сорт «Пышечка;334;10.3;1.1;70;0;;
ПРОДУКТ;Мука пшеничная цельнозерновая;331.4;11;1.4;68.7;0;;
ПРОДУКТ;Мука пшеничная цельнозерновая С.Пудовъ;337.29;10;1;70;0;;
ПРОДУКТ;Мука пшенично-отрубная Дивинка;308.26;11.5;2.2;58.7;0;;
ПРОДУКТ;Мука ржаная Рязаночка;305.66;8.9;1.7;61.8;0;;
ПРОДУКТ;Мука ржаная грубого помола;289.1;9.4;2.3;55.9;0;;
ПРОДУКТ;Мука ржаная обдирная;345.49;9;1;73;0;;
ПРОДУКТ;Мука ржаная обойная;294.4;10.7;1.9;56.8;0;;
ПРОДУКТ;Мука ржаная сеяная;317.23;6.9;1.4;67.3;0;;
ПРОДУКТ;Мука рисовая Гарнец;351.2;7;0.6;77.3;0;;
ПРОДУКТ;Мука рисовая С.Пудовъ;361.89;7;1;79;0;;
ПРОДУКТ;Мука рисовая без глютена;350;7;0.5;78;0;;
ПРОДУКТ;Мука рисовая диетическая;372.11;7.4;0.6;82;0;;
ПРОДУКТ;Мука соевая дезодорированная обезжиренная (высшего сорта;236;50;2;4.5;0;;
ПРОДУКТ;Мука соевая необезжиренная;395.83;36.5;18.6;17.9;0;;
ПРОДУКТ;Мука соевая обезжиренная;298.75;48.9;1;21.7;0;;
ПРОДУКТ;Мука соевая полуобезжиренная;342.86;43;9.5;19.1;0;;
ПРОДУКТ;Мука тритикале;370.55;13.2;1.8;73.1;0;;
ПРОДУКТ;Мука тыквенная;313.21;33;9;23;0;;
ПРОДУКТ;Мука универсальная Гарнец без глютена;370.09;5;1;83;0;;
ПРОДУКТ;Мука чечевичная;353.69;28;1;56;0;;
ПРОДУКТ;Мука ячменная;285.87;10;1.6;56.1;0;;
ПРОДУКТ;Муксун;90.33;17.5;2;0;0;;
ПРОДУКТ;Мульти Чипсы картофельные со вкусом сыра со сметаной;439;5.5;25;48;0;;
ПРОДУКТ;МультиМикс;547;1;31;66;0;;
ПРОДУКТ;Мультизлаковая каша Малютка молочная с печеньем;435.87;13.3;11.7;66.5;0;;
ПРОДУКТ;Мультизлаковая каша Малютка молочная с фруктами и овсянкой;457.05;12.2;14.2;67.1;0;;
ПРОДУКТ;Мультизлаковая каша молочная С яблоком бананом и земляникой;393;10;12.5;62;0;;
ПРОДУКТ;Мультизлаковая кашка ФрутоНяня молочная жидкая;67.78;2.1;2;9.9;0;;
ПРОДУКТ;Мультифрукт сок;125;2;0;28.3;0;;
ПРОДУКТ;Муравейник;468.4;6.1;27.6;48.9;0;;
ПРОДУКТ;Мус Творожный;99;4.7;2.7;14.2;0;;
ПРОДУКТ;Мускатный орех;575.2;20;50;7;0;;
ПРОДУКТ;Мускатный орех молотый;575.2;20;50;7;0;;
ПРОДУКТ;Мускатный цвет (мацис;451.77;6.7;32.3;30.3;0;;
ПРОДУКТ;Мусли;380;3.5;6.5;74;0;;
ПРОДУКТ;Мусс Из Фасоли С Орехами;220;12;5.5;30;0;;
ПРОДУКТ;Мусс Творожный Вишня-черешня;118.4;6.4;3.2;16;0;;
ПРОДУКТ;Мусс Творожный Клубника-банан;115.2;6.6;3.2;15;0;;
ПРОДУКТ;Мусс Творожный Малина;111.9;4.5;2.7;17.4;0;;
ПРОДУКТ;Мусс Творожный С Вишней;92.9;4.1;2.5;13.5;0;;
ПРОДУКТ;Мусс из марки с работой и клюквой;159;2.91;5.41;24.5;0;;
ПРОДУКТ;Мусс твороженный клубника стружка кокоса;141.3;3.3;8.1;13.8;0;;
ПРОДУКТ;Мусс творожный банан, клубника, голубика;145;4.4;7.68;14.5;0;;
ПРОДУКТ;Мусс творожный с грушей;92.8;4.1;2.5;13.5;0;;
ПРОДУКТ;Мутаки с изюмом и черносливом;407;6.5;20.6;49;0;;
ПРОДУКТ;Мушля;337;10.5;1.1;71.2;0;;
ПРОДУКТ;Мушмула германская;49.2;0;0;12;0;;
ПРОДУКТ;Мушмула японская;46.14;0.4;0.2;10.4;0;;
ПРОДУКТ;Мышечные желудочки цыплят-бройлеров охлажденные;143;20;7;0;0;;
ПРОДУКТ;Мюсли;436;14.9;16.5;56.9;0;;
ПРОДУКТ;Мюсли AXA хрустящие медовые с фруктами и орехами;386.15;7.8;13.1;56.7;0;;
ПРОДУКТ;Мюсли Horeca Select с фруктами и орехами;351.67;11.4;7.8;56.7;0;;
ПРОДУКТ;Мюсли Mätti с ежевикой и малиной;390;7.5;13;62;0;;
ПРОДУКТ;Мюсли Vitalis фруктовые;325.22;7.8;4.6;61.1;0;;
ПРОДУКТ;Мюсли Vitalis шоколадные;415.97;10;13;62;0;;
ПРОДУКТ;Мюсли hazelnuts crunchy;462;8;17;66;0;;
ПРОДУКТ;Мюсли «Солёная карамель;390;8;13;60;0;;
ПРОДУКТ;Мюсли «Шоколад И Косос;470;10.5;21.5;56;0;;
ПРОДУКТ;Мюсли Τραγανες Μπουκιες Φρουτα;455.56;6.89;18.22;62.22;0;;
ПРОДУКТ;Мюсли Арахисовая паста;380;9;15;51;0;;
ПРОДУКТ;Мюсли Банан и Шоколад;413;10.5;9.4;69.2;0;;
ПРОДУКТ;Мюсли Бон;340.12;8.8;5.1;62.6;0;;
ПРОДУКТ;Мюсли Гранола Молочный Шоколад-Фундук;410;9.8;15;58.9;0;;
ПРОДУКТ;Мюсли Запечённые Шоколадные;473.2;8.5;20.4;63.9;0;;
ПРОДУКТ;Мюсли Злаки персик-ананас;368.5;3.5;6.5;74;0;;
ПРОДУКТ;Мюсли Злаки+Клюква;380;3.5;6.5;73;0;;
ПРОДУКТ;Мюсли Клубника Миндаль;400;10;15;54;0;;
ПРОДУКТ;Мюсли Мульти, Лен,Тыква, Яблоко;270;8;3.5;51;0;;
ПРОДУКТ;Мюсли ОлЛайт;176;3.7;5.9;25.9;0;;
ПРОДУКТ;Мюсли Эпоха злаков Фруктовый сад;337.31;9.3;4.4;63;0;;
ПРОДУКТ;Мюсли Ягодные;386;9.9;7.9;68.9;0;;
ПРОДУКТ;Мюсли батончик;306;6;11.6;29.4;0;;
ПРОДУКТ;Мюсли запеченные с орехом;470;9.5;20;60;0;;
ПРОДУКТ;Мюсли запеченные с яблоком;440;9;15;65;0;;
ПРОДУКТ;Мюсли запеченые шоколад-миндаль;399;12;11;63;0;;
ПРОДУКТ;Мюсли запечённые (с орехом;470;9.5;20;60;0;;
ПРОДУКТ;Мюсли запечённые с лесным орехом;470;10;20;60;0;;
ПРОДУКТ;Мюсли запечённые тропик микс;420;10;11;67;0;;
ПРОДУКТ;Мюсли с бананом и шоколадом;390;7;13;62;0;;
ПРОДУКТ;Мюсли шоколадное ассорти;410;7.5;15;62;0;;
ПРОДУКТ;Мюсличенье с ядром подсолнечника;480;10.1;24.4;55;0;;
ПРОДУКТ;Мягкие Вафли С Карамелью;435;5;23;52;0;;
ПРОДУКТ;Мягкие вафли акульчев земляника;390;4;15;60;0;;
ПРОДУКТ;Мягкие вафли с кремом вареная сгущенка;410;5.5;20;51;0;;
ПРОДУКТ;Мягкие вафли с суфле и фруктовой начинкой Черника;420;4.5;22;52;0;;
ПРОДУКТ;Мягкие зерновые хлебцы на ржаной закваске;340;10;13;45;0;;
ПРОДУКТ;Мягкий Сыр Бри;322.7;16.7;27.5;2.1;0;;
ПРОДУКТ;Мягкий Творог С Клубникой И Соком Земляники;134;10.8;4;13.8;0;;
ПРОДУКТ;Мягкий соленый сыр - Фавита;230;10;18;7;0;;
ПРОДУКТ;Мякоть Бедра;195;16.5;14.4;0;0;;
ПРОДУКТ;Мякоть Бедра Курицы;153.3;17.4;9.3;0;0;;
ПРОДУКТ;Мякоть Говядины;123.8;17;6.2;0;0;;
ПРОДУКТ;Мякоть Лопатки Говяжья;172;16;12;0;0;;
ПРОДУКТ;Мякоть бедра цыпленка в маринаде с печеным перцем;154;16.9;8.4;2.7;0;;
ПРОДУКТ;Мяо индейки в собственном соку;182;12;14;2;0;;
ПРОДУКТ;Мясная Лазанья;190;9;10;16;0;;
ПРОДУКТ;Мясной Протеин С Копчёной Курочкой И Огурчиком;170;20;10;2;0;;
ПРОДУКТ;Мясной снек;294;36;14;6;0;;
ПРОДУКТ;Мясные Подушечки Домашние;220;8;11;22;0;;
ПРОДУКТ;Мясные Подушечки С Грибами;260;9;12;27;0;;
ПРОДУКТ;Мясные Чипсы;330;56;12;0;0;;
ПРОДУКТ;Мясные подушечки классические;250;9;12;27;0;;
ПРОДУКТ;Мясные чипсы с индейкой чёрный перец;247;55;3;0;0;;
ПРОДУКТ;Мясо Индеек:Бескостное мясо голени охлажденное;120;20;4;0;0;;
ПРОДУКТ;Мясо Индейки Сушёное С Перцем;260;50;6;1;0;;
ПРОДУКТ;Мясо бедра бескостного цыплят-бройлеров в маринаде Сладкий чили;108.7;16.9;3.1;3.3;0;;
ПРОДУКТ;Мясо бедра индейки в маринаде Чесночный;146.5;18.2;7.3;2;0;;
ПРОДУКТ;Мясо косули;143.48;21.4;6;0;0;;
ПРОДУКТ;Мясо криля;99.95;17.5;1.8;2.8;0;;
ПРОДУКТ;Мясо мидий тихоокеанских;80;14;2.5;0.1;0;;
ПРОДУКТ;Мясо по-французски с печёным картофелем;188;8.2;13.2;9.1;0;;
ПРОДУКТ;Мясо цыпленка в собственном соку;210.14;15;16;0;0;;
ПРОДУКТ;Мясо цыплят в собственном соку;200;15;15;0;0;;
ПРОДУКТ;Мясо цыплёнка в собственном соку;160;13;12;0;0;;
ПРОДУКТ;Мята свежая;51.69;3.7;0.4;8;0;;
ПРОДУКТ;Мята сушеная;228.35;19.9;6;22.2;0;;
ПРОДУКТ;Мята-ромашка-чабрец;409.2;0.2;0;90;0;;
ПРОДУКТ;Мятная настойка;26.24;0;0;6.4;0;;
ПРОДУКТ;Мятные пряники;360;5;6.5;71;0;;
ПРОДУКТ;Мятый Картофель Со Свиной Вырезкой В Соусе Терияки;150.12;8.52;8.84;9.12;0;;
ПРОДУКТ;Мяу молочный напиток;81;3.4;2.6;11;0;;
ПРОДУКТ;Мёд;337.43;0.8;0;81.5;0;;
ПРОДУКТ;Мёд Натуральный Цветочный Полифлорный «Берестов А.С.» «Избранное» «Акациевый;324;0.8;0;80.3;0;;
ПРОДУКТ;Мёд акациевый;294.38;0.8;0;71;0;;
ПРОДУКТ;Мёд вересковый;337.43;0.8;0;81.5;0;;
ПРОДУКТ;Мёд гречишный;320;0.8;0;80.3;0;;
ПРОДУКТ;Мёд дальневосточный липовый;280;0;0;71;0;;
ПРОДУКТ;Мёд дягилевый;337.02;0.2;0;82;0;;
ПРОДУКТ;Мёд искусственный;315.7;0;0;77;0;;
ПРОДУКТ;Мёд липовый;329.23;0.6;0;79.7;0;;
ПРОДУКТ;Мёд майский;339.07;0.3;0;82.4;0;;
ПРОДУКТ;Мёд монофлорный;332.51;0.8;0;80.3;0;;
ПРОДУКТ;Мёд натуральный цветочный;320;0.8;0;80.3;0;;
ПРОДУКТ;Мёд падевый;332.51;0.8;0;80.3;0;;
ПРОДУКТ;Мёд подсолнечный;328;1;0;79;0;;
ПРОДУКТ;Мёд рапсовый;337.43;0.8;0;81.5;0;;
ПРОДУКТ;Мёд цветочный;329.64;0.3;0;80.1;0;;
ПРОДУКТ;Мілка баблз молочний шоколад пористий;533.4;5.7;30;59;0;;
ПРОДУКТ;НАПИТОК МИНДАЛЬНЫЙ;26;0.5;1.2;3.1;0;;
ПРОДУКТ;НЕИДИ ДАРК 85;603;9.3;52;16;0;;
ПРОДУКТ;Набор «Вдохновение» «Премиум коллекция» Ассорти;560;6;36;51;0;;
ПРОДУКТ;Набор Для Окрошки С Куриным Филе;66.6;6.3;2.6;4.5;0;;
ПРОДУКТ;Набор Молочный шоколад;535;7.1;37.8;53;0;;
ПРОДУКТ;Набор для Окрошки с Куриной Колбасой;83.1;7;3.1;6.8;0;;
ПРОДУКТ;Набор для глинтвейна Глинтмейстер Красная жара;370.61;7;9;63;0;;
ПРОДУКТ;Набор конфет Линдт линдор;626.67;4.7;49;41;0;;
ПРОДУКТ;Набор пирожных Корзинка;360;4;11;61;0;;
ПРОДУКТ;Набор шоколадных конфет с начинками «Бабаевский». С целым фундуком и дроблёным миндалём в тёмном шоколаде. Dark cream collection;570;7.5;37;49;0;;
ПРОДУКТ;Набор „Mini Nut Tower;569;7.2;38;47;0;;
ПРОДУКТ;Навага;75.3;16.1;1;0;0;;
ПРОДУКТ;Навага беломорская;93.58;19.2;1.6;0;0;;
ПРОДУКТ;Навага дальневосточная;70.27;15.1;0.9;0;0;;
ПРОДУКТ;Наггемсы Куриные Хрустящие;45;0;0;11.2;0;;
ПРОДУКТ;Наггетсы;96.5;10;2.5;8.5;0;;
ПРОДУКТ;Наггетсы «классические;133.4;15.7;1.8;13.6;0;;
ПРОДУКТ;Наггетсы Замороженные;167.2;12.5;5.2;17.6;0;;
ПРОДУКТ;Наггетсы Из Индейки;160;18.59;1.7;17.3;0;;
ПРОДУКТ;Наггетсы Куриные;183.5;12.3;7.4;17;0;;
ПРОДУКТ;Наггетсы Куриные Классические;180;13.5;7.5;14;0;;
ПРОДУКТ;Наггетсы Курушки с сочной курочкой;230;8;11;24;0;;
ПРОДУКТ;Наггетсы НеМясо со вкусом курочки;148.5;8.3;5.7;16;0;;
ПРОДУКТ;Наггетсы Овощные;112.8;2.1;2;21.6;0;;
ПРОДУКТ;Наггетсы Сли́вушки;220;8;10;25;0;;
ПРОДУКТ;Наггетсы из куриной грудки Традиционный вкус;306;18;14;27;0;;
ПРОДУКТ;Наггетсы классические;25.1;12.5;4.5;3;0;;
ПРОДУКТ;Наггетсы куриные Бон Меню;221;10.4;9.4;23.7;0;;
ПРОДУКТ;Наггетсы куриные Мираторг классические;216.77;13.3;10.8;15.1;0;;
ПРОДУКТ;Наггетсы куриные Мираторг с ветчиной;235.68;13.3;13.1;14.5;0;;
ПРОДУКТ;Наггетсы куриные Мираторг с сыром;224.83;12.3;11.8;15.8;0;;
ПРОДУКТ;Наггетсы куриные Мираторг с сыром и грибами;232.87;13;12.4;15.7;0;;
ПРОДУКТ;Наггетсы куриные Мираторг хрустящие;229.26;12.9;12.1;15.6;0;;
ПРОДУКТ;Наггетсы куриные с сыром Мироторг;213.6;11.2;9.6;20.5;0;;
ПРОДУКТ;Наггетсы куриные хрустящие;180;13.5;7.5;14;0;;
ПРОДУКТ;Наггетсы растительные;260;7;11;32;0;;
ПРОДУКТ;Наггетсы тресковые;120;8.5;1;18;0;;
ПРОДУКТ;Наггетсы хрустящие с сочной курочкой;220;8;10;25;0;;
ПРОДУКТ;Наггется Нагетосы сочная курочка в хрустящей панировке;240;9;10;29;0;;
ПРОДУКТ;Нагетсы;203;12.6;8.7;18.6;0;;
ПРОДУКТ;Нагетсы Куриные С Ветчиной;198;12;10.5;14;0;;
ПРОДУКТ;Нагетсы Куриные Хрустящие;182.7;13;7.4;16;0;;
ПРОДУКТ;Нагетсы куриные с сыром;193.5;11;9.5;16;0;;
ПРОДУКТ;Нагетсы с ветчиной;168.8;11.4;9.1;10.3;0;;
ПРОДУКТ;Наденица Сръбска;335;19;28;3.1;0;;
ПРОДУКТ;Налим (печень;632.49;4.2;65.7;1.2;0;;
ПРОДУКТ;Налим отварной;94.24;21.4;0.7;0;0;;
ПРОДУКТ;Налим свежий;82.65;18.8;0.6;0;0;;
ПРОДУКТ;Налистники С Творогом;365;9.5;25.6;24;0;;
ПРОДУКТ;Нама Шоколад «Молочный;516;6.45;38.7;38.7;0;;
ПРОДУКТ;Намажи нещо;431;13.6;29;32;0;;
ПРОДУКТ;Намазка с зеленью;400;7.5;41;1.5;0;;
ПРОДУКТ;Напиток 7UP Бургер Кинг;43.87;0;0;10.7;0;;
ПРОДУКТ;Напиток Alpro vanilla;56;3;1.8;6.7;0;;
ПРОДУКТ;Напиток Aqua Minerale Active;18.45;0;0;4.5;0;;
ПРОДУКТ;Напиток BSN Syntha-6 Protein Shake;46.41;5.7;1.2;2.9;0;;
ПРОДУКТ;Напиток BonAqua Viva;18.86;0;0;4.6;0;;
ПРОДУКТ;Напиток Dymatize Elite Liquid Protein;91.43;22.3;0;0;0;;
ПРОДУКТ;Напиток Exponenta;35;6;0;3;0;;
ПРОДУКТ;Напиток FortiCare со вкусом апельсин-лимон;164.45;9;5.3;19.1;0;;
ПРОДУКТ;Напиток FortiCare со вкусом капучино;164.45;9;5.3;19.1;0;;
ПРОДУКТ;Напиток FortiCare со вкусом персик-имбирь;164.45;9;5.3;19.1;0;;
ПРОДУКТ;Напиток Herbalife Восстановление выносливости;384.63;20;0.8;72;0;;
ПРОДУКТ;Напиток Herbalife Гидратация;54.94;0.2;0;13.2;0;;
ПРОДУКТ;Напиток Herbalife Овсяно-Яблочный;53.85;1.9;0.5;10.1;0;;
ПРОДУКТ;Напиток Herbalife Повышение выносливости;375.07;11.3;0.3;79.5;0;;
ПРОДУКТ;Напиток Let's Go Вишня;60;8.8;0;8;0;;
ПРОДУКТ;Напиток Mirinda Бургер Кинг;50.02;0;0;12.2;0;;
ПРОДУКТ;Напиток Nestea Vitao Белый чай со вкусом абрикоса;25.83;0;0;6.3;0;;
ПРОДУКТ;Напиток Nestea Vitao Зеленый чай со вкусом клубники и Алое Вера;30.75;0;0;7.5;0;;
ПРОДУКТ;Напиток Nestea Вкус лесных ягод;31.98;0;0;7.8;0;;
ПРОДУКТ;Напиток Nestea Вкус лимона;30.75;0;0;7.5;0;;
ПРОДУКТ;Напиток Nestea Вкус персика;27.88;0;0;6.8;0;;
ПРОДУКТ;Напиток Nutridrink Compact Fibre со вкусом кофе;238.48;9.4;10.4;25.2;0;;
ПРОДУКТ;Напиток Nutridrink Compact Protein со вкусом банана;246.41;14.4;9.4;24.4;0;;
ПРОДУКТ;Напиток Nutridrink Compact Protein со вкусом ванили;246.41;14.4;9.4;24.4;0;;
ПРОДУКТ;Напиток Nutridrink Compact Protein со вкусом клубники;246.41;14.4;9.4;24.4;0;;
ПРОДУКТ;Напиток Nutridrink Compact Protein со вкусом кофе;246.41;14.4;9.4;24.4;0;;
ПРОДУКТ;Напиток Nutridrink Compact Protein со вкусом персик-манго;246.41;14.4;9.4;24.4;0;;
ПРОДУКТ;Напиток Nutridrink Compact с нейтральным вкусом;247.53;9.6;9.3;29.7;0;;
ПРОДУКТ;Напиток Nutridrink со вкусом ванили;153.92;6;5.8;18.4;0;;
ПРОДУКТ;Напиток Nutridrink со вкусом клубники;153.92;6;5.8;18.4;0;;
ПРОДУКТ;Напиток Nutridrink со вкусом шоколада;153.92;6;5.8;18.4;0;;
ПРОДУКТ;Напиток Pepsi Бургер Кинг;44.28;0;0;10.8;0;;
ПРОДУКТ;Напиток Renilon со вкусом абрикоса;205.65;7.5;10;20;0;;
ПРОДУКТ;Напиток Renilon со вкусом карамели;205.65;7.5;10;20;0;;
ПРОДУКТ;Напиток «Грейпфрут-апельсин;40.2;0.5;0.2;9;0;;
ПРОДУКТ;Напиток Апельсиновый сок McDonalds 400 мл;189.69;3;1;41;0;;
ПРОДУКТ;Напиток Газированный Тонизирующий Энергетический Маракуйя;49.3;0;0.1;12.1;0;;
ПРОДУКТ;Напиток Двойной Эспрессо McDonalds;2.57;0.2;0.1;0.2;0;;
ПРОДУКТ;Напиток Канада;50.5;0.2;0.1;12.2;0;;
ПРОДУКТ;Напиток Капучино McDonalds 300 мл;126.53;6;7;9;0;;
ПРОДУКТ;Напиток Кисломолочный;60;12;0;3;0;;
ПРОДУКТ;Напиток Кисломолочный Protein;75.3;12.1;0.5;5.6;0;;
ПРОДУКТ;Напиток Кока-Кола McDonalds 400 мл;172.2;0;0;42;0;;
ПРОДУКТ;Напиток Кока-Кола Лайт McDonalds 400 мл;1.64;0.4;0;0;0;;
ПРОДУКТ;Напиток Кокосовый;35.1;0.4;1.5;5;0;;
ПРОДУКТ;Напиток Кофе McDonalds 200 мл;6.78;0.6;0.2;0.6;0;;
ПРОДУКТ;Напиток Кофе Глясе McDonalds;122.17;4;3;19;0;;
ПРОДУКТ;Напиток Кофе Капучино KFC 300 мл;61.06;1.8;1.1;10.6;0;;
ПРОДУКТ;Напиток Кофе Латте McDonalds;130.63;6;7;10;0;;
ПРОДУКТ;Напиток Лимон-Лайм на основе флорентинной пихтовой воды;12.8;0;0;3.2;0;;
ПРОДУКТ;Напиток Липтон Айс-Ти Зелёный McDonalds 400 мл;110.7;0;0;27;0;;
ПРОДУКТ;Напиток Липтон Айс-Ти Лимон McDonalds 400 мл;110.7;0;0;27;0;;
ПРОДУКТ;Напиток Молочный Высокобелковый Обезжиренный Безлактозный «Ванильный Пломбир;80;14;0.2;5.5;0;;
ПРОДУКТ;Напиток Молочный мир Бамбл кофе;65;3;1.3;10.5;0;;
ПРОДУКТ;Напиток Молочный мир Капучино;65;3;1.3;10.5;0;;
ПРОДУКТ;Напиток Молочный шейк (ванильный) Бургер Кинг;149.09;3.9;4;23.4;0;;
ПРОДУКТ;Напиток На Рисовой Основе Кокосовый;50;0.5;1.5;8.5;0;;
ПРОДУКТ;Напиток На Рисовой Основе Миндальный;50;0.5;1.5;8.5;0;;
ПРОДУКТ;Напиток Овсяный Классический;58.8;1;3.2;6.5;0;;
ПРОДУКТ;Напиток Полбяной с Курагой и Грушей;50;0.3;0.2;11;0;;
ПРОДУКТ;Напиток Протеиновый;73.7;12.1;0.5;5.2;0;;
ПРОДУКТ;Напиток Спрайт McDonalds 400 мл;169.74;0.4;0;41;0;;
ПРОДУКТ;Напиток Фанта McDonalds 400 мл;190.24;0.4;0;46;0;;
ПРОДУКТ;Напиток безалкогольный Woongjin Зеленая слива с добавлением сахара;55.56;0;0;13.89;0;;
ПРОДУКТ;Напиток безалкогольный Шорли яблочный с грушей слабогазированный;28;0;0;7;0;;
ПРОДУКТ;Напиток безалкогольный витаминизированный Абрикос - Галангал - Ройбуш;15.4;0;0;3.85;0;;
ПРОДУКТ;Напиток безалкогольный газированный;45;0;0;11.3;0;;
ПРОДУКТ;Напиток безалкогольный газированный Coca-cola Plus;2.2;0;0;1.2;0;;
ПРОДУКТ;Напиток безалкогольный газированный виноград;13.31;0.01;0.03;3.25;0;;
ПРОДУКТ;Напиток безалкогольный газированный вкус лимон;12.28;0.01;0;3.06;0;;
ПРОДУКТ;Напиток безалкогольный газированный вкус персик;12.56;0.02;0;3.12;0;;
ПРОДУКТ;Напиток безалкогольный газированный натурали с соком апельсина и граната;37;0.1;0;8.8;0;;
ПРОДУКТ;Напиток безалкогольный газированный натуралист с соком лимона;34.55;0.03;0.03;7.97;0;;
ПРОДУКТ;Напиток безалкогольный газированный сокосодержащий «Tams Sparkling Grape;50;0;0;12;0;;
ПРОДУКТ;Напиток безалкогольный лимонад из лавки с соком манго и маракуйи сильногазированный пастеризованный;31;0;0;7.8;0;;
ПРОДУКТ;Напиток безалкогольный негазированный;4;0;0;1;0;;
ПРОДУКТ;Напиток безалкогольный негазированный Холодный чай «Липтон» со вкусом персика;20;0;0;5;0;;
ПРОДУКТ;Напиток безалкогольный негазированный на сосновых почках;31.25;0;0;7.92;0;;
ПРОДУКТ;Напиток безалкогольный негазированный со вкусом персика A'SU VO;20;0;0;5;0;;
ПРОДУКТ;Напиток безалкогольный негазированный сокосодержащий с добавлением сока арбуза;38;0;0;9.5;0;;
ПРОДУКТ;Напиток безалкогольный с соком Апельсин-морковь- лимон с витаминами A,C,E;43;0;0;10;0;;
ПРОДУКТ;Напиток безалкогольный сильногазированный Cherry;28;0;0;6.8;0;;
ПРОДУКТ;Напиток безалкогольный сильногазированный «FruStyle вкус лимона лайм;18;0;0;4.4;0;;
ПРОДУКТ;Напиток безалкогольный сильногазированный «Мохито;20;0;0;4.5;0;;
ПРОДУКТ;Напиток безалкогольный сильногазированный «Сенежская + лимон-мята;2;0;0;0.5;0;;
ПРОДУКТ;Напиток безалкогольный сильногазированный Эвервесс 'Кола'(Cola;44;0;0;11.1;0;;
ПРОДУКТ;Напиток безалкогольный сильногазированный ароматизированный, на основе природной минеральной питьевой столовой газированной воды «Perrier» со вкусом Антанаса и манго;13;0;0;3;0;;
ПРОДУКТ;Напиток безалкогольный тонизирующий газированный «Адреналин игровая энергия» («ADRENALINE GAME FUEL;18;0;0;4.2;0;;
ПРОДУКТ;Напиток берёзовый настоянный на мяте с сахаром;25;0;0;6;0;;
ПРОДУКТ;Напиток брожения комбуча на чайном грибе зелёный чай;21;0.4;0;9;0;;
ПРОДУКТ;Напиток быстрорастворимый Горячий шоколад со вкусом шоколадного пломбира;127.85;7.2;0.25;24.2;0;;
ПРОДУКТ;Напиток витаминизированный «Энерджи;16;0;0;4;0;;
ПРОДУКТ;Напиток высокобелковый;75.79;10.53;1.53;5;0;;
ПРОДУКТ;Напиток высокобелковый со вкусом «Пина Колада;80;14;0.2;5.5;0;;
ПРОДУКТ;Напиток газированный Melon;42;0;0;10.2;0;;
ПРОДУКТ;Напиток газированный Лос-Анджелес Кола;17;0;0;4.3;0;;
ПРОДУКТ;Напиток газированный безалкогольный Soda Cream;45;0;0;11.2;0;;
ПРОДУКТ;Напиток газированный оригинальный вкус;45;0;0;11.3;0;;
ПРОДУКТ;Напиток йогуртный пастеризованный с персиком и маракуйей;75;2.2;1.2;13.1;0;;
ПРОДУКТ;Напиток кисломолочный Protein+ «Малина;78.2;12.1;1;5.2;0;;
ПРОДУКТ;Напиток кисломолочный Protein+ «Манго-Персик;77.8;12.1;1;5.1;0;;
ПРОДУКТ;Напиток кисломолочный Варенец;51;2.8;2.5;4.2;0;;
ПРОДУКТ;Напиток кисломолочный Клубника-земляника;60;12;0;2.5;0;;
ПРОДУКТ;Напиток кисломолочный Лимонный чизкейк;60;12;0;2.5;0;;
ПРОДУКТ;Напиток кисломолочный Снежок с сахаром 2,5;78.15;2.8;2.5;11;0;;
ПРОДУКТ;Напиток кисломолочный обезжиренный с высоким содержанием белка Экспонента Норм-Про со вкусом клубника-ванильные сливки;32;5;0;3;0;;
ПРОДУКТ;Напиток кисломолочный обезжиренный с высоким содержанием белка Экспонента Хай-Про со вкусом манго-кокос;60;12;0;2.5;0;;
ПРОДУКТ;Напиток кисломолочный обезжиренный с высоким содержанием белка экспонента хай-про со вкусом клубника-арбуз;60;12;0;2.5;0;;
ПРОДУКТ;Напиток кисломолочный со вкусом черники;67;2.6;1;12;0;;
ПРОДУКТ;Напиток кисломолочный “PROTEIN;71;12;0.5;4.8;0;;
ПРОДУКТ;Напиток кокосово-рисовый;32.03;0.7;1;5;0;;
ПРОДУКТ;Напиток кокосовый на соевой основе;35.5;1.5;1.5;4;0;;
ПРОДУКТ;Напиток кокосовый ультрапастеризованный;28;1;1.2;3.3;0;;
ПРОДУКТ;Напиток кофе Капучино Бургер Кинг;48.73;2;2.2;4.9;0;;
ПРОДУКТ;Напиток кофе Латте Бургер Кинг;60.86;2.6;2.8;5.9;0;;
ПРОДУКТ;Напиток кофейный растворимый Jacobs Милка капучино с добавлением какао-порошка;420;6;12;69;0;;
ПРОДУКТ;Напиток кофейный растворимый ароматизированный 3 в 1 Мягкий;470;2;17;77;0;;
ПРОДУКТ;Напиток кофейный растворимый ароматизированный Жокей 3 в 1 Крепкий (3 in 1 Strong;420;2.5;9;83;0;;
ПРОДУКТ;Напиток магниевый негазированный со вкусом лайма и мяты;14;0;0;3.5;0;;
ПРОДУКТ;Напиток магниевый негазированный чёрный чай - персик;14;0;0;3.5;0;;
ПРОДУКТ;Напиток малиновый с мятой;29.7;0.2;0.1;7;0;;
ПРОДУКТ;Напиток манго;50;1;0;12.6;0;;
ПРОДУКТ;Напиток молочный кофейный «капучино;60;2.4;2.7;7;0;;
ПРОДУКТ;Напиток на иван-чае лесные ягоды;41.2;0.3;0;10;0;;
ПРОДУКТ;Напиток овсяный Nemoloko;60;1;3.2;6.5;0;;
ПРОДУКТ;Напиток овсяный обогащенный витаминами и минеральными веществами;65;2;3.2;6.5;0;;
ПРОДУКТ;Напиток ореховый Кешью шоколад;48;1.1;2;6.4;0;;
ПРОДУКТ;Напиток растворимый ВЭЙ ПРО со вкусом капучино;373;70.3;6;9.4;0;;
ПРОДУКТ;Напиток растительный «MOLOKO Кокосовое;35.4;0.7;1.4;5;0;;
ПРОДУКТ;Напиток с высоким содержанием белка со вкусом вишни;73;12;0;5;0;;
ПРОДУКТ;Напиток с высоким содержанием белка со вкусом клубники;73;12;0;5;0;;
ПРОДУКТ;Напиток с высоким содержанием белка со вкусом малины;73;12;0;5;0;;
ПРОДУКТ;Напиток соевый со вкусом банана;45;2;1;7.5;0;;
ПРОДУКТ;Напиток сокосодержащий «Гуава;42;0;0;9.9;0;;
ПРОДУКТ;Напиток сокосодержащий Энергия Фруктов манго-гуава-лайм-личи с мякотью для детского питания «Сокровище Тропиков;55.2;0;0;14;0;;
ПРОДУКТ;Напиток сокосодержащий грейпфрутовый;47;0;0;11;0;;
ПРОДУКТ;Напиток сокосодержащий из киви и яблока;39;0;0;9.6;0;;
ПРОДУКТ;Напиток сокосодержащий из манго и маракуйи;50;0;0;12;0;;
ПРОДУКТ;Напиток сокосодержащий из шиповника;43.5;0.15;0.05;11.2;0;;
ПРОДУКТ;Напиток сокосодержащий негазированный из ананаса пастеризованный;44;0;0;11;0;;
ПРОДУКТ;Напиток сокосодержащий негазированный из мангостина пастеризованный;44;0;0;11;0;;
ПРОДУКТ;Напиток сокосодержащий негазированный из розовой гуавы пастеризованный;42;0;0;10.5;0;;
ПРОДУКТ;Напиток сывороточно-молочный вкус Мятное Яблоко;45;0.4;0.02;10.7;0;;
ПРОДУКТ;Напиток сывороточно-молочный персик-маракуйя;50;0.5;0.04;12.9;0;;
ПРОДУКТ;Напиток энергетический Arctic;48;0;0;11.6;0;;
ПРОДУКТ;Напмток растительный «Молоко миндальное;35.3;0.6;1.3;5.3;0;;
ПРОДУКТ;Наполеон;255;5.9;16.7;20.4;0;;
ПРОДУКТ;Наполеон С Вареным Сгущенным Молоком;315;5.5;17;35;0;;
ПРОДУКТ;Напій Капучино з ароматом Кубинського рому;264;8.76;4.52;36.2;0;;
ПРОДУКТ;Напій Пепсі Кола 0,33;606.06;0;0;2.12;0;;
ПРОДУКТ;Напій ананасовий;39;0;0;10.2;0;;
ПРОДУКТ;Напій безалкогольний соковий не газований Живчик з соком яблука пастеризований;37;0;0;9.6;0;;
ПРОДУКТ;Нарезной Пирог Со Вкусом Шоколада;380;6;18;49;0;;
ПРОДУКТ;Нарезной батон;260;7.5;3;51;0;;
ПРОДУКТ;Нарцисс» набор конфет;450;3;24;56;0;;
ПРОДУКТ;Настойка горькая Сваяк;230;0;0;0.5;0;;
ПРОДУКТ;Настоящий Пломбир 18;260;3.5;17;23;0;;
ПРОДУКТ;Настоящий пломбир;290;4;15;34;0;;
ПРОДУКТ;Настоящий пломбир Русский холод рожок-гигант фисташковый;289.2;4;16;33;0;;
ПРОДУКТ;Насу тёмире;84.04;2.9;4.5;7.4;0;;
ПРОДУКТ;Насіння Соняшника Смажене Підсолене;598;20.7;52.9;3.4;0;;
ПРОДУКТ;Натс дуо смотка;501.52;15.45;24.39;53.03;0;;
ПРОДУКТ;Натуральная кокосовая вода (кокосовый сок;16;0;0;4.27;0;;
ПРОДУКТ;Натуральный Какао Порошок;240;24;4;28;0;;
ПРОДУКТ;Натуральный йогурт 1,5;44;3.2;1.5;4.4;0;;
ПРОДУКТ;Натуральный йогурт с клубникой;98;3.9;2.9;12.6;0;;
ПРОДУКТ;Натуральный обжаренный кофе в зёрнах;332;13.9;14.4;29.5;0;;
ПРОДУКТ;Нахут;81.33;4.49;1.79;10;0;;
ПРОДУКТ;Начос Сметана с луком;470;8;24;61;0;;
ПРОДУКТ;Начос пикантная сальса;470;6.6;23;56;0;;
ПРОДУКТ;Начос с нежнейшим сыром;470;6.5;22.5;57;0;;
ПРОДУКТ;Начос со вкусом Бургер Воппер;460;7.5;22;63;0;;
ПРОДУКТ;Нашенски Специалитет;328;8.5;21.8;24.4;0;;
ПРОДУКТ;Не молоко овсяное шоколадное;70;1;3.2;9.5;0;;
ПРОДУКТ;НеМолоко кокосовое на рисовой основе;35;0.4;1.5;5;0;;
ПРОДУКТ;Неаполитанский кетчуп;85;1;0.1;20;0;;
ПРОДУКТ;Негазированный безалкогольный напиток с экстрактом чая и со вкусом персика;29;0;0;6.9;0;;
ПРОДУКТ;Нежная ветчина с индейкой;210;9;17;4;0;;
ПРОДУКТ;Нежная куриная грудка с картофельным пюре и грибным соусом;100;9.5;3.6;7.5;0;;
ПРОДУКТ;Нежный;50;1.4;0.1;10.6;0;;
ПРОДУКТ;Нежный клубника 0,1% 320г;70;2.4;0.1;14.5;0;;
ПРОДУКТ;Нежный с соком лесных ягод;95.6;2.5;1.2;18;0;;
ПРОДУКТ;Нектар (Сок) из апельсинов и манго;52;0;0;13;0;;
ПРОДУКТ;Нектар Арбуза с семенами базилика;20;0;0;5;0;;
ПРОДУКТ;Нектар Бабушкино Лукошко Яблоко Груша;49.2;0;0;12;0;;
ПРОДУКТ;Нектар ФрутоНяня Яблоко-слива с мякотью;49.2;0;0;12;0;;
ПРОДУКТ;Нектар ФрутоНяня из бананов с мякотью;49.2;0;0;12;0;;
ПРОДУКТ;Нектар ФрутоНяня из яблок и вишни с мякотью;49.2;0;0;12;0;;
ПРОДУКТ;Нектар апельсиновый;48;0;0;12;0;;
ПРОДУКТ;Нектар апельсиновый Солнечный апельсин;48;0;0;12;0;;
ПРОДУКТ;Нектар бананово-клубничный Банан-клубника;48;0;0;12;0;;
ПРОДУКТ;Нектар вишневий неосвітлений1;43;0.2;0;10.6;0;;
ПРОДУКТ;Нектар из маракуйи;41;0.2;0;9.8;0;;
ПРОДУКТ;Нектар мальтифруктовмй неосвітлений стерилізований;47.5;0.17;0;11.7;0;;
ПРОДУКТ;Нектар мультифруктовый;45;0.7;0;11.4;0;;
ПРОДУКТ;Нектар тыквенный Удачный;49.2;0;0;12;0;;
ПРОДУКТ;Нектар яблочно-виногрвдный осветленный для детского питания;55;0;0;14;0;;
ПРОДУКТ;Нектар яблочный осветлённый для детского питания;45.41;0;0;11;0;;
ПРОДУКТ;Нектарин;53.93;0.9;0.2;11.8;0;;
ПРОДУКТ;Нектариновый нектар;52.89;0.1;0;12.8;0;;
ПРОДУКТ;Нектариновый сок;36.9;0.4;0;8.6;0;;
ПРОДУКТ;Нельма;117.44;22.3;2.8;0;0;;
ПРОДУКТ;Немецкий шоколадный пирог kuchen;370;4.5;16;51;0;;
ПРОДУКТ;Немясо Нагетмв;126;12.7;6.6;3.8;0;;
ПРОДУКТ;Нерка;161.27;20.3;8.4;0;0;;
ПРОДУКТ;Нерка Меридиан с/с 120г;160;20;9;0;0;;
ПРОДУКТ;Нерка С Овощами;107;10.92;5.42;3.71;0;;
ПРОДУКТ;Нерка Холодного Копчения;180.5;23.3;9.7;0;0;;
ПРОДУКТ;Нескафе классик;425.6;1.4;12;78;0;;
ПРОДУКТ;Нескафе пломбир;426.67;2.33;10;80;0;;
ПРОДУКТ;Нескафе раф;434;2.2;12;77;0;;
ПРОДУКТ;Несладкие сырники с сыром, зеленью и сметаной;247;12.6;15.8;13.7;0;;
ПРОДУКТ;Низкокалорийный Джем «Вишня;30;0.4;0.29;8.29;0;;
ПРОДУКТ;Низкокалорийный Джем «Лесные Ягоды;30;0.29;0.29;8;0;;
ПРОДУКТ;Низкокалорийный Джем «Малина;25.1;0.29;0.29;8;0;;
ПРОДУКТ;Низкокалорийный Джем «Черная Смородина;20;0.29;0.29;6.86;0;;
ПРОДУКТ;Низкокалорийный Майонез;56;2;4;3;0;;
ПРОДУКТ;Низкокалорийный Сироп;34.9;0.4;0;8.29;0;;
ПРОДУКТ;Низкокалорийный Сироп «Банан;40;0.57;0;9.14;0;;
ПРОДУКТ;Низкокалорийный Сироп «Карамель;94.3;2.57;2.86;23.1;0;;
ПРОДУКТ;Низкокалорийный Сироп «Клубника;34.86;0.29;0;8.29;0;;
ПРОДУКТ;Низкокалорийный Сироп «Малина;35;0.4;0;8;0;;
ПРОДУКТ;Низкокалорийный Сироп «Соленая Карамель;94.3;2.57;2.86;23.1;0;;
ПРОДУКТ;Низкокалорийный Сироп «Тоффи;85.7;2;2.86;22;0;;
ПРОДУКТ;Низкокалорийный Сироп «Черешня;34.9;0.4;0;8.29;0;;
ПРОДУКТ;Низкокалорийный Сироп «Черная Смородина;34.9;0.4;0;8.29;0;;
ПРОДУКТ;Низкокалорийный Сироп «Шоколад;85.7;2;2.86;22;0;;
ПРОДУКТ;Низкокалорийный Сироп, Ванильный;10;0.57;0;3;0;;
ПРОДУКТ;Низкокалорийный Соус «Грибной;160;0.5;15;5.5;0;;
ПРОДУКТ;Низкокалорийный Соус «Дижонский;150;0.48;14;6.48;0;;
ПРОДУКТ;Низкокалорийный Соус «Карри;40;1;1.43;5.86;0;;
ПРОДУКТ;Низкокалорийный Соус «Карривурст;40;1.5;1;5;0;;
ПРОДУКТ;Низкокалорийный Соус «Сальса;40;2;0.57;7;0;;
ПРОДУКТ;Низкокалорийный Соус «Чесночный;78.57;1.71;7.14;2.57;0;;
ПРОДУКТ;Низкокалорийный Соус «Чили;40;2;0.57;8;0;;
ПРОДУКТ;Низкокалорийный Соус Цезарь;47;2;1;7;0;;
ПРОДУКТ;Низкокалорийный джем;40;1;0.1;8;0;;
ПРОДУКТ;Низкокалорийный джем Черника без сахара;30;0.29;0.29;8.29;0;;
ПРОДУКТ;Низкокалорийный кремовый сироп Шоколадный трюфель;39;2.1;0.95;5.4;0;;
ПРОДУКТ;Низкокалорийный сироп «Кленовый;10;0.57;0;3;0;;
ПРОДУКТ;Низкокалорийный соус «Сладкий чили;30;1;0.5;5;0;;
ПРОДУКТ;Низкоуглеводный батончик с фундуком;367.6;8.4;31;9;0;;
ПРОДУКТ;Низкоуглеводный батончик шоколадно-ореховый;539;17;44;9.5;0;;
ПРОДУКТ;Нинику эби;181.89;8.2;13.4;5.8;0;;
ПРОДУКТ;Нискомаслен Кашкавал;231;25.7;14;0.5;0;;
ПРОДУКТ;Нововиленская санта Чудо пудинг;92.8;2.32;2.78;13;0;;
ПРОДУКТ;Новогодний Advent календарь;537;9.03;35.77;44.7;0;;
ПРОДУКТ;Новый Медовик Из Цельнозерновой Муки;340;5;17;42;0;;
ПРОДУКТ;Новый псиллиум;183.33;23.33;6.67;6.67;0;;
ПРОДУКТ;Нойна (Сахарное яблоко;45.54;0.4;0.4;9.8;0;;
ПРОДУКТ;Нони;44.2;0.1;0.3;10;0;;
ПРОДУКТ;Ностальгия сендвич;185.6;3.5;10;20.4;0;;
ПРОДУКТ;Нототения;152.62;15.7;9.5;0;0;;
ПРОДУКТ;Нуга Пеко Арахисовая;423.6;7.1;10.6;72.2;0;;
ПРОДУКТ;Нуга С Фундуком;458;8.5;20.4;60.2;0;;
ПРОДУКТ;Нуга С Фундуком В Молочном Шоколаде;510;10;35;39;0;;
ПРОДУКТ;Нуга с арахисом;241.4;3;9;37;0;;
ПРОДУКТ;Нуга с миндалем и клюквой;474.98;6;22;60;0;;
ПРОДУКТ;Нуга с орехами и цукатами;441.79;6.5;16;65;0;;
ПРОДУКТ;Нуга с фруктово-ягодным ароматом микс;390;2;9;74;0;;
ПРОДУКТ;Нут;364;19;6;61;0;;
ПРОДУКТ;Нут Fresh Food отварной;114.8;9;0;19;0;;
ПРОДУКТ;Нут Агро-Альянс;399.05;20;5;66;0;;
ПРОДУКТ;Нут Бондюэль На пару;106.95;6.4;2.2;14.7;0;;
ПРОДУКТ;Нут Консервированный;126;9.4;2;17.6;0;;
ПРОДУКТ;Нут Соленый;77;5.5;0;13.8;0;;
ПРОДУКТ;Нут Ярмарка Платинум;348.27;20.1;4.3;55.1;0;;
ПРОДУКТ;Нут в пряном соусе;161.7;4.3;5.7;23.3;0;;
ПРОДУКТ;Нут вареный;130.81;8.3;1.9;19.3;0;;
ПРОДУКТ;Нут двойного запекания;310;22;6;59;0;;
ПРОДУКТ;Нут жаренный;445.8;22.1;12.6;61;0;;
ПРОДУКТ;Нут натуральный консервированный;131.7;6.8;2.5;20.5;0;;
ПРОДУКТ;Нут очищенный обжаренный со специями (Тандури масла;490;18;20;60;0;;
ПРОДУКТ;Нут продовольственный;390;19.9;5.2;65.9;0;;
ПРОДУКТ;Нут стрилизованный;90;5.5;2.2;9.5;0;;
ПРОДУКТ;Нутовые Чипсы;400;12;9;67;0;;
ПРОДУКТ;Нутсы;372.3;13.4;8.9;59.6;0;;
ПРОДУКТ;Нутсы «Лук и Зелень;397.8;13.4;9.8;64;0;;
ПРОДУКТ;Нутсы «Паприка;397.1;13.2;9.9;63.8;0;;
ПРОДУКТ;Нутсы Нутовые Чипсы Аджика;410;12.5;14;54;0;;
ПРОДУКТ;Нутсы Нутовые Чипсы Томат и Базилик;347;12.8;7.7;55.5;0;;
ПРОДУКТ;Нутсы Нутовые Чипсы грибы и сметана;362.4;12.7;7.7;58.6;0;;
ПРОДУКТ;Нутсы Нутовые чипсы Краб;409.7;13.3;12.4;59.1;0;;
ПРОДУКТ;Нутсы Нутовые чипсы Сыр чеддер;343.3;13;7.7;55.5;0;;
ПРОДУКТ;Нутсы Нутовые чипсы Чеснок, Лён, Тмин;413;17.2;15;51;0;;
ПРОДУКТ;Нутсы Нутовык чипсы Паприка;383.4;13.2;9.2;60;0;;
ПРОДУКТ;Нутсы Нутовык чипсы Сметана и зелень;396;13;15;52;0;;
ПРОДУКТ;Нутсы нутовые чипсы Лук Зелень;374;13.7;8;57;0;;
ПРОДУКТ;Нытвенский молочный коктейль;76;2.9;2.5;10.4;0;;
ПРОДУКТ;Няня;52;1;0;12;0;;
ПРОДУКТ;ОВСЯНЫЕ ХЛОПЬЯ С ОВСЯНЫМИ ОТРУБЯМИ;332;12.4;7.2;54.6;0;;
ПРОДУКТ;ОНИГИРИ ЛОСОСЬ С ВАСАБИ;161.7;4.65;4.57;25.49;0;;
ПРОДУКТ;Оасяная Каша С Клубникой;380;8.5;4;78;0;;
ПРОДУКТ;Обаяшки;460;6.5;20;64;0;;
ПРОДУКТ;Обжаренная килька в томатном соусе;181.41;14;12;4.5;0;;
ПРОДУКТ;Обикновена Вафла Боровец;480;4.4;21.2;65.2;0;;
ПРОДУКТ;Облепиха;78.46;1.2;5.4;5.7;0;;
ПРОДУКТ;Облепиха Hortex;78.46;1.2;5.4;5.7;0;;
ПРОДУКТ;Облепиховый сок;51.68;0.6;3.4;4.3;0;;
ПРОДУКТ;Обогащённый витамином D безалкогольный негазированный напиток «DAILY C MANGO 400D;45;0;0;12;0;;
ПРОДУКТ;Обыкновенное чудо;480;4.5;26;60;0;;
ПРОДУКТ;Овес Голозерый;381;11.9;6.1;69.7;0;;
ПРОДУКТ;Овесени ядки;366;11.9;7.2;69.3;0;;
ПРОДУКТ;Овощи;31.68;2.5;0.1;5;0;;
ПРОДУКТ;Овощи Бондюэль для супа из шампиньонов;28.62;0.3;0.3;6;0;;
ПРОДУКТ;Овощи Запеченные;50;1.8;0;10;0;;
ПРОДУКТ;Овощи Запеченные С Курицей Гриль И Чесночным Соусом;103.8;10.2;3.2;8.5;0;;
ПРОДУКТ;Овощи По Деревенски Замороженные;90;3;0.6;18;0;;
ПРОДУКТ;Овощи быстрозамороженные: картофель фри;158.5;3.4;4.9;25.2;0;;
ПРОДУКТ;Овощи весенние Краски лета;45.92;3.2;0;8;0;;
ПРОДУКТ;Овощи гриль» смесь овощная быстрозамороженная;60;2;1.3;10;0;;
ПРОДУКТ;Овощи для жарки;50.93;2.1;0.2;10;0;;
ПРОДУКТ;Овощи для жарки Hortex;59.25;2.1;1.7;8.5;0;;
ПРОДУКТ;Овощи для жарки Hortex с приправой по-восточному;30.26;2.2;0.3;4.5;0;;
ПРОДУКТ;Овощи для жарки Hortex с приправой по-итальянски;41.96;2.4;0.5;6.7;0;;
ПРОДУКТ;Овощи для жарки Hortex с пряными травами и перцем;68.06;2.1;1.5;11.1;0;;
ПРОДУКТ;Овощи для жарки Hortex с рисом и шампиньонами;56.2;2.8;0.4;10;0;;
ПРОДУКТ;Овощи для жарки Hortex с укропом;57.4;2.2;1.5;8.4;0;;
ПРОДУКТ;Овощи для жарки Испанские;80;3.2;2.2;10.3;0;;
ПРОДУКТ;Овощи для жарки Краски лета;54.12;2.4;0;10.8;0;;
ПРОДУКТ;Овощи для жарки греческие;59;1.6;1.8;8.1;0;;
ПРОДУКТ;Овощи замороженные: Бобы Эдамаме соевые зелёные очищенные;128.58;12;4.3;10.5;0;;
ПРОДУКТ;Овощи запечённые на мангале;52.4;8;0;5.1;0;;
ПРОДУКТ;Овощи на Пару;46.15;2.56;1.03;6.67;0;;
ПРОДУКТ;Овощи по-деревенски;80;3;0.5;16;0;;
ПРОДУКТ;Овощи по-мексикански с курицей;260.3;6.6;18.7;16.3;0;;
ПРОДУКТ;Овощи-гриль с итальянскими травами;67.2;2.4;1.6;10.8;0;;
ПРОДУКТ;Овощная Смесь Mix 2;24;2.6;0.7;2.1;0;;
ПРОДУКТ;Овощная Смесь С Горошком;41.9;2;0.3;7.8;0;;
ПРОДУКТ;Овощная смесь 4 сезона Весенние овощи;55.68;2.9;0.3;10;0;;
ПРОДУКТ;Овощная смесь 4 сезона Восточная;45.54;2.7;0.4;7.5;0;;
ПРОДУКТ;Овощная смесь 4 сезона Гавайская;128;3.7;1.2;24.8;0;;
ПРОДУКТ;Овощная смесь 4 сезона Грибное жаркое с гречкой;91.18;4.3;0.9;15.9;0;;
ПРОДУКТ;Овощная смесь 4 сезона Грибы с картошкой;43.19;2;0.5;7.4;0;;
ПРОДУКТ;Овощная смесь 4 сезона Гювеч;27.99;1.4;0.1;5.2;0;;
ПРОДУКТ;Овощная смесь 4 сезона Итальянская;120.7;5.4;0.9;22;0;;
ПРОДУКТ;Овощная смесь 4 сезона Калифорния;220.68;7.6;1.6;42.6;0;;
ПРОДУКТ;Овощная смесь 4 сезона Китайская;36.57;2.3;1.2;3.9;0;;
ПРОДУКТ;Овощная смесь 4 сезона Летние овощи;47.89;3.5;0.3;7.5;0;;
ПРОДУКТ;Овощная смесь 4 сезона Лечо;27.58;1.2;0.1;5.3;0;;
ПРОДУКТ;Овощная смесь 4 сезона Мексиканская;89.54;3.4;0.9;16.4;0;;
ПРОДУКТ;Овощная смесь 4 сезона Мусака;41.22;1.5;0.2;8.1;0;;
ПРОДУКТ;Овощная смесь 4 сезона Овощи для жарки с шампиньонами;39.85;4.9;1.2;2.1;0;;
ПРОДУКТ;Овощная смесь 4 сезона Овощи по-деревенски;144.94;5.4;1.7;26.1;0;;
ПРОДУКТ;Овощная смесь 4 сезона Овощи с гречкой;90.66;3.5;0.8;16.8;0;;
ПРОДУКТ;Овощная смесь 4 сезона Овощное рагу;18.56;0.5;0.1;3.8;0;;
ПРОДУКТ;Овощная смесь 4 сезона Паприкаш;51.77;3.5;0.1;8.9;0;;
ПРОДУКТ;Овощная смесь 4 сезона Паста с лесными грибами;74.37;0.1;0.9;16;0;;
ПРОДУКТ;Овощная смесь 4 сезона Сибирская;59.17;2.6;0.5;10.7;0;;
ПРОДУКТ;Овощная смесь 4 сезона Скандинавская;38.46;2.8;0.3;5.9;0;;
ПРОДУКТ;Овощная смесь 4 сезона Столичный салат;58.85;1.8;0.2;12.1;0;;
ПРОДУКТ;Овощная смесь Hortex mexico;49.23;3.6;0.4;7.5;0;;
ПРОДУКТ;Овощная смесь Hortex vip;33.65;1.9;0.4;5.4;0;;
ПРОДУКТ;Овощная смесь Hortex брокколи;23.29;1.9;0.3;3.1;0;;
ПРОДУКТ;Овощная смесь Hortex брокколи и цветная;22.88;2.5;0.3;2.4;0;;
ПРОДУКТ;Овощная смесь Hortex весенние овощи;30.26;2.8;0.3;3.9;0;;
ПРОДУКТ;Овощная смесь Hortex восточное блюдо;21.54;1.6;0.2;3.2;0;;
ПРОДУКТ;Овощная смесь Hortex гавайская;96.59;3.7;0.6;18.5;0;;
ПРОДУКТ;Овощная смесь Hortex картофель по-деревенски;30.67;1.3;0.3;5.5;0;;
ПРОДУКТ;Овощная смесь Hortex кус-кус;29.33;2.1;0.2;4.6;0;;
ПРОДУКТ;Овощная смесь Hortex летние овощи;29.74;2.6;0.2;4.2;0;;
ПРОДУКТ;Овощная смесь Hortex лечо;19.6;1.1;0.3;3;0;;
ПРОДУКТ;Овощная смесь Hortex овощи по-деревенски;40.1;1.8;0.3;7.3;0;;
ПРОДУКТ;Овощная смесь Hortex овощи по-домашнему;24.11;1.3;0.3;3.9;0;;
ПРОДУКТ;Овощная смесь Hortex паприкаш;19.08;1.3;0.2;2.9;0;;
ПРОДУКТ;Овощная смесь Hortex рагу;16.62;1.3;0.2;2.3;0;;
ПРОДУКТ;Овощная смесь Hortex рататуй;17.03;1.1;0.2;2.6;0;;
ПРОДУКТ;Овощная смесь «Юниор;31;2.1;0.2;3.7;0;;
ПРОДУКТ;Овощная смесь Алтайская кладовая с грибами;35.59;4;0.3;4;0;;
ПРОДУКТ;Овощная смесь Бондюэль Весенняя;33.76;2.6;0.5;4.5;0;;
ПРОДУКТ;Овощная смесь Бондюэль Китайская;20.31;1.3;0.2;3.2;0;;
ПРОДУКТ;Овощная смесь Бондюэль Летняя в сливочном соусе;72.34;2;2.8;9.3;0;;
ПРОДУКТ;Овощная смесь Бондюэль Маседуан;44.2;2.2;0.3;7.9;0;;
ПРОДУКТ;Овощная смесь Бондюэль Мексиканская;73.33;3.6;0.7;12.7;0;;
ПРОДУКТ;Овощная смесь Бондюэль Минестрон;62.67;1.9;0.7;11.8;0;;
ПРОДУКТ;Овощная смесь Бондюэль Царская;29.44;1.4;0.3;5.1;0;;
ПРОДУКТ;Овощная смесь Бондюэль для жарки Гавайская;110.01;3;0.5;22.7;0;;
ПРОДУКТ;Овощная смесь Бондюэль для жарки Индонезийская;39.36;1.8;0;7.8;0;;
ПРОДУКТ;Овощная смесь Бондюэль для жарки Китайская;61.94;2.5;0.4;11.7;0;;
ПРОДУКТ;Овощная смесь Бондюэль для жарки По-деревенски;67.74;1.7;4.6;4.4;0;;
ПРОДУКТ;Овощная смесь Бондюэль для жарки Полевая;25.45;2;0.4;3.3;0;;
ПРОДУКТ;Овощная смесь Бондюэль для жарки с рисом и шампиньонами;73.31;2.5;0.3;14.7;0;;
ПРОДУКТ;Овощная смесь Морковь Лук;272.2;8.26;0.55;62.85;0;;
ПРОДУКТ;Овощная смесь Свой урожай Американская;46.55;2.5;0.2;8.4;0;;
ПРОДУКТ;Овощная смесь быстрозамороженная крем-суп с цветной капустой;35.1;1.4;0.3;6.7;0;;
ПРОДУКТ;Овощная смесь быстрозамороженная мексиканская;39.1;2.6;0.4;6.3;0;;
ПРОДУКТ;Овощная смесь две фасоли;30;2;0;5;0;;
ПРОДУКТ;Овощное рагу 4 сезона;18.56;0.5;0.1;3.8;0;;
ПРОДУКТ;Овощной Бульон;234;9.8;4.6;39.6;0;;
ПРОДУКТ;Овощные хрустящие трубочки Ассорти (шпинат, лук и куркума, паприка и томат;550;1;40;46;0;;
ПРОДУКТ;Овощные хрустящие трубочки Лук и куркума;550;1;40;46;0;;
ПРОДУКТ;Овощные хрустящие трубочки Паприка и томат;550;1;40;46;0;;
ПРОДУКТ;Овсяная Каша;350;12;6;62;0;;
ПРОДУКТ;Овсяная Каша С Вишней;350;9.5;4.5;64;0;;
ПРОДУКТ;Овсяная Каша С Вишней И Миндалём;362;9.3;8.3;60.9;0;;
ПРОДУКТ;Овсяная Каша С Клубникой;360;9.5;5;66;0;;
ПРОДУКТ;Овсяная Каша С Черной Смородиной;360;9;4.5;67;0;;
ПРОДУКТ;Овсяная Каша С Черносливом;342;6.67;7.78;63.3;0;;
ПРОДУКТ;Овсяная Каша С Яблоком;360;9;4.5;67;0;;
ПРОДУКТ;Овсяная Крем-каша Вишня И Шоколад;315;16.8;6.75;47;0;;
ПРОДУКТ;Овсяная Молочная Каша;98.9;3;4.1;12.6;0;;
ПРОДУКТ;Овсяная каша Hipp с абрикосами и яблоками;57.21;0.5;0.2;13;0;;
ПРОДУКТ;Овсяная каша Myllyn Paras;356.67;14;7.5;56;0;;
ПРОДУКТ;Овсяная каша Myllyn Paras Тропик с сахаром;373.81;11.7;7.8;61.8;0;;
ПРОДУКТ;Овсяная каша Myllyn Paras вкус сливок с клубникой;417.02;10.2;16.6;53.9;0;;
ПРОДУКТ;Овсяная каша Myllyn Paras вкус сливок с малиной;404.92;10.3;14.9;54.7;0;;
ПРОДУКТ;Овсяная каша Myllyn Paras вкус сливок с черникой;421.02;10.7;15;58;0;;
ПРОДУКТ;Овсяная каша Myllyn Paras с дыней;355.64;10.8;5.8;62.8;0;;
ПРОДУКТ;Овсяная каша Myllyn Paras с дыней и сахаром;372.47;11.5;7.7;61.9;0;;
ПРОДУКТ;Овсяная каша Myllyn Paras с клубникой без сахара;353.01;11.9;7.9;56.3;0;;
ПРОДУКТ;Овсяная каша Myllyn Paras с клубникой и сахаром;371.46;11.9;7.9;60.8;0;;
ПРОДУКТ;Овсяная каша Myllyn Paras с клюквой без сахара;353.01;11.9;7.9;56.3;0;;
ПРОДУКТ;Овсяная каша Myllyn Paras с лесными ягодами и сахаром;372.47;11.6;7.7;61.8;0;;
ПРОДУКТ;Овсяная каша Myllyn Paras с малиной и сахаром;371.46;11.9;7.9;60.8;0;;
ПРОДУКТ;Овсяная каша Myllyn Paras с отрубями, вишней и сливой;337.9;15.5;7.2;50.6;0;;
ПРОДУКТ;Овсяная каша Myllyn Paras с отрубями, яблоком и чёрной смородиной;336.86;15.2;7;51.1;0;;
ПРОДУКТ;Овсяная каша Myllyn Paras с персиком без сахара;353.01;11.9;7.9;56.3;0;;
ПРОДУКТ;Овсяная каша Myllyn Paras с персиком и сахаром;367.03;11.6;7.6;60.7;0;;
ПРОДУКТ;Овсяная каша Myllyn Paras с тропическими фруктами;356.87;11.1;5.8;62.8;0;;
ПРОДУКТ;Овсяная каша Myllyn Paras с черникой без сахара;353.01;11.9;7.9;56.3;0;;
ПРОДУКТ;Овсяная каша Myllyn Paras с черникой и сахаром;372.06;11.6;7.7;61.7;0;;
ПРОДУКТ;Овсяная каша Myllyn Paras с шоколадом и апельсином;372.39;10.5;8;62.2;0;;
ПРОДУКТ;Овсяная каша Myllyn Paras с яблоком и брусникой;355.32;10.4;5.5;63.8;0;;
ПРОДУКТ;Овсяная каша Nestle безмолочная;391.94;10;6;72;0;;
ПРОДУКТ;Овсяная каша Nestle молочная с грушей и бананом;416.8;14;10;65;0;;
ПРОДУКТ;Овсяная каша Nestle молочная с яблоком и абрикосом;416.8;14;10;65;0;;
ПРОДУКТ;Овсяная каша Асорти;371;9.7;5.4;67;0;;
ПРОДУКТ;Овсяная каша Малютка молочная с фруктами;451.91;12.7;14;65.8;0;;
ПРОДУКТ;Овсяная каша ФрутоНяня безмолочная с яблоками и ягодами;66.42;1.2;0;15;0;;
ПРОДУКТ;Овсяная каша без варки;325;10;3.75;60;0;;
ПРОДУКТ;Овсяная каша без варки. Клубника с молоком;373;10;5.9;65;0;;
ПРОДУКТ;Овсяная каша быстрого приготовления с абрикосом;281.79;10;2;55;0;;
ПРОДУКТ;Овсяная каша быстрого приготовления с клубникой;281.79;10;2;55;0;;
ПРОДУКТ;Овсяная каша на воде;89.59;3;1.7;15;0;;
ПРОДУКТ;Овсяная каша на молоке;109.43;3.2;4.1;14.2;0;;
ПРОДУКТ;Овсяная каша с клубникой и молоком;360;10;5;65;0;;
ПРОДУКТ;Овсяная каша с малиной и молоком;360;10;5;66;0;;
ПРОДУКТ;Овсяная каша с черникой и молоком;360;10;5;66;0;;
ПРОДУКТ;Овсяная каша с яблоком и корицей;140;7.5;2;21;0;;
ПРОДУКТ;Овсяная кашка Heinz с молоком и бананом;413.33;12;8.7;69.1;0;;
ПРОДУКТ;Овсяная кашка ФрутоНяня молочная жидкая с бананом;64.91;2.1;2;9.2;0;;
ПРОДУКТ;Овсяная крупа;351.05;12.3;6.1;59.5;0;;
ПРОДУКТ;Овсяная манка Гарнец безглютеновая;351.05;12.3;6.1;59.5;0;;
ПРОДУКТ;Овсяная мука;380;13;7;65;0;;
ПРОДУКТ;Овсянка малина семена чиа;115;4;3;18;0;;
ПРОДУКТ;Овсянка по-новому. Хлопья овсяные, не трубующие варки, с клубникой и семенами чиа;370;11;6.2;63;0;;
ПРОДУКТ;Овсяно-Манная крупа Myllyn Paras;390.14;14.5;5.1;69.1;0;;
ПРОДУКТ;Овсяно-пшеничная каша Малютка безмолочная с яблоком;400.39;9.2;3.6;80.3;0;;
ПРОДУКТ;Овсяное Печенье;443;6.8;15.1;73.3;0;;
ПРОДУКТ;Овсяное Печенье Со Злаками, Абрикосом И Цукатами;440;6.5;16;65;0;;
ПРОДУКТ;Овсяное Со Вкусом Топленого Молока;450;6;15;70;0;;
ПРОДУКТ;Овсяное банановое молоко;65;1.5;3;8;0;;
ПРОДУКТ;Овсяное ванильное;60;1;3.2;6.5;0;;
ПРОДУКТ;Овсяное печенье Суперзлак;436.9;7.5;18.1;61;0;;
ПРОДУКТ;Овсяное печенье Царская особа;340;4.5;11;66;0;;
ПРОДУКТ;Овсяное печенье без сахара;410;6;17;69;0;;
ПРОДУКТ;Овсяное печенье безглютеновое с миндалём;474.43;6.2;29.3;43;0;;
ПРОДУКТ;Овсяное печенье с кусочками шоколада;425;5.5;15;67;0;;
ПРОДУКТ;Овсяные + Рисовые хлопья Myllyn Paras;358.19;10.3;4;68;0;;
ПРОДУКТ;Овсяные Крекеры;450;8.5;23;49;0;;
ПРОДУКТ;Овсяные Крекеры С Морской Солью;450;8.5;22;56;0;;
ПРОДУКТ;Овсяные Хлопья Extra;384;16;6;67;0;;
ПРОДУКТ;Овсяные Хлопья Экстра #1;360;13;6;64;0;;
ПРОДУКТ;Овсяные отруби;331.06;18;7.7;45.3;0;;
ПРОДУКТ;Овсяные отруби Dr. Dias очищающие;136.49;10.8;2.6;16.6;0;;
ПРОДУКТ;Овсяные отруби Myllyn Paras;331.06;18;7.7;45.3;0;;
ПРОДУКТ;Овсяные отруби Nordic;329.07;18;8.5;43;0;;
ПРОДУКТ;Овсяные отруби Диадар хрустящие;202.44;13.5;4.8;25;0;;
ПРОДУКТ;Овсяные отруби Мистраль;406.86;17.8;6.9;65.8;0;;
ПРОДУКТ;Овсяные отруби Ого;347.26;12.5;4.5;62;0;;
ПРОДУКТ;Овсяные отруби с черникой;123.26;8;4;13;0;;
ПРОДУКТ;Овсяные хлопья;399.81;11.9;7.2;69.3;0;;
ПРОДУКТ;Овсяные хлопья + Отруби Myllyn Paras;342.02;16.2;7.6;50;0;;
ПРОДУКТ;Овсяные хлопья 4 Life органические;347.39;14;6.5;56;0;;
ПРОДУКТ;Овсяные хлопья Myllyn Paras;356.67;14;7.5;56;0;;
ПРОДУКТ;Овсяные хлопья Myllyn Paras быстрого приготовления;356.67;14;7.5;56;0;;
ПРОДУКТ;Овсяные хлопья Myllyn Paras крупные;356.67;14;7.5;56;0;;
ПРОДУКТ;Овсяные хлопья Nordic с овсяными отрубями;353.12;15;8;53;0;;
ПРОДУКТ;Овсяные хлопья Nordic с пшеничными отрубями;324.8;15;7.6;47;0;;
ПРОДУКТ;Овсяные хлопья «Геркулес» из цельного зерна;340;12;6;60;0;;
ПРОДУКТ;Овсяные хлопья «экстра;342.26;13.2;5.9;59;0;;
ПРОДУКТ;Овсяные хлопья Геркулес;358.95;12.5;6.2;61;0;;
ПРОДУКТ;Овсяные хлопья Геркулес Фитнес с отрубями;359.88;12.3;6.3;61.2;0;;
ПРОДУКТ;Овсяные хлопья Геркулес классический;400;11;6;70;0;;
ПРОДУКТ;Овсяные хлопья Пассим;375.54;10;6;68;0;;
ПРОДУКТ;Овсяные хлопья Увелка тонкие;308.52;11;6.2;50.2;0;;
ПРОДУКТ;Овсяные хлопья Увелка традиционные;400.14;12;6;72;0;;
ПРОДУКТ;Овсяные хлопья Экстра;352;12.4;6.2;62.4;0;;
ПРОДУКТ;Овсяные хлопья Ясно Солнышко без барки;380;13;7;60;0;;
ПРОДУКТ;Овсяные хлопья быстрого приготовления;370;12;5;70;0;;
ПРОДУКТ;Овсяные хлопья клинские Экстра;384.7;13.6;6.07;68.92;0;;
ПРОДУКТ;Овсяные хлопья органические (без глютена;350;14;6.5;57;0;;
ПРОДУКТ;Овсяные хлопья питательные;380;12;6.5;66;0;;
ПРОДУКТ;Овсяные хлопья №2 Агро-Альянс;382.65;12;5;70;0;;
ПРОДУКТ;Овсяный yo'gurt манго-маракуйя;125;5;5;15;0;;
ПРОДУКТ;Овсяный десерт;150;5;7;17;0;;
ПРОДУКТ;Овсяный йогурт черника nemoloko;140;5;5;18;0;;
ПРОДУКТ;Овчи Кашкавал;328;24.5;24.5;3;0;;
ПРОДУКТ;Огава аки;166.28;18.8;5.1;10.2;0;;
ПРОДУКТ;Огурец китайский;14.46;0.8;0.1;2.5;0;;
ПРОДУКТ;Огурец консервированный;16.81;2.8;0;1.3;0;;
ПРОДУКТ;Огурец маринованный;16.81;2.8;0;1.3;0;;
ПРОДУКТ;Огурец парниковый;10.25;0.7;0;1.8;0;;
ПРОДУКТ;Огурец солёный;11.18;0.8;0.1;1.7;0;;
ПРОДУКТ;Огуречный рассол;1.23;0;0;0.3;0;;
ПРОДУКТ;Огуречный сок;14.46;0.8;0.1;2.5;0;;
ПРОДУКТ;Огурцы Бондюэль корнишоны маринованные 3-6 см;20.31;1;0.2;3.5;0;;
ПРОДУКТ;Огурцы Бондюэль маринованные 6-9 см;20.31;1;0.2;3.5;0;;
ПРОДУКТ;Огурцы Классические Хрустящие;31;0.5;0.1;6.4;0;;
ПРОДУКТ;Огурцы Маринованные;27.9;1.47;0;5.5;0;;
ПРОДУКТ;Огурцы бочковые с хреном и чесноком;4;0.5;0.5;1.3;0;;
ПРОДУКТ;Огурцы корнишоны;15;0.7;0.1;3;0;;
ПРОДУКТ;Огурцы малосольные;36.5;1;0.1;7.9;0;;
ПРОДУКТ;Огурцы малосольные с перцем чили;10.5;0.5;0.1;1.9;0;;
ПРОДУКТ;Огурцы маринованные с натуральными пряностями;18.4;0;0;4.6;0;;
ПРОДУКТ;Огурцы маринованные целые;16;0;0;4;0;;
ПРОДУКТ;Огурцы с зеленью в заливке;10;0;0;3;0;;
ПРОДУКТ;Огурцы соленые бочковые по-домашнему;13;0.8;0.1;1.6;0;;
ПРОДУКТ;Огурцы солёные;10;0.8;0;1.7;0;;
ПРОДУКТ;Огурчики домашние консервированные, премиум;11.95;0;0;3;0;;
ПРОДУКТ;Одуванчик;45.04;2.7;0.7;6.7;0;;
ПРОДУКТ;Окорок;165;27.1;6.1;0.3;0;;
ПРОДУКТ;Окорок Ветчинный;108;13.7;5.8;0.2;0;;
ПРОДУКТ;Окрошка мясная с квасом;50.23;2.1;1.7;6.3;0;;
ПРОДУКТ;Окрошка на кефире;47.99;3.1;1.9;4.3;0;;
ПРОДУКТ;Окрошка с куриной колбасой;71.5;6;2.7;5.8;0;;
ПРОДУКТ;Окское вкусное и свежее;157;12.7;11.5;0.7;0;;
ПРОДУКТ;Окское вкусное и свежее C1;157;12.7;11.5;0.7;0;;
ПРОДУКТ;Окунь Морской;108;18;4;0;0;;
ПРОДУКТ;Окунь морской горячего копчения;179.96;23.5;9;0;0;;
ПРОДУКТ;Окунь морской отварной;115.03;19.9;3.6;0;0;;
ПРОДУКТ;Окунь морской свежий;76.67;15.3;1.5;0;0;;
ПРОДУКТ;Окунь морской тушеный;123.22;10.9;6.6;4.2;0;;
ПРОДУКТ;Окунь речной жареный;185.4;20.6;9.1;4;0;;
ПРОДУКТ;Окунь речной запечённый;105.98;6.8;4.7;8.4;0;;
ПРОДУКТ;Окунь речной припущенный;112.46;19.5;3.5;0;0;;
ПРОДУКТ;Окунь речной свежий;84.21;18.5;0.9;0;0;;
ПРОДУКТ;Окунь речной фаршированный;133.75;14.9;6.1;3.9;0;;
ПРОДУКТ;Окунь филе;80;18.2;0.8;0;0;;
ПРОДУКТ;Окунь черный морской свежий;104.87;18.1;3.3;0;0;;
ПРОДУКТ;Оладушки с вареной сгущенкой;315.37;6.8;9.1;49.5;0;;
ПРОДУКТ;Оладушки с вишней;304.39;6.3;7.3;51.4;0;;
ПРОДУКТ;Оладьи Куриные С Картофельным Пюре;160.2;7.8;8.2;15.8;0;;
ПРОДУКТ;Оладьи Печеночные;180.6;15.2;7;14.2;0;;
ПРОДУКТ;Оладьи из тыквы;158;4.6;8;16.9;0;;
ПРОДУКТ;Оладьи куриные;194.8;15;12.4;5.3;0;;
ПРОДУКТ;Оладьи куриные с кабачком;162.4;15.9;10;2.2;0;;
ПРОДУКТ;Оладьи печеные с яблоком;223;5.9;7.1;33.9;0;;
ПРОДУКТ;Оладьи печёночные;175.9;13.7;6.7;15.2;0;;
ПРОДУКТ;Оладьи печёночные с картофельным пюре;164.1;8.2;6.5;18.2;0;;
ПРОДУКТ;Оладьи пышные на кефире;262.6;7.1;9;38.3;0;;
ПРОДУКТ;Оладья Домашние;220;6;4;40;0;;
ПРОДУКТ;Олейна Классическая;899;0;99.9;0;0;;
ПРОДУКТ;Оленина;158.91;19.5;8.5;0;0;;
ПРОДУКТ;Оленина вареная;230.33;30.8;11.2;0;0;;
ПРОДУКТ;Оленина варено-прессованная;131.14;27;2.2;0;0;;
ПРОДУКТ;Оленина жареная;279.98;34.3;15;0;0;;
ПРОДУКТ;Оленина тушеная;203.76;25;10.9;0;0;;
ПРОДУКТ;Оленина тушеная Особая;92.84;10;4.3;2.9;0;;
ПРОДУКТ;Оленка;482;0;24;60;0;;
ПРОДУКТ;Оливер, русский салат;106;1.7;6.2;10.7;0;;
ПРОДУКТ;Оливки;245;1.1;23.7;3.3;0;;
ПРОДУКТ;Оливки (без кісточки;163.3;1;17.7;0;0;;
ПРОДУКТ;Оливки Бондюэль с косточкой / без косточки;195.73;1.4;18.2;5.1;0;;
ПРОДУКТ;Оливки Зеленые Фаршированные Лимоном;145;1;15;0;0;;
ПРОДУКТ;Оливки без косточки;180;2;16;5;0;;
ПРОДУКТ;Оливки зеленые фаршированные вялеными томатами;470;1.5;49;2.1;0;;
ПРОДУКТ;Оливки зелёные без косточки;113;1.1;9.9;4.9;0;;
ПРОДУКТ;Оливки зелёные фаршированные красным перцем;113;1;10.1;4.5;0;;
ПРОДУКТ;Оливки мансанилья с косточкой;146;0.9;15;0.1;0;;
ПРОДУКТ;Оливки с косточкой;157;0.9;16;0;0;;
ПРОДУКТ;Оливки с сёмгой;180;1.1;19;0;0;;
ПРОДУКТ;Оливки сорта Каламон без косточки в оливковом масле;236;1.6;24;0.1;0;;
ПРОДУКТ;Оливки фаршинованные чесноком;174;1.7;15.2;5;0;;
ПРОДУКТ;Оливки фаршированные пастой грибов;181;0;19;1.5;0;;
ПРОДУКТ;Оливки, фаршированные пастой из трюфеля;154;1.5;16;0;0;;
ПРОДУКТ;Оливковое Масло;900;0;100;0;0;;
ПРОДУКТ;Оливковое масло Extra Virgen;900;0;100;0;0;;
ПРОДУКТ;Оливковый майонез 67;620;0.3;67;2.8;0;;
ПРОДУКТ;Оливкі чорні консервовані без кісточки;133;0.5;14;0;0;;
ПРОДУКТ;Оливье;170;8;13;6;0;;
ПРОДУКТ;Оливье Гастроном;162;2.7;16.3;1.2;0;;
ПРОДУКТ;Оливье С Говядиной;102.9;3.8;7.7;4.6;0;;
ПРОДУКТ;Оливье С Куриным Филе И Говядиной;150;11.7;8.8;6.4;0;;
ПРОДУКТ;Оливье с колбасой;211;5;18.5;6;0;;
ПРОДУКТ;Оливье с курицей;136;5.5;10;6;0;;
ПРОДУКТ;Олія нерафінована;898;0;99.8;0;0;;
ПРОДУКТ;Олія рафінована;899;0;99.9;0;0;;
ПРОДУКТ;Олія соняшникова рафінована дезодорована виморожена;900;0;99.9;0;0;;
ПРОДУКТ;Омега Микс;538;17.2;42.2;30.6;0;;
ПРОДУКТ;Омлет;190.22;9.6;15.4;1.9;0;;
ПРОДУКТ;Омлет (рулетики) с курицей, луком и моцареллой;231.2;15.2;17.6;3;0;;
ПРОДУКТ;Омлет Классический С Куриными Стрипсами;213;10.7;15.3;8;0;;
ПРОДУКТ;Омлет С Ветчиной И Сыром;148;11.5;11.4;0.1;0;;
ПРОДУКТ;Омлет С Ветчиной Из Индейки И Хашбрауном;170;9.2;12;5.3;0;;
ПРОДУКТ;Омлет броклиера;130;8;9;4;0;;
ПРОДУКТ;Омлет запечённый с муссом из филе лосося;200.7;13.8;11.1;11.4;0;;
ПРОДУКТ;Омлет запечённый с муссом из филе лосося атлантического;226;9.6;18.4;5.5;0;;
ПРОДУКТ;Омлет из взбитых сливок;271.15;6.4;14.8;26.2;0;;
ПРОДУКТ;Омлет из яичного порошка;206.72;10.3;17;1.6;0;;
ПРОДУКТ;Омлет с Докторской Колбасой и Грошком;134;9;10;2;0;;
ПРОДУКТ;Омлет с беконом и творожным сыром «Есть Горячее;226.6;9.6;15.5;12.2;0;;
ПРОДУКТ;Омлет с курицей и сыром;246.4;15.6;14;14.5;0;;
ПРОДУКТ;Омлет с сыром;353.4;16.3;29.7;2.6;0;;
ПРОДУКТ;Омлет с сыром Моцарелла;198.7;15.5;14.7;1.4;0;;
ПРОДУКТ;Омлет с сыром и шпинатом;155.4;9.1;11;5;0;;
ПРОДУКТ;Омлет с хашбраунами;278.69;9.41;19.41;16.58;0;;
ПРОДУКТ;Омлет-ролл с сыром и шпинатом;181.8;8.3;15;3.4;0;;
ПРОДУКТ;Омуль Холодного Копчения;131;17;7;0;0;;
ПРОДУКТ;Онигирадзу с курицей и томатами;168.1;5.1;3.7;28.6;0;;
ПРОДУКТ;Онигири Креветка Васаби И Тобико;194;7.36;3.73;33.4;0;;
ПРОДУКТ;Онигири Лосось Копченый;198.18;6.36;4.27;33.09;0;;
ПРОДУКТ;Онигири С Запеченным Тунцом;257;8;8.3;37.8;0;;
ПРОДУКТ;Онигири С Запеченым Тунцом;185.2;7.3;3.6;30.9;0;;
ПРОДУКТ;Онигири С Крабом И Устричным Соусом;190;5;4;33;0;;
ПРОДУКТ;Онигири С Курицей Сливочный Унаги;157;6.3;2.4;27.4;0;;
ПРОДУКТ;Онигири С Курицой И Грибами;182.5;3.3;5.7;29.5;0;;
ПРОДУКТ;Онигири С Семгой;330;6.8;9.7;53;0;;
ПРОДУКТ;Онигири С Сёмгой;211.4;7.2;6.6;30.8;0;;
ПРОДУКТ;Онигири С Угрем;173.2;4.26;4.1;28.83;0;;
ПРОДУКТ;Онигири С Угрём;190;7.3;3.6;31.2;0;;
ПРОДУКТ;Онигири с белоногими креветками;203.8;7.8;3.4;35.5;0;;
ПРОДУКТ;Онигири с запеченным лососем и соусом терияки;216.8;6;5.2;36.5;0;;
ПРОДУКТ;Онигири с запечённым тунцом;185.2;7.3;3.6;30.9;0;;
ПРОДУКТ;Онигири с крабом;200.2;7;3.4;35.4;0;;
ПРОДУКТ;Онигири с красной рыбой спайси;280;5;15;32;0;;
ПРОДУКТ;Онигири с креветкой;197.4;4.4;5;33.7;0;;
ПРОДУКТ;Онигири с начинкой из крабового мяса с соевым соусом;147.1;3.3;4.3;23.8;0;;
ПРОДУКТ;Онигири с тунцом и кунжутом;220;6;12;22;0;;
ПРОДУКТ;Онигири с филе полосатого тунца в майонезе;185.2;7.3;3.6;30.9;0;;
ПРОДУКТ;Онигири “Black” Миндаль С Крабом;230;5;8;34;0;;
ПРОДУКТ;Оптималь» без сахара;52;3.3;2;5.2;0;;
ПРОДУКТ;Опята грибы соленые;20;1.5;1;1;0;;
ПРОДУКТ;Опята маринованные;25;1.1;0.6;3.6;0;;
ПРОДУКТ;Опята маринованные по уральскому рецепту;15;0.9;0.1;2.4;0;;
ПРОДУКТ;Опята остренькие готовые;114.08;2;9.5;4.3;0;;
ПРОДУКТ;Опята свежие;22.22;2.2;1.2;0.5;0;;
ПРОДУКТ;Опята солёные;16;1.1;0.7;1.4;0;;
ПРОДУКТ;Опята целые Sunfeel;28.7;3;0;4;0;;
ПРОДУКТ;Опятки Hortex;23.45;2.2;1.2;0.8;0;;
ПРОДУКТ;Органическая кокосовая вода;21;0;0;5.2;0;;
ПРОДУКТ;Органическая переработанная мякоть кокосового ореха;102;1.2;10;1.8;0;;
ПРОДУКТ;Органические овсяные хлопья;365;14;6.9;56;0;;
ПРОДУКТ;Орегано сушеный;229.35;11;10.3;21.6;0;;
ПРОДУКТ;Орео;478;4.9;20.8;68;0;;
ПРОДУКТ;Орех грецкий б/к эк;700.29;15;65;14;0;;
ПРОДУКТ;Орех кола;54.64;7.9;0.1;5.2;0;;
ПРОДУКТ;Орех кукуи;757.89;7.9;75.8;5.2;0;;
ПРОДУКТ;Орех лещина;673.39;13.1;62.6;9.3;0;;
ПРОДУКТ;Орех макадамия;757.89;7.9;75.8;5.2;0;;
ПРОДУКТ;Орех пекан;724.23;9.2;72;4.3;0;;
ПРОДУКТ;Орех пили;800.16;10.8;79.6;4;0;;
ПРОДУКТ;Орех сейшельский Коко-де-мер;350.17;3.3;33.5;6.2;0;;
ПРОДУКТ;Орех чилим;307.52;11.9;3.4;55.4;0;;
ПРОДУКТ;Орехи;515.1;15;40;20;0;;
ПРОДУКТ;Орехи Кедровые;677;19.8;59.7;15;0;;
ПРОДУКТ;Орехи Кешью;579;21;48;15.7;0;;
ПРОДУКТ;Орехи Фисташк Жареные Соленые;600;18;55;8;0;;
ПРОДУКТ;Орехи/мёд. Неглазированный протеиновый батончик;295;36.7;7;6.3;0;;
ПРОДУКТ;Ореховая паста;555;3.8;34;58;0;;
ПРОДУКТ;Ореховая паста миндальная;631;22;55;12;0;;
ПРОДУКТ;Ореховая смесь Молодёжная Белый Пеликан;472.71;10;23.3;52.5;0;;
ПРОДУКТ;Ореховый Батончик Обыкновенное Чудо;528;4.5;30;60;0;;
ПРОДУКТ;Ореховый батончик;505;12.7;30.5;41.1;0;;
ПРОДУКТ;Орешки С Варенной Сгущенкой;378;6.6;16.5;50.8;0;;
ПРОДУКТ;Орешки Со Сгущенкой;375.25;7.26;13.9;52.74;0;;
ПРОДУКТ;Орешки с телятиной;532;11.6;35.6;41.21;0;;
ПРОДУКТ;Орзо (ризони;351.45;12;1.2;71;0;;
ПРОДУКТ;Орзотто С Овощами По-итальянски;71;2.4;1.2;12.7;0;;
ПРОДУКТ;Оригинальный;60;0;0;15;0;;
ПРОДУКТ;Осетинский пирог;232.5;7.4;6.5;36.1;0;;
ПРОДУКТ;Осетинский пирог с картофелем и сыром;195;9;7;24;0;;
ПРОДУКТ;Осетинский пирог с мясом;217.5;12.1;9.1;21.8;0;;
ПРОДУКТ;Осетинский пирог с сыром;245;10.6;10.6;26.8;0;;
ПРОДУКТ;Осетинский пирог с сыром и шпинатом;222.3;10.98;9.02;24.79;0;;
ПРОДУКТ;Основа для горячих блюд Китайский соус;62;0.9;1.1;11.8;0;;
ПРОДУКТ;Основа для пиццы;310;8;6;57;0;;
ПРОДУКТ;Основа для пиццы Талосто;257.23;2.9;2.4;54.4;0;;
ПРОДУКТ;Основа для пиццы замороженная;320;8;6.5;56.5;0;;
ПРОДУКТ;Основа для пиццы с соусом, замороженная;262;8.3;3.6;49.1;0;;
ПРОДУКТ;Основа для приготовления лимонада «Манго-Маракуйя;270;0.5;0.1;66;0;;
ПРОДУКТ;Основа для приготовления лимонада «Мохито Классический;290;0.5;0;71;0;;
ПРОДУКТ;Основа для римской пиццы, замороженная;191.6;7.4;0.8;38.7;0;;
ПРОДУКТ;Основа для рыбного бульона ХонДаши;231.92;22;1;32.3;0;;
ПРОДУКТ;Особый Шоколад Темный;511;6.6;29;52;0;;
ПРОДУКТ;Особый рецепт молочные сосиски;180;10;16;0;0;;
ПРОДУКТ;Останкино венская;289;14;25;2;0;;
ПРОДУКТ;Острое мясо;348.1;48.9;8.1;19.9;0;;
ПРОДУКТ;Острый соус Сладкий чили;78.87;0.5;0;19;0;;
ПРОДУКТ;Осьминог;74.62;18.2;0;0;0;;
ПРОДУКТ;Осьминог консервированный;150.81;21;5.2;4;0;;
ПРОДУКТ;Осьминог маринованный;74.62;18.2;0;0;0;;
ПРОДУКТ;Осьминог мини;79.4;14.9;1;2.2;0;;
ПРОДУКТ;Осьминоги маленькие;46;9.8;0.8;0;0;;
ПРОДУКТ;Осётр жареный;281.37;16;17.4;13.2;0;;
ПРОДУКТ;Осётр припущенный;183.53;17.8;11.9;0;0;;
ПРОДУКТ;Осётр свежий;168.5;16.4;10.9;0;0;;
ПРОДУКТ;Отруби Белковые;240;20;2;35;0;;
ПРОДУКТ;Отруби Пшеничные;228;13.7;3;36.5;0;;
ПРОДУКТ;Отруби бородинские;270;13;2;40;0;;
ПРОДУКТ;Отруби кукурузные;350;6;1;80;0;;
ПРОДУКТ;Отруби льняные;452.7;26.7;21.5;38.1;0;;
ПРОДУКТ;Отруби овсяные хрустящие;197;13.5;4.8;25;0;;
ПРОДУКТ;Отруби пшеничные натуральные;165;16;3.5;64;0;;
ПРОДУКТ;Отруби пшеничные очищенные с шиповником;182.6;13.9;3.4;22.8;0;;
ПРОДУКТ;Отруби ржаные;190;12.5;3.1;28;0;;
ПРОДУКТ;Отруби ржаные натуральные;221;11.2;3.2;32;0;;
ПРОДУКТ;Отруби ржаные хрустящие;190;12.5;3.1;28;0;;
ПРОДУКТ;Отруби ржаные экструдированные;350;12;2.5;61;0;;
ПРОДУКТ;Отруби сибирские Сила фруктов, хрустящие шарики;236.43;12;2.5;40;0;;
ПРОДУКТ;Отруби хрустящие;210;15;3.5;30;0;;
ПРОДУКТ;Охотничий;271;13;23;3;0;;
ПРОДУКТ;Охотничьи Колбаски Говяжьи;463;25;40;0.3;0;;
ПРОДУКТ;Охотничьи Колбаски Полукопченые;290;16;25;0;0;;
ПРОДУКТ;Очень Молочный;551.39;5.2;32;59;0;;
ПРОДУКТ;Очень хорошее молоко;58;3.2;3;4.9;0;;
ПРОДУКТ;Очищенные Томаты;21;1.4;0;4;0;;
ПРОДУКТ;ПЕППЕРРО;205;3;11;24;0;;
ПРОДУКТ;ПИРОЖНОЕ ВЕС. ВИШН/ЙОГУРТ;160;2;4;29;0;;
ПРОДУКТ;ПЛОВ ОВОЩНОЙ с натуральными специями и зеленью;350;7.5;1;77;0;;
ПРОДУКТ;ПЛОМБИР ФИСТАШКОВЫЙ СТАК;280;4.5;18;26;0;;
ПРОДУКТ;ПОРЦИИ ВЕС. ЛОСОСЕВ. ВИЧИ ИЗ ФАРШ. ПАН. 1К;218;11.3;10.5;19.5;0;;
ПРОДУКТ;ПРЕЗИДЕНТ краще СИРЕНЕ;250;16;20;1.5;0;;
ПРОДУКТ;ПРОСТО;60;3;3.2;4.7;0;;
ПРОДУКТ;ПЮРЕ С СОКАМИ ПРЯМОГО ОТЖИМА СМЕШАННЫЕ ФРУКТОВЫЕ «СМУЗИ» КИВИ + АНАНАС;44.6;0.4;0.2;10.3;0;;
ПРОДУКТ;Палички кукурудзяні;418;7;14.1;65.4;0;;
ПРОДУКТ;Палочки Из Картофеля;180;2;12;16;0;;
ПРОДУКТ;Палочки Кукурузные С Льняной Клетчаткой;350;10;2;73;0;;
ПРОДУКТ;Палочки Хлебные С Сыром;413;12.8;8.7;71.1;0;;
ПРОДУКТ;Палочки из минтая;200;11;9.5;17.7;0;;
ПРОДУКТ;Палочки из печёных яблок с чёрной смородиной;351.4;0.3;1;85.3;0;;
ПРОДУКТ;Палочки из филе минтая в панировке;210;11;9.5;20;0;;
ПРОДУКТ;Палочки крабовые Vici;95;6.6;0.5;15.9;0;;
ПРОДУКТ;Палочки кукурузные к чаю. Сладкие;470.84;6;14;80;0;;
ПРОДУКТ;Палочки кукурузные сладкие;409;6;12.9;67.1;0;;
ПРОДУКТ;Палочки кукурузные сладкие в сахарной пудре;411;6.1;12.9;67.2;0;;
ПРОДУКТ;Палочки рисовые с медом;366;7.8;2;60;0;;
ПРОДУКТ;Палочки сладкие кукурузные;420;5;13;71;0;;
ПРОДУКТ;Палочки хлебные «Grissini;408;3.8;5.7;85;0;;
ПРОДУКТ;Палтус отварной;222.76;14;17.8;0;0;;
ПРОДУКТ;Палтус свежий;105.36;18.9;3;0;0;;
ПРОДУКТ;Пальмьерс печенье сливочное;547;5.3;33;56;0;;
ПРОДУКТ;Паляница Украинская;246.57;7.9;0.9;50.2;0;;
ПРОДУКТ;Пампушка ржаная с чесноком и зеленью;260;6.5;5;47;0;;
ПРОДУКТ;Пампушки;231.8;5.8;3.9;41.9;0;;
ПРОДУКТ;Пампушки с чесноком;307;8.6;3.3;58.8;0;;
ПРОДУКТ;Панини С Курицей;290;12;12;32;0;;
ПРОДУКТ;Панини с ветчиной и сыром;310;9.5;17;30;0;;
ПРОДУКТ;Панировка Корнфлейкс;405;6.1;1.9;89;0;;
ПРОДУКТ;Панировка для курицы с чесноком и базиликом;341.5;9;1.5;73;0;;
ПРОДУКТ;Панкейк Малиновый Джем;228;5.1;10;29;0;;
ПРОДУКТ;Панкейк неглазированный с начинкой Нежный шоколад;220;6.22;11.6;20;0;;
ПРОДУКТ;Панкейк неглазированный с начинкой Шоколадный крем;302;25;14;11.5;0;;
ПРОДУКТ;Панкейки Банановые;221;4.55;7.91;32.9;0;;
ПРОДУКТ;Панкейки шоколадные со сливочным кремом;201;4.6;16.2;9.4;0;;
ПРОДУКТ;Папа может зернистая;255;9;23;3;0;;
ПРОДУКТ;Папа может филейная;160;9;12;4;0;;
ПРОДУКТ;Папайя;41.11;0.6;0.1;9.2;0;;
ПРОДУКТ;Папайя сушенная;265.7;2.6;0.5;62.7;0;;
ПРОДУКТ;Папарделле;344.37;10;1.1;71.5;0;;
ПРОДУКТ;Паприка Santa Maria копченая;272.73;15;17;13;0;;
ПРОДУКТ;Паприка копченая молотая;358;14;13;39;0;;
ПРОДУКТ;Паприка молотая;389;14;13;54;0;;
ПРОДУКТ;Паприка сушеная;316.12;14.1;12.8;34;0;;
ПРОДУКТ;Парижские вафли сахарные;460;7.5;22;58;0;;
ПРОДУКТ;Паровая Булочка Том Ям;349.1;11;17.9;36;0;;
ПРОДУКТ;Паровая булочка «Бань Бао» со свининой и грибами;274;14.2;10.4;31;0;;
ПРОДУКТ;Паровой Рис С Курицей Ком Га;150;5.4;4;23;0;;
ПРОДУКТ;Пассифлора голубая (Кавалерская звезда;68.5;2.4;0.4;13.4;0;;
ПРОДУКТ;Паста;344.37;10;1.1;71.5;0;;
ПРОДУКТ;Паста Bavette (Баветте;359;14;2;69.7;0;;
ПРОДУКТ;Паста DopDrops кокосовая;690.77;6.9;65;14.3;0;;
ПРОДУКТ;Паста Hy-Top арахисовая хрустящая;644.49;21.9;50;22;0;;
ПРОДУКТ;Паста Livingood высокобелковая;383;21;3.1;66;0;;
ПРОДУКТ;Паста Nutbutter арахисовая натуральная;653.1;24;50;22;0;;
ПРОДУКТ;Паста Nutbutter кокосовая;662.07;6.9;65;7.3;0;;
ПРОДУКТ;Паста Nutella;545.47;6.8;31;56;0;;
ПРОДУКТ;Паста «Карбонара;43.3;2.17;1.5;5.67;0;;
ПРОДУКТ;Паста Альфредо с курицей и беконом;237;9;9;30;0;;
ПРОДУКТ;Паста Арахисовая;570;25;43;21;0;;
ПРОДУКТ;Паста Арахисовая Мягкая (Creamy;625;21.9;50;22;0;;
ПРОДУКТ;Паста Арахисовая С Красной Гималайской Солью;532;25;45;7;0;;
ПРОДУКТ;Паста Бис шоколадная соевая;359.35;6;25;25;0;;
ПРОДУКТ;Паста Десертная Карамельно-Сливочная;408.2;4.6;25;41.2;0;;
ПРОДУКТ;Паста Карри Зеленая;101;3.2;2.9;14;0;;
ПРОДУКТ;Паста Карри красная;133.33;6.67;2.67;20;0;;
ПРОДУКТ;Паста Орзо;360;13;1.5;75;0;;
ПРОДУКТ;Паста С Куриной Грудкой В Сливочном Соусе Песто;214.89;8.09;14.04;14.04;0;;
ПРОДУКТ;Паста С Курицей Гриль И Сливочно-Томатном Соусом;183;9.5;8.2;17.8;0;;
ПРОДУКТ;Паста С Курицей в Сливочно-грибном Соусе;153.8;7.6;6.2;16.9;0;;
ПРОДУКТ;Паста Том Ям Aroy-D;299.49;6;15.6;31.7;0;;
ПРОДУКТ;Паста Томатная;79;3.9;0;15.8;0;;
ПРОДУКТ;Паста Тортильони С Сыром Фета И Ароматными Травами;203.3;5.5;7.3;28.9;0;;
ПРОДУКТ;Паста Шоколадно-ореховая;560;3;35;58;0;;
ПРОДУКТ;Паста арахисовая Классическая;590;26;47;16;0;;
ПРОДУКТ;Паста арахисовая с кусочками арахиса;584;27.8;48;10;0;;
ПРОДУКТ;Паста в соусе Альфредо с курицей и грибами;228;9.6;15;13.7;0;;
ПРОДУКТ;Паста з борошна зеленої гречки;398;10.8;3.5;55.8;0;;
ПРОДУКТ;Паста карбонара;351;13;24;21;0;;
ПРОДУКТ;Паста клубника кокос;674;13;62;16;0;;
ПРОДУКТ;Паста кунжутная;565;19;49;12;0;;
ПРОДУКТ;Паста миндалевая;637;18;57;13;0;;
ПРОДУКТ;Паста мисо;171;10.5;5.7;23.1;0;;
ПРОДУКТ;Паста молочно-ореховая с вафлей;352;5.9;22.1;18.2;0;;
ПРОДУКТ;Паста органики из твердых сортов пшеницы без яиц;349;12;1.5;70;0;;
ПРОДУКТ;Паста ореховая Шоко Милк;520;12;47;11;0;;
ПРОДУКТ;Паста орзо с говяжьим фаршем в томатном соусе и моцареллой;140;8;7.4;10.5;0;;
ПРОДУКТ;Паста орзо с креветками;165.9;6.1;7.5;18.5;0;;
ПРОДУКТ;Паста пенне;193;6;4;33;0;;
ПРОДУКТ;Паста птитим жемчужная;225;12;1.5;75;0;;
ПРОДУКТ;Паста с антарктическим крилем «Антарктик-криль подкопченый;412;5.2;41.1;5.3;0;;
ПРОДУКТ;Паста с ветчиной;155.2;5.6;8.12;14.92;0;;
ПРОДУКТ;Паста с ветчиной и грибами;155;5.6;8.12;14.9;0;;
ПРОДУКТ;Паста с курицей в соусе альфредо;222;13.6;10.5;18.3;0;;
ПРОДУКТ;Паста с курицей и сливочно-томатным соусом;159;8.8;5.6;18.4;0;;
ПРОДУКТ;Паста с курицей, моцареллой и томатным соусом;135.7;9;5.3;13;0;;
ПРОДУКТ;Паста с лососем;220;10;11;19;0;;
ПРОДУКТ;Паста с фундуком и какао;560;6;34;57;0;;
ПРОДУКТ;Паста с цыплёнком в соусе пепе верде;189;9.61;7.78;20.2;0;;
ПРОДУКТ;Паста томатна 25;90;4.2;0.2;16.1;0;;
ПРОДУКТ;Паста томатная Кубаночка;63.2;0;0;15.8;0;;
ПРОДУКТ;Паста томатная с пряными травами и чесноком;80;4;0.5;15;0;;
ПРОДУКТ;Паста шоколадно-молочная с хрустящими шариками;434;7.7;30;13;0;;
ПРОДУКТ;Пастерезованное молоко;55;3;2.5;4.7;0;;
ПРОДУКТ;Пастеризованное молоко;60;3.1;3.2;4.7;0;;
ПРОДУКТ;Пастернак;48.1;1.4;0.5;9.2;0;;
ПРОДУКТ;Пастет;186;7.4;16;3.7;0;;
ПРОДУКТ;Пастет Апетит;266;12;23;2.5;0;;
ПРОДУКТ;Пастет От Пуешко Месо;318.28;19.63;26.5;0;0;;
ПРОДУКТ;Пастет От Свинско Месо;228.5;16.7;16.5;3.3;0;;
ПРОДУКТ;Пастет от гьши черен дроб;217;11;17;5;0;;
ПРОДУКТ;Пастила;333.33;0.5;0;80.8;0;;
ПРОДУКТ;Пастила Delibon клюква;340;0.5;0;84;0;;
ПРОДУКТ;Пастила Ассорти фруктовая натуральная;263;2.4;0;59;0;;
ПРОДУКТ;Пастила Белевская Без Сахара;280;4;0;65;0;;
ПРОДУКТ;Пастила Белёвская классическая Яблочная без сахара;276;4;0;65;0;;
ПРОДУКТ;Пастила Боб снейл;186;1.1;1.4;42.3;0;;
ПРОДУКТ;Пастила Воздушная;288;0.4;0;71.6;0;;
ПРОДУКТ;Пастила Классическая;276;4;0;65;0;;
ПРОДУКТ;Пастила С Клюквой;276;4;0;65;0;;
ПРОДУКТ;Пастила С Яблоком;280;4;0;65;0;;
ПРОДУКТ;Пастила С ароматом ванили ШАРМЭЛЬ;310;0.6;0;76.4;0;;
ПРОДУКТ;Пастила Фейхоа;310;0.6;0;76.4;0;;
ПРОДУКТ;Пастила Фруктовая Яблоко-Слива;244.7;2.1;0.7;57.5;0;;
ПРОДУКТ;Пастила Шарлиз с ароматом ванили;345.74;0.6;0.1;83.5;0;;
ПРОДУКТ;Пастила Шарлиз с кусочками мармелада;346.56;0.5;0.1;83.8;0;;
ПРОДУКТ;Пастила Шармэль Ванильная;325.95;0.5;0;79;0;;
ПРОДУКТ;Пастила Шармэль Йогурт;308.73;0.3;0;75;0;;
ПРОДУКТ;Пастила Шармэль Клубника со сливками;323.9;1;0;78;0;;
ПРОДУКТ;Пастила Шармэль клюквенная;329;0.3;0;80.5;0;;
ПРОДУКТ;Пастила Яблочная С Клюквой;280;1;0;68;0;;
ПРОДУКТ;Пастила Ягодное Ассорти;276;4;0;65;0;;
ПРОДУКТ;Пастила из яблок Антоновская с клубникой;311;1.3;0.5;76.5;0;;
ПРОДУКТ;Пастила с ароматом ванили;310;0.5;0;76;0;;
ПРОДУКТ;Пастила с кусочками мармелада;340;0.5;0;84;0;;
ПРОДУКТ;Пастила с мармеладом Черника и Сливки;310;5;0.1;77;0;;
ПРОДУКТ;Пастила фруктовая;329.5;2.3;0;59.1;0;;
ПРОДУКТ;Пастила фруктовая яблоко;263;2.4;0;59;0;;
ПРОДУКТ;Пастила фруктово-овощная;459.1;3.6;21.9;61.9;0;;
ПРОДУКТ;Пастила яблочная;302.58;0.3;0;73.5;0;;
ПРОДУКТ;Пастила яблочная ассорти Фруктово-ягодное;182.9;1.5;0.1;44;0;;
ПРОДУКТ;Пастилки Малиновая Лента;320;2;0.1;78;0;;
ПРОДУКТ;Пастилки С Инжиром;315.8;2.7;1.4;73.1;0;;
ПРОДУКТ;Пастилки сливовые;330;1;1;82;0;;
ПРОДУКТ;Пастилки фруктовые без сахара абрикос;238;1.7;0;57.8;0;;
ПРОДУКТ;Пастилки фруктовые без сахара вишня;234;1.7;0;56.7;0;;
ПРОДУКТ;Пастилки фруктовые без сахара лимин-имбирь;232;1.7;0;56.4;0;;
ПРОДУКТ;Пастилки фруктовые без сахара слива;231;1.5;0;56.2;0;;
ПРОДУКТ;Пастилки фруктовые без сахара яблоко;233;1.8;0;56.5;0;;
ПРОДУКТ;Пастрами из индейки;100;20;2;0;0;;
ПРОДУКТ;Пастушья запеканка с тыквой и индейкой;83;7;3;7;0;;
ПРОДУКТ;Пастушья сумка;25.12;0.7;0.1;5.2;0;;
ПРОДУКТ;Пасхальный кулич с драже и сливочной начинкой;350;6.7;12.9;52.6;0;;
ПРОДУКТ;Патиссон;21.02;0.6;0.1;4.3;0;;
ПРОДУКТ;Патиссон консервированный;24.19;3.9;0;2;0;;
ПРОДУКТ;Патока;323.82;0;0.3;78.3;0;;
ПРОДУКТ;Патока кукурузная;323.82;0;0.3;78.3;0;;
ПРОДУКТ;Паутинка;342;12;1.3;70.5;0;;
ПРОДУКТ;Пахлава «Шобиет ассорти» с рикоттой;457.1;5.6;22.3;58.5;0;;
ПРОДУКТ;Пахлава Восточная;523.2;7.3;28.8;58.7;0;;
ПРОДУКТ;Пахлава Из Казани;343;4.5;17.5;46;0;;
ПРОДУКТ;Пахлава С Кешью;364;24;18.5;23;0;;
ПРОДУКТ;Пахлава турецкая фистык пальчики;400;8;25;36;0;;
ПРОДУКТ;Пахта 0.5;37.85;3.4;0.5;4.7;0;;
ПРОДУКТ;Пахта 1;42.09;3.3;1;4.7;0;;
ПРОДУКТ;Пахта сквашенная с клубникой;74.12;2.8;2.5;10;0;;
ПРОДУКТ;Паштет Grand-Mere печеночный классический;357.82;8.1;33;4.4;0;;
ПРОДУКТ;Паштет Grand-Mere печеночный с грибами;327.9;7.6;30;4.4;0;;
ПРОДУКТ;Паштет Grand-Mere печеночный с зеленью;337.6;7.7;31;4.4;0;;
ПРОДУКТ;Паштет Grand-Mere печеночный с паприкой;327.9;7.6;30;4.4;0;;
ПРОДУКТ;Паштет «Фирменный;254;8;22;6;0;;
ПРОДУКТ;Паштет Говядина;267;10;23;5;0;;
ПРОДУКТ;Паштет Деревенский;264;12;22;4.5;0;;
ПРОДУКТ;Паштет З Трюфелем;336;7;33;3;0;;
ПРОДУКТ;Паштет Из Индейки С Шампиньонами И Прованскими Травами;264;12;22.8;2.7;0;;
ПРОДУКТ;Паштет Из Куриной Печени С Вялеными Томатами;210;11;16;5;0;;
ПРОДУКТ;Паштет Из Мяса Индейки;247;11;22;1.2;0;;
ПРОДУКТ;Паштет Из Утки С Черносливом;240;11;20;4;0;;
ПРОДУКТ;Паштет Классический;242;5;22;6;0;;
ПРОДУКТ;Паштет Куриный;309;10;29;2.1;0;;
ПРОДУКТ;Паштет НЕЖНЫЙ с гусиной печенью;240;3;21;10;0;;
ПРОДУКТ;Паштет Нежный;212.8;2.9;20;5.3;0;;
ПРОДУКТ;Паштет Нежный с мясом птицы;280;4;25;10;0;;
ПРОДУКТ;Паштет Нежный с печенью индейки;230;3;20;10;0;;
ПРОДУКТ;Паштет С Мясом Птицы;230;6;21;4.5;0;;
ПРОДУКТ;Паштет Старокрестьянский;347;9;33;3.5;0;;
ПРОДУКТ;Паштет Утиный;310;6;30;3;0;;
ПРОДУКТ;Паштет Французский;420;5;42;6;0;;
ПРОДУКТ;Паштет деликатесный из индейки;184.03;14.8;12.3;2.7;0;;
ПРОДУКТ;Паштет деликатесный с индейкой Hame;230;7;22;5;0;;
ПРОДУКТ;Паштет з м'ясом курки;187;8.6;14;6.3;0;;
ПРОДУКТ;Паштет из говяжей печени со сливками запечённый;199.6;15.5;13.6;3.8;0;;
ПРОДУКТ;Паштет из говяжьей печени;206.03;18.1;11.1;7;0;;
ПРОДУКТ;Паштет из индейки;309;10;29;2.1;0;;
ПРОДУКТ;Паштет из куриной печени;210;12;16;4;0;;
ПРОДУКТ;Паштет из мяса птицы;170.17;14.2;9.6;5.6;0;;
ПРОДУКТ;Паштет из семечек грибной;425;9.8;38.4;10.2;0;;
ПРОДУКТ;Паштет из семечек с грибами;414;9;39;7;0;;
ПРОДУКТ;Паштет мясной;163.69;15;11;0;0;;
ПРОДУКТ;Паштет мясной Домашний;361;4;37;3;0;;
ПРОДУКТ;Паштет печеночный;201;6;17;6;0;;
ПРОДУКТ;Паштет печеночный говяжий классический;222.51;9.4;18.7;2.5;0;;
ПРОДУКТ;Паштет печеночный курица со вкусом куриного мяса;323;7;31;4;0;;
ПРОДУКТ;Паштет печёночный;254;8;22;6;0;;
ПРОДУКТ;Паштет печёночный индейка;314;7;30;4;0;;
ПРОДУКТ;Паштет печёночный классический;210;8;18;4.5;0;;
ПРОДУКТ;Паштет печёночный с зеленью укропа;257;6;25;2;0;;
ПРОДУКТ;Паштет постный шампиньоны с гречкой;234;5.8;20.6;6.4;0;;
ПРОДУКТ;Паштет с гусиной печенью Фуагра по-французски;268;9;24;4;0;;
ПРОДУКТ;Паштет с маслинами;261;6.5;25;2.5;0;;
ПРОДУКТ;Паштет с мясом индейки;281;4;25;10;0;;
ПРОДУКТ;Паштет с печенью кур и грибами;230;4.5;20;9;0;;
ПРОДУКТ;Паштет с чечевицей;191;6;11;15;0;;
ПРОДУКТ;Паштет французский с фуа-гра;420;9;42;2;0;;
ПРОДУКТ;Паштет шпротный;221;17;17;0;0;;
ПРОДУКТ;Паэлья С Морепродуктами;130;8;3;17;0;;
ПРОДУКТ;Педьмени «Фирменные;300;12;17;24;0;;
ПРОДУКТ;Пекан-тарт;358;30;14.3;9.3;0;;
ПРОДУКТ;Пекмез можжевеловый;241.3;0.8;0.2;57.6;0;;
ПРОДУКТ;Пекмез рожкового дерева;259.67;3.2;0.5;59;0;;
ПРОДУКТ;Пекмез финиковый;242.85;1.1;0.5;57;0;;
ПРОДУКТ;Пекмез шелковицы;258.85;1;0.5;61;0;;
ПРОДУКТ;Пектин;367.36;0;0;89.6;0;;
ПРОДУКТ;Пеламида;223.76;22.4;14.2;0;0;;
ПРОДУКТ;Пеленгас;120.25;18;5;0;0;;
ПРОДУКТ;Пельмени;282.89;11.9;12.4;29;0;;
ПРОДУКТ;Пельмени «Бульварские» Классические;240;9.5;12;23;0;;
ПРОДУКТ;Пельмени «Для босса;209;10.6;10.2;18.4;0;;
ПРОДУКТ;Пельмени «Омские Премиум;245.22;9;13;23;0;;
ПРОДУКТ;Пельмени «С мраморной говядиной;199.6;10;4.8;29.1;0;;
ПРОДУКТ;Пельмени «Сибирские;200.5;10.5;4.1;30.35;0;;
ПРОДУКТ;Пельмени Алтайские;305.4;9.5;18.6;25;0;;
ПРОДУКТ;Пельмени Бигбули с мясом Горячая штучка 900г;240;8;10;29;0;;
ПРОДУКТ;Пельмени Богатырский Рецепт;330;10;19;30;0;;
ПРОДУКТ;Пельмени Бульмени;250;9;11;29;0;;
ПРОДУКТ;Пельмени Говядина Свинина;260;8.5;12;29;0;;
ПРОДУКТ;Пельмени Горбуша;174;9.4;4;25;0;;
ПРОДУКТ;Пельмени Государь Император;298.5;9.7;18.9;22.4;0;;
ПРОДУКТ;Пельмени Домашние;290;8;16;28;0;;
ПРОДУКТ;Пельмени Замороженные «Оренбургские;281.9;16.5;12.3;26.3;0;;
ПРОДУКТ;Пельмени Из Индейки;200;10;5.5;29;0;;
ПРОДУКТ;Пельмени Из Мяса Индейки;190;10;5;28;0;;
ПРОДУКТ;Пельмени Иркутские;266;10;14;25;0;;
ПРОДУКТ;Пельмени Кавказские;268;10.3;8.3;38;0;;
ПРОДУКТ;Пельмени Киевские;217;9.9;10;22;0;;
ПРОДУКТ;Пельмени Китайские;273.4;6.8;15.8;26;0;;
ПРОДУКТ;Пельмени Классические;238.94;10;14;25;0;;
ПРОДУКТ;Пельмени Красноборские С Дичью;240;12;11;24;0;;
ПРОДУКТ;Пельмени Курица;200;11;7;24;0;;
ПРОДУКТ;Пельмени Мини Домашние;260;10;12;28;0;;
ПРОДУКТ;Пельмени Мясорубские с рубленой говядиной;260;9;14;24;0;;
ПРОДУКТ;Пельмени НеМясо со вкусом говядины;202.2;8.1;3;35.7;0;;
ПРОДУКТ;Пельмени Нежные Из Телятины;196;12;4;28;0;;
ПРОДУКТ;Пельмени Нежные с курицей и укропом;185;12;5;23;0;;
ПРОДУКТ;Пельмени Новосибирские;280;10;15;25;0;;
ПРОДУКТ;Пельмени Острые Со Свининой и Говядиной;230;8;12.5;21;0;;
ПРОДУКТ;Пельмени Премиум;190;11;5;26;0;;
ПРОДУКТ;Пельмени Ручной Лепки Сибирские;260;8.5;14;26;0;;
ПРОДУКТ;Пельмени С Говядиной;332;9;20;29;0;;
ПРОДУКТ;Пельмени С Говядиной И Свининой;270;11;14;25;0;;
ПРОДУКТ;Пельмени С Говядиной Ручной Работы;227.8;8;11.9;22.4;0;;
ПРОДУКТ;Пельмени С Говядиной Халяль;238.3;12.4;6.7;32.1;0;;
ПРОДУКТ;Пельмени С Индейкой;257;15.7;10.7;22.6;0;;
ПРОДУКТ;Пельмени С Курицей;290;9.5;19;21;0;;
ПРОДУКТ;Пельмени С Лососем;220;12;10;22;0;;
ПРОДУКТ;Пельмени С Мраморной Говядиной;210.5;10.6;8.5;22.9;0;;
ПРОДУКТ;Пельмени С Мраморной Говядиной И Свининой;221.2;12.7;6;29.1;0;;
ПРОДУКТ;Пельмени С Ципленком И Индейкой;158.5;11.4;5.3;16.3;0;;
ПРОДУКТ;Пельмени С Цыпленком;185;13.5;4;24.5;0;;
ПРОДУКТ;Пельмени Со Сливочным Маслом;320;10;18;29;0;;
ПРОДУКТ;Пельмени Татарские;145;7.3;3.9;20.1;0;;
ПРОДУКТ;Пельмени Татарские замороженные;210;7;10;23;0;;
ПРОДУКТ;Пельмени Телячьи;230;10;10;25;0;;
ПРОДУКТ;Пельмени Уральские Со Свининой И Говядиной;217;9.9;10;22;0;;
ПРОДУКТ;Пельмени Цыпленок Бройлер;167;12.1;3.4;22;0;;
ПРОДУКТ;Пельмени Цыпленок-Бройлера, Индейка;170;11;4;22;0;;
ПРОДУКТ;Пельмени Яловичина Та Свинина;261;12;13;24;0;;
ПРОДУКТ;Пельмени диетические с индейкой;230;12;7;29;0;;
ПРОДУКТ;Пельмени домашние ГОСТ;290;8;16;28;0;;
ПРОДУКТ;Пельмени из Мраморной Говядины;270;12;12;28;0;;
ПРОДУКТ;Пельмени из Тунца;185.8;14;3;25.7;0;;
ПРОДУКТ;Пельмени из баранины Крутогорские;240;12;11;22;0;;
ПРОДУКТ;Пельмени из говядины и свинины;230;9;10;25;0;;
ПРОДУКТ;Пельмени из горбуши сахалинские;187;11;7;20;0;;
ПРОДУКТ;Пельмени из оленины;257;10;13;25;0;;
ПРОДУКТ;Пельмени из отборной говядины и свинины;173.28;8;9;15;0;;
ПРОДУКТ;Пельмени из филе грудки курицы;200;14;5;25;0;;
ПРОДУКТ;Пельмени каказские с фасолью;223;13.79;5.1;30.4;0;;
ПРОДУКТ;Пельмени классика;303.6;9.1;17.2;28.1;0;;
ПРОДУКТ;Пельмени микро с индейкой;222.5;9;6.5;32;0;;
ПРОДУКТ;Пельмени микро с цыплёнком-бройлером;218.1;13.5;5.3;29.1;0;;
ПРОДУКТ;Пельмени мини с индейкой цветные;249;10.5;12.2;24.3;0;;
ПРОДУКТ;Пельмени мясные с капустой;235;9;8;32;0;;
ПРОДУКТ;Пельмени русские;270;8.5;15;26;0;;
ПРОДУКТ;Пельмени с бобами;118;4.7;1.9;36.2;0;;
ПРОДУКТ;Пельмени с бульоном;217.8;9;11;20.7;0;;
ПРОДУКТ;Пельмени с говядиной и свининой категории А;200.4;14.5;8;17.6;0;;
ПРОДУКТ;Пельмени с мраморной говядиной и цыплёнком;211.6;12.6;8.4;21.4;0;;
ПРОДУКТ;Пельмени с телятиной и сливками;202.5;14;8.5;17.5;0;;
ПРОДУКТ;Пельмени с тофу и чечевицей;190;7.4;1.3;37.2;0;;
ПРОДУКТ;Пельмени с цыпленоком-бройлером;205;11.7;5;28.3;0;;
ПРОДУКТ;Пельмени сочные с фаршем на молоке;217.8;9;11;20.7;0;;
ПРОДУКТ;Пельмени традиционные;320;7;20;28;0;;
ПРОДУКТ;Пельмени фирменные;260;11;13;25;0;;
ПРОДУКТ;Пельмени элитный;214;10.4;7.2;26.5;0;;
ПРОДУКТ;Пельмени, свинина-говядина;230;9;9;29;0;;
ПРОДУКТ;Пельмені;210;9.8;6.5;27.5;0;;
ПРОДУКТ;Пельмені Мішутка з охолодденим м'ясом індички;215;12;6.5;27;0;;
ПРОДУКТ;Пенне Myllyn Paras;346.01;10.4;1.1;71.5;0;;
ПРОДУКТ;Пенне «четыре сыра;207;6.67;13.9;13.9;0;;
ПРОДУКТ;Пенне болоньезе;183;8.7;6.9;21;0;;
ПРОДУКТ;Пепино;82;0;0;20;0;;
ПРОДУКТ;Пепси;35.67;0;0;8.7;0;;
ПРОДУКТ;Пепси кола;28;0;0;7;0;;
ПРОДУКТ;Пептидный Протеин PRIMEKRAFT Whey Делишес, Двойной Шоколад, 900г;370;76.67;4;6.67;0;;
ПРОДУКТ;Первый Бобруйский Зефир;320;1;0;79;0;;
ПРОДУКТ;Перезвон в вафельной крошке;510;10;29;53;0;;
ПРОДУКТ;Перекус сочный клубника;60;0.5;0.4;12;0;;
ПРОДУКТ;Перепел;216;18.9;15.6;0;0;;
ПРОДУКТ;Перепелка;131.18;21.8;4.5;0;0;;
ПРОДУКТ;Перец Рамиро;27.58;1.3;0.1;5.2;0;;
ПРОДУКТ;Перец С Сыром;366;4.8;28.25;20.39;0;;
ПРОДУКТ;Перец Сладкий Замороженный;26.8;1.3;0;5.4;0;;
ПРОДУКТ;Перец Фаршированный;190;6;14;10;0;;
ПРОДУКТ;Перец Халапеньо Красный С Чесноком В Масле;160;1.3;12.8;11;0;;
ПРОДУКТ;Перец анчо сушеный;247.15;11.9;8.2;29.8;0;;
ПРОДУКТ;Перец белый;235.99;10.4;2.1;42.4;0;;
ПРОДУКТ;Перец белый молотый;235.99;10.4;2.1;42.4;0;;
ПРОДУКТ;Перец водяной (горец перечный;1.75;0.1;0.1;0.1;0;;
ПРОДУКТ;Перец длинный чёрный;231.45;10.9;3.2;38.3;0;;
ПРОДУКТ;Перец душистый;312.88;6.1;8.7;50.5;0;;
ПРОДУКТ;Перец зелёный горошек;42.45;2;0.2;7.9;0;;
ПРОДУКТ;Перец кайенский;44.91;0.7;0.2;9.8;0;;
ПРОДУКТ;Перец красный молотый;24.52;0.7;0.3;4.6;0;;
ПРОДУКТ;Перец мини;28.7;1.3;0;5.7;0;;
ПРОДУКТ;Перец пепперони;35.5;1.4;0.6;5.9;0;;
ПРОДУКТ;Перец пири-пири;49.01;2;0.2;9.5;0;;
ПРОДУКТ;Перец ратунда;26.35;1.3;0.1;4.9;0;;
ПРОДУКТ;Перец серрано;22.99;1.7;0.4;3;0;;
ПРОДУКТ;Перец сладкий 4 сезона нарезанный;28.4;1.3;0.1;5.4;0;;
ПРОДУКТ;Перец сладкий жёлтый;27.06;1.3;0;5.3;0;;
ПРОДУКТ;Перец сладкий зелёный;33.62;1.3;0;6.9;0;;
ПРОДУКТ;Перец сладкий красный;27.06;1.3;0;5.3;0;;
ПРОДУКТ;Перец сладкий маринованный;26.35;1.3;0.1;4.9;0;;
ПРОДУКТ;Перец хабанеро;49.01;2;0.2;9.5;0;;
ПРОДУКТ;Перец халапеньо;35.5;1.4;0.6;5.9;0;;
ПРОДУКТ;Перец черный;307;11;1.5;53;0;;
ПРОДУКТ;Перец черный горошком;359.5;13;3.5;69;0;;
ПРОДУКТ;Перец чили;49.01;2;0.2;9.5;0;;
ПРОДУКТ;Перец чипотле;247.15;11.9;8.2;29.8;0;;
ПРОДУКТ;Перец чёрный горошек;258.7;14.7;3;41.6;0;;
ПРОДУКТ;Перец чёрный молотый;227;11;3.3;38.3;0;;
ПРОДУКТ;Перец японский (сычуанский, китайский;235.99;10.4;2.1;42.4;0;;
ПРОДУКТ;Перець чорний мелений;330;13.3;7.5;39.5;0;;
ПРОДУКТ;Перечня Икра Мухаммара с пшеничными лепешками;238.6;5.9;13.5;26.1;0;;
ПРОДУКТ;Перловая каша на воде;107.45;3.1;0.4;22.2;0;;
ПРОДУКТ;Перловая каша рассыпчатая;110.73;3.1;0.4;23;0;;
ПРОДУКТ;Перловая крупа;350.52;9.3;1.1;73.7;0;;
ПРОДУКТ;Перловая крупа Мистраль Барли;357.98;12.1;0.8;73.4;0;;
ПРОДУКТ;Перник;391;6.5;11;64.9;0;;
ПРОДУКТ;Персик;50.95;0.9;0.1;11.3;0;;
ПРОДУКТ;Персик - Яблоко сок;49.2;0.4;0;11.8;0;;
ПРОДУКТ;Персик сушёный;252.59;3;0.4;57.7;0;;
ПРОДУКТ;Персик-Яблоко;52.58;0.2;0;13;0;;
ПРОДУКТ;Персики консервированные;62.43;0.3;0.1;14.7;0;;
ПРОДУКТ;Персики отборные в лёгком сиропе;68;0.12;0.12;15.1;0;;
ПРОДУКТ;Персики половинки в сиропе;58;0.5;0.1;13.7;0;;
ПРОДУКТ;Персиковый Лимонад;45;0;0;11;0;;
ПРОДУКТ;Персиковый компот;83.64;0.5;0;19.9;0;;
ПРОДУКТ;Персиковый нектар;46.5;0.2;0;12;0;;
ПРОДУКТ;Персиковый сок;43.57;0.9;0.1;9.5;0;;
ПРОДУКТ;Перья;346.08;12.5;1.1;71.5;0;;
ПРОДУКТ;Перья высший сорт;344.17;10.4;1.1;71.5;0;;
ПРОДУКТ;Песочное кольцо классическое;500;8.5;28;53;0;;
ПРОДУКТ;Песочное печенье «Тающее удовольствие;581.2;4.3;37.6;56.4;0;;
ПРОДУКТ;Песто классический;401;3.6;42;1.8;0;;
ПРОДУКТ;Петровские сосиски;200;10;17;5;0;;
ПРОДУКТ;Петрушка;77;0;0;19;0;;
ПРОДУКТ;Петрушка (корень;53.13;1.5;0.6;10.1;0;;
ПРОДУКТ;Петрушка зелень сушёная;273;23.7;2.4;39.2;0;;
ПРОДУКТ;Петрушка сушеная;219.64;22.4;4.4;21.2;0;;
ПРОДУКТ;Печеная Фасоль с Перцем;180;9;4;28;0;;
ПРОДУКТ;Печеное Овсяное С Клюквой;441.5;10;18.3;59.2;0;;
ПРОДУКТ;Печеночная Колбаса С Чесноком;271;18;22;0.2;0;;
ПРОДУКТ;Печеночные Оладьи;170.3;14.6;7.1;12;0;;
ПРОДУКТ;Печень Индейки;162;18;10;0;0;;
ПРОДУКТ;Печень По Строгановски С Пюре;167.9;8.8;7.1;17.2;0;;
ПРОДУКТ;Печень По-строгановски С Картофельным Пюре;177.2;8;13;9;0;;
ПРОДУКТ;Печень Трески С Икрой Морского Ежа;414.6;8;41;3.4;0;;
ПРОДУКТ;Печень Утроят Бройлеров;160;18;10;0;0;;
ПРОДУКТ;Печень говяжья по-строгановски с картофельным пюре;130.3;8.7;8.7;4.6;0;;
ПРОДУКТ;Печень минтая по-приморски;271;5.7;27.1;1.22;0;;
ПРОДУКТ;Печень свиная замороженная;110;18;4;0;0;;
ПРОДУКТ;Печень трески;650;4;70;0;0;;
ПРОДУКТ;Печень цыплят-бройлеров охлажденная;120;20;4;0;0;;
ПРОДУКТ;Печенье;549;6.1;34.1;54.8;0;;
ПРОДУКТ;Печенье Chika Biscuit со вкусом малины;307;30;10.8;9.4;0;;
ПРОДУКТ;Печенье Choco Pie Strawberry;440;4.1;18.8;63.6;0;;
ПРОДУКТ;Печенье Cookie Nuts «Шоколадное с фундуком;346.56;23;19;9;0;;
ПРОДУКТ;Печенье Cookie Nuts Арахисовый десерт с солёной карамелью;342.97;23;18;10;0;;
ПРОДУКТ;Печенье MyProtein Cookie;442.43;51;13.2;27;0;;
ПРОДУКТ;Печенье Oreo Chocolate Cream;488.21;5.9;20.6;66.5;0;;
ПРОДУКТ;Печенье Oreo Original;492.12;4.9;20.8;68;0;;
ПРОДУКТ;Печенье Oreo Клубничный вкус;483;5.2;21;68;0;;
ПРОДУКТ;Печенье Oreo двойная начинка;493;4.23;22.5;66.9;0;;
ПРОДУКТ;Печенье Protein Cookies Арахисовое;288;33.3;13.2;31.8;0;;
ПРОДУКТ;Печенье Souffle вкус лимон-лайм;298;20;12;23;0;;
ПРОДУКТ;Печенье Soufflë Клубника;278;20;10;32;0;;
ПРОДУКТ;Печенье Soufflë Шоколад;280;20;10;23;0;;
ПРОДУКТ;Печенье Wagon Wheels;440.12;5.1;15.6;66.9;0;;
ПРОДУКТ;Печенье «Petit Beurre;400.57;7.2;11.9;65;0;;
ПРОДУКТ;Печенье «Весенняя Рапсодия;500;6.5;24;63;0;;
ПРОДУКТ;Печенье «Весенняя Рапсодия» с дробленым арахисом;510;7.5;26;60;0;;
ПРОДУКТ;Печенье «Глаголики;416.11;5.96;17.67;58.33;0;;
ПРОДУКТ;Печенье «Дипачок» с кунжутом;270;9.5;4.5;47.5;0;;
ПРОДУКТ;Печенье «Курабье С;506.43;6.2;28;57.5;0;;
ПРОДУКТ;Печенье «Сливочное с кокосом;346;19;19;13;0;;
ПРОДУКТ;Печенье «Хрумченье» с воздушной кукурузой;472;6.4;18.9;69.1;0;;
ПРОДУКТ;Печенье «Шарики» с вареной сгущенкой;349.6;6.4;12;54;0;;
ПРОДУКТ;Печенье Πτι-Μπερ;454;8.4;15;70;0;;
ПРОДУКТ;Печенье Американер;450;5;17;69;0;;
ПРОДУКТ;Печенье Американо;510;5.5;27;61;0;;
ПРОДУКТ;Печенье Анзак;440.71;5.4;21.4;53.6;0;;
ПРОДУКТ;Печенье Ванильное кольцо;520;6.5;29;58;0;;
ПРОДУКТ;Печенье Вкус Топленое молоко;430.21;7.5;15;67;0;;
ПРОДУКТ;Печенье Воздушное Морозко;303.7;7.3;2.9;62.1;0;;
ПРОДУКТ;Печенье Вощдушное Шоколадное;499;5.9;26.7;57.5;0;;
ПРОДУКТ;Печенье Геркулес;410;6;15;60;0;;
ПРОДУКТ;Печенье Грибочки;373.51;3.6;7.9;69.6;0;;
ПРОДУКТ;Печенье Деревенское;519.16;8.1;26.8;57.8;0;;
ПРОДУКТ;Печенье Домашнее;480;6.5;26;54;0;;
ПРОДУКТ;Печенье Домашнее Овсяное К Кофе;465;6;19;65;0;;
ПРОДУКТ;Печенье Домашнее С Тающим Шоколадом;509;5.2;27;60;0;;
ПРОДУКТ;Печенье Земляничное;446.94;7;16;69;0;;
ПРОДУКТ;Печенье Имбирное С Молотым Имбирём И Корицей;431;7;15;67;0;;
ПРОДУКТ;Печенье КОЛОМЕНСКОЕ ШОКОЛАДНОЕ Томлëное в печи БЕЗ ПАЛЬМОВОГО МАСЛА;460;7.5;17;69;0;;
ПРОДУКТ;Печенье Кокосанка;502.8;7;22.7;64.2;0;;
ПРОДУКТ;Печенье Кот Федот;500;6.6;23.1;66.4;0;;
ПРОДУКТ;Печенье Крекер;445.93;11.3;13.4;67.1;0;;
ПРОДУКТ;Печенье Крем Брюле;286;32.9;13.2;9;0;;
ПРОДУКТ;Печенье Крендельки;44;0.6;1.5;6.9;0;;
ПРОДУКТ;Печенье Кукис Шоколадная триада;449.7;5.8;18.9;64.1;0;;
ПРОДУКТ;Печенье Курабье;532.01;6.7;25.8;64.6;0;;
ПРОДУКТ;Печенье Курабье шоколадное;456;6;20;63;0;;
ПРОДУКТ;Печенье Лесная Ягодка;416;4.6;11.3;72.8;0;;
ПРОДУКТ;Печенье Любятово Мария традиционное;416.26;8;9.5;72;0;;
ПРОДУКТ;Печенье Мария;430;9;10;75;0;;
ПРОДУКТ;Печенье Мария затяжное на стевии;159.6;4.08;3.6;27.64;0;;
ПРОДУКТ;Печенье Мидально-ореховое;416.3;12;13.9;60.8;0;;
ПРОДУКТ;Печенье Милка кукис;515.38;4.62;26.92;61.54;0;;
ПРОДУКТ;Печенье Мишки С Глазурью;466;6.1;23.7;60;0;;
ПРОДУКТ;Печенье Нежное Суфле;420;3.5;17;62;0;;
ПРОДУКТ;Печенье Новогодняя Коллекция с карамелью и корицей;480;6.5;22;64;0;;
ПРОДУКТ;Печенье ОРЕО;492;4.3;22;67;0;;
ПРОДУКТ;Печенье Овсяное 5 Злаков;450;7.65;20;59.71;0;;
ПРОДУКТ;Печенье Овсяное Haferkekse;438;6.2;15;69.5;0;;
ПРОДУКТ;Печенье Овсяное «Искусство Жить» на Мальтите;388;6.25;13.8;68.8;0;;
ПРОДУКТ;Печенье Овсяное Мультизлаковое Яблоко И Корица;403;5.5;13;66;0;;
ПРОДУКТ;Печенье Овсяное С Кусочками Шоколада;437.5;10;17.5;62.5;0;;
ПРОДУКТ;Печенье Овсяное С Шоколадом;455;6;17;70;0;;
ПРОДУКТ;Печенье Овсяное настоящее;420;5;14;69;0;;
ПРОДУКТ;Печенье Ореховое Миндаль-Апельсин Белый Шоколад;574;11;42;38;0;;
ПРОДУКТ;Печенье Посиделкино овсяное с шоколадными кусочками;474.69;5.8;17.6;70.1;0;;
ПРОДУКТ;Печенье Постное;413;8;11.2;68.8;0;;
ПРОДУКТ;Печенье Постное с семечками подсолнечника и льном;420;9.5;13;63;0;;
ПРОДУКТ;Печенье Ромбики с корицей;460;6;20;63;0;;
ПРОДУКТ;Печенье С Инжиром;464;8.3;21.2;60;0;;
ПРОДУКТ;Печенье С Манго В Шоколаде;280;27;9;24;0;;
ПРОДУКТ;Печенье С Овсяными Хлопьями;440;6;16;66;0;;
ПРОДУКТ;Печенье С Черникой;468;7.2;19;66;0;;
ПРОДУКТ;Печенье С Шоколадом И Карамелью;520;5.6;30;55;0;;
ПРОДУКТ;Печенье Савоярди;384.21;8.5;3.8;76.6;0;;
ПРОДУКТ;Печенье Сахарное Со Смородиной;515;6.8;25.4;64.8;0;;
ПРОДУКТ;Печенье Сгущенное молоко;430.21;7.5;15;67;0;;
ПРОДУКТ;Печенье Сдобное Американо;500;6;22;68;0;;
ПРОДУКТ;Печенье Сдобное С Апельсиновой Начинкой;484.6;7.3;27.8;51.3;0;;
ПРОДУКТ;Печенье Сдобное С Глазурью;480;7;23;61;0;;
ПРОДУКТ;Печенье Сдобное Сэндвич Двойной Апельсин;391;5;11;67;0;;
ПРОДУКТ;Печенье Сдобное Шоко-Шок Глазированное;480;6;25;59;0;;
ПРОДУКТ;Печенье Сдобное Шоколадное;467.5;5.9;19.1;68;0;;
ПРОДУКТ;Печенье Сдобное с ароматом крем-брюле;488.05;6.7;22.7;64;0;;
ПРОДУКТ;Печенье Сластена Сметанная;331.2;6.4;11.8;27.7;0;;
ПРОДУКТ;Печенье Слоёные ушки;529.35;6.4;29;57;0;;
ПРОДУКТ;Печенье Спартак с фруктозой;461.36;8.5;17.4;64.6;0;;
ПРОДУКТ;Печенье Топленое молоко;460;7;18;66;0;;
ПРОДУКТ;Печенье Топлёное Молоко;455;7.1;17.5;66.1;0;;
ПРОДУКТ;Печенье Традиционное;467.27;7.27;18.18;67.27;0;;
ПРОДУКТ;Печенье Утреннее С Йогуртовой Начинкой;467;7;18;67;0;;
ПРОДУКТ;Печенье Хворост;244.7;8.8;3.7;42.5;0;;
ПРОДУКТ;Печенье Чеховские грибочки;518;6.4;29.1;58;0;;
ПРОДУКТ;Печенье Чик Пик;318;3.3;11;52.6;0;;
ПРОДУКТ;Печенье Чуркобой карамэл;530;6;30;60;0;;
ПРОДУКТ;Печенье Шакер бура;345.56;5.7;21;31;0;;
ПРОДУКТ;Печенье Шакер чурек;409.03;5;19.8;49.9;0;;
ПРОДУКТ;Печенье Шоколад Клубника;380;16;20;36;0;;
ПРОДУКТ;Печенье Юбилейное;490;6.8;22;65;0;;
ПРОДУКТ;Печенье Юбилейное традиционное;480.86;7.6;19.5;65.5;0;;
ПРОДУКТ;Печенье Юбилейное утреннее с какао;481.94;8.8;17.1;70;0;;
ПРОДУКТ;Печенье банановое Superfood;420;5.5;18;57;0;;
ПРОДУКТ;Печенье без сахара из муки амаранта;324;4.6;12.6;53.2;0;;
ПРОДУКТ;Печенье безглютеновое курабье из рисовой муки с йогуртом;437;6.5;15;68;0;;
ПРОДУКТ;Печенье бисквитное Monfi torty со сливочной начинкой;410;5.5;21;49;0;;
ПРОДУКТ;Печенье бисквитное Мадлен;471.1;7.2;26.1;51.8;0;;
ПРОДУКТ;Печенье бисквитное со «сгущенкой;470;14;25;50;0;;
ПРОДУКТ;Печенье витаминизированное молочное с глазурью «Юбилейное;480;7;21;65;0;;
ПРОДУКТ;Печенье воздушное ванильное с корицей;500;5.9;26.3;58.8;0;;
ПРОДУКТ;Печенье глазированное с начинкой «Шоколадное;302.58;25;15;4.3;0;;
ПРОДУКТ;Печенье глазированное с начинкой Кокосовое;303;25;15;4.2;0;;
ПРОДУКТ;Печенье глазированное со вкусом «Шоколадное суфле;322;25.5;16;32.9;0;;
ПРОДУКТ;Печенье двойной шоколад;410;6.5;14;64;0;;
ПРОДУКТ;Печенье детское Расти большой овсяное;434.29;8;11;73;0;;
ПРОДУКТ;Печенье детское Расти большой с бананом;434.29;8;11;73;0;;
ПРОДУКТ;Печенье детское бегемотик Бонди с железом;428.27;8.4;11.5;70;0;;
ПРОДУКТ;Печенье детское бегемотик Бонди с йодом;428.27;8.4;11.5;70;0;;
ПРОДУКТ;Печенье детское бегемотик Бонди с кальцием;427.35;8.4;11.4;70;0;;
ПРОДУКТ;Печенье детское с яблочным соком;398;7.4;11.4;65;0;;
ПРОДУКТ;Печенье диабетическое;410;0;11;19;0;;
ПРОДУКТ;Печенье затяжное ''Сладкоежка;423;8.9;11.1;71.9;0;;
ПРОДУКТ;Печенье затяжное «Веселый алфавит» на фруктозе;440;9.5;14;69;0;;
ПРОДУКТ;Печенье затяжное «Крокет;426;7.9;12.4;70.7;0;;
ПРОДУКТ;Печенье затяжное «Ленинградское;405;8.5;9.2;72;0;;
ПРОДУКТ;Печенье затяжное «Советская классика;395;8;8.5;71.5;0;;
ПРОДУКТ;Печенье затяжное «Тютельки;456;9;17.7;65.4;0;;
ПРОДУКТ;Печенье затяжное Венское хрустящее с сахаром;432;7.4;12.9;73.6;0;;
ПРОДУКТ;Печенье затяжное Зоохрум;404;8.6;8;74;0;;
ПРОДУКТ;Печенье затяжное Кременкульское «Сливочное;422;7.5;11;72;0;;
ПРОДУКТ;Печенье затяжное Кремульки;442;5.5;20;60;0;;
ПРОДУКТ;Печенье затяжное Мария;407;8.1;8.7;73.5;0;;
ПРОДУКТ;Печенье затяжное Село Сладкоежкино на Волге;423;8.9;11.1;71.9;0;;
ПРОДУКТ;Печенье затяжное Солнечный завтрак мультизерновое;461.28;14;29;65;0;;
ПРОДУКТ;Печенье затяжное ЯНТАРНОЕ;400;9;6;77;0;;
ПРОДУКТ;Печенье затяжное с маршмелоу глазированное OLE;440;4;15;71;0;;
ПРОДУКТ;Печенье затяжное с семенами подсолнечника;508;13.6;24.8;57.7;0;;
ПРОДУКТ;Печенье затяжное со сливочным кремом;510;5.5;25;66;0;;
ПРОДУКТ;Печенье из риса;430;2.5;12;77;0;;
ПРОДУКТ;Печенье имбирное Пряничное;408.3;7.3;11.5;68.9;0;;
ПРОДУКТ;Печенье итальянское С Изюмом;378;6.5;7.5;71;0;;
ПРОДУКТ;Печенье к кофе;500;7;22;67;0;;
ПРОДУКТ;Печенье карамель со вкусом Брауни в глазури;465;4.7;22;62;0;;
ПРОДУКТ;Печенье кокос белковое;278;20;10;22;0;;
ПРОДУКТ;Печенье кокосовое;459;7.5;13;76;0;;
ПРОДУКТ;Печенье кокосовое воздушное;457.4;13;13;72.1;0;;
ПРОДУКТ;Печенье красный бархат;325.5;4.6;13.9;45.5;0;;
ПРОДУКТ;Печенье крем брюлк;390;4;12;67;0;;
ПРОДУКТ;Печенье кукис с кусочками темной глазури;440;5;19;61;0;;
ПРОДУКТ;Печенье кукурузное;522.5;6.4;35.6;39.9;0;;
ПРОДУКТ;Печенье кунжутное Super Food;500;4.5;34;42;0;;
ПРОДУКТ;Печенье курабье на фруктозе;467;6;20;63;0;;
ПРОДУКТ;Печенье кэроб на кокосовом масле;390;5.5;20;52;0;;
ПРОДУКТ;Печенье миндальное;504.85;7;22.7;64.7;0;;
ПРОДУКТ;Печенье молочное на фруктозе Петродиет;456;8;18;66;0;;
ПРОДУКТ;Печенье мюсли из овса с брусникой;435;8.7;14.6;61.9;0;;
ПРОДУКТ;Печенье мюсли из овса с темным шоколадом;441;7.2;16.1;61.9;0;;
ПРОДУКТ;Печенье мюсли из овса с фруктами;443;8.5;14.8;62.1;0;;
ПРОДУКТ;Печенье мюсли-ореховое;372.3;5.3;25.6;46.5;0;;
ПРОДУКТ;Печенье мюсличенье классическое;440;6.8;18.1;65.7;0;;
ПРОДУКТ;Печенье на фруктозе Топлёное молоко;447;7.5;17;66;0;;
ПРОДУКТ;Печенье неглазированное «Вишня;254;25;8;14.1;0;;
ПРОДУКТ;Печенье неглазированное «Клубника;280;35;7;12;0;;
ПРОДУКТ;Печенье неглазированное «Шоколад;295;35;10;10;0;;
ПРОДУКТ;Печенье неглазированное Смородина-черника;255;25;8.1;14.3;0;;
ПРОДУКТ;Печенье оасяное с имбирем;440;5.5;15;69;0;;
ПРОДУКТ;Печенье овсянное;420;6.5;16;63;0;;
ПРОДУКТ;Печенье овсяное;454.81;6.5;14.4;71.8;0;;
ПРОДУКТ;Печенье овсяное (классическое;420;6;12;70;0;;
ПРОДУКТ;Печенье овсяное «Искусство жить» со злаками на мальтите;419;6.2;19.7;61.7;0;;
ПРОДУКТ;Печенье овсяное «Классическое;430;5.3;15.9;68;0;;
ПРОДУКТ;Печенье овсяное классическое;431.8;6;12.6;73.6;0;;
ПРОДУКТ;Печенье овсяное мультизлаковое с начинкой яблоко и корица;410;5.5;13;66;0;;
ПРОДУКТ;Печенье овсяное на фруктозе;456;5;17;71;0;;
ПРОДУКТ;Печенье овсяное по классической рецептуре;410;6;15;61;0;;
ПРОДУКТ;Печенье овсяное постное;435;6;1.5;69;0;;
ПРОДУКТ;Печенье овсяное с клубникой;419;5.5;21.3;51.4;0;;
ПРОДУКТ;Печенье овсяное с клюквой;388;5;12;65;0;;
ПРОДУКТ;Печенье овсяное с клюквой и кусочками шоколада;421;5.5;19.8;55.3;0;;
ПРОДУКТ;Печенье овсяное с маком;440;6.5;14;69;0;;
ПРОДУКТ;Печенье овсяное с семенами льна;451;8;23;53;0;;
ПРОДУКТ;Печенье овсяное с сиропом топинамбура и экстрактом стевии;403;5;15;62;0;;
ПРОДУКТ;Печенье овсяное с черносливом;434.7;11;20.3;52;0;;
ПРОДУКТ;Печенье овсяное сдобное;391;5.7;10.1;69.2;0;;
ПРОДУКТ;Печенье овсяное царское сокровище;420;5.5;15;64;0;;
ПРОДУКТ;Печенье ореховое с глазурью Юбилейное;479;6.7;21;64;0;;
ПРОДУКТ;Печенье песочное;455;7;29;52;0;;
ПРОДУКТ;Печенье песочное шоколадное;475;6;23;61;0;;
ПРОДУКТ;Печенье покрытое тёмным шоколадом с начинкой брауни крем без сахара;511;5.9;29;53;0;;
ПРОДУКТ;Печенье протеиновое «Банановый Брауни;313;30;10.2;8.9;0;;
ПРОДУКТ;Печенье протеиновое «Творожный кекс» с коллагеном;284;35;11;5;0;;
ПРОДУКТ;Печенье протеиновое «Фисташка;270;25;12.7;7.5;0;;
ПРОДУКТ;Печенье протеиновое Красный вельвет глазированное молочным шоколадом без сахара;288;33.4;13.2;9;0;;
ПРОДУКТ;Печенье протеиновое апельсиновое глазированное;283;32.3;13.2;8.83;0;;
ПРОДУКТ;Печенье протеиновое арахисовое с солёной карамелью глазированное молочным шоколадом;288;33.3;13.2;9;0;;
ПРОДУКТ;Печенье протеиновое кокосовое с кокосовой стружкой;288;33.3;13.2;31.8;0;;
ПРОДУКТ;Печенье протеиновое со вкусом кокоса в шоколадной глазури;309;20;13;28;0;;
ПРОДУКТ;Печенье протеиновое солёное «Арахис соль;416;30;23;17.5;0;;
ПРОДУКТ;Печенье растворимое «Десткое;420;7;10;73;0;;
ПРОДУКТ;Печенье с ароматом топленого молока;534.01;7.2;26.5;63;0;;
ПРОДУКТ;Печенье с вишней;380;3.5;9;71;0;;
ПРОДУКТ;Печенье с гречневой мукой и кусочками шоколада;437;6.1;21.3;57;0;;
ПРОДУКТ;Печенье с какао и начинкой шоколадный вкус;455.5;7.4;14.4;74;0;;
ПРОДУКТ;Печенье с клубничным кремом;490;5.5;24;64;0;;
ПРОДУКТ;Печенье с кусочками молочного шоколада;491;6.3;24;62;0;;
ПРОДУКТ;Печенье с кусочками шоколада «Choco Chip Cookie;523;4.3;28;62;0;;
ПРОДУКТ;Печенье с мармеладной начинкой;387;4.1;7.8;75;0;;
ПРОДУКТ;Печенье с мёдом и цветочным мёдом;436;6;16;67;0;;
ПРОДУКТ;Печенье с овсяными отрубями и злаками;420;8;16;65;0;;
ПРОДУКТ;Печенье с овсяными хлопьями Юбилейное;461;7.9;19;65;0;;
ПРОДУКТ;Печенье с пармезаном;531.3;13.5;33.7;43.5;0;;
ПРОДУКТ;Печенье с пармезаном кунжутом и чесноком;358;16.4;18.8;30.8;0;;
ПРОДУКТ;Печенье с семенами подсолнечника;473;10.9;21.6;59.5;0;;
ПРОДУКТ;Печенье с темной глазурью;482;6.6;22;63;0;;
ПРОДУКТ;Печенье с финиками;458.5;6.1;23.7;55.2;0;;
ПРОДУКТ;Печенье сахарное TWIX minis с карамелью, покрытое молочным шоколадом;494;4.4;24;64.4;0;;
ПРОДУКТ;Печенье сахарное «Гаврюша» с ароматом топлёного молока;438;7.9;27.2;67.1;0;;
ПРОДУКТ;Печенье сахарное «Дарушка» на кокосовом масле;488;7;20;70;0;;
ПРОДУКТ;Печенье сахарное «Творожное;440;7.9;16.7;64.5;0;;
ПРОДУКТ;Печенье сахарное Амаретти мягкие с шоколадом;150;3;8;15;0;;
ПРОДУКТ;Печенье сахарное Берендеевка сливочное;440;7.3;14;67;0;;
ПРОДУКТ;Печенье сахарное Дымка классическое;394;8;11.1;65.5;0;;
ПРОДУКТ;Печенье сахарное Кантуччи с темным шоколадом;406.25;9.38;9.38;68.75;0;;
ПРОДУКТ;Печенье сахарное Топленое молоко;455;7.1;17.5;66.1;0;;
ПРОДУКТ;Печенье сахарное злаковое из 5 видов муки с добавлением семечек подсолнечника;463;7;23;57;0;;
ПРОДУКТ;Печенье сахарное мультизлаковое;442;7.2;16.6;65.6;0;;
ПРОДУКТ;Печенье сахарное с какао и шоколадом;485;7.8;21;64;0;;
ПРОДУКТ;Печенье сахарное с клюквой и кукурузной мукой;393;4.8;10;68.4;0;;
ПРОДУКТ;Печенье сахарное с кунжутом;458.37;8.46;21.3;64.49;0;;
ПРОДУКТ;Печенье сахарное чайное;450;7.5;15;72;0;;
ПРОДУКТ;Печенье сдобное;405.83;10.4;5.2;76.8;0;;
ПРОДУКТ;Печенье сдобное Chocolate & Wheat;480;6;23;62;0;;
ПРОДУКТ;Печенье сдобное Chocolate на мальмите;440;7.5;19;63;0;;
ПРОДУКТ;Печенье сдобное «Американо;480;5.5;24;60;0;;
ПРОДУКТ;Печенье сдобное «Идиллия;550;6.5;30;64;0;;
ПРОДУКТ;Печенье сдобное «Шведское с шоколадной крошкой;410;4.5;16;62;0;;
ПРОДУКТ;Печенье сдобное «творожно-сливочное» с изюмом;490.9;8.7;24.9;58;0;;
ПРОДУКТ;Печенье сдобное Американер;440;5;19;64;0;;
ПРОДУКТ;Печенье сдобное Кольцо с орехом;473;9.7;22.1;58.7;0;;
ПРОДУКТ;Печенье сдобное Овсяное настоящее;420;5;14;69;0;;
ПРОДУКТ;Печенье сдобное Пальчики оближешь в белой глазури с декором;500;5.5;25;63;0;;
ПРОДУКТ;Печенье сдобное Печкис в белой глазури;318;3.7;17.8;33;0;;
ПРОДУКТ;Печенье сдобное Сдобные колечки с сахаром;444;8.2;15.5;68;0;;
ПРОДУКТ;Печенье сдобное Сердечко;350;5.5;16;50;0;;
ПРОДУКТ;Печенье сдобное Трюфель шоколадный;500;6;28;57;0;;
ПРОДУКТ;Печенье сдобное декорированное;488.05;5.9;24.9;59.2;0;;
ПРОДУКТ;Печенье сдобное длительного хранения Неженка с фруктово-ягодной начинкой (черника;440;5.5;16;69;0;;
ПРОДУКТ;Печенье сдобное из пшеничной муки Малышки Хрустишки;415.87;9;3.5;86;0;;
ПРОДУКТ;Печенье сдобное лимон мята;500;5.9;26.3;59;0;;
ПРОДУКТ;Печенье сдобное медовое начинка «клубника;336;4;18.6;38.1;0;;
ПРОДУКТ;Печенье сдобное мультизлаковое с экстрактом стевии;410;8.5;15;63;0;;
ПРОДУКТ;Печенье сдобное с апельсиновым желе в глазури;370;3;8;71;0;;
ПРОДУКТ;Печенье сдобное с гречневой мукой без добавления сахара;444;6.1;21.3;57;0;;
ПРОДУКТ;Печенье сдобное с йогуртом;450;7.5;16;68;0;;
ПРОДУКТ;Печенье сдобное с какао начинкой сэндвич;422;6.7;17;67;0;;
ПРОДУКТ;Печенье сдобное с клубничным желе в глазури;370;3;8;71;0;;
ПРОДУКТ;Печенье сдобное с кусочками шоколада;470;6;22;62;0;;
ПРОДУКТ;Печенье сдобное с льняной мукой без добавления сахара;380;10;19;42;0;;
ПРОДУКТ;Печенье сдобное с начинкой со вкусом абрикоса;500;6.5;20;73;0;;
ПРОДУКТ;Печенье сдобное с фруктовой начинкой Купелька с брусникой;400;6;12;66;0;;
ПРОДУКТ;Печенье сдобное со злаками;445;8;17;65;0;;
ПРОДУКТ;Печенье сдобное цельнозерновое;420;6;21;49;0;;
ПРОДУКТ;Печенье сливочное ПЕТИ БЁР;470;7.3;18;68;0;;
ПРОДУКТ;Печенье сливочное с морской солью;491;6.5;21;68;0;;
ПРОДУКТ;Печенье сливочное с шоколадом;494;6.1;21;69;0;;
ПРОДУКТ;Печенье сливочное традиционное;470;7.4;16;73;0;;
ПРОДУКТ;Печенье сливочное шоколадное;494;6.5;22;66;0;;
ПРОДУКТ;Печенье со взорванной кукурузой;361.5;3.6;18.5;53.8;0;;
ПРОДУКТ;Печенье со вкусом имбирного пряника;322.6;4.3;2.7;60;0;;
ПРОДУКТ;Печенье со сливочным вкусом;514;9.2;21.5;70.8;0;;
ПРОДУКТ;Печенье соленое с высоким содержанием белка «Пармезан;416;30;23;17.5;0;;
ПРОДУКТ;Печенье солёная карамель;470;5;22;63;0;;
ПРОДУКТ;Печенье творожное без сахара из муки маранта;451;7.5;21.5;65;0;;
ПРОДУКТ;Печенье творожное с лимоном и курагой;373.3;5.3;16.3;51.3;0;;
ПРОДУКТ;Печенье утреннее Мёд и фундук;458;7.56;16;68.9;0;;
ПРОДУКТ;Печенье ушки Ouilove it;546;5.8;30;61.8;0;;
ПРОДУКТ;Печенье французское песочное;515;6.2;26;63;0;;
ПРОДУКТ;Печенье черника в йогуртовой глазури;470;4;22;64;0;;
ПРОДУКТ;Печенье шоколадное;451;7.2;16.9;65.9;0;;
ПРОДУКТ;Печенье юбилейное с хлопьями в корзине распродаж;460;7.8;19;65;0;;
ПРОДУКТ;Печенье яблочный мармелад;388;6.5;11.8;65;0;;
ПРОДУКТ;Печенье яшкино с апельсином;380;3.5;9;70;0;;
ПРОДУКТ;Печенье-крем Protein Barre;288;33.4;13.2;9;0;;
ПРОДУКТ;Печенье-мюсли «Штрудель» с яблоком и корицей;390;5;17;55;0;;
ПРОДУКТ;Печенье-палочки в молочном шоколаде «Ciocko Sticks;496;4.6;23;66;0;;
ПРОДУКТ;Печенье-сэндвич Восторжея со вкусом и ароматом ванили;480;6;21;66;0;;
ПРОДУКТ;Печенье-сэндвич со сгущёнкой и арахисом;479.2;10.1;20.8;62.9;0;;
ПРОДУКТ;Печеньице детское Heinz;437.71;8.5;8.5;79;0;;
ПРОДУКТ;Печеньице детское Heinz 6 злаков;437.71;8.5;8.5;79;0;;
ПРОДУКТ;Печеньице детское Heinz Какао;437.17;9;8;79.5;0;;
ПРОДУКТ;Печенья Шоколадно-Соивочные;520;6.5;25;66;0;;
ПРОДУКТ;Печиво Choco Grain;492.83;7.8;24;59;0;;
ПРОДУКТ;Печиво сдобне Маргаритка у молочній глазурі;411;3.6;13.8;68.1;0;;
ПРОДУКТ;Печиво українське;421;7;13.4;68.4;0;;
ПРОДУКТ;Пиво Asahi Super Dry;12.71;0;0;3.1;0;;
ПРОДУКТ;Пиво BagBier;18.86;0;0;4.6;0;;
ПРОДУКТ;Пиво Bavaria Premium Pilsener;15.58;0;0;3.8;0;;
ПРОДУКТ;Пиво Bernard ?erne;19.27;0;0;4.7;0;;
ПРОДУКТ;Пиво Budweiser Budvar Original;12.3;0;0;3;0;;
ПРОДУКТ;Пиво Carlsberg;15.99;0;0;3.9;0;;
ПРОДУКТ;Пиво Efes Fusion;18.45;0;0;4.5;0;;
ПРОДУКТ;Пиво Efes Pilsener;19.27;0;0;4.7;0;;
ПРОДУКТ;Пиво Erdinger Wei?bier;10.66;0;0;2.6;0;;
ПРОДУКТ;Пиво Franziskaner;10.25;0;0;2.5;0;;
ПРОДУКТ;Пиво Franziskaner Dunkel;10.25;0;0;2.5;0;;
ПРОДУКТ;Пиво Gambrinus Premium;18.04;0;0;4.4;0;;
ПРОДУКТ;Пиво Gold Mine Beer;18.86;0;0;4.6;0;;
ПРОДУКТ;Пиво Gold Mine Beer Fresh Lemon;22.55;0;0;5.5;0;;
ПРОДУКТ;Пиво Green Beer;12.71;0;0;3.1;0;;
ПРОДУКТ;Пиво Grolsh Premium;12.71;0;0;3.1;0;;
ПРОДУКТ;Пиво Guinness Draught;12.3;0;0;3;0;;
ПРОДУКТ;Пиво Guinness Draught Stout;35;0;0;3;0;;
ПРОДУКТ;Пиво Guinness Extra Stout;12.3;0;0;3;0;;
ПРОДУКТ;Пиво Hacker-Pschorr;11.07;0;0;2.7;0;;
ПРОДУКТ;Пиво Hoegaarden;15.58;0;0;3.8;0;;
ПРОДУКТ;Пиво Holsten Premium;13.12;0;0;3.2;0;;
ПРОДУКТ;Пиво Kaltenberg;18.86;0;0;4.6;0;;
ПРОДУКТ;Пиво Kasteel rouge;70;0;0;5;0;;
ПРОДУКТ;Пиво Kilkenny красное;11.89;0;0;2.9;0;;
ПРОДУКТ;Пиво Kronenbourg 1664;18.86;0;0;4.6;0;;
ПРОДУКТ;Пиво Kronenbourg 1664 Blanc;17.22;0;0;4.2;0;;
ПРОДУКТ;Пиво Kru?ovice Imperial;18.04;0;0;4.4;0;;
ПРОДУКТ;Пиво Kru?ovice Чёрное;15.99;0;0;3.9;0;;
ПРОДУКТ;Пиво MegaBier;18.86;0;0;4.6;0;;
ПРОДУКТ;Пиво Miller Genuine Draft;14.35;0;0;3.5;0;;
ПРОДУКТ;Пиво Paulaner Hefe-Wei?bier;10.66;0;0;2.6;0;;
ПРОДУКТ;Пиво Pilsner Urquell;18.04;0;0;4.4;0;;
ПРОДУКТ;Пиво Staropramen;14.76;0;0;3.6;0;;
ПРОДУКТ;Пиво Stella Artois;19.27;0;0;4.7;0;;
ПРОДУКТ;Пиво Tuborg Black;13.53;0;0;3.3;0;;
ПРОДУКТ;Пиво Tuborg Green;18.86;0;0;4.6;0;;
ПРОДУКТ;Пиво Tuborg Lemon;15.17;0;0;3.7;0;;
ПРОДУКТ;Пиво Velkopopovick? Kozel ?ern;15.58;0;0;3.8;0;;
ПРОДУКТ;Пиво Velkopopovick? Kozel Premium;17.63;0;0;4.3;0;;
ПРОДУКТ;Пиво Velkopopovick? Kozel Sv?tl;13.94;0;0;3.4;0;;
ПРОДУКТ;Пиво Zatecky Gus;14.76;0;0;3.6;0;;
ПРОДУКТ;Пиво Арсенальное Живое;15.99;0;0;3.9;0;;
ПРОДУКТ;Пиво Арсенальное Классическое;15.17;0;0;3.7;0;;
ПРОДУКТ;Пиво Арсенальное Крепкое;16.4;0;0;4;0;;
ПРОДУКТ;Пиво Арсенальное Традиционное;15.58;0;0;3.8;0;;
ПРОДУКТ;Пиво Арсенальное Экстра Крепкое;17.63;0;0;4.3;0;;
ПРОДУКТ;Пиво Балтика LITE;14.35;0;0;3.5;0;;
ПРОДУКТ;Пиво Балтика Кулер;13.94;0;0;3.4;0;;
ПРОДУКТ;Пиво Балтика Кулер Лайм;13.94;0;0;3.4;0;;
ПРОДУКТ;Пиво Балтика №0 Безалкогольное;25.01;0;0;6.1;0;;
ПРОДУКТ;Пиво Балтика №1 Легкое;19.68;0;0;4.8;0;;
ПРОДУКТ;Пиво Балтика №2 Светлое;13.94;0;0;3.4;0;;
ПРОДУКТ;Пиво Балтика №3 Классическое;19.68;0;0;4.8;0;;
ПРОДУКТ;Пиво Балтика №4 Оригинальное;19.68;0;0;4.8;0;;
ПРОДУКТ;Пиво Балтика №5 Золотое;12.3;0;0;3;0;;
ПРОДУКТ;Пиво Балтика №6 Портер;20.09;0;0;4.9;0;;
ПРОДУКТ;Пиво Балтика №7 Экспортное;13.94;0;0;3.4;0;;
ПРОДУКТ;Пиво Балтика №8 Пшеничное;13.94;0;0;3.4;0;;
ПРОДУКТ;Пиво Балтика №9 Крепкое;15.17;0;0;3.7;0;;
ПРОДУКТ;Пиво Белый медведь Светлое;18.86;0;0;4.6;0;;
ПРОДУКТ;Пиво Большая кружка Крепкое;19.68;0;0;4.8;0;;
ПРОДУКТ;Пиво Большая кружка Янтарное;13.94;0;0;3.4;0;;
ПРОДУКТ;Пиво Брама;18.45;0;0;4.5;0;;
ПРОДУКТ;Пиво Волга Янтарное Специальное;19.27;0;0;4.7;0;;
ПРОДУКТ;Пиво Жигулевское;18.86;0;0;4.6;0;;
ПРОДУКТ;Пиво Золотая бочка Классическое;16.4;0;0;4;0;;
ПРОДУКТ;Пиво Золотая бочка Разливное;16.81;0;0;4.1;0;;
ПРОДУКТ;Пиво Золотая бочка Светлое;18.86;0;0;4.6;0;;
ПРОДУКТ;Пиво Клинское Мохито;18.86;0;0;4.6;0;;
ПРОДУКТ;Пиво Клинское Светлое;18.86;0;0;4.6;0;;
ПРОДУКТ;Пиво Лось;20;0;0;5;0;;
ПРОДУКТ;Пиво Невское ICE;18.86;0;0;4.6;0;;
ПРОДУКТ;Пиво Невское Живое;17.22;0;0;4.2;0;;
ПРОДУКТ;Пиво Невское Классическое;19.27;0;0;4.7;0;;
ПРОДУКТ;Пиво Невское Оригинальное;21.73;0;0;5.3;0;;
ПРОДУКТ;Пиво Невское Светлое;18.86;0;0;4.6;0;;
ПРОДУКТ;Пиво Оболонь Lager;16.4;0;0;4;0;;
ПРОДУКТ;Пиво Оболонь Бархатное;20.09;0;0;4.9;0;;
ПРОДУКТ;Пиво Оболонь Безалкогольное;16.81;0;0;4.1;0;;
ПРОДУКТ;Пиво Оболонь Белое;13.94;0;0;3.4;0;;
ПРОДУКТ;Пиво Оболонь Премиум;13.53;0;0;3.3;0;;
ПРОДУКТ;Пиво Оболонь Пшеничное;16.4;0;0;4;0;;
ПРОДУКТ;Пиво Оболонь Светлое;13.53;0;0;3.3;0;;
ПРОДУКТ;Пиво Светлое Безалкогольное;36;0.3;0;8.4;0;;
ПРОДУКТ;Пиво Сибирская корона Безалкогольное;19.27;0;0;4.7;0;;
ПРОДУКТ;Пиво Сибирская корона Золотистое;15.99;0;0;3.9;0;;
ПРОДУКТ;Пиво Сибирская корона Классическое;19.27;0;0;4.7;0;;
ПРОДУКТ;Пиво Сибирская корона Лаймъ;18.86;0;0;4.6;0;;
ПРОДУКТ;Пиво Славутич Ice;18.86;0;0;4.6;0;;
ПРОДУКТ;Пиво Славутич Премиум;18.86;0;0;4.6;0;;
ПРОДУКТ;Пиво Славутич Светлое;18.86;0;0;4.6;0;;
ПРОДУКТ;Пиво Сокол Кола;19.68;0;0;4.8;0;;
ПРОДУКТ;Пиво Старый мельник Золотое;19.27;0;0;4.7;0;;
ПРОДУКТ;Пиво Старый мельник Из бочонка;19.27;0;0;4.7;0;;
ПРОДУКТ;Пиво Старый мельник Из бочонка мягкое;15.99;0;0;3.9;0;;
ПРОДУКТ;Пиво Циндзо БЕЗАЛКОГОЛЬНОЕ С ЛИМОНОМ;18;0;0;4.3;0;;
ПРОДУКТ;Пиво Ярпиво Крепкое;23.78;0;0;5.8;0;;
ПРОДУКТ;Пиво Ярпиво Ледяное;18.86;0;0;4.6;0;;
ПРОДУКТ;Пиво Ярпиво Оригинальное;18.86;0;0;4.6;0;;
ПРОДУКТ;Пиво Ярпиво Светлое;17.22;0;0;4.2;0;;
ПРОДУКТ;Пиво Ярпиво Хлебное;16.81;0;0;4.1;0;;
ПРОДУКТ;Пиво Ярпиво Янтарное;19.27;0;0;4.7;0;;
ПРОДУКТ;Пиво безалкогольное;19.27;0;0;4.7;0;;
ПРОДУКТ;Пиво портер;20.09;0;0;4.9;0;;
ПРОДУКТ;Пиво светлое;20.09;0.3;0;4.6;0;;
ПРОДУКТ;Пиво светлое 1.8;18.45;0.2;0;4.3;0;;
ПРОДУКТ;Пиво светлое 2.8;22.14;0.6;0;4.8;0;;
ПРОДУКТ;Пиво светлое 4.5;18.04;0.6;0;3.8;0;;
ПРОДУКТ;Пиво светлое живое;15.17;0;0;3.7;0;;
ПРОДУКТ;Пиво тёмное;24.6;0.3;0;5.7;0;;
ПРОДУКТ;Пиво эль;11.89;0;0;2.9;0;;
ПРОДУКТ;Пикантная Чакалака;530;6;32;53;0;;
ПРОДУКТ;Пиколини горчица;480;22;43;0;0;;
ПРОДУКТ;Пикша;72.38;17.2;0.2;0;0;;
ПРОДУКТ;Пирог Sloza с мясом;277;14.1;11.1;30.1;0;;
ПРОДУКТ;Пирог Домашний С Лососем;179.5;7.5;8.1;19.1;0;;
ПРОДУКТ;Пирог Лоранский с лососем и шпинатом;185.6;8.95;11.33;11.95;0;;
ПРОДУКТ;Пирог Осетинский с курицей, грибами и сыром;258;12.2;11.6;26.2;0;;
ПРОДУКТ;Пирог С Индейкой И Капустой;207;11;8;22;0;;
ПРОДУКТ;Пирог С Курицей И Грибами;295;10.5;12.5;34.5;0;;
ПРОДУКТ;Пирог С Сыром И Шпинатом;222.76;10.15;6.2;31.59;0;;
ПРОДУКТ;Пирог С Форелью, Картофелем И Брынзой;184.8;9;11.2;12;0;;
ПРОДУКТ;Пирог Сдобная особа Завитушка Сливочный мусс и шоколад;388.08;5.4;16;53;0;;
ПРОДУКТ;Пирог Сдобная особа Завитушка Шоколад и орех;416.49;7;21;47;0;;
ПРОДУКТ;Пирог Сдобная особа с начинкой абрикос;388.14;4.3;13.8;59.1;0;;
ПРОДУКТ;Пирог Сдобная особа с начинкой вишня;378.22;4;14.1;56.3;0;;
ПРОДУКТ;Пирог Сдобная особа с начинкой голубика;388.14;4.3;13.8;59.1;0;;
ПРОДУКТ;Пирог Сдобная особа с начинкой клубника;385.87;4.3;13.6;59;0;;
ПРОДУКТ;Пирог Сметанник с малиной;224.9;5;4.9;40.2;0;;
ПРОДУКТ;Пирог Сметанник с черникой;299.4;5.1;19.8;25.2;0;;
ПРОДУКТ;Пирог Сытный;242.5;6.5;8.8;36.5;0;;
ПРОДУКТ;Пирог осетинский с картофелем и грибами;201.2;8.7;7.6;24.5;0;;
ПРОДУКТ;Пирог осетинский с картофелем и сыром;223.8;7.9;7.4;31.4;0;;
ПРОДУКТ;Пирог осетинский с курицей и сыром;224.5;13.5;7.3;26.2;0;;
ПРОДУКТ;Пирог осетинский с сыром;245.6;10;6.8;36.1;0;;
ПРОДУКТ;Пирог осетинский с сыром «Уалибах;269.5;9.7;12.7;29.1;0;;
ПРОДУКТ;Пирог песочный «Венский» яблочный;407.6;4.5;12.4;69.5;0;;
ПРОДУКТ;Пирог печёный с рисом/яйцом;240;6.7;2.6;47;0;;
ПРОДУКТ;Пирог с капустой и яйцом;336;6.7;23.6;24.2;0;;
ПРОДУКТ;Пирог с картофелем и сыром;223.96;7.92;7.4;31.42;0;;
ПРОДУКТ;Пироженое дайфукумоти Манго;315.1;4;15.9;39;0;;
ПРОДУКТ;Пирожки С Капустой И Яйцом;275;5.62;11.9;36.9;0;;
ПРОДУКТ;Пирожки С Картофелем Домашние;263;5.5;10;37;0;;
ПРОДУКТ;Пирожки С Персиком;192.7;3.2;3.5;37.1;0;;
ПРОДУКТ;Пирожки с Брусникой и Яблоком;337.9;6.3;26;19.6;0;;
ПРОДУКТ;Пирожки с Зеленым Луком;241.7;8.5;9.3;31;0;;
ПРОДУКТ;Пирожки с вишней;183.1;3.1;8.2;24.2;0;;
ПРОДУКТ;Пирожки с капустой и грибами постные;105.53;2.43;3.97;15.02;0;;
ПРОДУКТ;Пирожки с картофелем и грибами;215.8;8.4;6.2;31.6;0;;
ПРОДУКТ;Пирожное Choco Pie Lotte;449.71;4;18;64.9;0;;
ПРОДУКТ;Пирожное Choco-Pie;455.02;3.6;16.1;70.9;0;;
ПРОДУКТ;Пирожное DELIBON бисквитное с молочно-медовом кремом;423;8.1;23.8;43.4;0;;
ПРОДУКТ;Пирожное Kinder Delice с молочной начинкой;468.26;5.9;29;42.6;0;;
ПРОДУКТ;Пирожное Kinder молочный ломтик;432.21;8.2;27.9;34;0;;
ПРОДУКТ;Пирожное kinder;458.8;4.8;23.9;55.3;0;;
ПРОДУКТ;Пирожное «Бакинский;289;5;11.6;41.1;0;;
ПРОДУКТ;Пирожное «Муравьешкино;366.2;5.5;21.8;37;0;;
ПРОДУКТ;Пирожное «Наполеон» Из «Лавки;294;5.5;16;32;0;;
ПРОДУКТ;Пирожное «Со вкусом лимончелло;258;2.8;11.9;35;0;;
ПРОДУКТ;Пирожное «Тирамису» классик изделие мучное кондитерское замороженное;302;3.7;20.9;24.8;0;;
ПРОДУКТ;Пирожное «Чизкейк с фруктовым наполнителем «Клубничный;400;6.5;24;40;0;;
ПРОДУКТ;Пирожное Бисквитное;375;5.9;15;54;0;;
ПРОДУКТ;Пирожное Брауни малиновый;466;15;34;20;0;;
ПРОДУКТ;Пирожное Воздушное;444.99;3.1;16.3;68.5;0;;
ПРОДУКТ;Пирожное Графские Развалины;280;4;14;36;0;;
ПРОДУКТ;Пирожное Йогуртовое;364.24;7;24.6;26.1;0;;
ПРОДУКТ;Пирожное Кармен;408.6;2.9;19.4;52.8;0;;
ПРОДУКТ;Пирожное Картошка 3шт;310;6.5;16;35;0;;
ПРОДУКТ;Пирожное Картошка Бисквитное;309;7.1;10.7;46.2;0;;
ПРОДУКТ;Пирожное Картошка Новогодние игрушки;508;6;31.7;49.4;0;;
ПРОДУКТ;Пирожное Картошка с карамельной начинкой;396.13;3.7;20;47.6;0;;
ПРОДУКТ;Пирожное Картошка с кремом;401.13;4.3;19.7;48.9;0;;
ПРОДУКТ;Пирожное Картошка шоколадная;450;8.5;29.5;40;0;;
ПРОДУКТ;Пирожное Клубника/Йогурт;150;2;4;28;0;;
ПРОДУКТ;Пирожное Коктейль;380.35;2;13.8;59.5;0;;
ПРОДУКТ;Пирожное Колечко С Творогом;240;4;12.5;26.04;0;;
ПРОДУКТ;Пирожное Корзиночка крем-брюле;400.64;2.8;21.5;46.2;0;;
ПРОДУКТ;Пирожное Корзиночка с белковым кремом;378.19;1.9;13.7;59.3;0;;
ПРОДУКТ;Пирожное Корзиночка с грибочками;484.67;1;27.5;54.9;0;;
ПРОДУКТ;Пирожное Корзиночка с клубничкой;441.8;1.2;22.4;55.8;0;;
ПРОДУКТ;Пирожное Корзиночка с фруктами;338.25;0.8;17.3;42.5;0;;
ПРОДУКТ;Пирожное Корзиночка со сливками и конфитюром;375.03;0.7;18.7;48.4;0;;
ПРОДУКТ;Пирожное Медвежонок Барни с шоколадной начинкой;407.3;5.8;15.2;59.1;0;;
ПРОДУКТ;Пирожное Муссовое Пина-Колла;190;6;16;6;0;;
ПРОДУКТ;Пирожное Наполеон;420;4.5;26;43;0;;
ПРОДУКТ;Пирожное Ореховое;390;10;7;71;0;;
ПРОДУКТ;Пирожное Орешек;378.38;5.8;16.5;49.1;0;;
ПРОДУКТ;Пирожное Паштет Де Ната;250;3.5;12;31;0;;
ПРОДУКТ;Пирожное Песочное кольцо с орехами;331.88;4.8;9.2;55.3;0;;
ПРОДУКТ;Пирожное Полено;419.03;4.8;22.2;47.1;0;;
ПРОДУКТ;Пирожное Творожное кольцо;302.74;11.2;16.7;24.8;0;;
ПРОДУКТ;Пирожное Трубочка с кремом;449.77;1.7;25.2;50.9;0;;
ПРОДУКТ;Пирожное Шоколадно-Банановое;210;3.5;7.5;33;0;;
ПРОДУКТ;Пирожное Шоколадное Пластовое;370;4.5;25;32;0;;
ПРОДУКТ;Пирожное Шу;319;5.5;18.1;33.6;0;;
ПРОДУКТ;Пирожное Шу с вишней;320;5.5;18;34;0;;
ПРОДУКТ;Пирожное Эклер с кремом;447.67;3.2;30.8;36.2;0;;
ПРОДУКТ;Пирожное бисквитное «Панкейк» с начинкой «Вареная сгущенка;360;7;8.5;63;0;;
ПРОДУКТ;Пирожное бисквитное с молочно-медовым кремом;423;8.1;23.8;43.4;0;;
ПРОДУКТ;Пирожное бисквитное с молочной начиной;392;6.3;14;59;0;;
ПРОДУКТ;Пирожное блинное шоколадное;294.1;6.3;15.7;31.9;0;;
ПРОДУКТ;Пирожное вафельное с варенкой и арахисом;342.7;8;10.3;54.5;0;;
ПРОДУКТ;Пирожное картошка;435;7;27;41;0;;
ПРОДУКТ;Пирожное картошка карамель;399.2;6.8;22.8;41.7;0;;
ПРОДУКТ;Пирожное картошка с сосновыми шишками;449;3.8;21.4;60.3;0;;
ПРОДУКТ;Пирожное медовик;339.8;5.8;14.2;47.2;0;;
ПРОДУКТ;Пирожное муравьешки;445;5.5;27;45;0;;
ПРОДУКТ;Пирожное протеиновое;824;28;54;52;0;;
ПРОДУКТ;Пирожное протеиновое Brownie Апельсин;385;12;28;18;0;;
ПРОДУКТ;Пирожное протеиновое Блонди малина;416;13;28;26;0;;
ПРОДУКТ;Пирожное протеиновое Брауни;385;12;28;18;0;;
ПРОДУКТ;Пирожное протеиновое брауни банановое с коллагеном;370;12;25;18;0;;
ПРОДУКТ;Пирожное протеиновое брауни лесной орех;400;12;29;20;0;;
ПРОДУКТ;Пирожное суфлейное;368;3.6;17;55.2;0;;
ПРОДУКТ;Пирожок ЛЕНТА FRESH Домашний с мясом;315;10;15.5;35.5;0;;
ПРОДУКТ;Пирожок С Брусникой;312.3;5.9;5.7;59.9;0;;
ПРОДУКТ;Пирожок С Капустой;310;10;15;34;0;;
ПРОДУКТ;Пирожок карельский с картофелем и грибами;186;5;7.6;24.4;0;;
ПРОДУКТ;Пирожок песочный с повидлом;451.04;5.9;21.1;56.3;0;;
ПРОДУКТ;Пирожок печеный с повидлом;280.19;6;2;60;0;;
ПРОДУКТ;Пирожок с повидлом;400.57;8.5;20;56;0;;
ПРОДУКТ;Пирожок с яблоком;320;6;5.3;62;0;;
ПРОДУКТ;Пиріжок з маковою начинкою;340;8.6;9.5;56;0;;
ПРОДУКТ;Пиріжок з чорною смородиною;290;6.1;5.1;54.3;0;;
ПРОДУКТ;Пита;360;10;4;71.5;0;;
ПРОДУКТ;Пита Арабская;224.1;7.2;0.9;46.8;0;;
ПРОДУКТ;Пита С Рваной Говядиной И Соусом Тар Тар;334;13.9;18.5;28.6;0;;
ПРОДУКТ;Пита С Цыпленком И Имбирным Соусом;232.73;6.42;14.91;17.33;0;;
ПРОДУКТ;Пита Турецкая;219;8.1;1.2;44;0;;
ПРОДУКТ;Пита греческая традиционная;247;7.8;2;50.9;0;;
ПРОДУКТ;Пита пшеничная;300;9.5;1;63;0;;
ПРОДУКТ;Пита с рваной говядиной и соусом тар-тар;171.43;6.86;9.14;16;0;;
ПРОДУКТ;Пита с тамбовским окороком и трюфельным соусом;236;7.33;13.7;20.6;0;;
ПРОДУКТ;Питайя;54.04;0.5;0.3;12;0;;
ПРОДУКТ;Питьевое молоко ультрапастеризованное;52.5;2.8;2.5;4.7;0;;
ПРОДУКТ;Питьевой гель с коллагеном со вкусом «Малина-лайм;35;7.5;0;0;0;;
ПРОДУКТ;Питьевой йогурт Clean label с малиной и черникой;68;3.3;0.4;12.8;0;;
ПРОДУКТ;Питьевой йогурт с клубникой;60;2.8;0.9;9.8;0;;
ПРОДУКТ;Питьевой йогурт с клюквой;77.1;3;1.5;12.9;0;;
ПРОДУКТ;Пицца;213;6.5;9;26.6;0;;
ПРОДУКТ;Пицца 4 вида сыра;257;11;13;24;0;;
ПРОДУКТ;Пицца 4 сыра охлажденная;237.8;11.9;9.4;26.4;0;;
ПРОДУКТ;Пицца Casa Nostra Ассорти;247.88;11.4;8.5;29.8;0;;
ПРОДУКТ;Пицца Casa Nostra Ветчина-Сыр;223.1;8.5;7.2;29.6;0;;
ПРОДУКТ;Пицца Casa Nostra Грибы-Сыр;201.92;9.4;4.7;29.2;0;;
ПРОДУКТ;Пицца Ristorante Bolognese;217.82;8.7;9.5;22.9;0;;
ПРОДУКТ;Пицца Ristorante Calzone Speciale;264.84;11.2;13.9;21.9;0;;
ПРОДУКТ;Пицца Ristorante Formaggi and Pomodori;237.32;7.7;11.6;23.9;0;;
ПРОДУКТ;Пицца Ristorante Funghi;240.14;7.8;12.3;22.9;0;;
ПРОДУКТ;Пицца Ristorante Hawaii;220.52;8.6;8.6;25.7;0;;
ПРОДУКТ;Пицца Ristorante Mozzarella;269.02;10.5;13.6;24.3;0;;
ПРОДУКТ;Пицца Ristorante Pepperoni-Salame;278.18;10.1;14.1;25.8;0;;
ПРОДУКТ;Пицца Ristorante Piccola Mozzarella;252.46;10;12.7;22.8;0;;
ПРОДУКТ;Пицца Ristorante Piccola Salame;270.55;10;13.5;25.4;0;;
ПРОДУКТ;Пицца Ristorante Prosciutto;234.05;10.1;10.1;24.1;0;;
ПРОДУКТ;Пицца Ristorante Quattro Formaggi;273.15;10.8;14;24.1;0;;
ПРОДУКТ;Пицца Ristorante Salame;280.53;10.4;14;26.3;0;;
ПРОДУКТ;Пицца Ristorante Speciale;260.91;10;13.3;23.5;0;;
ПРОДУКТ;Пицца Ristorante Vegetale;203.03;6.7;9.1;22.2;0;;
ПРОДУКТ;Пицца «Груша и горгонзола.ICE;191;8;7;24;0;;
ПРОДУКТ;Пицца «Маргарита» охлаждённая;260.2;11.3;8.6;34.4;0;;
ПРОДУКТ;Пицца «Пепперони;300;12;15;30;0;;
ПРОДУКТ;Пицца Ассорти;230;10;9;27;0;;
ПРОДУКТ;Пицца Пепперони;194;9;8;21;0;;
ПРОДУКТ;Пицца С Ветчиной И Грибами;260;14;10;27;0;;
ПРОДУКТ;Пицца Четыре Сыра;220;11;9;24;0;;
ПРОДУКТ;Пицца заморрженная. Пицца 4 сыра;282;10.4;13.5;29.7;0;;
ПРОДУКТ;Пицца классическая «Пепперони;205;9;8;24;0;;
ПРОДУКТ;Пицца мясное ассорти с соусом барбекю;311.5;13;18.3;23.5;0;;
ПРОДУКТ;Пицца римская 4 сыра;281.9;13.9;14.7;23.5;0;;
ПРОДУКТ;Пицца римская с салями маэстрелло;236;10.7;8.7;28;0;;
ПРОДУКТ;Пицца ролл;248;11;22.6;13.6;0;;
ПРОДУКТ;Пицца с курицей и соусом песто;221;14.9;6.7;25.2;0;;
ПРОДУКТ;Пиццета С Курицей И Сыром И Соусом Песто;219;8.5;9.4;25.1;0;;
ПРОДУКТ;Пиццета С Курицей С Соусом Барбекю;194.4;7.7;6;27.4;0;;
ПРОДУКТ;Пиччи классические;520;6;26;66;0;;
ПРОДУКТ;Пишмание;466.54;3.3;12;83.3;0;;
ПРОДУКТ;Пищевой соевый продукт Тофу лук-укроп;121;14;4.8;5.3;0;;
ПРОДУКТ;Пкченье Кукис овсяный , кафе;453.9;8;20.7;58.9;0;;
ПРОДУКТ;Плавленный Сыр;285;15;23;4.5;0;;
ПРОДУКТ;Плавленный Сыр Грибы С Луком;228;13;16.8;6.3;0;;
ПРОДУКТ;Плавленный сыр датский с копчёными колбасками;237;7;19;9.5;0;;
ПРОДУКТ;Плавленный сыр с ветчиной;262;8;22;7;0;;
ПРОДУКТ;Плавленый Сыр Пластинками Сэндвич;284;14.5;23;4.1;0;;
ПРОДУКТ;Плавленый Сыр Чеддер Слайсы;227;12.5;17;6;0;;
ПРОДУКТ;Плавленый продукт Сливочный;241;8;20.7;6;0;;
ПРОДУКТ;Плавленый продукт с сыром сливочный;232;1.5;14;25;0;;
ПРОДУКТ;Плавленый сыр Hochland ломтевой с ветчиной;282;14.3;23.2;4.2;0;;
ПРОДУКТ;Плавленый сыр Hochland/Хохланд;283;14.6;23;4.3;0;;
ПРОДУКТ;Плавленый сыр «Viola» «Сливочный;304.49;11;28;3;0;;
ПРОДУКТ;Плавленый сыр «Чизбургер;192;8.4;10;17;0;;
ПРОДУКТ;Плавленый сыр «Шоколадный;305.6;9.2;18;26.7;0;;
ПРОДУКТ;Плавленый сыр Ассорти;250;9.7;20.9;5.6;0;;
ПРОДУКТ;Плавленый сыр Чизбургер;285;14.8;23.1;4.3;0;;
ПРОДУКТ;Плавленый сыр к завтраку «Ассорти;289.8;10.2;25;6;0;;
ПРОДУКТ;Плавленый сыр к завтраку Ассорти;225;11;14.75;12;0;;
ПРОДУКТ;Плавленый сыр классический «Дружба;255.26;13.5;19;7.5;0;;
ПРОДУКТ;Плавленый сыр с ветчиной;297.32;17.5;22.9;5.2;0;;
ПРОДУКТ;Плавленый сыр с грибами;291.59;10;27;1.9;0;;
ПРОДУКТ;Плавленый сыр сливочный;270;17.3;22.9;5.5;0;;
ПРОДУКТ;Плавленый сыр чеддер;345;21;27;4.5;0;;
ПРОДУКТ;Планински Шпек;286;17.7;22.8;2.06;0;;
ПРОДУКТ;Планировка С Корнфлейкс;358;9;1;76;0;;
ПРОДУКТ;Пластовой Творог 9;153;14;9;3;0;;
ПРОДУКТ;Пластівці вівсяні;388;11;5.3;69.5;0;;
ПРОДУКТ;Плетенка;270.08;9;3;55.5;0;;
ПРОДУКТ;Плетёнка с кунжутом;268.62;7.9;2.7;51.5;0;;
ПРОДУКТ;Плетёнка с маком;268.62;7.9;2.7;51.5;0;;
ПРОДУКТ;Плитка кондитерская молочная;550.43;2.3;32.3;63.1;0;;
ПРОДУКТ;Плитка кондитерская молочная Славянские традиции;540;4;32;60;0;;
ПРОДУКТ;Плитка кондитерская пористая белая с ароматом лесных ягод;540;9;32;61;0;;
ПРОДУКТ;Плитка кондитерская пористая молочная Аэробар;540;4;32;60;0;;
ПРОДУКТ;Плитки за хамбургр тимс;256;9.2;3;45.2;0;;
ПРОДУКТ;Плов;207;8.44;9.56;21.8;0;;
ПРОДУКТ;Плов «узбекский» с говядиной;149.3;6.5;5.3;18.9;0;;
ПРОДУКТ;Плов мясной;175;10.6;5.8;20.1;0;;
ПРОДУКТ;Плов по-восточному с говядиной;248;6;16;20;0;;
ПРОДУКТ;Плов по-узбекски с Курицей;174;5.6;8.4;19;0;;
ПРОДУКТ;Плов с курицей;310;15.6;14;30.4;0;;
ПРОДУКТ;Плов с мясом цыплёнка;149;7.8;4.6;19;0;;
ПРОДУКТ;Плов с овощами и нутом;184.5;3.2;5.7;30.1;0;;
ПРОДУКТ;Плоди Розторопші Плямистої;372;6;32;15;0;;
ПРОДУКТ;Пломбир;270;4;13;34;0;;
ПРОДУКТ;Пломбир 15;230;4;15;20;0;;
ПРОДУКТ;Пломбир «Чёрное золото;229.45;4;14;23;0;;
ПРОДУКТ;Пломбир Апельсин С Корицей В Молочном Шоколаде;321.2;3.7;17.2;37.9;0;;
ПРОДУКТ;Пломбир Белый;285.4;3.9;19;24.7;0;;
ПРОДУКТ;Пломбир Бельгийский шоколад;237.2;3.9;15.2;21.2;0;;
ПРОДУКТ;Пломбир Большой Папа Горгонзола-Груша;290;4;12.4;41;0;;
ПРОДУКТ;Пломбир В Рожке «клубника;278.1;4.2;14.5;32.8;0;;
ПРОДУКТ;Пломбир Ванильный;287.3;3.9;18.5;26.3;0;;
ПРОДУКТ;Пломбир Ванильный Брикет На Вафлях;276;3.4;18.8;23.3;0;;
ПРОДУКТ;Пломбир Ванильный В Молочном Шоколаде;330.2;4.3;23;26.5;0;;
ПРОДУКТ;Пломбир Ванильный И Крем-Брюле В Вафельном Стаканчике;243.3;3.8;14.5;24.4;0;;
ПРОДУКТ;Пломбир Ванильный в вафельном стаканчике;250;3.5;15;25;0;;
ПРОДУКТ;Пломбир Ванильный с кусочками абрикоса;220.5;3.4;12.5;23.6;0;;
ПРОДУКТ;Пломбир Вишня-черешня;208.2;2.4;11;24.9;0;;
ПРОДУКТ;Пломбир Грецкий Орех, Фундук И Карамель В Вафельном Рожке;283.8;5.5;13.4;35.3;0;;
ПРОДУКТ;Пломбир Двухслойный С Ароматом Ванили И Шоколадный В Вафельном Стаканчике;246;3.9;14.4;25.2;0;;
ПРОДУКТ;Пломбир Крем-Брюле В Вафельном Стаканчике;241.2;3.7;14.4;24.2;0;;
ПРОДУКТ;Пломбир Крем-брюле;249;4.3;14.6;25.1;0;;
ПРОДУКТ;Пломбир Крем-брюле 15;260;4;15;26;0;;
ПРОДУКТ;Пломбир Маршмеллоу С Шоколадным Печеньем;239.2;4.24;15;21;0;;
ПРОДУКТ;Пломбир Протеиновый;228;7;14;17;0;;
ПРОДУКТ;Пломбир С Ароматом Ванили С Начинкой Фруктовой «чернослив», С Изюмом И Арахисом;240;4.5;12;30;0;;
ПРОДУКТ;Пломбир С Вареной Сгущенкой В Вафельном Рожке;324;4.5;18;36;0;;
ПРОДУКТ;Пломбир С Карамелью И Миндалём В Глазури;349;4.2;25;26.7;0;;
ПРОДУКТ;Пломбир С Клубникой И Базиликом;325;4.4;21.5;28.5;0;;
ПРОДУКТ;Пломбир С Соленой Карамелью;298;4;14;39;0;;
ПРОДУКТ;Пломбир С Шоколадной Крошкой В Вафельном Рожке;340;4.5;19;37;0;;
ПРОДУКТ;Пломбир С Шоколадной Крошкой В Стаканчике;245;3.5;15.5;23;0;;
ПРОДУКТ;Пломбир Сарафаново;250;4.5;15;25;0;;
ПРОДУКТ;Пломбир Свитлогорье;246;3.9;14.4;25.2;0;;
ПРОДУКТ;Пломбир Сэндвич;312;5.36;12.5;44.2;0;;
ПРОДУКТ;Пломбир Фисташковый;300;4.5;17.5;29.5;0;;
ПРОДУКТ;Пломбир Фисташковый С Малиной;275;4.1;11.8;38;0;;
ПРОДУКТ;Пломбир Черная Смородина;208.2;2.4;11;24.9;0;;
ПРОДУКТ;Пломбир Черника;230;3;12;27;0;;
ПРОДУКТ;Пломбир Черничный;230;3;12;27;0;;
ПРОДУКТ;Пломбир Шоколадная крошка;260;4;15;28;0;;
ПРОДУКТ;Пломбир Шоколадный;262;4.11;14.3;28.4;0;;
ПРОДУКТ;Пломбир Шоколадный В Вафельном Рожке;266;3.6;14;31.4;0;;
ПРОДУКТ;Пломбир Шоколадный В Вафельном Стаканчике;216.5;4.1;11.7;23.7;0;;
ПРОДУКТ;Пломбир Шоколадный С Арахисом В Вафельном Стаканчике;269;3.7;15;29.8;0;;
ПРОДУКТ;Пломбир Эскимо;290;3;23;17;0;;
ПРОДУКТ;Пломбир в молочно-шоколадной глазури с мирдалем;264;3.4;19.1;19.7;0;;
ПРОДУКТ;Пломбир в печенье;310;5.3;13.9;39.8;0;;
ПРОДУКТ;Пломбир в шоколадном печенье;318;6.5;12;44;0;;
ПРОДУКТ;Пломбир ванильный с черносмородиновым джемом;279;3;11;42;0;;
ПРОДУКТ;Пломбир во взбитой глазури;290;2;22;19;0;;
ПРОДУКТ;Пломбир и макаронс с фисташкой;290;5;16;32;0;;
ПРОДУКТ;Пломбир классический в рожке;299;4.5;12.1;34.7;0;;
ПРОДУКТ;Пломбир классический с крошкой;271;2.2;8.2;12.8;0;;
ПРОДУКТ;Пломбир клубника в вафельном сахарном рожке;279;4;14.3;33.5;0;;
ПРОДУКТ;Пломбир крем-брюле грецкий орех солённая карамель;270;4;17;25;0;;
ПРОДУКТ;Пломбир манго-маракуйя;178;2;10;20;0;;
ПРОДУКТ;Пломбир на сливках;300;4.5;16.8;32.4;0;;
ПРОДУКТ;Пломбир с апельсином и шоколадной глазурью;200;3.3;11.1;21.9;0;;
ПРОДУКТ;Пломбир с ароматом ванили;200;3.9;12;19.7;0;;
ПРОДУКТ;Пломбир с вареным сгущенным молоком;230;3;14;22;0;;
ПРОДУКТ;Пломбир с крошкой из шоколадной глазури;248.8;4.3;14;26.4;0;;
ПРОДУКТ;Пломбир с малиной;259.5;4.2;13.1;31.2;0;;
ПРОДУКТ;Пломбир с солёной карамелью;205;4.4;12;19.7;0;;
ПРОДУКТ;Пломбир с фисташковой пастой в вафельном рожке;250;4.9;10.7;34.5;0;;
ПРОДУКТ;Пломбир с черной смородиной и черносмородиновым соком;220.6;3.5;11.4;26;0;;
ПРОДУКТ;Пломбир с шоколадной крошкой;305.56;4;16;36.44;0;;
ПРОДУКТ;Пломбир с шоколадным топпингом;240;3.8;11.9;29.1;0;;
ПРОДУКТ;Пломбир сгущенка;295.5;4.4;15;35.7;0;;
ПРОДУКТ;Пломбир со вкусом ванили;231.5;4.5;9.5;32;0;;
ПРОДУКТ;Пломбир со вкусом ванили в шоколадном печенье;291;4.8;12.1;40.3;0;;
ПРОДУКТ;Пломбир со вкусом игристого «Абрау-Дюрсо;360;3.5;23;35;0;;
ПРОДУКТ;Пломбир со вкусом фисташки;314;4.75;18.6;31.9;0;;
ПРОДУКТ;Пломбир чёрная смородина;260;3.5;12;35;0;;
ПРОДУКТ;Пломбир шоколадный в тёмном шоколаде в вафельном рожке;324.4;3.5;19.2;34.4;0;;
ПРОДУКТ;Пломбир шоколадный сэндвич;365;4.94;19.4;40;0;;
ПРОДУКТ;Пломбирь С Ванилью 15;236.2;3.4;15;21.9;0;;
ПРОДУКТ;Плосбир Крем Брюле;240;3;14;25;0;;
ПРОДУКТ;Плотва свежая;90.33;17.5;2;0;0;;
ПРОДУКТ;Плуот;50.95;1.2;0.1;11;0;;
ПРОДУКТ;Плюшка;344.15;7.6;8.8;56.4;0;;
ПРОДУКТ;Плюшка Московская;380;8;11;61;0;;
ПРОДУКТ;Плюшка Сдобная С Посыпкой;358.4;8.3;8.8;61.5;0;;
ПРОДУКТ;Плюшка московская особая;335;7.6;9;56;0;;
ПРОДУКТ;Плюшка с сахаром;338;7.3;4.2;67.7;0;;
ПРОДУКТ;Повидло абрикосовое;263.63;0.3;0;64;0;;
ПРОДУКТ;Повидло апельсиновое;173.13;0.5;0.1;41.5;0;;
ПРОДУКТ;Повидло вишневое;394.12;0.5;0.1;95.4;0;;
ПРОДУКТ;Повидло грушевое;234.22;0.1;0.1;56.8;0;;
ПРОДУКТ;Повидло из киви;148.75;0.2;0.3;35.4;0;;
ПРОДУКТ;Повидло из крыжовника;192.7;1;0;46;0;;
ПРОДУКТ;Повидло из чёрной смородины;303.4;1;0;73;0;;
ПРОДУКТ;Повидло клубничное;255.13;0.5;0.1;61.5;0;;
ПРОДУКТ;Повидло малиновое;234.11;0;0;57.1;0;;
ПРОДУКТ;Повидло сливовое;308.86;0.6;0.5;73.6;0;;
ПРОДУКТ;Повидло яблочное;250;0;0;63;0;;
ПРОДУКТ;Подберёзовики свежие;32.96;2.3;0.9;3.7;0;;
ПРОДУКТ;Подберёзовики сушёные;240.45;23.5;9.2;14.3;0;;
ПРОДУКТ;Подмосковные вечера набор конфет ассорти;500;5;30;51;0;;
ПРОДУКТ;Подмосковный Батон;256;7.5;2.6;50.6;0;;
ПРОДУКТ;Подорожник;31.27;0.4;0.1;7;0;;
ПРОДУКТ;Подосиновики свежие;33.35;3.3;0.5;3.7;0;;
ПРОДУКТ;Подосиновики сушёные;331.43;35.4;5.4;33.2;0;;
ПРОДУКТ;Подсластитель GreatLife;25;0;0;5.9;0;;
ПРОДУКТ;Подсолнечное масло рафинированное;899;0;99.9;0;0;;
ПРОДУКТ;Подсолнечное масло рафинированное дезодорированное;899;0;99.9;0;0;;
ПРОДУКТ;Подсолнечный Козинак;550;13;36;43;0;;
ПРОДУКТ;Подушечки Вкусти-хрусти с ореховой начинкой;449.33;5;18;68;0;;
ПРОДУКТ;Подушечки С Молочно-шоколадной Начинкой;490;6;20;67;0;;
ПРОДУКТ;Подушечки С Молочной Начинкой;427.5;6.6;15.1;66.3;0;;
ПРОДУКТ;Подушечки С Ореховой Начинкой;439.7;6;16.5;66.8;0;;
ПРОДУКТ;Подушечки Шоколадные;438.4;5;16.8;66.8;0;;
ПРОДУКТ;Подушечки амарантовые с шоколадной начинкой;460;6.4;17.9;68.3;0;;
ПРОДУКТ;Подушечки витьба с кокосом;460;6.5;19;67;0;;
ПРОДУКТ;Подушечки с банановой начинкой;432;8.1;13.8;65.7;0;;
ПРОДУКТ;Подушечки с шоколадной начинкой;435;7.8;14.3;65.3;0;;
ПРОДУКТ;Подушечки хрустящие с молочной начинкой;446.58;7.6;15.5;66.2;0;;
ПРОДУКТ;Пожарские котлеты;200;12;13;8.5;0;;
ПРОДУКТ;Поке лосось;190;8.5;9.5;18;0;;
ПРОДУКТ;Поке тунец;180;9;8.5;17;0;;
ПРОДУКТ;Поке, Лосось, Соус Цитрус;146.6;5.6;2.6;25.2;0;;
ПРОДУКТ;Покет-сэндвич с ветчинрй и сыром чеддер;253.9;13.1;11.1;25.4;0;;
ПРОДУКТ;Покорн Сыр;430;6;22;51;0;;
ПРОДУКТ;Полба;350;12;2;72;0;;
ПРОДУКТ;Полба С Грибами И Пореем;147;4.5;6.2;18.3;0;;
ПРОДУКТ;Полба цельная;350;12;2;72;0;;
ПРОДУКТ;Полбяная каша на воде;139.56;5.5;0.9;26.5;0;;
ПРОДУКТ;Полезное» мороженое - «Шоколадное;78.87;3.5;3.5;9;0;;
ПРОДУКТ;Полента кукурузная;370;7;4;77;0;;
ПРОДУКТ;Половинки;429;5;17;64;0;;
ПРОДУКТ;Половинки с арахисом;439;6;19;61;0;;
ПРОДУКТ;Полоска Арахисовая;446.8;10.9;24.4;45.9;0;;
ПРОДУКТ;Полоска Песочная С Повидлом;381;3.9;14.5;58.8;0;;
ПРОДУКТ;Полоски Кальмара Со Вкусом Краба;240;26;0.4;33;0;;
ПРОДУКТ;Полоски Кондитерские;420;7.3;15.3;63.3;0;;
ПРОДУКТ;Полукольца кальмара копчёные;170;30;3.5;3.5;0;;
ПРОДУКТ;Полуфабрикаты из соевых продуктов замороженные: Котлеты со вкусом говядины;107.55;17.6;2.1;4.3;0;;
ПРОДУКТ;Полынь;26.65;1.5;0;5;0;;
ПРОДУКТ;Польский гриб;19.62;1.7;0.7;1.5;0;;
ПРОДУКТ;Помадка сливочная с цукатом;420;4;14;70;0;;
ПРОДУКТ;Помело;31.79;0.6;0.2;6.7;0;;
ПРОДУКТ;Помидорка томатная паста;90;5;0.5;16;0;;
ПРОДУКТ;Помидорка, паста томатная с базиликом;85;4;0.5;16;0;;
ПРОДУКТ;Помидоры Солены;19;0.8;0;4;0;;
ПРОДУКТ;Помидоры зелёные бочковые;14;0.9;0.2;1.4;0;;
ПРОДУКТ;Помидоры резаные;28;1.2;0.1;4.5;0;;
ПРОДУКТ;Помидоры резаные без кожицы с чесноком в томатном соусе;23;1.3;0;4;0;;
ПРОДУКТ;Пончик;302.81;5.6;13;38.8;0;;
ПРОДУКТ;Пончик Клубника;400;5;21;47;0;;
ПРОДУКТ;Пончик Шоколад;360;5;17;47;0;;
ПРОДУКТ;Пончик Ягодный Микс;370;4;18;49;0;;
ПРОДУКТ;Пончики Берлинские Со Сгущенкой;330;6.5;8.5;56;0;;
ПРОДУКТ;Пончики Берлинские с вареной сгущенкой;420;7.5;23;47;0;;
ПРОДУКТ;Попкорн;460;6;27;48;0;;
ПРОДУКТ;Попкорн «Сладкий и чуть-чуть Соли;443;7.64;26.77;44.51;0;;
ПРОДУКТ;Попкорн «Сливочное Масло;510;6.5;36;37;0;;
ПРОДУКТ;Попкорн Из Курицы;242;15.8;9.7;23;0;;
ПРОДУКТ;Попкорн Морская соль;420;8.5;14;59;0;;
ПРОДУКТ;Попкорн Розовая Гималайская Соль;466;8.9;25.1;51.1;0;;
ПРОДУКТ;Попкорн Со Вкусом Барбекю;523;4.2;26.9;65.9;0;;
ПРОДУКТ;Попкорн Со Вкусом Йогурта И Лука;520;3.8;27.1;65.1;0;;
ПРОДУКТ;Попкорн Соленая Карамель;404;4.5;6.5;82;0;;
ПРОДУКТ;Попкорн Соленый;408;7.5;14;63;0;;
ПРОДУКТ;Попкорн Солёный;444.75;14.25;13.75;66;0;;
ПРОДУКТ;Попкорн Солёный, Красная Икра;446;8.2;23.9;49.3;0;;
ПРОДУКТ;Попкорн Сырой;375;9.5;4.5;74;0;;
ПРОДУКТ;Попкорн зі смаком сиру;468;8.5;23.8;58.6;0;;
ПРОДУКТ;Попкорн карамельный;414.56;5.3;8.7;76.1;0;;
ПРОДУКТ;Попкорн куриный L;242.4;15.8;9.7;23;0;;
ПРОДУКТ;Попкорн с Сыром;323;7.9;1.1;68.8;0;;
ПРОДУКТ;Попкорн сладаая карамель;447.5;4.4;11.9;80.7;0;;
ПРОДУКТ;Попкорн со вкусом сыра;509;6;31;51;0;;
ПРОДУКТ;Попкорн солёный со вкусом колбасок баварских;505;6;31;50;0;;
ПРОДУКТ;Попкорн сырный;515.32;5.8;30.8;50.1;0;;
ПРОДУКТ;Пористый;540;6.3;30;59;0;;
ПРОДУКТ;Пористый молочный и белый;540;6.8;30;59;0;;
ПРОДУКТ;Порог Австрийский штрудель со вкусами лимон и апельсин;380;5;15;58;0;;
ПРОДУКТ;Поросенок молочный;112.33;20.6;3;0;0;;
ПРОДУКТ;Портвейн;50.84;0.4;0;12;0;;
ПРОДУКТ;Портобелло жареные на гриле;36.13;4.3;0.8;2.7;0;;
ПРОДУКТ;Портобелло свежие;26.87;2.5;0.2;3.6;0;;
ПРОДУКТ;Портулак;20.2;1.3;0.1;3.4;0;;
ПРОДУКТ;Посикунчики с мясом;630;8;26;25;0;;
ПРОДУКТ;Постные галеты из брокколи;60;3.5;0.5;10;0;;
ПРОДУКТ;Посыпка кондитерская;416.61;4.6;10.2;73.9;0;;
ПРОДУКТ;Пп меню;310;11;2;63;0;;
ПРОДУКТ;Ппп;255;13;16;14;0;;
ПРОДУКТ;Правильное молоко 3.2-4;67;3;4;4.7;0;;
ПРОДУКТ;Правильный десетр;440;4.5;26;30;0;;
ПРОДУКТ;Прага Молочный Шоколад;271;4.2;15;30;0;;
ПРОДУКТ;Пражский пай Сдобная особа земляника;409.94;4.7;18;54.5;0;;
ПРОДУКТ;Пражский пай Сдобная особа карамель;429.61;4.9;19.5;55.7;0;;
ПРОДУКТ;Пражский пай Сдобная особа шоколадно-ореховый;422.92;5.1;19;55;0;;
ПРОДУКТ;Празький;403;5.2;17.5;55;0;;
ПРОДУКТ;Пралине жёлт;538.24;4;30.4;61.2;0;;
ПРОДУКТ;Президент Эксклюзив 78% Без Сахара;580;9.4;48.6;26.2;0;;
ПРОДУКТ;Президент бутербродный EMMENTAL;248;14;18;7.5;0;;
ПРОДУКТ;Президент салакис;227;14;18;2.2;0;;
ПРОДУКТ;Пресервы. Морская капуста маринованная;23;0.4;0.4;4.4;0;;
ПРОДУКТ;Приморские Классические;450;3;24;56;0;;
ПРОДУКТ;Приправа Gallina Blanca 15 овощей;191.32;9.5;2.5;31.5;0;;
ПРОДУКТ;Приправа Gallina Blanca 15 трав и специй;182.66;11.7;1.7;29;0;;
ПРОДУКТ;Приправа Gallina Blanca Универсальная;90.96;7.8;0.7;12.8;0;;
ПРОДУКТ;Приправа Kamis Прованские травы;209.62;15.5;6.5;20.9;0;;
ПРОДУКТ;Приправа Knorr Ароматная Классика овощей;141.04;8;1.5;23;0;;
ПРОДУКТ;Приправа Knorr Ароматная для борща;247.48;8.5;7;36;0;;
ПРОДУКТ;Приправа Knorr Ароматная для мяса;147.73;6;2;25.5;0;;
ПРОДУКТ;Приправа Knorr Ароматная для рыбы;301.61;5.5;4;59;0;;
ПРОДУКТ;Приправа Knorr Бульон говяжий Душа обеда;85.78;6.6;4.6;3.9;0;;
ПРОДУКТ;Приправа Knorr Бульон куриный Душа обеда;106.31;6.6;6.5;4.6;0;;
ПРОДУКТ;Приправа Knorr Секрет сациви;310.48;6;6.5;55;0;;
ПРОДУКТ;Приправа Maggi Cупер весенняя зелень;76.22;0.8;2.6;11.9;0;;
ПРОДУКТ;Приправа Maggi Букет приправ для курицы;143.85;6.2;2.2;23.9;0;;
ПРОДУКТ;Приправа Maggi Говяжий бульон на косточке;221.83;3.8;9.8;28.1;0;;
ПРОДУКТ;Приправа Maggi Дары природы;235.5;4.7;8.8;32.8;0;;
ПРОДУКТ;Приправа Maggi Душистый пучок;113.31;1.2;5.4;14.2;0;;
ПРОДУКТ;Приправа Maggi Зажарка из лука и моркови;273.7;3.8;11.5;36.9;0;;
ПРОДУКТ;Приправа Maggi Зажарка со сладким перцем;248.23;5;10.7;31.3;0;;
ПРОДУКТ;Приправа Maggi Заправка Для кислых щей;108.59;2;2.2;19.5;0;;
ПРОДУКТ;Приправа Maggi Куриный бульон;60.1;0.3;2.1;9.6;0;;
ПРОДУКТ;Приправа Maggi Куриный бульон Золотой;188.32;0.8;9.9;22.7;0;;
ПРОДУКТ;Приправа Maggi Куриный бульон с овощами и зеленью;199.58;1.2;9.7;25.5;0;;
ПРОДУКТ;Приправа Maggi На второе для гречки по-купечески;294.2;7.2;5.1;53;0;;
ПРОДУКТ;Приправа Maggi На второе для домашних колбасок по-баварски;305.93;8.9;2.7;59.6;0;;
ПРОДУКТ;Приправа Maggi На второе для запеканки из макарон с мясом по-итальянски;287.48;5;2.7;59;0;;
ПРОДУКТ;Приправа Maggi На второе для котлет;305.82;10;2.6;58.7;0;;
ПРОДУКТ;Приправа Maggi На второе для куриных крылышек барбекю;235.5;4.7;8.8;32.8;0;;
ПРОДУКТ;Приправа Maggi На второе для курицы по-французски;311.02;4.5;0.6;70;0;;
ПРОДУКТ;Приправа Maggi На второе для мясного рулета с яйцом и сыром;310.23;7.6;2.5;62.4;0;;
ПРОДУКТ;Приправа Maggi На второе для мясных ежиков с рисом и морковью;252.55;4.5;3;50.3;0;;
ПРОДУКТ;Приправа Maggi На второе для нежной курицы по-итальянски;432.99;6.1;32;27;0;;
ПРОДУКТ;Приправа Maggi На второе для нежной курицы с чесноком и травами;429.05;6.3;32.9;23.8;0;;
ПРОДУКТ;Приправа Maggi На второе для пельменей по-уральски;410.44;5.5;16.2;57.9;0;;
ПРОДУКТ;Приправа Maggi На второе для плова с курицей;245.29;6;6.5;39.1;0;;
ПРОДУКТ;Приправа Maggi На второе для сочного жаркого из курицы с овощами;265.17;5.5;6.3;44.9;0;;
ПРОДУКТ;Приправа Maggi На второе для сочного мяса с чесночком и луком по-домашнему;254.76;1.9;3.9;51.4;0;;
ПРОДУКТ;Приправа Maggi На второе для сочного цыпленка табака;303.11;2.5;3.5;63.5;0;;
ПРОДУКТ;Приправа Maggi На второе для сочной курицы с травами;237.9;3.7;1.6;50.7;0;;
ПРОДУКТ;Приправа Maggi На второе для сочной курицы с чесноком;265.42;4.9;3.9;51;0;;
ПРОДУКТ;Приправа Maggi На второе для сочной курочки Карри;287.01;4.9;4.9;54;0;;
ПРОДУКТ;Приправа Maggi На второе для сочных ребрышек барбекю;288.57;5.4;3.7;56.6;0;;
ПРОДУКТ;Приправа Maggi На второе для сочных ребрышек с дымком;245.39;2.7;3.2;49.9;0;;
ПРОДУКТ;Приправа Maggi На второе для хрустящих наггетсов с соусом тартар;345.72;5.3;4.6;68.6;0;;
ПРОДУКТ;Приправа Maggi На второе для чахохбили из курицы;270.21;7.8;3.4;50.4;0;;
ПРОДУКТ;Приправа Vegeta Natur;141.2;4.4;0.9;28;0;;
ПРОДУКТ;Приправа Vegeta Легкая;136.97;6;0.4;26.5;0;;
ПРОДУКТ;Приправа Vegeta Пряная;142.1;9.3;0.6;24;0;;
ПРОДУКТ;Приправа Vegeta Универсальная;138.82;8.5;0.6;24;0;;
ПРОДУКТ;Приправа Vegeta для говядины;165.44;9.4;1.7;27.1;0;;
ПРОДУКТ;Приправа Vegeta для гриля;172.88;9.1;1;30.8;0;;
ПРОДУКТ;Приправа Vegeta для картофеля;170.64;9;1.2;29.9;0;;
ПРОДУКТ;Приправа Vegeta для креветок;162.33;11.4;1.1;25.7;0;;
ПРОДУКТ;Приправа Vegeta для курицы;164.9;8.4;1.2;29.1;0;;
ПРОДУКТ;Приправа Vegeta для макаронных изделий;149.7;9.3;0.8;25.4;0;;
ПРОДУКТ;Приправа Vegeta для моркови по-корейски;161.62;8.2;1.2;28.5;0;;
ПРОДУКТ;Приправа Vegeta для плова;177.12;10.3;1.5;29.5;0;;
ПРОДУКТ;Приправа Vegeta для риса;155.85;11.4;0.8;24.8;0;;
ПРОДУКТ;Приправа Vegeta для рыбы;170.34;8.1;1.3;30.5;0;;
ПРОДУКТ;Приправа Vegeta для салата;163.83;8.8;0.6;29.8;0;;
ПРОДУКТ;Приправа Vegeta для салата с укропом;126.06;9.8;1.3;18;0;;
ПРОДУКТ;Приправа Vegeta для салата с чесноком;146.83;8.8;0.8;25.2;0;;
ПРОДУКТ;Приправа Vegeta для свинины;144.48;7.9;0.9;25.3;0;;
ПРОДУКТ;Приправа Vegeta для шашлыка;158.34;9.1;1.2;26.8;0;;
ПРОДУКТ;Приправа Мивина куриная;144.65;0.5;6.7;19.6;0;;
ПРОДУКТ;Приправа Смесь перцев;231.45;10.9;3.2;38.3;0;;
ПРОДУКТ;Приправа ароматная «Вкусная штука «Пармезан и чеснок;358;16.07;7.67;57.82;0;;
ПРОДУКТ;Приправа грибная;43.18;2;2;4;0;;
ПРОДУКТ;Приправа для баранины;168.49;2;6;25.5;0;;
ПРОДУКТ;Приправа для борща;177.12;10.3;1.5;29.5;0;;
ПРОДУКТ;Приправа для гуляша;331;8.9;4.3;60;0;;
ПРОДУКТ;Приправа для картофеля;282;11;6;46;0;;
ПРОДУКТ;Приправа для картофеля средиземноморская с томатами и розмарином;168;5.5;2.2;24;0;;
ПРОДУКТ;Приправа для курицы;221;10;9;25;0;;
ПРОДУКТ;Приправа для моркови по-корейски;159.66;8.2;1.2;28.5;0;;
ПРОДУКТ;Приправа для мяса;147.73;6;2;25.5;0;;
ПРОДУКТ;Приправа для мяса и фарша;213;11;9;22;0;;
ПРОДУКТ;Приправа для мясных блюд;260;10;2.8;42;0;;
ПРОДУКТ;Приправа для пельменей;147.73;6;2;25.5;0;;
ПРОДУКТ;Приправа для пиццы;177.52;10.4;1.5;29.5;0;;
ПРОДУКТ;Приправа для плова;177.12;10.3;1.5;29.5;0;;
ПРОДУКТ;Приправа для риса;155.85;11.4;0.8;24.8;0;;
ПРОДУКТ;Приправа для рыбы;170.34;8.1;1.3;30.5;0;;
ПРОДУКТ;Приправа для сала;164.9;8.4;1.2;29.1;0;;
ПРОДУКТ;Приправа для салата;155.85;11.4;0.8;24.8;0;;
ПРОДУКТ;Приправа для супа;177.12;10.3;1.5;29.5;0;;
ПРОДУКТ;Приправа для тыквенного пирога;424.96;5.8;12.6;69.3;0;;
ПРОДУКТ;Приправа для ухи;170.34;8.1;1.3;30.5;0;;
ПРОДУКТ;Приправа для фарша;147.73;6;2;25.5;0;;
ПРОДУКТ;Приправа для шашлыка;164.9;8.4;1.2;29.1;0;;
ПРОДУКТ;Приправа к глинтвейну - минутка;398;0;0;99;0;;
ПРОДУКТ;Приправа овощная;177.12;10.3;1.5;29.5;0;;
ПРОДУКТ;Приправа томаты базилик чеснок;302;10;4.4;50;0;;
ПРОДУКТ;Приправа универсальная;188.4;10.1;2.8;30.7;0;;
ПРОДУКТ;Про Белок Мясной Протеин Апельсин;172;20;10;2;0;;
ПРОДУКТ;Провансаль Classico;610;0.3;67;2.5;0;;
ПРОДУКТ;Продел гречневый;351.34;10;2;72;0;;
ПРОДУКТ;Продукт В Желе «домашний;50;6;3;0;0;;
ПРОДУКТ;Продукт Из Мяса Индеек;125;14;5;6;0;;
ПРОДУКТ;Продукт Творожный Со Вкусом Пломбира;124;5.5;5.4;13.3;0;;
ПРОДУКТ;Продукт белково-жировой плавленый колбасный копченый;280;17;22;4;0;;
ПРОДУКТ;Продукт для сырников и запеканок творогосодержащий Для завтрака;214;7;18;6;0;;
ПРОДУКТ;Продукт из творога с заменителем молочного жира;290;2;30;2.1;0;;
ПРОДУКТ;Продукт йогуртный пастеризованный молочный с клубникой Эрмигурт. Молочный;100;1.9;3.2;16.5;0;;
ПРОДУКТ;Продукт кисломолочный Домик в деревне сладкий снежок;75;3;2.5;10;0;;
ПРОДУКТ;Продукт кисломолочный, йогурт с фруктовым наполнителем «Лесные ягоды;78;2.9;2.5;11;0;;
ПРОДУКТ;Продукт комбінований молочно-рослинний згущений з цукром і рослинним жиром;313;11;5;56;0;;
ПРОДУКТ;Продукт молочный сгущенный с сахаром «Сгущенка с сахаром;270;2.5;1;63;0;;
ПРОДУКТ;Продукт пищевой соевый: тофу по-итальянски;92;10.6;4.2;2.8;0;;
ПРОДУКТ;Продукт плавленый с сыром Дружба континентов;280;1;24;15;0;;
ПРОДУКТ;Продукт плавленый с сыром С Ветчиной По-итальянски;265;6;21;13;0;;
ПРОДУКТ;Продукт плавленый с сыром Чизбургер;230;7;22;2;0;;
ПРОДУКТ;Продукт плавленый с сыром ломтевой Колбасный копченый;257;1.5;19;20;0;;
ПРОДУКТ;Продукт ряженковый Топлёное лакомство;119;4.3;6;11.9;0;;
ПРОДУКТ;Продукт со сметаной с заменителем молочного жира Бурёнкин Луг;200;2;20;3.2;0;;
ПРОДУКТ;Продукт соевый: Тофу ломтики копченые;78.9;8.7;3.7;2.7;0;;
ПРОДУКТ;Продукт творожный с хрустящими шариками в шоколаде;154;5.2;7.2;17.2;0;;
ПРОДУКТ;Продукт творожный творожок с голубикой и бананом;112;6.8;3.6;13;0;;
ПРОДУКТ;Продукты экструзионной технологии сухие: подушечки хрустящие с молочной начинкой;435;8;16;66;0;;
ПРОДУКТ;Пропареный Рис;350;8;1;74;0;;
ПРОДУКТ;Проростки Русский Спраут Испанский горох (нут;119.99;7;1;20;0;;
ПРОДУКТ;Проростки Семян Чечевицы;190;14;1.9;29.4;0;;
ПРОДУКТ;Простокваша 0.1;28.81;3;0.1;3.8;0;;
ПРОДУКТ;Простокваша 1;38.4;3;1;4.1;0;;
ПРОДУКТ;Простокваша 2,5;52.17;2.8;2.5;4.6;0;;
ПРОДУКТ;Простокваша 2.5;51.92;2.9;2.5;4.1;0;;
ПРОДУКТ;Простокваша 3.2;58.02;2.8;3.2;4.1;0;;
ПРОДУКТ;Простокваша Останкинская 2.5;51.92;2.8;2.5;4.2;0;;
ПРОДУКТ;Простоквашино (Термостатный йогурт с черникой;84.38;2.88;3.31;10.62;0;;
ПРОДУКТ;Простоквашино творог 5;117;15;5;3;0;;
ПРОДУКТ;Протеиеовое печенье «Кокос;269;25;12.3;8.3;0;;
ПРОДУКТ;Протеин;402;76.9;6.7;8.5;0;;
ПРОДУКТ;Протеин BSN Lean Dessert Protein Shake;432.79;60;10;22.9;0;;
ПРОДУКТ;Протеин BSN Syntha-6;461.72;50;13.6;31.8;0;;
ПРОДУКТ;Протеин BSN Syntha-6 Isolate;381.45;65.8;3.9;18.4;0;;
ПРОДУКТ;Протеин BioTech USA Iso Whey Zero;372.14;85.6;1;2.9;0;;
ПРОДУКТ;Протеин CytoSport Complete Whey;398.55;72.7;6.8;9.1;0;;
ПРОДУКТ;Протеин CytoSport Monster Milk;459.02;64.1;11.5;21.8;0;;
ПРОДУКТ;Протеин CytoSport Muscle Milk;440.12;45.7;17.1;22.9;0;;
ПРОДУКТ;Протеин CytoSport Muscle Milk Light;414.88;50;12;24;0;;
ПРОДУКТ;Протеин Cytosport Whey Isolate;382.53;83.3;0;10;0;;
ПРОДУКТ;Протеин Dymatize All Natural Elite Whey Protein Isolate;400.14;72;6;12;0;;
ПРОДУКТ;Протеин Dymatize Elite Casein;373.61;75;1.6;12.5;0;;
ПРОДУКТ;Протеин Dymatize Elite Egg Protein;362.85;78.7;0;9.8;0;;
ПРОДУКТ;Протеин Dymatize Elite Fusion 7;443.27;52.3;13.6;25;0;;
ПРОДУКТ;Протеин Dymatize Elite Gourmet;361.61;63;4.5;15;0;;
ПРОДУКТ;Протеин Dymatize Elite Primal;399.34;96.4;0;1;0;;
ПРОДУКТ;Протеин Dymatize Elite Whey Protein Isolate;371.96;74.1;4.6;6.2;0;;
ПРОДУКТ;Протеин Dymatize Elite XT;373.9;63;4.5;18;0;;
ПРОДУКТ;Протеин Dymatize ISO-100;366.13;89.3;0;0;0;;
ПРОДУКТ;Протеин Fit Foods Mutant Whey;384.61;61.1;8.3;13.9;0;;
ПРОДУКТ;Протеин Gaspari IntraPro;431.64;69.4;9.7;13.9;0;;
ПРОДУКТ;Протеин Gaspari MyoFusion;394.24;61.5;5.1;23.1;0;;
ПРОДУКТ;Протеин Hochdorf Ledor MO 80T;429.8;80.6;6.5;9.5;0;;
ПРОДУКТ;Протеин IronMaxx 100% Whey Protein;400.36;77.3;6.2;6.3;0;;
ПРОДУКТ;Протеин IronMaxx Musclin V.2.0;378.7;84.8;2.5;1.9;0;;
ПРОДУКТ;Протеин Lactomin 80 Whey Protein Concentrate;394.95;80;5;5;0;;
ПРОДУКТ;Протеин Max Power Protein 100;363.52;70;4;9.6;0;;
ПРОДУКТ;Протеин Maxler 100% Gold Whey;428.02;75.7;6;15.1;0;;
ПРОДУКТ;Протеин Multipower 100% Whey Protein;400.52;75;5.6;10;0;;
ПРОДУКТ;Протеин Multipower Pure Whey Isolate 100;377.8;87;1.3;2.2;0;;
ПРОДУКТ;Протеин Multipower Whey Protein Iso Complex;384.79;75;1.7;15;0;;
ПРОДУКТ;Протеин Multipower Xplode;388.12;55;2.5;34;0;;
ПРОДУКТ;Протеин Muscle Rush Whey;439.58;80;5.7;14.3;0;;
ПРОДУКТ;Протеин Muscletech 100% Premium Whey Protein Plus;396.87;62;3;28;0;;
ПРОДУКТ;Протеин Muscletech Nitro Tech Hardcore Pro;389.89;75.8;4.5;9.1;0;;
ПРОДУКТ;Протеин Muscletech Nitro Tech Performance;389.76;83;4;3;0;;
ПРОДУКТ;Протеин MyProtein Impact Whey Isolate;382.45;86;0.3;6.6;0;;
ПРОДУКТ;Протеин MyProtein Impact Whey Protein;422.27;82;7.5;4;0;;
ПРОДУКТ;Протеин Optimum 100% Casein Gold Standard;360.9;75;1.6;9.4;0;;
ПРОДУКТ;Протеин Optimum 100% Egg Gold Standard;397.2;85.7;1.8;7.1;0;;
ПРОДУКТ;Протеин Optimum 100% Soy Protein;401.7;80.6;4.8;6.5;0;;
ПРОДУКТ;Протеин Optimum 100% Whey Gold Standard;394.05;75;3.8;12.5;0;;
ПРОДУКТ;Протеин Optimum 100% Whey Gold Standard Natural;394.05;75;3.8;12.5;0;;
ПРОДУКТ;Протеин Optimum Classic Whey;401.73;72.4;5.2;13.8;0;;
ПРОДУКТ;Протеин Optimum Performance Whey;421.64;56.4;10.3;23.1;0;;
ПРОДУКТ;Протеин Optimum Platinum Hydro Builder;344.3;57.7;4.8;15.4;0;;
ПРОДУКТ;Протеин Optimum Platinum Hydro Whey;360.35;76.9;2.6;5.1;0;;
ПРОДУКТ;Протеин Optimum Pro Complex;373.4;81.1;1.4;6.8;0;;
ПРОДУКТ;Протеин Performance Pure Whey;405.39;77.2;6.3;7.4;0;;
ПРОДУКТ;Протеин Performance Superior Protein Complex;369.05;80;2.3;4.8;0;;
ПРОДУКТ;Протеин PureProtein Multi Protein;423.65;70;5;22;0;;
ПРОДУКТ;Протеин PureProtein Soy Isolate Натуральный вкус;369;90;0;0;0;;
ПРОДУКТ;Протеин PureProtein Soy Isolate Шоколадное печенье;356.86;70;0.9;15;0;;
ПРОДУКТ;Протеин RLine Whey;403.47;65;8.3;14.6;0;;
ПРОДУКТ;Протеин San Meta Force 5.0;400.14;78;6;6;0;;
ПРОДУКТ;Протеин Syntrax Essence;336.61;82.1;0;0;0;;
ПРОДУКТ;Протеин Syntrax Matrix 2.0;404.38;74.2;6.5;9.7;0;;
ПРОДУКТ;Протеин Syntrax Matrix 5.0;402.63;74.2;6.4;9.5;0;;
ПРОДУКТ;Протеин Syntrax Nectar;349.32;85.2;0;0;0;;
ПРОДУКТ;Протеин Syntrax Nectar Naturals;349.32;85.2;0;0;0;;
ПРОДУКТ;Протеин Syntrax Nectar Sweets;351.37;85.7;0;0;0;;
ПРОДУКТ;Протеин Twinlab 100% Whey Protein Fuel;408.96;65.8;9.2;13.1;0;;
ПРОДУКТ;Протеин Ultimate ISO-Cool;362.85;88.5;0;0;0;;
ПРОДУКТ;Протеин Ultimate ISO-Sensation 93;397.29;93.8;0;3.1;0;;
ПРОДУКТ;Протеин Ultimate Isopreme Pure Bioactive Whey Isolate;401.68;85.7;2.9;5.7;0;;
ПРОДУКТ;Протеин Ultimate Prostar 100% Whey Protein;410.04;81;5.3;7;0;;
ПРОДУКТ;Протеин Ultimate Prostar Whey Gourmet Protein;399.66;83.3;3.3;6.7;0;;
ПРОДУКТ;Протеин Ultimate Protein Isolate;431.8;83.3;4.2;12.5;0;;
ПРОДУКТ;Протеин Whey;323;60;3.33;13.3;0;;
ПРОДУКТ;Протеин «Печенье И Крем;349.3;76.9;3.3;3;0;;
ПРОДУКТ;Протеин Ванситон Экстра;427.75;78;5;15;0;;
ПРОДУКТ;Протеин Двойной шоколад;374;70;7.37;6.97;0;;
ПРОДУКТ;Протеин Многокомпонентный;387;77;7;4;0;;
ПРОДУКТ;Протеин Со Вкусом «Ванильно-сливочный Пломбир;366;73;6;5;0;;
ПРОДУКТ;Протеин Чипсы с бекон;436;38;14;38;0;;
ПРОДУКТ;Протеин Чирсы с кетчуп;436;38;14;38;0;;
ПРОДУКТ;Протеин Шоколадный;389;73;8;6;0;;
ПРОДУКТ;Протеин ваниль Shake;90;16;1.5;1.5;0;;
ПРОДУКТ;Протеин хлебцы;405;25;8.3;55;0;;
ПРОДУКТ;Протеиноаый батончик «Малиновый чизкейк;271;30;7.14;18;0;;
ПРОДУКТ;Протеинов Крем Лилав;504;41;33.1;14;0;;
ПРОДУКТ;Протеиновая;400;21.75;7.5;61.5;0;;
ПРОДУКТ;Протеиновая Конфета;371;12;13;53;0;;
ПРОДУКТ;Протеиновая Конфета С Кокосом;304;12.4;10;41;0;;
ПРОДУКТ;Протеиновая Конфета С Молочной Начинкой;347;12;9;55;0;;
ПРОДУКТ;Протеиновая Смесь Для Выпечки Блинов И Оладий;368;35;6;43.4;0;;
ПРОДУКТ;Протеиновая гранола с малиной и семечками;389;23;13.8;36.3;0;;
ПРОДУКТ;Протеиновая гранола с орехами;410;23;18.5;29.7;0;;
ПРОДУКТ;Протеиновая добавка (Молочный шоколад) Primecraft;402;76.9;6.7;8.5;0;;
ПРОДУКТ;Протеиновая каша с клубникой овсяная;361.2;20;4.2;54.9;0;;
ПРОДУКТ;Протеиновая конфета миндальный брауни;386;14.6;9.1;61.5;0;;
ПРОДУКТ;Протеиновая конфета с начинкой «Фисташка;333.5;17.9;10.3;42.3;0;;
ПРОДУКТ;Протеиновая смесь для блинов «Малина» Protein Pancake;354;35;3.3;40.6;0;;
ПРОДУКТ;Протеиновая смесь для приготовления блинов «Творог;378;35;6.8;38.7;0;;
ПРОДУКТ;Протеиновая смесь для приготовления блинов «Шоколад;347;35;3.3;38.9;0;;
ПРОДУКТ;Протеиновое Мороженное;100;12;3;7;0;;
ПРОДУКТ;Протеиновое Печенье;415;16.2;17.2;46.8;0;;
ПРОДУКТ;Протеиновое Эскимо;159;14.5;7;9.5;0;;
ПРОДУКТ;Протеиновое Эскимо Шоколад;150;8;6;16.71;0;;
ПРОДУКТ;Протеиновое мороженное дыня;181;15;6;15;0;;
ПРОДУКТ;Протеиновое мороженное соленая карамель;172;15;6;14;0;;
ПРОДУКТ;Протеиновое мороженое;171;15;7;12;0;;
ПРОДУКТ;Протеиновое мороженое «Бельгийский шоколад» в вафельном стаканчике;197;15;6;19;0;;
ПРОДУКТ;Протеиновое мороженое со вкусом пломбира на сливках;297;15;14;12;0;;
ПРОДУКТ;Протеиновое печенье Jamy Pie Soufflé and jam с апельсином;289;20;11;18;0;;
ПРОДУКТ;Протеиновое печенье Protein Biscuits Фисташка;275;29.8;13.3;31.8;0;;
ПРОДУКТ;Протеиновое печенье Малиновый чизкейк;303.3;25;11.8;15.5;0;;
ПРОДУКТ;Протеиновое печенье Шоколадный брауни;283.22;25;11;13;0;;
ПРОДУКТ;Протеиновое печенье с кокосовой стружкой;269;27.2;12.7;20.6;0;;
ПРОДУКТ;Протеиновое печенье с лесным орехом;263.38;33.4;13.2;9;0;;
ПРОДУКТ;Протеиновое печенье. Апельсиновый брауни;259;30;11;10;0;;
ПРОДУКТ;Протеиновые Оладьи (с кусочками шоколада;360;30;3;54;0;;
ПРОДУКТ;Протеиновые Чипсы Прованские Травы;411;73.33;13.33;0;0;;
ПРОДУКТ;Протеиновые Чипсы Сметана И Зелень;413.67;73.33;13.33;0;0;;
ПРОДУКТ;Протеиновые печенье;286;20;13;6;0;;
ПРОДУКТ;Протеиновые цельнозерновые чипсы со вкусом «Бекон с паприкой;305;15;3;53;0;;
ПРОДУКТ;Протеиновые чипсы с сыром и горохом;423.33;12.7;7.6;71.5;0;;
ПРОДУКТ;Протеиновый Батончик - Клубника;380;20;12;44;0;;
ПРОДУКТ;Протеиновый Батончик Пломбир;282;32;13.2;8.8;0;;
ПРОДУКТ;Протеиновый Батончик С Клубникой;420;21;16;51;0;;
ПРОДУКТ;Протеиновый Батончик Со Вкусом Малины;420;25;16;45;0;;
ПРОДУКТ;Протеиновый Коктейль;140;20;3;8;0;;
ПРОДУКТ;Протеиновый Коктейль Со Вкусом Банана;70;7.8;2;5;0;;
ПРОДУКТ;Протеиновый Молочный Коктейль Ванильное Мороженое;46.49;6.86;0.2;3.6;0;;
ПРОДУКТ;Протеиновый Молочный Коктейль Клубничный Джелато;46.52;6.86;0.2;3.6;0;;
ПРОДУКТ;Протеиновый Порошок;358;69;6;6;0;;
ПРОДУКТ;Протеиновый Сырок С Какао;380.8;22.2;22.8;21.7;0;;
ПРОДУКТ;Протеиновый батончик HI PROTEIN Bumble coffee + collagen;355;30;14.3;8.6;0;;
ПРОДУКТ;Протеиновый батончик Shock;233;7.5;17;10;0;;
ПРОДУКТ;Протеиновый батончик salted caramel;440;19;20;47;0;;
ПРОДУКТ;Протеиновый батончик «Со вкусом клубники и мяты;279;30;7;8;0;;
ПРОДУКТ;Протеиновый батончик «Со вкусом шоколада и рома;308;30;10;9;0;;
ПРОДУКТ;Протеиновый батончик Арахис—солёная карамель;366;20;20;11;0;;
ПРОДУКТ;Протеиновый батончик Клубничный трайфл;267;28.3;6.67;20;0;;
ПРОДУКТ;Протеиновый батончик Кокос;400;6;30;7;0;;
ПРОДУКТ;Протеиновый батончик Соленый крем-ирис;330;33;14.2;6;0;;
ПРОДУКТ;Протеиновый батончик Фисташковые марципан;334;33;14.6;5;0;;
ПРОДУКТ;Протеиновый батончик Шоколад — фундук с карамелью;364;19;20;11;0;;
ПРОДУКТ;Протеиновый батончик банан в темной глазури;425;20;15;50;0;;
ПРОДУКТ;Протеиновый батончик со вкусом банана;163;8.4;4.4;22.4;0;;
ПРОДУКТ;Протеиновый батончик со вкусом шоколада;415.87;21;12;55;0;;
ПРОДУКТ;Протеиновый йогурт Банан+ клубника | Protein yogurt Banana + strawberry;130;10;4;13.5;0;;
ПРОДУКТ;Протеиновый йогурт фисташка | Protein yogurt Pistachio;107;12;3;8;0;;
ПРОДУКТ;Протеиновый коктейль Фисташковое мороженое;360;61;3.4;16.9;0;;
ПРОДУКТ;Протеиновый коктейль с клубникой;358.8;18.2;2.2;60;0;;
ПРОДУКТ;Протеиновый коктейль со вкусом ванильно-сливочного пломбира;366;73;6;5;0;;
ПРОДУКТ;Протеиновый крем-суп грибной;300;20;3;49;0;;
ПРОДУКТ;Протеиновый крем-суп сырный;310;20;2;51.5;0;;
ПРОДУКТ;Протеиновый крем-суп томатный;265;20;1.5;43.5;0;;
ПРОДУКТ;Протеиновый маффин Двойной шоколад;400;15;31;9;0;;
ПРОДУКТ;Протеиновый напиток с бананом;86.9;12;0.5;8.6;0;;
ПРОДУКТ;Протеиновый сыр полутвёрдый с L-карнитином;339.7;29.1;24.5;0.7;0;;
ПРОДУКТ;Протеиновый чипсы с паприка;424;13;11.5;65.9;0;;
ПРОДУКТ;Протертая мякоть томатов «ПАССАТА;30;1.5;0;6.5;0;;
ПРОДУКТ;Протеін сировотковий зі смаком полуниці;391;75;3.12;9.38;0;;
ПРОДУКТ;Протеїновий батончик 4Energy з вишнею;398;26;17;51;0;;
ПРОДУКТ;Профитроли;335;6.5;25;21;0;;
ПРОДУКТ;Профитроли С Заварным Кремом;325;6.8;18.2;33.6;0;;
ПРОДУКТ;Профитроли с пломбирным кремом;320;6;19;32;0;;
ПРОДУКТ;Профитроли с рикоттой;408.5;6.9;28.1;32;0;;
ПРОДУКТ;Прошуто Крудо;97;16.5;3;1;0;;
ПРОДУКТ;Прошутто;286.82;22.6;20.9;0;0;;
ПРОДУКТ;Прошутто Крудо;210;30;10;0.5;0;;
ПРОДУКТ;Пружинки Макаронные Изделия;351;14;1;70;0;;
ПРОДУКТ;Пръчицы луканкови 2 шт;420;22;36;1;0;;
ПРОДУКТ;Пряжене Молоко;55;3.2;2.6;4.8;0;;
ПРОДУКТ;Пряная Чечевица;359;21;3;61;0;;
ПРОДУКТ;Пряние;380;7.6;7.2;73.2;0;;
ПРОДУКТ;Пряник;495.8;9.3;20;70;0;;
ПРОДУКТ;Пряник Лакманский Со Вкусом Сгущенки;370;5.9;4.5;77;0;;
ПРОДУКТ;Пряник Тульский;377.73;5.8;6.5;71.6;0;;
ПРОДУКТ;Пряник Тульский купеческий;389.44;7.3;8.6;68.2;0;;
ПРОДУКТ;Пряник Тульский с цукатами;378.46;5.5;6.8;71.4;0;;
ПРОДУКТ;Пряник Тульский шоколадный;385.29;9.1;7.8;67.2;0;;
ПРОДУКТ;Пряник коровка сгущёнка;370;5;6;73;0;;
ПРОДУКТ;Пряники;411;8.8;9.8;71.9;0;;
ПРОДУКТ;Пряники Dr Galamilk Cocosnack кокосовые;225.4;4;9;32.1;0;;
ПРОДУКТ;Пряники «Имбирные;351.34;6;6.5;70;0;;
ПРОДУКТ;Пряники «Ключики» новые;349;5.5;3.1;74.8;0;;
ПРОДУКТ;Пряники З Медом;375;6.25;4.69;75;0;;
ПРОДУКТ;Пряники Заварные;375;5;7;74;0;;
ПРОДУКТ;Пряники Заварные С Малиновым Пюре;381;4.9;5.8;77.3;0;;
ПРОДУКТ;Пряники Имбирные;373.62;5.9;6.5;70.5;0;;
ПРОДУКТ;Пряники Классические;350;5;2.5;77;0;;
ПРОДУКТ;Пряники Кольцо;366;5;6;73;0;;
ПРОДУКТ;Пряники Молочные;368;5.5;6.6;71;0;;
ПРОДУКТ;Пряники Молочные палочки;355;6.7;7.5;71.9;0;;
ПРОДУКТ;Пряники Мятные;367.8;5.7;4.2;76.8;0;;
ПРОДУКТ;Пряники С Абрикосовой Начинкой;376.8;6.4;6;74.3;0;;
ПРОДУКТ;Пряники С Ароматом Ванили;393;6.5;5.5;78;0;;
ПРОДУКТ;Пряники С Вишней;366.4;4.3;5.2;75.6;0;;
ПРОДУКТ;Пряники С Малиновой Начинкой;364;4.5;5.7;73;0;;
ПРОДУКТ;Пряники Тульский сюрприз;377.8;5.91;7.26;72.21;0;;
ПРОДУКТ;Пряники Шоколадные;380;5;7;73;0;;
ПРОДУКТ;Пряники глазированные «Сельские;360.99;6.5;6.5;68.2;0;;
ПРОДУКТ;Пряники глазированные молочным шоколадом;402;6.7;12.4;64.7;0;;
ПРОДУКТ;Пряники заварные «Медовые;375.24;6;6;73;0;;
ПРОДУКТ;Пряники заварные глазированные Сахарные ванильные;360;5;5.5;73;0;;
ПРОДУКТ;Пряники заварные глазированные Сахарные с ароматом топлёного молока;360;5.45;5.45;72.7;0;;
ПРОДУКТ;Пряники на фруктозе мятные Петродиет;393;9;8;71;0;;
ПРОДУКТ;Пряники с шоколадным вкусом;360;6;4.5;73;0;;
ПРОДУКТ;Пряники с яблоком;387;9;8;69;0;;
ПРОДУКТ;Пряники сырцовые с начинкой Палочка с начинкой (сгущенное молоко;370;5;8;69;0;;
ПРОДУКТ;Пряники шоколадные (ГОСТ;360;6;6.5;70;0;;
ПРОДУКТ;Пряный Гриб Рамен;426;9.4;14.3;63.4;0;;
ПРОДУКТ;Прясне Мляко без Лактоза;60;3.3;3.2;4.7;0;;
ПРОДУКТ;Прясно Мляко 3;59;3.2;3;4.8;0;;
ПРОДУКТ;Прясно Мляко UHT 1.5;47;3.4;1.5;4.9;0;;
ПРОДУКТ;Прясно Пуешко Филе;107;24;1.2;0;0;;
ПРОДУКТ;Прясно мляко - 1.4;44;3;1.5;4.5;0;;
ПРОДУКТ;Прясно мляко 1.5;44;3;1.5;4.7;0;;
ПРОДУКТ;Прясно мляко 1.7;47;3.1;1.7;4.7;0;;
ПРОДУКТ;Псиллиум;42.75;2.9;0.1;7.3;0;;
ПРОДУКТ;Псиллиум шелуха;42;2.9;0.1;7.3;0;;
ПРОДУКТ;Псиллум;42;2.9;0.1;7.3;0;;
ПРОДУКТ;Птичье Молоко;440;3;24;56;0;;
ПРОДУКТ;Птичье Чудо;450;2.5;25;55;0;;
ПРОДУКТ;Пудинг;130;6.6;5;15.4;0;;
ПРОДУКТ;Пудинг Dr.Oetker классический с ванильным вкусом;357.93;0.3;0;87;0;;
ПРОДУКТ;Пудинг Heinz бананчик яблочко в сливках;392.74;8.5;4.1;78;0;;
ПРОДУКТ;Пудинг Heinz фруктовое ассорти в сливках;394.76;8.2;5.2;76.3;0;;
ПРОДУКТ;Пудинг Ванильный;339.63;0;0;84.9;0;;
ПРОДУКТ;Пудинг Двойной Орех;130;2.7;4.9;17.9;0;;
ПРОДУКТ;Пудинг Молочный Карамельный;103;2.8;3;16.2;0;;
ПРОДУКТ;Пудинг Молочный Шоколад;118.4;4.6;4;16;0;;
ПРОДУКТ;Пудинг Творожный Ваниль;106;6;4;11.5;0;;
ПРОДУКТ;Пудинг ФрутоНяня ванильный;87.54;2.6;3.2;11.5;0;;
ПРОДУКТ;Пудинг ФрутоНяня шоколадный;92.68;2.9;3.4;12;0;;
ПРОДУКТ;Пудинг Чудо Ваниль;107.41;2.5;3;16.9;0;;
ПРОДУКТ;Пудинг Чудо Карамель;99.62;2.5;3;15;0;;
ПРОДУКТ;Пудинг Чудо Шоколадный;118.59;2.9;3.1;19;0;;
ПРОДУКТ;Пудинг Чудо шоколад;116;3;3.1;18.9;0;;
ПРОДУКТ;Пудинг безлактозный «High Protein» со вкусом ванили;80;10;1.5;6.1;0;;
ПРОДУКТ;Пудинг высокобелковый шоколадный;67;10;1;4.4;0;;
ПРОДУКТ;Пудинг молочный «High Protein» со вкусом шоколада;80;10;1.5;6;0;;
ПРОДУКТ;Пудинг молочный ванильный;142;3.4;6;18.5;0;;
ПРОДУКТ;Пудинг молочный шоколадный;111.2;3.3;3;18;0;;
ПРОДУКТ;Пудинг с тыквой и облепихой;165;4.5;3.3;29.2;0;;
ПРОДУКТ;Пудинг творожный;106;6;4;11.5;0;;
ПРОДУКТ;Пудинг чиа;236;4.59;15.92;20.36;0;;
ПРОДУКТ;Пудинг шоколадный;125;4.1;3;20.4;0;;
ПРОДУКТ;Пуешки Бут;186;21;11;0.7;0;;
ПРОДУКТ;Пуешки Кюфтета;116;20.7;3.5;0.4;0;;
ПРОДУКТ;Пуешко Мляно Месо;111.24;18.95;3.88;0;0;;
ПРОДУКТ;Пунш;123;0;0;30;0;;
ПРОДУКТ;Путассу С Перцем;250;51;2.5;6;0;;
ПРОДУКТ;Путассу северная неразделанная;85;18.5;1;0;0;;
ПРОДУКТ;Пушен Кашкавал;357;28;27;0.6;0;;
ПРОДУКТ;Пушени шпроти в рапично масло Секо;255.62;17.87;20.49;0;0;;
ПРОДУКТ;Пчелиная пыльца;218.99;12.9;0.8;38.7;0;;
ПРОДУКТ;Пшеница Органическая;360;10.6;2.4;74.2;0;;
ПРОДУКТ;Пшеница воздушная На Здоровье! со вкусом шоколада;409.68;9.9;4.6;79.6;0;;
ПРОДУКТ;Пшеница пророщенная;212.57;7.5;1.3;41.4;0;;
ПРОДУКТ;Пшенична каша зі смаком курки;347;6.2;1.7;66.9;0;;
ПРОДУКТ;Пшеничная каша Myllyn Paras;328.13;13;2;62.5;0;;
ПРОДУКТ;Пшеничная каша Nestle молочная с бананом;425;15;10;66;0;;
ПРОДУКТ;Пшеничная каша Nestle молочная с тыквой;425;15;10;66;0;;
ПРОДУКТ;Пшеничная каша Nestle молочная с яблоком;425;15;10;66;0;;
ПРОДУКТ;Пшеничная каша Малютка молочная с тыквой;439.54;12.3;11.3;69.3;0;;
ПРОДУКТ;Пшеничная каша ФрутоНяня молочная с фруктами;66.42;1.2;0;15;0;;
ПРОДУКТ;Пшеничная кашка Heinz с молоком и тыквой;402.68;12;5.7;73.3;0;;
ПРОДУКТ;Пшеничная кашка ФрутоНяня молочная жидкая;69.01;2.2;2;10.1;0;;
ПРОДУКТ;Пшеничная крупа Агро-Альянс;353.69;13;1;71;0;;
ПРОДУКТ;Пшеничная крупа Мистраль кускус;362.98;12;2;72;0;;
ПРОДУКТ;Пшеничная мука мягких сортов типа 00 для пиццы;361;13;0.9;73.3;0;;
ПРОДУКТ;Пшеничная хлебопекарная мука высший сорт;334;10.3;1.1;68.9;0;;
ПРОДУКТ;Пшенично-кукурузная кашка Heinz персик банан вишенка молочная;425.41;12.1;10;69;0;;
ПРОДУКТ;Пшенично-овсяная кашка Heinz с фруктиками без молока;380.72;8.1;2.1;80;0;;
ПРОДУКТ;Пшеничные зерна мягких сортов;312.77;11.8;2.2;59.5;0;;
ПРОДУКТ;Пшеничные зерна твёрдых сортов;312.27;13;2.5;57.5;0;;
ПРОДУКТ;Пшеничные отруби;182.82;14.7;4.1;20.6;0;;
ПРОДУКТ;Пшеничные отруби Ого;334.33;13.8;2.8;61.4;0;;
ПРОДУКТ;Пшеничные хлопья Nordic;319.35;11;2.6;61;0;;
ПРОДУКТ;Пшеничный Хлебец;340;11.3;2;67.2;0;;
ПРОДУКТ;Пшеничный батон;280;8;3;55;0;;
ПРОДУКТ;Пшеничный ляпун;171;5;3;31;0;;
ПРОДУКТ;Пшенная каша вязкая на воде;88.5;3;0.7;17;0;;
ПРОДУКТ;Пшенная каша рассыпчатая;136.5;4.7;1.1;26.1;0;;
ПРОДУКТ;Пшенная крупа;361.94;11.5;3.3;69.3;0;;
ПРОДУКТ;Пшенная крупа Мистраль шлифованная;350.46;11.5;3.3;66.5;0;;
ПРОДУКТ;Пшенно-гречневые хлопья Алтайская сказка;355.27;12.5;3.2;66.9;0;;
ПРОДУКТ;Пшенно-рисовые хлопья Агро-Альянс;377.46;10;4;73;0;;
ПРОДУКТ;Пшенные хлопья;383;9.2;2.5;77.4;0;;
ПРОДУКТ;Пшенные хлопья Nordic;360.27;12;2.9;69.3;0;;
ПРОДУКТ;Пшено;340;12;3.5;67;0;;
ПРОДУКТ;Пшено шлифовальное;337;11.5;3.3;66.5;0;;
ПРОДУКТ;Пшено шлифованное;348;11.5;3.3;66.5;0;;
ПРОДУКТ;Пшено шлифованное Органическое;333;10.6;3;65.8;0;;
ПРОДУКТ;Пшено шлифованное крупа;348;11.6;3.3;64.8;0;;
ПРОДУКТ;Пшено шлифованное первый сорт;334;12;3;66;0;;
ПРОДУКТ;Пшено элитное Агро-Альянс;359.97;12;3;69;0;;
ПРОДУКТ;Пшённая каша Myllyn Paras;308.88;11.2;3.9;55.3;0;;
ПРОДУКТ;Пышка-хвастунишка в белой глазури;460;6;23;57;0;;
ПРОДУКТ;Пышкейк;274.38;6;6;49;0;;
ПРОДУКТ;Пышкейки;273;6;6;49;0;;
ПРОДУКТ;Пьичье Молоко;517;5.2;29.8;58.4;0;;
ПРОДУКТ;Пюре Gerber Абрикос с творогом;90.41;1.3;3.2;13.5;0;;
ПРОДУКТ;Пюре Gerber Абрикос со сливками;89.92;1;3.5;13;0;;
ПРОДУКТ;Пюре Gerber Банан;82.33;0.9;0.3;18.5;0;;
ПРОДУКТ;Пюре Gerber Банан и лесные ягоды;74.54;0.1;0.3;17.4;0;;
ПРОДУКТ;Пюре Gerber Банан с творогом;90.82;1.4;3.2;13.5;0;;
ПРОДУКТ;Пюре Gerber Банан со сливками;90;1.2;3.2;13.5;0;;
ПРОДУКТ;Пюре Gerber Бефстроганов с овощами;67.12;2.8;2.9;7;0;;
ПРОДУКТ;Пюре Gerber Говядина по-домашнему с морковью;67.12;2.8;2.9;7;0;;
ПРОДУКТ;Пюре Gerber Груша со сливками;92.65;0.9;3;14.9;0;;
ПРОДУКТ;Пюре Gerber Груши Вильямс;54.75;0.6;0.2;12.3;0;;
ПРОДУКТ;Пюре Gerber Зелёный горошек;36.82;3.3;0.3;5;0;;
ПРОДУКТ;Пюре Gerber Индейка по-домашнему с фенхелем;73.49;2.9;3.1;8;0;;
ПРОДУКТ;Пюре Gerber Клубника с творогом;87.35;1.1;3.4;12.5;0;;
ПРОДУКТ;Пюре Gerber Клубника со сливками;85.08;1;3.2;12.5;0;;
ПРОДУКТ;Пюре Gerber Морковь;26.87;1;0.2;5.1;0;;
ПРОДУКТ;Пюре Gerber Овощи с фрикадельками из говядины;72.12;2.6;2.6;9.1;0;;
ПРОДУКТ;Пюре Gerber Персик со сливками;90;1.2;3.2;13.5;0;;
ПРОДУКТ;Пюре Gerber Рагу из индейки с рисом;68.43;2.8;2.6;8;0;;
ПРОДУКТ;Пюре Gerber Спагетти с цыпленком;72.97;3.5;3;7.5;0;;
ПРОДУКТ;Пюре Gerber Филе сайды с овощами и рисом;74.91;3.7;2.9;8;0;;
ПРОДУКТ;Пюре Gerber Чернослив;75.36;1;0.3;16.7;0;;
ПРОДУКТ;Пюре Gerber Яблоко абрикос банан;67.35;0.7;0.1;15.5;0;;
ПРОДУКТ;Пюре Gerber Яблоко и черника;46.77;0.4;0.4;10.1;0;;
ПРОДУКТ;Пюре Gerber Яблоко с лесными ягодами;45.95;0.5;0.4;9.8;0;;
ПРОДУКТ;Пюре Gerber Яблоко с шиповником;57.21;1.5;0.2;12;0;;
ПРОДУКТ;Пюре Бабушкино Лукошко Абрикос;36.9;0;0;9;0;;
ПРОДУКТ;Пюре Бабушкино Лукошко Брокколи;13.53;0;0;3.3;0;;
ПРОДУКТ;Пюре Бабушкино Лукошко Говядина;146.33;8.5;12;0;0;;
ПРОДУКТ;Пюре Бабушкино Лукошко Говядина Кабачок;109.45;5.5;6;7.6;0;;
ПРОДУКТ;Пюре Бабушкино Лукошко Говядина Овощи;88.54;3;6;5;0;;
ПРОДУКТ;Пюре Бабушкино Лукошко Говядина Тыква;103.3;5.5;6;6.1;0;;
ПРОДУКТ;Пюре Бабушкино Лукошко Говядина Цветная капуста;94.69;3;6;6.5;0;;
ПРОДУКТ;Пюре Бабушкино Лукошко Горбуша Картофель;105.9;4.5;5;10;0;;
ПРОДУКТ;Пюре Бабушкино Лукошко Груша;38.95;0;0;9.5;0;;
ПРОДУКТ;Пюре Бабушкино Лукошко Груша Творог;54.74;0.5;1.7;9;0;;
ПРОДУКТ;Пюре Бабушкино Лукошко Груша Яблоко;38.95;0;0;9.5;0;;
ПРОДУКТ;Пюре Бабушкино Лукошко Индейка;146.33;8.5;12;0;0;;
ПРОДУКТ;Пюре Бабушкино Лукошко Кабачок Молоко;81.85;2.1;4;8.8;0;;
ПРОДУКТ;Пюре Бабушкино Лукошко Кабачок-Морковь Молоко;90.87;2.1;4;11;0;;
ПРОДУКТ;Пюре Бабушкино Лукошко Конина;118.46;8.5;9;0;0;;
ПРОДУКТ;Пюре Бабушкино Лукошко Кролик;146.88;8.5;11;2.4;0;;
ПРОДУКТ;Пюре Бабушкино Лукошко Кролик Овощи;88.54;3;6;5;0;;
ПРОДУКТ;Пюре Бабушкино Лукошко Кролик Цветная капуста;94.69;3;6;6.5;0;;
ПРОДУКТ;Пюре Бабушкино Лукошко Морковь Яблоко;49.2;0;0;12;0;;
ПРОДУКТ;Пюре Бабушкино Лукошко Мясо цыплят с гречкой;105.35;5.5;6;6.6;0;;
ПРОДУКТ;Пюре Бабушкино Лукошко Оленина;118.46;8.5;9;0;0;;
ПРОДУКТ;Пюре Бабушкино Лукошко Персик Творог;54.74;0.5;1.7;9;0;;
ПРОДУКТ;Пюре Бабушкино Лукошко Сёмга Овощи;146.88;8.5;11;2.4;0;;
ПРОДУКТ;Пюре Бабушкино Лукошко Треска Картофель;105.9;4.5;5;10;0;;
ПРОДУКТ;Пюре Бабушкино Лукошко Тыква;18.86;0;0;4.6;0;;
ПРОДУКТ;Пюре Бабушкино Лукошко Тыква Яблоко;49.61;0;0;12.1;0;;
ПРОДУКТ;Пюре Бабушкино Лукошко Тыква-Рис Молоко;96.61;1.5;4;13;0;;
ПРОДУКТ;Пюре Бабушкино Лукошко Цветная капуста;17.22;0;0;4.2;0;;
ПРОДУКТ;Пюре Бабушкино Лукошко Цыплёнок;141.01;7;9;7;0;;
ПРОДУКТ;Пюре Бабушкино Лукошко Цыплёнок Овощи;88.54;3;6;5;0;;
ПРОДУКТ;Пюре Бабушкино Лукошко Чернослив;97.17;0;0;23.7;0;;
ПРОДУКТ;Пюре Бабушкино Лукошко Чернослив Творог;54.74;0.5;1.7;9;0;;
ПРОДУКТ;Пюре Бабушкино Лукошко Яблоко;44.28;0;0;10.8;0;;
ПРОДУКТ;Пюре Бабушкино Лукошко Яблоко Абрикос;57.81;0;0;14.1;0;;
ПРОДУКТ;Пюре Бабушкино Лукошко Яблоко Слива;55.35;0;0;13.5;0;;
ПРОДУКТ;Пюре Бабушкино Лукошко Яблоко Сливки;69.15;0.6;1;14;0;;
ПРОДУКТ;Пюре Бабушкино Лукошко Яблоко Творог;67.04;0.5;1.7;12;0;;
ПРОДУКТ;Пюре Бабушкино Лукошко Яблоко Черника;69.29;0;0;16.9;0;;
ПРОДУКТ;Пюре Спелёнок Груша с витамином С;54.12;0.2;0;13;0;;
ПРОДУКТ;Пюре Спелёнок Груша с овсянкой;58.9;0.6;1;11.5;0;;
ПРОДУКТ;Пюре Спелёнок Морковь с витамином С;28.7;0;0;7;0;;
ПРОДУКТ;Пюре Спелёнок Персик;53.3;0;0;13;0;;
ПРОДУКТ;Пюре Спелёнок Персик + Банан + Яблоко со сливками;79.54;0;1.5;16;0;;
ПРОДУКТ;Пюре Спелёнок Тыква с витамином С;28.7;0;0;7;0;;
ПРОДУКТ;Пюре Спелёнок Яблоко + 4 злака;58.9;0.6;1;11.5;0;;
ПРОДУКТ;Пюре Спелёнок Яблоко + 4 злака со сливками;58.9;0.6;1;11.5;0;;
ПРОДУКТ;Пюре Спелёнок Яблоко + Груша + Персик с творогом;61.5;2;0;13;0;;
ПРОДУКТ;Пюре Спелёнок Яблоко + Груша + Слива со сливками;81.58;0.5;1.5;16;0;;
ПРОДУКТ;Пюре Спелёнок Яблоко + Клубника со сливками;81.58;0.5;1.5;16;0;;
ПРОДУКТ;Пюре Спелёнок Яблоко с витамином С;46.33;0.3;0;11;0;;
ПРОДУКТ;Пюре Спелёнок Яблоко с творогом;69.7;2;0;15;0;;
ПРОДУКТ;Пюре Спелёнок Яблоко со сливками;79.54;0;1.5;16;0;;
ПРОДУКТ;Пюре Тёма Говядина с кабачками;100.43;5;6;5.9;0;;
ПРОДУКТ;Пюре Тёма Говядина с рисом;102.07;5.5;6;5.8;0;;
ПРОДУКТ;Пюре Тёма Говядина с сердцем;130.35;9;9;2.4;0;;
ПРОДУКТ;Пюре Тёма Говядина с языком;130.35;9;9;2.4;0;;
ПРОДУКТ;Пюре Тёма Кролик;146.88;8.5;11;2.4;0;;
ПРОДУКТ;Пюре Тёма Мясо цыплят с говядиной;166.83;10;12;3.5;0;;
ПРОДУКТ;Пюре Тёма Петушок;130.35;9;9;2.4;0;;
ПРОДУКТ;Пюре Тёма Свинина;146.88;8.5;11;2.4;0;;
ПРОДУКТ;Пюре ФрутоНяня Брокколи;20.5;1;0;4;0;;
ПРОДУКТ;Пюре ФрутоНяня Витаминный салатик;62.73;0;0;15.3;0;;
ПРОДУКТ;Пюре ФрутоНяня Овощной салатик;24.6;0.5;0;5.5;0;;
ПРОДУКТ;Пюре ФрутоНяня Фруктовый салатик;54.12;0;0;13.2;0;;
ПРОДУКТ;Пюре ФрутоНяня Цыпленок с рисом и овощами;72.97;4;3;7;0;;
ПРОДУКТ;Пюре ФрутоНяня Экзотический салатик;66.01;0;0;16.1;0;;
ПРОДУКТ;Пюре ФрутоНяня Ягодный салатик;56.99;0;0;13.9;0;;
ПРОДУКТ;Пюре ФрутоНяня Ягодный салатик со сливками;68.39;0.5;0.3;15.5;0;;
ПРОДУКТ;Пюре ФрутоНяня из говядины с печенью;106.03;10;7;0;0;;
ПРОДУКТ;Пюре ФрутоНяня из говядины с языком и сердцем;108.08;10.5;7;0;0;;
ПРОДУКТ;Пюре ФрутоНяня из мяса ягненка;148.25;13.5;10;0;0;;
ПРОДУКТ;Пюре ФрутоНяня из свинины;170.93;14.5;12;0;0;;
ПРОДУКТ;Пюре ФрутоНяня из слив;50.43;0;0;12.3;0;;
ПРОДУКТ;Пюре ФрутоНяня из телятины;106.99;12.5;6;0;0;;
ПРОДУКТ;Пюре ФрутоНяня из цветной капусты;20.5;1;0;4;0;;
ПРОДУКТ;Пюре ФрутоНяня из цыпленка;87.32;14.5;3;0;0;;
ПРОДУКТ;Пюре ФрутоНяня из яблок и абрикосов со сливками;75.3;0.6;1;15.5;0;;
ПРОДУКТ;Пюре ФрутоНяня из яблок и груш с творогом;75.03;1;0;17.3;0;;
ПРОДУКТ;Пюре ФрутоНяня из яблок со сливками;72.84;0.5;1;15;0;;
ПРОДУКТ;Пюре ФрутоНяня из яблок, черной и красной смородины;57.4;0;0;14;0;;
ПРОДУКТ;Пюре Яблоко Малина Черника;40;0.3;0.1;10;0;;
ПРОДУКТ;Пюре Яблоко Персик;45;0.4;0.1;11;0;;
ПРОДУКТ;Пюре Яблочно-грушевое стерилизованное;45;0.3;0.1;11;0;;
ПРОДУКТ;Пюре гороховое;112;6.2;3.1;16;0;;
ПРОДУКТ;Пюре из абрикосов;41.52;0.9;0.1;9;0;;
ПРОДУКТ;Пюре из апельсинов;40.4;0.9;0.2;8.5;0;;
ПРОДУКТ;Пюре из бананов;93.18;1.5;0.1;21;0;;
ПРОДУКТ;Пюре из брокколи;42.26;2.8;0.4;6.6;0;;
ПРОДУКТ;Пюре из вишни;50.24;0.9;0.2;10.9;0;;
ПРОДУКТ;Пюре из груш;54.12;0.2;0;13;0;;
ПРОДУКТ;Пюре из зеленого горошка;78.94;5;0.2;13.8;0;;
ПРОДУКТ;Пюре из кабачков;24.11;0.6;0.3;4.6;0;;
ПРОДУКТ;Пюре из клубники;64.07;0.5;0.1;14.9;0;;
ПРОДУКТ;Пюре из клюквы;27.47;0.5;0;6.2;0;;
ПРОДУКТ;Пюре из кукурузы;336.28;8.3;1.2;71;0;;
ПРОДУКТ;Пюре из малины;47.67;0.2;0.1;11.2;0;;
ПРОДУКТ;Пюре из манго;61.01;0.2;0.3;14;0;;
ПРОДУКТ;Пюре из моркови;24.3;0.7;0.1;5;0;;
ПРОДУКТ;Пюре из мяса;146.88;8.5;11;2.4;0;;
ПРОДУКТ;Пюре из овощей;27.58;0.9;0.1;5.6;0;;
ПРОДУКТ;Пюре из персиков;82.41;0;0;20.1;0;;
ПРОДУКТ;Пюре из свеклы;76.47;2.2;1.7;12.6;0;;
ПРОДУКТ;Пюре из слив;37.72;0.8;0;8.4;0;;
ПРОДУКТ;Пюре из томатов;63.14;3.6;0;11.8;0;;
ПРОДУКТ;Пюре из тыквы;90.4;1.7;6.2;6.3;0;;
ПРОДУКТ;Пюре из фруктов;59.04;0;0;14.4;0;;
ПРОДУКТ;Пюре из фруктов и овощей;52.59;0.4;0.1;12.2;0;;
ПРОДУКТ;Пюре из цветной капусты;35.2;1.6;0.7;5.4;0;;
ПРОДУКТ;Пюре из яблок;82.22;0.6;0.2;19;0;;
ПРОДУКТ;Пюре из яблок и персоков со сливками;65;0.5;1;13.5;0;;
ПРОДУКТ;Пюре из яблок и черники;38;0;0;9.5;0;;
ПРОДУКТ;Пюре картофельное;360;6;0.3;84;0;;
ПРОДУКТ;Пюре картофельное быстрого приготовления с соусом говяжий с овощами;420;4.4;17.4;61.4;0;;
ПРОДУКТ;Пюре картофельное с куриные филе, приправами и овощами;240;7.5;4.5;40.1;0;;
ПРОДУКТ;Пюре картофельное с мясным соусом;350;7;7.5;64;0;;
ПРОДУКТ;Пюре картофельное с сухариками и соус с жареной курицей;420;6;16;62;0;;
ПРОДУКТ;Пюре яблоко - банан;45;0.3;0.1;11;0;;
ПРОДУКТ;Пюре яблоко-облепиха;45;0.2;0.2;10;0;;
ПРОДУКТ;Пюре ягодно-фруктовое Детокс с семенами чиа;70;0.5;1;18;0;;
ПРОДУКТ;Підсолоджувач Viva Sweet;231;31;0;26;0;;
ПРОДУКТ;РАХАТ-ЛУКУМ СО ВКУСОМ КИВИ И С ФУНДУКОМ;340;1.1;5.7;71.1;0;;
ПРОДУКТ;РИТЕР СПОРТ;547;8.2;32;54;0;;
ПРОДУКТ;РИТЕР СПОРТ ДАРК ШОКОЛОД50;534;6;33;50;0;;
ПРОДУКТ;РОШЕН АЕРАТЕТ БЕЛЫЙ ШОКОЛАД;558;7;33.9;55.4;0;;
ПРОДУКТ;РОШЕН КОНАФЕТТО;533;4;29.4;61.7;0;;
ПРОДУКТ;РОШЕН ЛАКМИМИЛК;550;7.7;33.9;52.1;0;;
ПРОДУКТ;РОШЕН ЛАСМИ блок вите;519;6.4;29.3;56.1;0;;
ПРОДУКТ;РОШЕН ЛАСМИ горех;571;7.7;37.9;47.7;0;;
ПРОДУКТ;РОШЕН ЛАСМИ кокоа ваферс;608.89;0;33.5;50.9;0;;
ПРОДУКТ;РОШЕН ЛАСМИ милк филингсоокиес;551;6.8;33.8;53.9;0;;
ПРОДУКТ;РОШЕН ЛАСМИ тирамису;558;7.4;35.3;51.2;0;;
ПРОДУКТ;РОШЕН ЛАСМИi;554;10.5;36.2;43.6;0;;
ПРОДУКТ;РОШЕНАЕРАТЕД МИЛК;533;7.5;30.3;56;0;;
ПРОДУКТ;РОШЕНЛАСМИсосоаваферс;562;6.5;36.1;51.4;0;;
ПРОДУКТ;РФ творог 200;195;13;12;9;0;;
ПРОДУКТ;Ра-Мён Кимчи;448;8.8;20.7;56.7;0;;
ПРОДУКТ;Равиоли;259.64;15.5;8;29.7;0;;
ПРОДУКТ;Равиоли «Болоньезе» с говядиной (Почти готово;258.7;17;9.1;27.2;0;;
ПРОДУКТ;Равиоли Болоньезе;164;11;5.32;18.1;0;;
ПРОДУКТ;Равиоли С Крабом Камчатским, Креветками Северными И Сыром Моцарелла;187.1;11.1;3.9;26.9;0;;
ПРОДУКТ;Равиоли С Сыром Классические;361;25;24;8;0;;
ПРОДУКТ;Равиоли С Сыром Миланские;289;10;14;31;0;;
ПРОДУКТ;Равиоли белые грибы;223.9;10.2;5.5;33.4;0;;
ПРОДУКТ;Равиоли с картофелем, трюфелем и фирменным соусом;303;10;9.5;42.4;0;;
ПРОДУКТ;Равиоли с сыром пармезан и шпинатом;217;11.8;6.6;27.6;0;;
ПРОДУКТ;Рагу Gerber из кролика со шпинатом;71.11;3.3;2.8;7.7;0;;
ПРОДУКТ;Рагу Gerber из телятины с тыквой и морковью;56.11;3;2.2;5.7;0;;
ПРОДУКТ;Рагу Овощное;88.69;1.69;4.31;10.81;0;;
ПРОДУКТ;Радостные грибочки;462;5.5;20;65;0;;
ПРОДУКТ;Разрахлитель Теста;207;7;0.7;45;0;;
ПРОДУКТ;Разрыхлитель теста;200;4;0.5;45;0;;
ПРОДУКТ;Раки в пикантном соусе;540;6;32;54;0;;
ПРОДУКТ;Раки морские вареные;91.78;20.5;0.7;0.3;0;;
ПРОДУКТ;Раки морские свежие;91.21;18.8;1.3;0.5;0;;
ПРОДУКТ;Раки речные вареные;99.41;20.3;1.3;1;0;;
ПРОДУКТ;Раки речные свежие;77.76;15.5;1;1.2;0;;
ПРОДУКТ;Ракушка Myllyn Paras;346.01;10.4;1.1;71.5;0;;
ПРОДУКТ;Ракушки;342;12;1.3;70.5;0;;
ПРОДУКТ;Ракушки Макаронные Изделия;340;10.5;1;71;0;;
ПРОДУКТ;Рамбутан;82.22;0.6;0.2;19;0;;
ПРОДУКТ;Рамен Buldak cheese Hot chicken flavor ramen;570;9.29;20;85;0;;
ПРОДУКТ;Рамен Карри С Говядиной;430;9.5;12.3;70.3;0;;
ПРОДУКТ;Рамен Цыпленок;99.89;9.11;4.7;5.3;0;;
ПРОДУКТ;Рамен с уткой;96;6;5.36;6;0;;
ПРОДУКТ;Рапана;78.69;16.7;1.1;0;0;;
ПРОДУКТ;Рапс;560.84;30.8;43.6;7.2;0;;
ПРОДУКТ;Рассольник;117;3.5;3;19;0;;
ПРОДУКТ;Рассольник БУДЗЯКСКИЙ из свежих овощей Башкирии;132;2.4;6.3;16.5;0;;
ПРОДУКТ;Растительное Молоко Вкус Карамель;37;0.8;0.7;6.9;0;;
ПРОДУКТ;Растительное филе «Вместо курицы;150;21;2.8;9;0;;
ПРОДУКТ;Растительный фарш Hi Beef;197;10;15;6.2;0;;
ПРОДУКТ;Растительный фарш классический «Хайбиф» замороженный;197;12;15;1.2;0;;
ПРОДУКТ;Расторопша пятнистая сухая;406.55;24;10;52.5;0;;
ПРОДУКТ;Рататуй;88.7;3;5.5;6.8;0;;
ПРОДУКТ;Рататуй по-домашнему;84;1.8;5;8;0;;
ПРОДУКТ;Рафинированное 100% кокосовое масло;900;0;100;0;0;;
ПРОДУКТ;Рахат Лукум;749;2.2;3.7;34.6;0;;
ПРОДУКТ;Рахат-лукум;410.8;5.8;8.03;68.47;0;;
ПРОДУКТ;Рахат-лукум Пеко Калейдоскоп;335.38;0;0;81.8;0;;
ПРОДУКТ;Рахат-лукум Пеко Мозаика;336.2;0;0;82;0;;
ПРОДУКТ;Рахат-лукум Пеко Цитрусовый;335.38;0;0;81.8;0;;
ПРОДУКТ;Рахат-лукум с фисташками;353.28;0.9;1;83;0;;
ПРОДУКТ;Ревень;14.05;0.7;0.1;2.5;0;;
ПРОДУКТ;Редис;19.79;1.2;0.1;3.4;0;;
ПРОДУКТ;Редька белая;22.55;1.4;0;4.1;0;;
ПРОДУКТ;Редька зелёная;36.71;2;0.2;6.5;0;;
ПРОДУКТ;Редька красная;19.79;1.2;0.1;3.4;0;;
ПРОДУКТ;Редька маргеланская (китайская;21.73;1.2;0;4.1;0;;
ПРОДУКТ;Редька чёрная;37.12;1.9;0.2;6.7;0;;
ПРОДУКТ;Резанные томаты в томатном соке;25;1.1;0.2;4.1;0;;
ПРОДУКТ;Ремесленный Хлеб;169;5.4;1.1;34;0;;
ПРОДУКТ;Ремесленный Цельнозерновой Хлеб;173;6;1;35;0;;
ПРОДУКТ;Репа;32.5;1.5;0.1;6.2;0;;
ПРОДУКТ;Рецепт пельменей по-Уральски;223;8.3;4.5;36.3;0;;
ПРОДУКТ;Решки С Вишней И Шоколадным Кремом;431;5.9;24.8;46.2;0;;
ПРОДУКТ;Ржаная Булочка К Завтраку;250;6.5;4.9;45.5;0;;
ПРОДУКТ;Ржаник Брусника;260;5.5;3.5;52;0;;
ПРОДУКТ;Ржаное сусло;340.57;19;1;61.8;0;;
ПРОДУКТ;Ржаное чудо с клюквой и семенами подсолнечника;270;7;4;50;0;;
ПРОДУКТ;Ржаной замес;186;4.3;0.6;40.8;0;;
ПРОДУКТ;Ржаной край;320;10;12;43;0;;
ПРОДУКТ;Ржаной хлеб;200;6;1;42;0;;
ПРОДУКТ;Ржаной хлеб с добавкой зерен;246;12.1;4.1;36.7;0;;
ПРОДУКТ;Ржаные отруби;206.85;11.2;3.2;32;0;;
ПРОДУКТ;Ржаные отруби Диадар Бородинские хрустящие;194.55;13.2;3.2;27;0;;
ПРОДУКТ;Ржаные отруби Ого;235.88;13;2;40;0;;
ПРОДУКТ;Ржаные сухарики со вкусом холода с хреном;410;11;8.5;73;0;;
ПРОДУКТ;Ржаные хлебцы;358;12.2;2.2;72;0;;
ПРОДУКТ;Ржаные хлопья;394.63;6.4;3.2;82.6;0;;
ПРОДУКТ;Ржаные хлопья Myllyn Paras;309.68;9.7;2;61.3;0;;
ПРОДУКТ;Ригатони;219.84;8;1.2;42.9;0;;
ПРОДУКТ;Ригатони С Мясным Рагу И Зеленым Горошком;181;7;9.7;16.5;0;;
ПРОДУКТ;Риет из тунца сливочный;162;21;6;6;0;;
ПРОДУКТ;Рийет Из Курицы С Травами И Специями С Паприкой;237;12.1;19.4;3.5;0;;
ПРОДУКТ;Рийет из лосося;303.8;14;24.6;6.6;0;;
ПРОДУКТ;Рийет из трески;232.9;11.5;19.7;2.4;0;;
ПРОДУКТ;Рикотник черничный;193.6;8.5;7.2;23.7;0;;
ПРОДУКТ;Рикотта;180;8.5;16;0.5;0;;
ПРОДУКТ;Рикотта 25;91;8.5;4.7;3.7;0;;
ПРОДУКТ;Рикотта Лёгкая;139.8;9.2;10.2;2.8;0;;
ПРОДУКТ;Рикотта с фруктовым пюре Груша-Банан;140.6;10;9;4.9;0;;
ПРОДУКТ;Рис;350;7.5;1.5;77;0;;
ПРОДУКТ;Рис 4 сезона для жарки;103.04;2;0.5;22;0;;
ПРОДУКТ;Рис Bravolli Карнароли для ризотто;365.99;7;1;80;0;;
ПРОДУКТ;Рис Yelli Басмати с овощами Бириани;353.69;7;1;77;0;;
ПРОДУКТ;Рис «по-тайски;205;6;9;25;0;;
ПРОДУКТ;Рис Агро-Альянс Жасмин;344.21;7.5;0.2;76;0;;
ПРОДУКТ;Рис Агро-Альянс Смесь золотистого и дикого;353.69;8;1;76;0;;
ПРОДУКТ;Рис Агро-Альянс Супер Басмати;348.31;9.5;0.2;75;0;;
ПРОДУКТ;Рис Агро-Альянс бурый Slim&Fit;365.03;7.5;2;77;0;;
ПРОДУКТ;Рис Агро-Альянс для плова;434.16;6.5;9;79;0;;
ПРОДУКТ;Рис Агро-Альянс для ризотто Арборио;343.44;6.5;1;75;0;;
ПРОДУКТ;Рис Агро-Альянс для суши и японской кухни;352.22;8;0.4;77;0;;
ПРОДУКТ;Рис Агро-Альянс красный Рубин;332.23;7.5;2;69;0;;
ПРОДУКТ;Рис Агро-Альянс кубанский Элитный;338.8;6.5;0.5;75;0;;
ПРОДУКТ;Рис Агро-Альянс пропаренный Gold;359.84;6.5;1;79;0;;
ПРОДУКТ;Рис Агро-Альянс черный Южная ночь;263.08;6.5;2.5;52;0;;
ПРОДУКТ;Рис Азиатский С Креветками;158.42;4.9;3.9;25.93;0;;
ПРОДУКТ;Рис Арборио;342.29;6.5;0.7;75.4;0;;
ПРОДУКТ;Рис Басмани в пакетиках;339.3;6.7;0.5;77;0;;
ПРОДУКТ;Рис Басмати белый ароматный;348;7.6;0.6;79.7;0;;
ПРОДУКТ;Рис Басмати, Националь;350;7;0.5;79;0;;
ПРОДУКТ;Рис Бурый;350;7;2;77;0;;
ПРОДУКТ;Рис Бурый Нешлифованный;336;6.8;2;75.2;0;;
ПРОДУКТ;Рис Дикий + Парбоилд Worlds Rice;369.68;13.7;1;74.2;0;;
ПРОДУКТ;Рис Длин;350;8;1;78;0;;
ПРОДУКТ;Рис Длиннозёрный Шлифованный;339.6;7;0.4;77;0;;
ПРОДУКТ;Рис Жасмин;343;7.2;0.4;76.3;0;;
ПРОДУКТ;Рис Жменька Арборио;363.26;6.7;1.5;78.5;0;;
ПРОДУКТ;Рис Жменька Жасмин;331.09;6.9;0.2;73.4;0;;
ПРОДУКТ;Рис Жменька Отборный;330.73;7;1;71.4;0;;
ПРОДУКТ;Рис Жменька Супер Басмати;322.89;7.1;0.2;71.2;0;;
ПРОДУКТ;Рис Жменька Суши;356.21;7.2;0.3;79;0;;
ПРОДУКТ;Рис Жменька длиннозернистый;330.73;7;1;71.4;0;;
ПРОДУКТ;Рис Жменька круглозернистый;330.73;7;1;71.4;0;;
ПРОДУКТ;Рис Жменька нешлифованный;282.23;8;3.9;52;0;;
ПРОДУКТ;Рис Жменька пропаренный;340.93;7.3;0.2;75.4;0;;
ПРОДУКТ;Рис Жменька пропаренный Gold;340.93;7.3;0.2;75.4;0;;
ПРОДУКТ;Рис Здоровье;340;7.5;2;73;0;;
ПРОДУКТ;Рис Золотистый обработанный паром;351.34;8;0.5;78;0;;
ПРОДУКТ;Рис Карнароли;311.15;7.5;2.6;62.5;0;;
ПРОДУКТ;Рис Краснодарский;333;7;1;74;0;;
ПРОДУКТ;Рис Краснодарский круглозерный;352;6.4;0;83.2;0;;
ПРОДУКТ;Рис Круглозерный в пакетиках 5х80;330;6.5;0.5;75;0;;
ПРОДУКТ;Рис Круглозерый;340;8;1;72;0;;
ПРОДУКТ;Рис Кубань белый круглозерный;349;5.6;0.2;80.4;0;;
ПРОДУКТ;Рис Мистраль Акватика Color Mix;355.93;8.8;2.3;72.8;0;;
ПРОДУКТ;Рис Мистраль Акватика Дикий;357.24;14;0.5;72;0;;
ПРОДУКТ;Рис Мистраль Самарканд красный круглозерный;348.23;8;0.5;75.8;0;;
ПРОДУКТ;Рис Мистраль круглозерный;330.08;0.1;0.4;79.5;0;;
ПРОДУКТ;Рис Мистраль пропаренный;360.74;7.1;0.7;79.3;0;;
ПРОДУКТ;Рис Нишики;276.88;7;2;56;0;;
ПРОДУКТ;Рис Отборный длиннозерный;330;7.5;0.5;74;0;;
ПРОДУКТ;Рис Пад Тай С Креветкой;187;11;9.4;14.6;0;;
ПРОДУКТ;Рис Пассим круглозёрный Приморский;341.39;7;1;74;0;;
ПРОДУКТ;Рис По-азиатски С Омлетом;246.3;6.3;11.1;30.3;0;;
ПРОДУКТ;Рис Пряный;240;4.5;2.5;49;0;;
ПРОДУКТ;Рис С Курицей И Кальмарами;293;11.6;16.2;25.1;0;;
ПРОДУКТ;Рис С Фаршем Из Говядины;145.8;6.7;5.4;17.6;0;;
ПРОДУКТ;Рис Увелка круглозерный;329.5;7;1;71.1;0;;
ПРОДУКТ;Рис Увелка круглозерный шлифованный;353.69;8;1;76;0;;
ПРОДУКТ;Рис Фушигон;351.2;7;0.6;77.3;0;;
ПРОДУКТ;Рис Янтарь;347;7.2;0.5;76.9;0;;
ПРОДУКТ;Рис басмати;325;10;2;82;0;;
ПРОДУКТ;Рис белый;357.46;6.7;0.7;78.9;0;;
ПРОДУКТ;Рис белый вареный;115.75;2.2;0.5;24.9;0;;
ПРОДУКТ;Рис бурый Slim & Fit;380;7.5;2;77;0;;
ПРОДУКТ;Рис быстрого приготовления;332.91;7.13;5.23;63.41;0;;
ПРОДУКТ;Рис воздушный в сахарном сиропе;373.9;3.4;1.9;85.8;0;;
ПРОДУКТ;Рис дикий вареный;105.7;4;0.3;21.1;0;;
ПРОДУКТ;Рис дикий чёрный;106.63;4.1;0.4;21;0;;
ПРОДУКТ;Рис длинлзерный шлифованный;340;7;0.4;77;0;;
ПРОДУКТ;Рис длиннозерный;355.41;7.1;0.7;78;0;;
ПРОДУКТ;Рис длиннозерный (Makfa;333;7;1;74;0;;
ПРОДУКТ;Рис длиннозерный ОРИЕНТ;340;6.5;0.4;78.8;0;;
ПРОДУКТ;Рис длиннозерный шлифованный;340;7;0.4;77;0;;
ПРОДУКТ;Рис для плова;420.65;6.5;9;79;0;;
ПРОДУКТ;Рис для суши;342.59;7;0.6;75.2;0;;
ПРОДУКТ;Рис для японской кухни;340;8;0.4;77;0;;
ПРОДУКТ;Рис золотистый;356.73;8.1;0.4;78;0;;
ПРОДУКТ;Рис золотистый длиннозёрный, обработанный паром;350;8;0.5;78;0;;
ПРОДУКТ;Рис коричневый;333.62;6.3;4.4;65.1;0;;
ПРОДУКТ;Рис коричневый вареный;112.5;2.6;0.9;22.8;0;;
ПРОДУКТ;Рис красный нешлифованный;355.33;10.5;2.5;70.5;0;;
ПРОДУКТ;Рис круглозерный;345;7;0.6;78;0;;
ПРОДУКТ;Рис круглозерный Дальневосточный;333;7;1;74;0;;
ПРОДУКТ;Рис круглозерный шлифованный;340;7;0.4;76;0;;
ПРОДУКТ;Рис круглозёрный;360;6.5;0.5;83;0;;
ПРОДУКТ;Рис круглозёрный шлифованный;333.17;7;1;74;0;;
ПРОДУКТ;Рис круглый шлифованный;340;7;0.4;76;0;;
ПРОДУКТ;Рис кубанский нешлифованный;260;6.5;2.5;52;0;;
ПРОДУКТ;Рис нешлифованный вареный;165.17;2.7;0.7;36;0;;
ПРОДУКТ;Рис обработанный паром;333;7;1;74;0;;
ПРОДУКТ;Рис отборный;330;7.5;0.5;74;0;;
ПРОДУКТ;Рис по-тайски;155.2;7.8;7.2;14.8;0;;
ПРОДУКТ;Рис полированный;330.73;7;1;71.4;0;;
ПРОДУКТ;Рис пропаренный;350;6.5;1;79;0;;
ПРОДУКТ;Рис пропаренный (parboiled rice;350;6.5;1;79;0;;
ПРОДУКТ;Рис пропаренный Тайский;372.2;7.3;1.2;83;0;;
ПРОДУКТ;Рис пропаренный длиннозерный (сорт1;330;7;1;71.4;0;;
ПРОДУКТ;Рис пропаренный длиннозерный 1 сорт;330;7;1;73.2;0;;
ПРОДУКТ;Рис пропареный;330;7;0.5;75;0;;
ПРОДУКТ;Рис рассыпчатый;113.79;2.4;0.2;24.9;0;;
ПРОДУКТ;Рис с курицей;101.92;3.08;2.67;16.29;0;;
ПРОДУКТ;Рис шлифованный длиннозерный (Сорт 3;330;7;1;71.4;0;;
ПРОДУКТ;Рис шлифованный круглозернистый;333;7;1;74;0;;
ПРОДУКТ;Рис, бурый, здоровье;340;7.5;2;73;0;;
ПРОДУКТ;Рисовая Каша На Молоке;112.4;3.2;2;20.4;0;;
ПРОДУКТ;Рисовая Мука;360;7;1;80;0;;
ПРОДУКТ;Рисовая бумага;330;3.6;0;80;0;;
ПРОДУКТ;Рисовая бумага Сэн Сой Премиум;341.12;5.8;0;77.4;0;;
ПРОДУКТ;Рисовая каша;378;6.1;1.5;85;0;;
ПРОДУКТ;Рисовая каша Nestle безмолочная;390.59;6.5;1;86.5;0;;
ПРОДУКТ;Рисовая каша Nestle молочная с бананом;432.79;12;10;70.9;0;;
ПРОДУКТ;Рисовая каша Nestle молочная с яблоком;432.79;12;10;70.9;0;;
ПРОДУКТ;Рисовая каша Малютка молочная с курагой;459.78;12.2;15.2;65.5;0;;
ПРОДУКТ;Рисовая каша Малютка молочная с соком персика;433.2;13;10;70;0;;
ПРОДУКТ;Рисовая каша ФрутоНяня безмолочная с яблоком и абрикосом;55.35;0.5;0;13;0;;
ПРОДУКТ;Рисовая каша на воде;78.42;1.5;0.1;17.4;0;;
ПРОДУКТ;Рисовая кашка Heinz абрикос чернослив молочная;435.22;13;11.1;68;0;;
ПРОДУКТ;Рисовая кашка Heinz низкоаллергенная без молока;386.46;7.9;0.6;85;0;;
ПРОДУКТ;Рисовая кашка ФрутоНяня молочная жидкая;70.65;2.1;2;10.6;0;;
ПРОДУКТ;Рисовая лапша;200;2;0;47;0;;
ПРОДУКТ;Рисовая манка Гарнец безглютеновая;353.14;7;0.5;78;0;;
ПРОДУКТ;Рисовая мука безглютеновая;344.5;7;0.5;78;0;;
ПРОДУКТ;Рисовий Оцет;21.3;0;0;5.6;0;;
ПРОДУКТ;Рисовые клецки (топокки) быстрого приготовления;227;4.6;1.2;50;0;;
ПРОДУКТ;Рисовые клецки (топокки) быстрого приготовления со сливочно-луковым соусом;280;4.58;2.92;58.3;0;;
ПРОДУКТ;Рисовые отруби;367.59;13.4;20.9;28.9;0;;
ПРОДУКТ;Рисовые хлебцы;361;7.8;1.1;80;0;;
ПРОДУКТ;Рисовые хлебцы в молочной глазури ChocoLux;440;5;19;60;0;;
ПРОДУКТ;Рисовые хлопья;362.98;7;2;77;0;;
ПРОДУКТ;Рисовые хлопья Myllyn Paras;353.69;7;1;77;0;;
ПРОДУКТ;Рисовые хлопья Myllyn Paras для каши;353.69;7;1;77;0;;
ПРОДУКТ;Рисовый десерт с какао;53;0.5;0.5;11;0;;
ПРОДУКТ;Риттер спорт цельный лесной орех молочный шоколад;575;8.7;39;46;0;;
ПРОДУКТ;"Рифлёные ;Сметана и лук";520;6;32;53;0;;
ПРОДУКТ;Рогалик;367.24;7.9;10.8;57.2;0;;
ПРОДУКТ;Рогалик с вишней;343.5;4;3.1;74.9;0;;
ПРОДУКТ;Родные Просторы;548;9.2;32;53;0;;
ПРОДУКТ;Родопея кисело мляко;70.6;4.23;4;4.65;0;;
ПРОДУКТ;Рожки;340;10;1;72;0;;
ПРОДУКТ;Рожки Myllyn Paras;346.01;10.4;1.1;71.5;0;;
ПРОДУКТ;Рожки витые;344.17;10.4;1.1;71.5;0;;
ПРОДУКТ;Рожки высший сорт;330;10;1;71;0;;
ПРОДУКТ;Рожки сдобные;353.49;8.3;12.1;50.5;0;;
ПРОДУКТ;Рожок Клубничный С Базиликовым Топпингом;230;3.9;5.3;41.8;0;;
ПРОДУКТ;Рожок крем-брюле;286.81;4;14;35;0;;
ПРОДУКТ;Рожок сдобный;360;6.5;10;47;0;;
ПРОДУКТ;Рожь (зерна;289.81;9.9;2.2;55.8;0;;
ПРОДУКТ;Рожь Органическая;357;6.8;2.1;77.6;0;;
ПРОДУКТ;Розмарин;153.21;3.3;5.9;20.7;0;;
ПРОДУКТ;Розмарин сушеный;423.29;4.8;15.2;64;0;;
ПРОДУКТ;Розовые равиоли с рикотой и клюквой;227;6;3;44;0;;
ПРОДУКТ;Розовый Джин Premium Pin;243;0;0;9;0;;
ПРОДУКТ;Розовый боул с креветками и форелью;166.1;2.1;12.1;12.2;0;;
ПРОДУКТ;Роле Трапезица;384;28.5;29.5;1;0;;
ПРОДУКТ;Ролл «Цезарь с курицей;192;11.4;9.9;14.2;0;;
ПРОДУКТ;Ролл Авокадо;107.2;2;1.3;21.2;0;;
ПРОДУКТ;Ролл Аляска;92.32;4.2;2.7;12.2;0;;
ПРОДУКТ;Ролл Ацуй маки;140.28;5.8;5.7;15.5;0;;
ПРОДУКТ;Ролл Беруто дайкон;100.89;0.3;0.4;23.4;0;;
ПРОДУКТ;Ролл Бутанику кимути;147.33;5.1;6.9;15.2;0;;
ПРОДУКТ;Ролл Гейша маки;161.6;5.7;7.2;17.4;0;;
ПРОДУКТ;Ролл Дзитаку;151.79;6.4;6.1;16.8;0;;
ПРОДУКТ;Ролл Дракон маки;194.06;4.8;11.4;16.7;0;;
ПРОДУКТ;Ролл Инари спайси;125.77;6;4.8;13.8;0;;
ПРОДУКТ;Ролл Кагувасэ;175.6;7.2;6.5;20.9;0;;
ПРОДУКТ;Ролл Кадзи сякэ;146.24;6.5;5.9;15.8;0;;
ПРОДУКТ;Ролл Калифорния;180.97;7;8.8;17.2;0;;
ПРОДУКТ;Ролл Кани хината;127.71;4.4;6.2;12.7;0;;
ПРОДУКТ;Ролл Каппа маки;92.19;1.7;0.7;19.2;0;;
ПРОДУКТ;Ролл Каруй;47.48;0.1;0.3;10.8;0;;
ПРОДУКТ;Ролл Киото;158.57;8.4;6.3;16;0;;
ПРОДУКТ;Ролл Кирои;163.62;4.8;8.3;16.3;0;;
ПРОДУКТ;Ролл Кунсэй батакон;178.62;8.3;8.9;15.1;0;;
ПРОДУКТ;Ролл Манацуби;101.7;4.5;3.4;12.6;0;;
ПРОДУКТ;Ролл Масиро дайкон;73.52;2.3;2;11.1;0;;
ПРОДУКТ;Ролл Мидори сякэ;155.91;9.8;6.5;13.5;0;;
ПРОДУКТ;Ролл Овара;146.24;6.5;5.9;15.8;0;;
ПРОДУКТ;Ролл Окинава;142.17;5.8;4.8;18;0;;
ПРОДУКТ;Ролл Пшеничный;235;7.6;0.8;49.2;0;;
ПРОДУКТ;Ролл Радуга;107.58;3.5;2.4;17.3;0;;
ПРОДУКТ;Ролл Рок-н-ролл;141.4;5.3;5.6;16.5;0;;
ПРОДУКТ;Ролл С Креветкой;261.7;4;9.7;39.6;0;;
ПРОДУКТ;Ролл С Креветкой И Семгой;189.7;5.7;5.7;28.9;0;;
ПРОДУКТ;Ролл С Курицей;218.9;8.3;13.7;15.6;0;;
ПРОДУКТ;Ролл С Лососем;163.2;6.3;2.4;29.1;0;;
ПРОДУКТ;Ролл С Опаленным Лососем;202.1;9.1;8.5;22.2;0;;
ПРОДУКТ;Ролл С Филе Горбуши И Яйцом;233.4;10.4;11.8;21.4;0;;
ПРОДУКТ;Ролл Симфония С Креветкой;199;5.2;7.8;27;0;;
ПРОДУКТ;Ролл Симфония с семгой;203.8;5;9.4;24.8;0;;
ПРОДУКТ;Ролл Сливочный С Угрем;184;7.8;6;24.7;0;;
ПРОДУКТ;Ролл Супайсу тэмпура;164.74;8.5;6.7;16.5;0;;
ПРОДУКТ;Ролл Сякэ;132.09;6.8;2.7;19.3;0;;
ПРОДУКТ;Ролл Сякэ кунсей маки;149.9;6;5.5;18.1;0;;
ПРОДУКТ;Ролл Сякэ унаги маки;154.52;8.5;7.1;13.1;0;;
ПРОДУКТ;Ролл Тамаго маки;149.08;7;7;13.5;0;;
ПРОДУКТ;Ролл Тануки;205.65;9.7;11.5;14.4;0;;
ПРОДУКТ;Ролл Тануки фурай маки;158.48;5.5;6.6;18.2;0;;
ПРОДУКТ;Ролл Тори ясай;126.72;6.5;8.3;5.6;0;;
ПРОДУКТ;Ролл Тэкка маки;105.99;2.8;1.7;19.2;0;;
ПРОДУКТ;Ролл Тэмпура;132.25;6.1;3.6;18;0;;
ПРОДУКТ;Ролл Унаги;177.56;5.3;8.3;19.2;0;;
ПРОДУКТ;Ролл Унаги кани;286.12;9.8;18;19.2;0;;
ПРОДУКТ;Ролл Унаги тидзу;170.29;10.9;8.4;11.6;0;;
ПРОДУКТ;Ролл Унаги урамаки;156.18;6.1;7.5;15;0;;
ПРОДУКТ;Ролл Филадельфия;201;8.6;7.9;23.9;0;;
ПРОДУКТ;Ролл Харумаки;249.04;14.4;15.2;11.9;0;;
ПРОДУКТ;Ролл Цезарь С Курицей;170;10;5.5;20;0;;
ПРОДУКТ;Ролл Цукини маки;90.07;1.1;5.9;7.5;0;;
ПРОДУКТ;Ролл Чидори;167.8;8.5;8;14.3;0;;
ПРОДУКТ;Ролл Эби каиган;122.36;5.7;2.8;17.8;0;;
ПРОДУКТ;Ролл нори с лососем и томатами;178.9;6.1;7.7;21.3;0;;
ПРОДУКТ;Ролл с бужениной;195;8;9;21;0;;
ПРОДУКТ;Ролл с лососем и шпинатом;227.3;10.6;6.5;31.6;0;;
ПРОДУКТ;Ролл цезарь;181;5.9;14.2;8.7;0;;
ПРОДУКТ;Ролл-фри «Крабовый;236.1;6.2;7.3;36.4;0;;
ПРОДУКТ;Роллсы;360;2;1.5;83;0;;
ПРОДУКТ;Роллтон;100;1.5;1.5;16;0;;
ПРОДУКТ;Ролтон;420;7;20;52;0;;
ПРОДУКТ;Ром Ананасовый Pineapple Stiggin's Fancy;241;0;0;1.9;0;;
ПРОДУКТ;Ромео и Джульетта — пломбир в шоколаде;284.2;3.5;10.5;46.7;0;;
ПРОДУКТ;Ромовая баба;310;4;8.5;55;0;;
ПРОДУКТ;Ромовая баба с изюмом и белой глазурью;350;4;11.5;58;0;;
ПРОДУКТ;Ромовая эссенция;1.64;0;0;0.4;0;;
ПРОДУКТ;Росинка минеральная вода с соком розовый грейпфрут;19.2;0;0;4.8;0;;
ПРОДУКТ;Российский какао порошок;338.2;24.5;12.5;29.5;0;;
ПРОДУКТ;Российский сыр;350;24.5;28.5;0;0;;
ПРОДУКТ;Российский. Тёмный шоколад с миндалём;527.49;5.6;30;56;0;;
ПРОДУКТ;Россия;50.5;3;2.5;4;0;;
ПРОДУКТ;Россия миндаль вафля шоколад смотка;531;7.6;29;59;0;;
ПРОДУКТ;Ростбиф На Зерновом Хлебе;240;7;12;25;0;;
ПРОДУКТ;Ростбиф из говядины;171.41;26.4;6.8;0;0;;
ПРОДУКТ;Ростки фасоли Бондюэль Мунго;14.46;1.5;0.1;1.8;0;;
ПРОДУКТ;Ротан;90.33;17.5;2;0;0;;
ПРОДУКТ;Роти;381.62;13.9;1.8;75.1;0;;
ПРОДУКТ;Роти С Сыром;312;5.7;15.3;37.8;0;;
ПРОДУКТ;Рошен Ловита БРОВНИЕ;477.78;5.56;28.33;52.22;0;;
ПРОДУКТ;Рошен Ловита Бровне;487;4.8;28.4;55.8;0;;
ПРОДУКТ;Рошен Ловита Вровние;491;5;29.5;52.8;0;;
ПРОДУКТ;Рошен Ловита клубника;400;3.4;11.8;69.1;0;;
ПРОДУКТ;Рошен Ромашка;142;3.9;15.7;69.4;0;;
ПРОДУКТ;Рошен боли фрукт желейки;326;0.1;0;80.4;0;;
ПРОДУКТ;Рошен вафли COCOA;506;6.5;26.4;57.9;0;;
ПРОДУКТ;Рошен вафлиALMOND;556;5.1;34.1;56.2;0;;
ПРОДУКТ;Рошен вишня;443;2.8;20.8;52.9;0;;
ПРОДУКТ;Рошен ласми strawberry cake;513;5.9;28;58.2;0;;
ПРОДУКТ;Рошен ласми Карамель филлинг;546;6.7;33.8;52.6;0;;
ПРОДУКТ;Рошен ласми крумбле вумбле;550;6.4;34;53.6;0;;
ПРОДУКТ;Рошен милка кокоа;558;7;35.1;52.3;0;;
ПРОДУКТ;Рошен, CRAZY BEE;320;0;0.2;79.7;0;;
ПРОДУКТ;Рубленая Котлета с Пюре;167;8;11;11;0;;
ПРОДУКТ;Руккола;25.77;2.6;0.7;2.1;0;;
ПРОДУКТ;Руланда из мяса индейки;137;21;5;2;0;;
ПРОДУКТ;Рулет Апельсин-какао с рикоттой;249.9;5.5;11.5;31.1;0;;
ПРОДУКТ;Рулет Венский с маковой начинкой;350;8;10;57;0;;
ПРОДУКТ;Рулет Ганна Домашнее лакомство из мяса птицы;173.28;15.3;11.9;0;0;;
ПРОДУКТ;Рулет Из Куриной Грудки С Травами;115;23.8;1.5;1.6;0;;
ПРОДУКТ;Рулет Из Утки И Куриной Грудки Копчено-Запеченный;130.4;18.9;4.4;3.8;0;;
ПРОДУКТ;Рулет Куриный;161.8;13.9;11.4;0.9;0;;
ПРОДУКТ;Рулет Куриный С Петрушкой И Чесноком;130;14;8;1;0;;
ПРОДУКТ;Рулет Курячий;135;20;6;0.2;0;;
ПРОДУКТ;Рулет Лимон;317.43;6.3;14;39.4;0;;
ПРОДУКТ;Рулет Любимчик с маком;320;7.5;10;53;0;;
ПРОДУКТ;Рулет Майский;341.83;7.3;9.3;55;0;;
ПРОДУКТ;Рулет Майский Черёмушки с маком и изюмом;341.83;7.3;9.3;55;0;;
ПРОДУКТ;Рулет Обжорка;348;8.2;10.4;51.6;0;;
ПРОДУКТ;Рулет С Шоколадной Начинкой;390;6;18;52;0;;
ПРОДУКТ;Рулет Сдобная особа с курагой;357.45;5.6;13.1;51.9;0;;
ПРОДУКТ;Рулет Сдобная особа с лимоном;348.49;4.9;10.9;55.4;0;;
ПРОДУКТ;Рулет Сдобная особа с маковой начинкой;351.27;6.8;14.2;46.7;0;;
ПРОДУКТ;Рулет Сдобная особа с черносливом и орехом;383.87;5.6;15.9;52;0;;
ПРОДУКТ;Рулет Сдобная особа с шоколадной начинкой;391.36;5.4;17.5;50.4;0;;
ПРОДУКТ;Рулет Филейный;94;17;2;2;0;;
ПРОДУКТ;Рулет Черника;295.88;7;10.4;41.6;0;;
ПРОДУКТ;Рулет бисквитный «лавандовый с черникой;236.2;4.8;13;25;0;;
ПРОДУКТ;Рулет бисквитный ЧЕРНИКА;380;4;16;55;0;;
ПРОДУКТ;Рулет бисквитный клубника;380;4;16;55;0;;
ПРОДУКТ;Рулет бисквитный с варёной сгущёнкой и черносливом;338;5;14;48;0;;
ПРОДУКТ;Рулет бисквитный со вкусом клубники со сливками;320;4;6.5;61;0;;
ПРОДУКТ;Рулет варёная сгущёнка;360;4;11;60;0;;
ПРОДУКТ;Рулет домашний;410;5;15;63;0;;
ПРОДУКТ;Рулет из курицы домашний;161.8;13.9;11.4;0.9;0;;
ПРОДУКТ;Рулет с ананасом, грецким орехом и сметанным кремом;264.7;5.1;13.1;31.6;0;;
ПРОДУКТ;Рулет с индейкой;129;13.1;7.5;2.2;0;;
ПРОДУКТ;Рулет с маковой начинкой;390;7.5;18;50;0;;
ПРОДУКТ;Рулет с маковой начнинкой;400;7;18;51;0;;
ПРОДУКТ;Рулет с маком;380;9;13;57;0;;
ПРОДУКТ;Рулет с маком «Любава;400;9;13;62;0;;
ПРОДУКТ;Рулет с маком и изюмом;350;8;12;52;0;;
ПРОДУКТ;Рулет сдобный с лимоном;290;7.5;6.5;50;0;;
ПРОДУКТ;Рулет яшкино клубника смотка;370;5;13;58;0;;
ПРОДУКТ;Рулетик Черёмушки с вишней;300.43;5.5;6.3;53.5;0;;
ПРОДУКТ;Рулетик Черёмушки с курагой;347.29;8.6;9.8;53.9;0;;
ПРОДУКТ;Рулетик Черёмушки с яблоком;324.62;7;6.3;57.9;0;;
ПРОДУКТ;Рулетики Из Баклажанов С Сырной Начинкой;290;7.3;26.6;5.5;0;;
ПРОДУКТ;Рулетики-Мини с Маком;410.8;9.1;17.6;54;0;;
ПРОДУКТ;Рулетки из ветчины с мягким сыром;217;15.89;15.14;3.92;0;;
ПРОДУКТ;Рулеты Куриные С Сыром И Зеленью;139;20;5.7;1.8;0;;
ПРОДУКТ;Руло с мак;350;8;11;50;0;;
ПРОДУКТ;Рулца от Раци Атлантика;114;6.6;2.9;14.9;0;;
ПРОДУКТ;Русская картошка камчатский краб;125;1;7.5;13.5;0;;
ПРОДУКТ;Русская черкизовская;149.14;10;9;7;0;;
ПРОДУКТ;Русский Гематоген;345;7.5;4.5;78;0;;
ПРОДУКТ;Русский Крендель С Маком;400;7;21.5;44;0;;
ПРОДУКТ;Русский Рожок;350;13;1.5;72;0;;
ПРОДУКТ;Русский квас;33;0;0;8.2;0;;
ПРОДУКТ;Рыба Заливная Лососевая;60;8;3;0.1;0;;
ПРОДУКТ;Рыба вяленая;114.48;17.5;4.6;0;0;;
ПРОДУКТ;Рыба копченая;201.85;26.8;9.9;0;0;;
ПРОДУКТ;Рыба маринованная;81.58;1.7;3;11.4;0;;
ПРОДУКТ;Рыба рубленая горбуша скумбрия;200;8.5;16;5.5;0;;
ПРОДУКТ;Рыба рубленая горбуша скумбрия с ароматом копчения;200;8.5;16;5.5;0;;
ПРОДУКТ;Рыба рубленная горбуша скумбрия с чесноком;200;8.5;16;5.5;0;;
ПРОДУКТ;Рыба соленая;97.3;19.2;2;0;0;;
ПРОДУКТ;Рыба сушеная;282.25;52.4;5.8;3.3;0;;
ПРОДУКТ;Рыба-попугай;299.63;18.7;24;0;0;;
ПРОДУКТ;Рыба-сабля;108.86;19.3;3.2;0;0;;
ПРОДУКТ;Рыбец;90.33;17.5;2;0;0;;
ПРОДУКТ;Рыбная соломка;236.97;46;3;5;0;;
ПРОДУКТ;Рыбная соломка стейк;214.5;41.1;4.5;0.1;0;;
ПРОДУКТ;Рыбная строганина;178.91;34.3;3.9;0.5;0;;
ПРОДУКТ;Рыбное Филе Тресковых Пород;130;6.5;5;14;0;;
ПРОДУКТ;Рыбное филе;94.83;15.2;3.5;0;0;;
ПРОДУКТ;Рыбное филе тресковых пород в кляре;180;10;10;12;0;;
ПРОДУКТ;Рыбные бургеры;134.53;12;0.8;19;0;;
ПРОДУКТ;Рыбные консервы;90.33;17.5;2;0;0;;
ПРОДУКТ;Рыбные котлеты треска;100;10;3.5;7.5;0;;
ПРОДУКТ;Рыбные наггетсы с сыром из нежной трески;160;10;3;22;0;;
ПРОДУКТ;Рыбные палочки;196;9.16;6.5;25.2;0;;
ПРОДУКТ;Рыбные палочки замороженные;211.61;9.5;8.7;22.4;0;;
ПРОДУКТ;Рыбные полуфабрикаты;173.76;12.5;6.7;14.7;0;;
ПРОДУКТ;Рыбные порции из филе с семенами в панировке;180;10.7;8.3;15.7;0;;
ПРОДУКТ;Рыбный балык;199.76;20.4;12.5;0;0;;
ПРОДУКТ;Рыбный рулет;157.82;11.8;7.5;9.7;0;;
ПРОДУКТ;Рыбный стейк;157.42;12.8;6;12;0;;
ПРОДУКТ;Рыбный фарш;71.17;16;0.6;0;0;;
ПРОДУКТ;Рыжики свежие;26.29;1.9;0.8;2.7;0;;
ПРОДУКТ;Рябина;51.77;1.5;0.1;10.9;0;;
ПРОДУКТ;Рябина Черноплодная Быстрозамороженная;51;1.5;0.2;10.9;0;;
ПРОДУКТ;Рябчик;261.65;18;20;0.5;0;;
ПРОДУКТ;Ряжанка;64;3.2;3.2;5.5;0;;
ПРОДУКТ;Ряжанка 4% Галичанська;67;2.8;4;4.2;0;;
ПРОДУКТ;Ряжанка Простоквашино 3,2;63.6;3.2;3.2;5.5;0;;
ПРОДУКТ;Ряженка;73;3.9;3.6;5.6;0;;
ПРОДУКТ;Ряженка 1;38.81;3;1;4.2;0;;
ПРОДУКТ;Ряженка 2,5;51;3;2.5;4.2;0;;
ПРОДУКТ;Ряженка 2,5% термостатная;51;3;2.5;4.2;0;;
ПРОДУКТ;Ряженка 2.5;52.33;2.9;2.5;4.2;0;;
ПРОДУКТ;Ряженка 2.5% из топлёного молока;59;3.3;2.5;5.8;0;;
ПРОДУКТ;Ряженка 3,2;57.12;3;3.2;4.1;0;;
ПРОДУКТ;Ряженка 3,5;59.9;3;3.5;4.1;0;;
ПРОДУКТ;Ряженка 3.2;57.6;3;3.2;4.2;0;;
ПРОДУКТ;Ряженка 4;65;3;4;4.2;0;;
ПРОДУКТ;Ряженка 4 % жира;66.92;3;4;4.6;0;;
ПРОДУКТ;Ряженка 4% Вологжанка;66;3;4;4.5;0;;
ПРОДУКТ;Ряженка 4% Словяночка;65.6;2.7;4;4.7;0;;
ПРОДУКТ;Ряженка 4,0;65.97;3;4;4.6;0;;
ПРОДУКТ;Ряженка 6;93.05;5;6;4.1;0;;
ПРОДУКТ;Ряженка Ryazhenka 2,5;54.5;3;2.5;5;0;;
ПРОДУКТ;Ряженка «Чернослив-злаки» 3.4;87.4;2.8;3.4;11.4;0;;
ПРОДУКТ;Ряженка Малиновое варенье;63;2.8;2.5;7.2;0;;
ПРОДУКТ;Ряженка Морошка;71.6;3.1;2;10.3;0;;
ПРОДУКТ;Ряженка Останкинская 2.5;51.92;2.8;2.5;4.2;0;;
ПРОДУКТ;Ряженка из Талицы;62.5;3;3.75;4.2;0;;
ПРОДУКТ;Ряженка из цельного молока 3.5 - 4.5;70;3;4.5;4.2;0;;
ПРОДУКТ;Ряженка от 3,5% до 6,0;83;3;6;4.2;0;;
ПРОДУКТ;Ряженка с клубникой;73.85;2.8;2.1;10.8;0;;
ПРОДУКТ;Ряпушка;90.33;17.5;2;0;0;;
ПРОДУКТ;Ряпушка сибирская разделанная обжаренная в томатном соусе;110;13;6;1.5;0;;
ПРОДУКТ;Рёбрышки свиные в маринаде барбекю;280;14;24;1;0;;
ПРОДУКТ;С Индейкой;168;11;12;4;0;;
ПРОДУКТ;С ветчиной;299.95;10;27;5.1;0;;
ПРОДУКТ;С кокосом и вафлей (молочный и белый шоколад;549.24;7.6;33;56;0;;
ПРОДУКТ;САВУШКИН КАРТОШКА;384;8;23.2;35.9;0;;
ПРОДУКТ;САРДИНА В МАСЛЕ;222;15;18;0;0;;
ПРОДУКТ;СЕРБСКАЯ БРЫНЗА Сыр мягкий рассольный 45;197;11.8;15.5;2.6;0;;
ПРОДУКТ;СЕРИЯ «ПРЕЗИДЕНТ» ШОКОЛАД ДОБРЫЙ;553.78;5.7;31;57.7;0;;
ПРОДУКТ;СЛИВОСНАЯ КОЛБАСА;265;13;23;1;0;;
ПРОДУКТ;СМЕСЬ ОВОЩНАЯ КАРИБСКАЯ;69.3;4.4;0.5;11.8;0;;
ПРОДУКТ;СМЕТАНА ДАНОН 20;200;2.5;20;2.5;0;;
ПРОДУКТ;СМЕТАНА каунасская;202;2.8;20;2.6;0;;
ПРОДУКТ;СМЕШАННЫЙ соус MEGGLE 20;206;2.9;20;3.6;0;;
ПРОДУКТ;СПп Ватрушка с творогом;335.2;15.4;17.9;56.4;0;;
ПРОДУКТ;СПп Хлеб ЖАТВА подов;66.44;8.5;1.9;55.5;0;;
ПРОДУКТ;СУП С КУРИНЫМИ ФРИКАДЕЛЬКАМИ И ПАСТОЙ В ВИДЕ ЗВЁЗДОЧЕК;49.9;3;1.1;7;0;;
ПРОДУКТ;СЫР BELIISA Emmentaler;347;26;27;0;0;;
ПРОДУКТ;СЫР ПЛАВЛЕНЫЙ «ВИОЛА» «СЛИВОЧНЫЙ;290;16;23;4.5;0;;
ПРОДУКТ;Сааре йогур;116;3.5;5;14.3;0;;
ПРОДУКТ;Савушкин черника;111.5;7;3.5;13;0;;
ПРОДУКТ;Саго;359.1;1;0.7;85;0;;
ПРОДУКТ;Сады Придонья яблоко-виноград (100% сок;46;0;0;11.5;0;;
ПРОДУКТ;Сайда;87.9;19.4;0.9;0;0;;
ПРОДУКТ;Сайка;347.27;7.9;9.4;55.5;0;;
ПРОДУКТ;Сайра консервированная;90.33;17.5;2;0;0;;
ПРОДУКТ;Сакана кимчи;97.98;6.5;3;10.6;0;;
ПРОДУКТ;Саке;22.55;0.5;0;5;0;;
ПРОДУКТ;Салака Холодного Копчения;120;17;6;0;0;;
ПРОДУКТ;Салакка;49.2;0;0;12;0;;
ПРОДУКТ;Салам Торта;401.09;3;19;55;0;;
ПРОДУКТ;Салат;13.04;1.2;0.3;1.3;0;;
ПРОДУКТ;Салат «Винегрет;99.5;1.4;5.9;10.2;0;;
ПРОДУКТ;Салат «Витаминный» С Лимонной Заправкой;111.7;0.7;7.3;10.8;0;;
ПРОДУКТ;Салат «Гнездо Глухаря;229;12.8;18.3;3.1;0;;
ПРОДУКТ;Салат «Закуска Летняя;53;1.3;3;5;0;;
ПРОДУКТ;Салат «Мимоза;205.2;7.3;17.2;5.3;0;;
ПРОДУКТ;Салат Айсберг;17;1.5;0.2;2.3;0;;
ПРОДУКТ;Салат Айсберг свежий;17;1.5;0.2;2.3;0;;
ПРОДУКТ;Салат Алые паруса готовый;197.76;6.9;14.8;7.8;0;;
ПРОДУКТ;Салат Ариран готовый;242.72;17.9;17.3;2.1;0;;
ПРОДУКТ;Салат Аристократ;255;15;20;4;0;;
ПРОДУКТ;Салат Афинский готовый;129.61;6.2;10.2;2.3;0;;
ПРОДУКТ;Салат Афицион;17.03;1.5;0.2;2.2;0;;
ПРОДУКТ;Салат Батавия;16.21;1.5;0.2;2;0;;
ПРОДУКТ;Салат Берендей готовый;212.26;0.8;20.2;5.2;0;;
ПРОДУКТ;Салат Бордо готовый;223.25;3.5;19;7.9;0;;
ПРОДУКТ;Салат Венский готовый;307.55;10.2;27.5;2.5;0;;
ПРОДУКТ;Салат Винегрет;110.1;1.6;8.1;7.7;0;;
ПРОДУКТ;Салат Вита готовый;113.13;1.1;9;6.1;0;;
ПРОДУКТ;Салат Витаминка готовый;142.21;1;10.1;10.8;0;;
ПРОДУКТ;Салат Витаминный;100;0.93;6.12;10.3;0;;
ПРОДУКТ;Салат Витаминный готовый;154.01;1.4;13.4;5.8;0;;
ПРОДУКТ;Салат Витаминный с лимонной заправкой;80;0.9;4.8;8.3;0;;
ПРОДУКТ;Салат Вкус Италии готовый;156.72;11.8;11;1.5;0;;
ПРОДУКТ;Салат Воскресенский готовый;117.2;1.1;10.1;4.6;0;;
ПРОДУКТ;Салат Восторг готовый;212.68;4.6;17.2;8.3;0;;
ПРОДУКТ;Салат Грибной готовый;160.29;3.2;13.9;4.4;0;;
ПРОДУКТ;Салат Грибы Шиитаке;111.9;3.2;3.9;16;0;;
ПРОДУКТ;Салат Дальневосточный готовый;61.19;0.6;3.1;7.3;0;;
ПРОДУКТ;Салат Дары Сибири готовый;62.14;1.3;3.6;5.7;0;;
ПРОДУКТ;Салат Дарьюшка из морской капусты готовый;241.15;5.5;20;8;0;;
ПРОДУКТ;Салат Жемчужина готовый;106.55;2.9;7.1;7;0;;
ПРОДУКТ;Салат Из Морской Капусты «По-корейски;70;1;5.5;4.3;0;;
ПРОДУКТ;Салат Из Морской Капусты Витаминный;140;9;8;9;0;;
ПРОДУКТ;Салат Из Морской Капусты С Кальмаром;95;5.8;6.4;4;0;;
ПРОДУКТ;Салат Из Свеклы С Чесноком;198.82;1.59;14.41;15.71;0;;
ПРОДУКТ;Салат Испанский готовый;285.83;12.3;24.5;1.9;0;;
ПРОДУКТ;Салат Итальяно Веро;21;1.3;0.27;3.4;0;;
ПРОДУКТ;Салат Итальянский;140;9;8.5;8.5;0;;
ПРОДУКТ;Салат Итальянский Из Молодых Кабачков;75;0.8;3.5;10;0;;
ПРОДУКТ;Салат Итальянский с ветчиной готовый;304.55;9.5;14.6;31.7;0;;
ПРОДУКТ;Салат Кальмары готовый;250.9;7.6;15.4;18.7;0;;
ПРОДУКТ;Салат Кальмары фаршированные готовый;240.7;10.2;16.2;11.8;0;;
ПРОДУКТ;Салат Камчатский готовый;74.01;8.1;1.7;6.1;0;;
ПРОДУКТ;Салат Катюша готовый;94.14;1.6;7;5.5;0;;
ПРОДУКТ;Салат Кобб с имбирным соусом;225;7.9;12.6;20;0;;
ПРОДУКТ;Салат Крабовые палочки готовый;220.72;6.6;14.8;13.7;0;;
ПРОДУКТ;Салат Крабовый;240;3.5;18;16;0;;
ПРОДУКТ;Салат Крабовый готовый;130.66;9.2;7.4;5.9;0;;
ПРОДУКТ;Салат Красная шапочка готовый;293.17;7.7;25.6;5.8;0;;
ПРОДУКТ;Салат Креветочный;234.2;18;17;2.4;0;;
ПРОДУКТ;Салат Курочка-ряба готовый;270.83;11.4;22.4;3.9;0;;
ПРОДУКТ;Салат Лолло Росса;16.21;1.5;0.2;2;0;;
ПРОДУКТ;Салат Лосось готовый;238.52;8.3;14.2;17.7;0;;
ПРОДУКТ;Салат Маяк готовый;272.98;9.6;24;2.6;0;;
ПРОДУКТ;Салат Микс Бургер Кинг;23.59;1.3;0.2;4;0;;
ПРОДУКТ;Салат Мимоза;205;7;17;6;0;;
ПРОДУКТ;Салат Мимоза С Неркой;214;10.6;18.3;1.72;0;;
ПРОДУКТ;Салат Мимоза готовый;190.38;5.7;14.8;7.2;0;;
ПРОДУКТ;Салат Мираж готовый;156.78;15;8.8;3.3;0;;
ПРОДУКТ;Салат Мицуна;16.21;2;0.2;1.5;0;;
ПРОДУКТ;Салат Монастырский;100;0.9;8.3;5.7;0;;
ПРОДУКТ;Салат Монастырский готовый;204.64;1.5;18.1;7.4;0;;
ПРОДУКТ;Салат Морское ассорти готовый;75.62;1.4;4.3;7.3;0;;
ПРОДУКТ;Салат Морской дар готовый;228.66;7.4;20.2;2.6;0;;
ПРОДУКТ;Салат Московский готовый;234.4;5.3;20.2;6.1;0;;
ПРОДУКТ;Салат Мясной готовый;211.72;8.8;16.7;5;0;;
ПРОДУКТ;Салат Находка готовый;227.89;3.4;21;4.6;0;;
ПРОДУКТ;Салат Неженка;150;10;8;10;0;;
ПРОДУКТ;Салат Оаклиф;16.21;1.5;0.2;2;0;;
ПРОДУКТ;Салат Овощи Брынза И Травы;67.6;4.3;4;3.6;0;;
ПРОДУКТ;Салат Овощной McDonalds;56.57;2;3;5;0;;
ПРОДУКТ;Салат Оливье;285;7.3;12.7;11.7;0;;
ПРОДУКТ;Салат Оливье по-домашнему готовый;190.18;5.1;16.5;3.9;0;;
ПРОДУКТ;Салат Оливье с Колбасой;207;5.4;16.7;7;0;;
ПРОДУКТ;Салат Оливье с ветчиной готовый;205.98;5.4;16.7;7;0;;
ПРОДУКТ;Салат Оливье с колбасой готовый;205.98;5.4;16.7;7;0;;
ПРОДУКТ;Салат Оливье с мясом готовый;205.98;5.4;16.7;7;0;;
ПРОДУКТ;Салат Охотничий готовый;226.46;14.4;14.8;7.3;0;;
ПРОДУКТ;Салат Печеночный готовый;169.86;5.6;14.4;3.2;0;;
ПРОДУКТ;Салат Пикантный готовый;207.48;5.9;17.7;4.6;0;;
ПРОДУКТ;Салат Полевой;18.86;1.1;0;3.5;0;;
ПРОДУКТ;Салат Птица по-английски готовый;222.87;12.6;17.9;1.2;0;;
ПРОДУКТ;Салат Радичио;21.54;1.5;0.2;3.3;0;;
ПРОДУКТ;Салат Розовый фламинго готовый;202.35;7.3;16;5.8;0;;
ПРОДУКТ;Салат Романо;28.67;1.8;1.1;2.7;0;;
ПРОДУКТ;Салат Русалочка готовый;187.97;7.8;15.6;2.7;0;;
ПРОДУКТ;Салат Русский узор готовый;185.16;3.2;14.9;8.2;0;;
ПРОДУКТ;Салат С Баклажанами И Крем-чизом В Азиатском Стиле;157.1;2.4;11.1;11.9;0;;
ПРОДУКТ;Салат С Капустой И Огурцом;52;1;2.5;6.67;0;;
ПРОДУКТ;Салат С Креветками;78;5.3;1;10.6;0;;
ПРОДУКТ;Салат С Куриным Филе, Огурцом И Кунжутом;53.6;4.7;1.2;6;0;;
ПРОДУКТ;Салат С Курицей И Болгарским Перцем;179;9.6;14.4;3.5;0;;
ПРОДУКТ;Салат С Курицей Овощами И Сметанным Песто;101.9;7.14;6.67;3.33;0;;
ПРОДУКТ;Салат С Черносливом И Грецкими Орехами;158.2;3.2;9.8;13.8;0;;
ПРОДУКТ;Салат Свекольный С Грецким Орехом;134.4;2.5;8;13.1;0;;
ПРОДУКТ;Салат Сеул готовый;117.34;6.9;7.6;4.5;0;;
ПРОДУКТ;Салат Солнышко готовый;244.76;10;20.3;3.7;0;;
ПРОДУКТ;Салат Столичный С Куриным Филе;140;8.7;9.3;5.7;0;;
ПРОДУКТ;Салат Столичный готовый;232.05;7.6;18.8;6.4;0;;
ПРОДУКТ;Салат Сыр с грибами готовый;194.08;17;13.3;0.2;0;;
ПРОДУКТ;Салат Сытницкий готовый;302.32;9.2;27.6;2;0;;
ПРОДУКТ;Салат Татьянин день готовый;167.23;4;15;2.8;0;;
ПРОДУКТ;Салат Фаворит готовый;183.97;16.6;12.3;0.4;0;;
ПРОДУКТ;Салат Фермер готовый;184.55;4.7;16.6;2.7;0;;
ПРОДУКТ;Салат Филадельфия;166.9;7;6.5;20.1;0;;
ПРОДУКТ;Салат Фитнес готовый;199.2;1.9;10.1;23.8;0;;
ПРОДУКТ;Салат Фризе;15.17;1.5;0;2.2;0;;
ПРОДУКТ;Салат Фунчоза готовый;59.58;0.2;3.5;6.4;0;;
ПРОДУКТ;Салат Цезарь;202;11.5;14.8;5.7;0;;
ПРОДУКТ;Салат Цезарь McDonalds;191.3;15;10;9;0;;
ПРОДУКТ;Салат Цезарь С Креветками;182;6.6;15.4;4.3;0;;
ПРОДУКТ;Салат Цезарь лайт KFC (без заправки;141.21;10.6;7.3;7.3;0;;
ПРОДУКТ;Салат Цезарь с курицей;214.9;7.1;15.3;12.2;0;;
ПРОДУКТ;Салат Цезарь с фирменным соусом;126;9.23;6.67;7.18;0;;
ПРОДУКТ;Салат Черные Грибы;77.1;1.5;3.9;9;0;;
ПРОДУКТ;Салат Чешский готовый;154.95;14;9;3.4;0;;
ПРОДУКТ;Салат Шведский Из Огурцов;70;1;3.5;9;0;;
ПРОДУКТ;Салат баварский с ветчиной;200;3.5;17;9;0;;
ПРОДУКТ;Салат березка;131.9;6.9;10.3;2.9;0;;
ПРОДУКТ;Салат боул с креветкой, авокадо и кукурузой;230.7;10.8;5.1;35.4;0;;
ПРОДУКТ;Салат дальневосточный из морской капусты;122;1;10;7;0;;
ПРОДУКТ;Салат из кальмара с майонезом;230.8;14.2;18.3;2.4;0;;
ПРОДУКТ;Салат из кальмаров вареных (соломка) с овощами;142;4.1;9.9;9.2;0;;
ПРОДУКТ;Салат из квашеных овощей «Кимчи;41;1.7;0.6;7.1;0;;
ПРОДУКТ;Салат из корейской спаржи готовый;150.07;1.2;14.3;3;0;;
ПРОДУКТ;Салат из куриной грудки;219.25;11.61;18.22;2.19;0;;
ПРОДУКТ;Салат из морских водорослей (ундария перистая;64.8;1.2;0.4;14.1;0;;
ПРОДУКТ;Салат из морских водорослей Чука;121.34;2;6;14;0;;
ПРОДУКТ;Салат из морской капусты;60;1;5;1.5;0;;
ПРОДУКТ;Салат из морской капусты Дальневосточный;122;1;10;7;0;;
ПРОДУКТ;Салат из морской капусты Диетический с крабовыми палочками;60.67;6;3;2;0;;
ПРОДУКТ;Салат из морской капусты с зелёным горошком готовый;66.57;4;5.4;0;0;;
ПРОДУКТ;Салат из морской капусты с луком и пряностями;171.24;0;18.3;0.3;0;;
ПРОДУКТ;Салат из морской капусты с майонезом и ткемалевым соусом готовый;66.57;4;5.4;0;0;;
ПРОДУКТ;Салат из проростков пикантный;310;16;14;30;0;;
ПРОДУКТ;Салат из свежей капусты с мясом цыплёнка;169;5.8;14.5;3.4;0;;
ПРОДУКТ;Салат из спаржи;200;15;15;1;0;;
ПРОДУКТ;Салат из тунца;193.2;9.32;16;3;0;;
ПРОДУКТ;Салат из фунчозы;139;0.5;6.9;18.7;0;;
ПРОДУКТ;Салат из цветной капусты готовый;49.88;2;2.5;4.5;0;;
ПРОДУКТ;Салат кочанный;12;0.9;0.1;1.8;0;;
ПРОДУКТ;Салат листовой;14.1;1.3;0.5;2.2;0;;
ПРОДУКТ;Салат морська капуста маринрвана;42;0.9;1.8;5.6;0;;
ПРОДУКТ;Салат окрошка;123;7;8;3.8;0;;
ПРОДУКТ;Салат с Ветчиной и Жареными Шампиньонами;180;5.21;13.86;7.6;0;;
ПРОДУКТ;Салат с Крабовыми Палочками;169;4;13;9;0;;
ПРОДУКТ;Салат с кальмаром, чукой и ореховым соусом;102.08;4.11;6.93;5.71;0;;
ПРОДУКТ;Салат с копченой курицей;307;6.5;29;4;0;;
ПРОДУКТ;Салат с курицей, грибами и красной фасолью;159;8;11;7;0;;
ПРОДУКТ;Салат с курицей, сыром Фета и виноградом;242.2;16.7;17.8;3.8;0;;
ПРОДУКТ;Салат с курицей, хрустящим луком и фирменным соусом;195;5.58;14.9;9.77;0;;
ПРОДУКТ;Салат с рукколой и моцареллой;162.3;4.1;13.1;7;0;;
ПРОДУКТ;Салат с рукколой, куриной грудкой и свеклой в соусе песто;184;10.1;11.9;9.2;0;;
ПРОДУКТ;Салат сельдь под шубой;177.7;7;13.3;7.5;0;;
ПРОДУКТ;Салат цезарь с куриной грудкой;230;9.5;16;11;0;;
ПРОДУКТ;Салат чука с соусом в азиатском стиле;96;1.4;4;13.7;0;;
ПРОДУКТ;Салат-коктейль Бондюэль Гавайский маринованный;93.61;1.7;0.5;20;0;;
ПРОДУКТ;Салат-коктейль Бондюэль Сомбреро;63.19;1.7;0.8;11.9;0;;
ПРОДУКТ;Салатная Заправка С Шампиньонами;70;3;3.2;7;0;;
ПРОДУКТ;Салатные крабовые палочки;91;5.6;1.3;14.2;0;;
ПРОДУКТ;Салатный Микс Салерно;19;1.4;0.2;2.4;0;;
ПРОДУКТ;Салатный Микс Тулон;19;1.4;0.2;2.4;0;;
ПРОДУКТ;Салатный микс Солнечная фазенда Каталония;33.43;1.8;0.2;5.9;0;;
ПРОДУКТ;Салатный ростковый микс;199.8;11.6;3.8;29.8;0;;
ПРОДУКТ;Салаты Белая Дача Baby Mix;17.44;1.5;0.2;2.3;0;;
ПРОДУКТ;Салаты Белая Дача Girls Mix;17.44;1.5;0.2;2.3;0;;
ПРОДУКТ;Салаты Белая Дача Mens Mix;17.44;1.5;0.2;2.3;0;;
ПРОДУКТ;Салаты Белая Дача Party Mix;17.44;1.5;0.2;2.3;0;;
ПРОДУКТ;Салаты Белая Дача Tango Mix;17.44;1.5;0.2;2.3;0;;
ПРОДУКТ;Салаты Белая Дача Vita Mix;17.44;1.5;0.2;2.3;0;;
ПРОДУКТ;Салаты Белая Дача Аликанте;17.44;1.5;0.2;2.3;0;;
ПРОДУКТ;Салаты Белая Дача Ассорти;20.31;1.4;0.2;3.1;0;;
ПРОДУКТ;Салаты Белая Дача Афиша Еда;17.44;1.5;0.2;2.3;0;;
ПРОДУКТ;Салаты Белая Дача Весенний Микс;19.49;1.4;0.2;2.9;0;;
ПРОДУКТ;Салаты Белая Дача Капуста с морковью;29.63;1.8;0.1;5.2;0;;
ПРОДУКТ;Салаты Белая Дача Молодой шпинат;17.44;1.5;0.2;2.3;0;;
ПРОДУКТ;Салаты Белая Дача Монпелье;17.44;1.5;0.2;2.3;0;;
ПРОДУКТ;Салаты Белая Дача Нежный корн;17.44;1.5;0.2;2.3;0;;
ПРОДУКТ;Салаты Белая Дача Окинава;17.44;1.5;0.2;2.3;0;;
ПРОДУКТ;Салаты Белая Дача Олимп;21.54;1.5;0.2;3.3;0;;
ПРОДУКТ;Салаты Белая Дача Пикантный фриссе;17.44;1.5;0.2;2.3;0;;
ПРОДУКТ;Салаты Белая Дача Пряная рукола;17.44;1.5;0.2;2.3;0;;
ПРОДУКТ;Салаты Белая Дача Сочный романо;17.44;1.5;0.2;2.3;0;;
ПРОДУКТ;Салаты Белая Дача Тоскана;16.21;1.5;0.2;2;0;;
ПРОДУКТ;Салаты Белая Дача Хрустящий айсберг;17.44;1.5;0.2;2.3;0;;
ПРОДУКТ;Сало;836.65;2.4;89;0;0;;
ПРОДУКТ;Салями;593.17;21.6;53.7;1.4;0;;
ПРОДУКТ;Салями Испанская колбаса сырокопченая полусухая;502.4;19.3;46.8;1;0;;
ПРОДУКТ;Салями Итальянская;588;18;57;1;0;;
ПРОДУКТ;Салями мелкозернистая;379;16;35;0;0;;
ПРОДУКТ;Салями пряная с пажитником и паприкой;390;26.4;29.4;4.9;0;;
ПРОДУКТ;Самарский пряник;341;4.1;3.2;73.9;0;;
ПРОДУКТ;Самогон;2.98;0.1;0.1;0.4;0;;
ПРОДУКТ;Самокат Протеиновые Чипсы Со Вкусом Чеддер;407;20;11;57;0;;
ПРОДУКТ;Самса обжаренная;200;8.5;13;29;0;;
ПРОДУКТ;Самса с курицей;337.76;11;24;17;0;;
ПРОДУКТ;Самса с мясом жареная, замороженная;203;7.8;10.3;19.7;0;;
ПРОДУКТ;Сан химаго;157.93;10.1;7.6;11.2;0;;
ПРОДУКТ;Сангрия;94.82;0.3;0.1;22.6;0;;
ПРОДУКТ;Санта Нововиленская 27 Чудо пудинг карамель;96;2.7;3;14.6;0;;
ПРОДУКТ;Сапдедьки;270.3;12.6;24.3;0.3;0;;
ПРОДУКТ;Саподилла;72.13;0.4;1.1;14.7;0;;
ПРОДУКТ;Сапота (Чёрное яблоко;142.1;2.1;0.6;31.2;0;;
ПРОДУКТ;Сарада Бито;71.99;1.8;0.6;14.4;0;;
ПРОДУКТ;Сарада Вакамэ су;47.12;1.8;1.1;7.2;0;;
ПРОДУКТ;Сарада Гюнику;144.71;17.8;6;3.9;0;;
ПРОДУКТ;Сарада Ицаку;147.79;5.9;9.2;9.3;0;;
ПРОДУКТ;Сарада Кайсо;73.55;1.7;2.4;10.8;0;;
ПРОДУКТ;Сарада Киноки;125.43;6.7;9;3.5;0;;
ПРОДУКТ;Сарада Мидори;33.7;1.3;1.2;4.2;0;;
ПРОДУКТ;Сарада Мояши;50.78;1.4;2.2;6;0;;
ПРОДУКТ;Сарада Рэтасу эби;135.91;6.5;4.7;16;0;;
ПРОДУКТ;Сарада Сяке-Кунсэно;215.19;9.8;18;1.9;0;;
ПРОДУКТ;Сарада Тако беби;60.57;3;1.4;8.6;0;;
ПРОДУКТ;Сарада Тори но маринадо;105.82;1.4;5.3;12.4;0;;
ПРОДУКТ;Сарада Тори-Кунсэно;155.45;10;5.7;15;0;;
ПРОДУКТ;Сарада Харусамэ;78.81;1.2;4.6;7.6;0;;
ПРОДУКТ;Сарада Хияши вакамэ;95.46;1.3;5.2;10.2;0;;
ПРОДУКТ;Сарада Шиитакэ ремонэ;73.31;1.7;0.3;15.5;0;;
ПРОДУКТ;Сарада Эби уми;112.39;5;0.8;20.6;0;;
ПРОДУКТ;Сарада Югатами хару;102.76;7.3;4;8.7;0;;
ПРОДУКТ;Сарафаново 2,5;55;3.3;2.5;4.7;0;;
ПРОДУКТ;Сардельки Докторские варёные н/о;314;9;30;2;0;;
ПРОДУКТ;Сардельки Из Филе Индейки;142;12;10;1;0;;
ПРОДУКТ;Сардельки Молочные;300;12;28;1;0;;
ПРОДУКТ;Сардельки С Горчицей;248;12;20;5;0;;
ПРОДУКТ;Сардельки С Телятиной;221.4;12.9;18.2;1.5;0;;
ПРОДУКТ;Сардельки Телячьи от Ремит охл н/о вес;239.01;7;23;2;0;;
ПРОДУКТ;Сардельки говяжьи;218;11;18;3;0;;
ПРОДУКТ;Сардельки из телятины;110;16;4.5;2.5;0;;
ПРОДУКТ;Сардельки миньоны с сыром;206;9;18;2;0;;
ПРОДУКТ;Сардельки молочные из мяса птицы охлажденные;232.27;11;19;2.6;0;;
ПРОДУКТ;Сардельки свиные;342.76;10.1;31.6;1.9;0;;
ПРОДУКТ;Сардельки телячьи;199;10;15;6;0;;
ПРОДУКТ;Сардельки школьные;280;11;25;3.7;0;;
ПРОДУКТ;Сардина Атлантическая;170;17;9.5;4;0;;
ПРОДУКТ;Сардина атлантическая натуральная с добавлением масла;135.99;16;8;0;0;;
ПРОДУКТ;Сардина в томатном соусе;167.41;17;9.9;1.4;0;;
ПРОДУКТ;Сардина натуральная с добавлением масла;248;17;20;0;0;;
ПРОДУКТ;Сардина с добавлением масла;100;12;5.5;0;0;;
ПРОДУКТ;Сардина тихоокеанская иваси;230;17;18;0;0;;
ПРОДУКТ;Сардины в Томатном соусе;111;16;3.2;5.2;0;;
ПРОДУКТ;Сахар;400;0;0;100;0;;
ПРОДУКТ;Сахар Мистраль Демерара тростниковый;403.85;0;0;98.5;0;;
ПРОДУКТ;Сахар Мистраль коричневый кристаллы;403.85;0;0;98.5;0;;
ПРОДУКТ;Сахар белый;400;0;0;100;0;;
ПРОДУКТ;Сахар белый кристаллический;400;0;0;100;0;;
ПРОДУКТ;Сахар белый свекловичный;400;0;0;100;0;;
ПРОДУКТ;Сахар ванильный;403.85;0;0;98.5;0;;
ПРОДУКТ;Сахар ванильный Dr.Oetker с натуральной ванилью;406.34;0.2;0.4;98;0;;
ПРОДУКТ;Сахар виноградный жидкий;266.5;0;0;65;0;;
ПРОДУКТ;Сахар кленовый;374.96;0.1;0.2;90.9;0;;
ПРОДУКТ;Сахар кокосовый;391.17;1.1;0.4;93.4;0;;
ПРОДУКТ;Сахар кокосовый (Тёмный;383.6;1.6;0.4;93.4;0;;
ПРОДУКТ;Сахар органический кокосовый;380;1;0.4;93;0;;
ПРОДУКТ;Сахар тростниковый;407.54;0;0;99.4;0;;
ПРОДУКТ;Сахар-песок;398;0;0;99.8;0;;
ПРОДУКТ;Сахар-рафинад;409.59;0;0;99.9;0;;
ПРОДУКТ;Сахар-сырец;390.73;0;0;95.3;0;;
ПРОДУКТ;Сахарная пудра;409.18;0;0;99.8;0;;
ПРОДУКТ;Сахарная трубочка пломбир;310;4;19;32;0;;
ПРОДУКТ;Сахарозаменитель Coconut Secret кокосовый нектар;355.06;0;0;86.6;0;;
ПРОДУКТ;Сахарозаменитель Fit Parad №10;2.05;0;0;0.5;0;;
ПРОДУКТ;Сахарозаменитель Fit Parad №11;387.45;0;0;94.5;0;;
ПРОДУКТ;Сахарозаменитель Milford сукралоза с инулином;235.97;0.1;0.2;57;0;;
ПРОДУКТ;Сахарозаменитель Эритрол;18.67;0.1;0.2;4;0;;
ПРОДУКТ;Сацебели Домашний;48;0;0;12;0;;
ПРОДУКТ;Сацебели Острый;36;1.66;0.14;7.11;0;;
ПРОДУКТ;Сашат витамин С;65.2;1.7;4;5.6;0;;
ПРОДУКТ;Сашими Изуми-тай;72.51;11.6;2.2;1.1;0;;
ПРОДУКТ;Сашими Ика;65.6;11.3;1.5;1.3;0;;
ПРОДУКТ;Сашими Икура;80.49;10.6;3.5;1.1;0;;
ПРОДУКТ;Сашими Магуро;93.25;15.3;2.8;1.1;0;;
ПРОДУКТ;Сашими Сякэ;102.21;12.5;5;1.1;0;;
ПРОДУКТ;Сашими Тако;38.62;5.6;1.2;1.1;0;;
ПРОДУКТ;Сашими Тобико;75.35;9.4;3.3;1.5;0;;
ПРОДУКТ;Сашими Томаго-яки;151.77;7.2;12.1;2.4;0;;
ПРОДУКТ;Сашими Унаги;222.02;9.3;19;1.8;0;;
ПРОДУКТ;Сашими Хамачи;108.57;10.2;6.7;1.1;0;;
ПРОДУКТ;Сашими Хотатэ;43.87;5;1.5;2.3;0;;
ПРОДУКТ;Сашими Эби;59.39;11.3;0.7;1.6;0;;
ПРОДУКТ;Сбитень;62.67;0.2;0.7;13.5;0;;
ПРОДУКТ;Сбитень Особый;319;1.5;0.5;79;0;;
ПРОДУКТ;Сванская соль с пряностями;78;3;2;12;0;;
ПРОДУКТ;Свежевыжатый грейпфрутовый сок;39.7;0.5;0.1;9.2;0;;
ПРОДУКТ;Свекла;43.16;1.5;0.1;8.8;0;;
ПРОДУКТ;Свекла Бондюэль в кубиках в кисло-сладком маринаде;30.86;0.8;0.1;6.5;0;;
ПРОДУКТ;Свекла варёная;51.66;1.8;0;10.8;0;;
ПРОДУКТ;Свекла жёлтая;44.39;1.5;0.1;9.1;0;;
ПРОДУКТ;Свекла квашеная;29.93;1.3;0;6;0;;
ПРОДУКТ;Свекла консервированная;26.76;0.9;0.1;5.4;0;;
ПРОДУКТ;Свекла маринованная;32;0;0;8;0;;
ПРОДУКТ;Свекла отварная;46;1.7;0.1;9.5;0;;
ПРОДУКТ;Свекла с орехами готовая;234.18;3.2;20;8.6;0;;
ПРОДУКТ;Свекла с сыром готовая;169.59;1.9;13.4;9.1;0;;
ПРОДУКТ;Свекла стерилизованная нарезанная соломкой;45;1.5;0.1;9;0;;
ПРОДУКТ;Свекла сушеная;274.53;9;0.6;56.6;0;;
ПРОДУКТ;Свекла тушеная;112.18;2.7;5.5;12.2;0;;
ПРОДУКТ;Свекольная ботва;35.81;2.1;0.5;5.5;0;;
ПРОДУКТ;Свекольник;37.85;0.5;2;4.2;0;;
ПРОДУКТ;Свекольник на кефире;56;2.6;3.2;4.2;0;;
ПРОДУКТ;Свекольник с кефиром Прибалтийский;52;2.2;2.5;5.2;0;;
ПРОДУКТ;Свекольный сок;44.69;1;0;9.9;0;;
ПРОДУКТ;Свиная вырезка;145.5;19.4;7.1;0;0;;
ПРОДУКТ;Свиная грудинка без кости;533.78;10.1;53;0;0;;
ПРОДУКТ;Свиная грудинка с костью;179;21;10;0;0;;
ПРОДУКТ;Свиная лопатка;267.19;16;21.7;0;0;;
ПРОДУКТ;Свиная нога жареная;296.5;27;20;0;0;;
ПРОДУКТ;Свиная печень;132.45;22;3.4;2.6;0;;
ПРОДУКТ;Свиная рулька со шкурой;305.72;18.6;24.7;0;0;;
ПРОДУКТ;Свиная тушенка;378.45;13;35;0;0;;
ПРОДУКТ;Свиная шейка;352.11;13.6;31.9;0;0;;
ПРОДУКТ;Свиная шкурка;222.44;18;16;0;0;;
ПРОДУКТ;Свиная щековина;672.82;6.4;69.6;0;0;;
ПРОДУКТ;Свиная щековина копченая;662.72;9.1;67.1;0.5;0;;
ПРОДУКТ;Свинина;266.26;16;21.6;0;0;;
ПРОДУКТ;Свинина «Ароматная» копчено-вареная;169.69;9;15;2;0;;
ПРОДУКТ;Свинина в кисло-сладком соусе с рисом и овощами;243.6;9.8;64;36.8;0;;
ПРОДУКТ;Свинина вареная;386.22;22.6;31.6;0;0;;
ПРОДУКТ;Свинина жареная;504.74;11.4;49.3;0;0;;
ПРОДУКТ;Свинина по-французски под сыром с картофелем;231;8;19;7;0;;
ПРОДУКТ;Свинина постная;145.5;19.4;7.1;0;0;;
ПРОДУКТ;Свинина с овощами в соусе из чёрного перца;152;7.9;2.9;8.6;0;;
ПРОДУКТ;Свинина тушеная Скопино;378.45;13;35;0;0;;
ПРОДУКТ;Свинина тушеная в желе особая;170;6.5;15;1.5;0;;
ПРОДУКТ;Свинина тушкована;330;14.9;30;8.2;0;;
ПРОДУКТ;Свиное Филе Варено-копченое;255;12;23;0;0;;
ПРОДУКТ;Свиное сердце;122.9;16.9;4.8;2.2;0;;
ПРОДУКТ;Свиной балык;294.46;15.4;24.9;0;0;;
ПРОДУКТ;Свиной край на гриле;411.25;21;35;0;0;;
ПРОДУКТ;Свиной окорок;271.68;18;21.3;0;0;;
ПРОДУКТ;Свиной окорок копчено-вареный (Ашан;298.94;14;26;0;0;;
ПРОДУКТ;Свиной ошеек;277.82;16.1;22.8;0;0;;
ПРОДУКТ;Свиной подгрудок;660.2;7.4;67.8;0;0;;
ПРОДУКТ;Свиной фарш;264.79;17;21;0;0;;
ПРОДУКТ;Свиной шпик;867.85;1.4;92.8;0;0;;
ПРОДУКТ;Свиной язык;170.77;16.5;11.1;0;0;;
ПРОДУКТ;Свински Бут;114;17;4.4;1.5;0;;
ПРОДУКТ;Свински Бут, Варено Пушен;91;14;3;1.8;0;;
ПРОДУКТ;Свински Врат Без Кост С Марина;292;13;26;1;0;;
ПРОДУКТ;Свински Врат С Кост Маринован;178;16.5;12;1;0;;
ПРОДУКТ;Свински Шницел;102;22;1.7;0.5;0;;
ПРОДУКТ;Свиные легкие;82.89;14.1;2.7;0;0;;
ПРОДУКТ;Свиные легкие тушеные;96.86;16.6;3.1;0;0;;
ПРОДУКТ;Свиные ноги;222.44;18;16;0;0;;
ПРОДУКТ;Свиные отбивные на гриле;337.76;28;24;0;0;;
ПРОДУКТ;Свиные почки;104.18;16.8;3.8;0;0;;
ПРОДУКТ;Свиные ребра;334.52;15.2;29.3;0;0;;
ПРОДУКТ;Свиные ребра копчено-вареные;551.95;10;55;0;0;;
ПРОДУКТ;Свиные ребра копченые;530.58;10;52.7;0;0;;
ПРОДУКТ;Свиные уши;217.09;21;14.1;0;0;;
ПРОДУКТ;Свити;41.63;0.7;0.2;9;0;;
ПРОДУКТ;Сгущенка «Сливочный Банан;255;3;1;58.6;0;;
ПРОДУКТ;Сгущенка Главпродукт вареная с сахаром;323.73;5.8;8.5;53.9;0;;
ПРОДУКТ;Сгущенка С Бананом;328;7.2;8.5;55.5;0;;
ПРОДУКТ;Сгущенка с сахаром;270;2.5;1;63;0;;
ПРОДУКТ;Сгущенное Молоко;338.5;7.2;8.5;58.3;0;;
ПРОДУКТ;Сгущенное молоко с сахаром;328;7.2;8.1;57;0;;
ПРОДУКТ;Сгущенные сливки с сахаром;407.5;6.12;19;53;0;;
ПРОДУКТ;Сгущеное Молоко Вареное;306.5;7.2;8.5;50.3;0;;
ПРОДУКТ;Сгущеное молоко;331;7.5;9;55;0;;
ПРОДУКТ;Сгущёнка;338.5;8.3;8.5;57.2;0;;
ПРОДУКТ;Сгущёнка Славянка;310;1.7;8.5;56.7;0;;
ПРОДУКТ;Сгущёнка кокосовая;455.8;1.3;26.6;52.8;0;;
ПРОДУКТ;Сгущённое молоко;330;7;8.5;56;0;;
ПРОДУКТ;Сгущённое молоко Ичня 480г. 8,5;338.5;7.2;8.5;58.3;0;;
ПРОДУКТ;Сгущённое молоко цельное с сахаром;330;8;8.5;56;0;;
ПРОДУКТ;Сгущённое цельное молоко с сахаром. 8.5 %. ГОСТ 31688-2012;330;8;8.5;56;0;;
ПРОДУКТ;Сгущёное цельное молоко с сахаром;330;8;8.5;56;0;;
ПРОДУКТ;Сдоба «Ромашка;352.29;7.5;7.5;63.5;0;;
ПРОДУКТ;Сдоба Венская;340;7.5;14;44;0;;
ПРОДУКТ;Сдоба Лакомка;316;6.1;6.7;57.9;0;;
ПРОДУКТ;Сдоба Лакомка с клубникой;268;5.5;2;56;0;;
ПРОДУКТ;Сдоба Ням-ням;300;6.5;3.5;60;0;;
ПРОДУКТ;Сдоба Сормовская Черёмушки;356.89;7.6;9.2;58.6;0;;
ПРОДУКТ;Сдоба Устрица обыкновенная в упаковке;301;8.1;5.3;54.9;0;;
ПРОДУКТ;Сдоба десертная с ореховой начинкой;450;9;17;68;0;;
ПРОДУКТ;Сдоба капучино;340;6;6;61;0;;
ПРОДУКТ;Сдоба с корицей;440;7.5;16;64;0;;
ПРОДУКТ;Сдоба с маком Гребешок;320.27;7;11;49;0;;
ПРОДУКТ;Сдоба с миндальной начинкой;320;6.5;8;54;0;;
ПРОДУКТ;Сдобная булочка Босоногое Детство;360;8;9.5;60;0;;
ПРОДУКТ;Сдобная косичка с маковой начинкой;317;6.5;7.2;56.5;0;;
ПРОДУКТ;Сдобное миндальное печенье;474;7;19;67;0;;
ПРОДУКТ;Сдобное печенье Овсяное;391;5.7;10.1;62.9;0;;
ПРОДУКТ;Сдобное печенье Фитнес-лен;430;6.5;19;58;0;;
ПРОДУКТ;Сдобное печенье с кокосом;479;6.3;23.5;60.5;0;;
ПРОДУКТ;Сдобное печенье с фисташкой;469;8;21;63;0;;
ПРОДУКТ;Сдобные Палочки Лесные Ягоды;380;4;11;67;0;;
ПРОДУКТ;Сдобные Палочки С Черносмородиновым Джемом;401.53;6.5;13;63;0;;
ПРОДУКТ;Сдобные палочки с земляничным джемом;380;4;11;67;0;;
ПРОДУКТ;Северный чай с апельсином, лемонграссом и клубникой;33;0.78;0.26;6.9;0;;
ПРОДУКТ;Северный чай с брусникой;109;0.8;3.57;18.4;0;;
ПРОДУКТ;Северный чай с клбквой, бадьяном и апельсином;62;0.48;0.18;14.6;0;;
ПРОДУКТ;Северный чай с облепихой и розмарином;79;0.51;0.29;18.5;0;;
ПРОДУКТ;Севрюга в томатном соусе;184.32;16.1;11.5;2.8;0;;
ПРОДУКТ;Сейтан;344.52;55.8;3.5;20.3;0;;
ПРОДУКТ;Селедочка Маринованная Без Масла;199;13.7;14.2;4;0;;
ПРОДУКТ;Селедь атлантическая, по-царски;440;11;43;0.1;0;;
ПРОДУКТ;Село зелёное;160;2.6;15;3.6;0;;
ПРОДУКТ;Сельдерей;13.23;0.9;0.1;2.1;0;;
ПРОДУКТ;Сельдерей (корень;34.77;1.3;0.3;6.5;0;;
ПРОДУКТ;Сельдерей (корень) сушеный;200.62;7.8;2;36.6;0;;
ПРОДУКТ;Сельдь В Масле Свежая Зелень;287;12.1;26.3;0.4;0;;
ПРОДУКТ;Сельдь МАТИАС XXL В Масле;208;13.1;17.3;0;0;;
ПРОДУКТ;Сельдь в сметане;101.88;5.5;6.2;5.3;0;;
ПРОДУКТ;Сельдь в томатном соусе;165.55;13.8;9.7;4.6;0;;
ПРОДУКТ;Сельдь консервированная;90.33;17.5;2;0;0;;
ПРОДУКТ;Сельдь маринованная;198.64;16.5;12.6;3.4;0;;
ПРОДУКТ;Сельдь под шубой;210;4.6;18.8;5.7;0;;
ПРОДУКТ;Сельдь под шубой готовая;201.34;5.1;16.2;7.3;0;;
ПРОДУКТ;Сельдь соленая;224.25;19.8;15.4;0;0;;
ПРОДУКТ;Сельдь тихоокеанская специального посола;135.99;15;8;1;0;;
ПРОДУКТ;Сельдь филе холодного копчения;130;18;7;0;0;;
ПРОДУКТ;Сельдь, филе-кусочки в беловинной заливке;160;13.3;11.8;0;0;;
ПРОДУКТ;Сельский;250;7.5;2;49;0;;
ПРОДУКТ;Селёдка Традиционная;200;14;16;0;0;;
ПРОДУКТ;Семга под шубой готовая;319.04;18;24.5;4.3;0;;
ПРОДУКТ;Семга филе-ломтики слабосоленая «Русское море;201;17.8;14.4;0;0;;
ПРОДУКТ;Семена белого кунжута;580;20;50;12;0;;
ПРОДУКТ;Семена горчицы;487.85;25.8;30.8;23.4;0;;
ПРОДУКТ;Семена конопли;441.33;20;32.5;14;0;;
ПРОДУКТ;Семена кунжута;570;19;49;12;0;;
ПРОДУКТ;Семена льна;585.56;18.3;42.2;28.9;0;;
ПРОДУКТ;Семена льна Ваше здоровье;473.63;18.3;42.2;1.6;0;;
ПРОДУКТ;Семена льна белого;510;18;42;19;0;;
ПРОДУКТ;Семена льна белые;560;26;39;12;0;;
ПРОДУКТ;Семена льна коричневого;582;21;42;30;0;;
ПРОДУКТ;Семена пажитника;392.79;23;6.4;58.3;0;;
ПРОДУКТ;Семена подсолнечника жареные;660;27;58;9;0;;
ПРОДУКТ;Семена тыквы;610;30;49;11;0;;
ПРОДУКТ;Семена тыквы очищенные;596;29;46.7;13.1;0;;
ПРОДУКТ;Семена тыквы очищенные жареные чоленые;142.45;29;46.7;13.1;0;;
ПРОДУКТ;Семена укропа;426.21;16;14.5;55.1;0;;
ПРОДУКТ;Семена фенхеля;416.7;15.8;14.8;52.3;0;;
ПРОДУКТ;Семена чиа;525.46;16.5;30.7;42.1;0;;
ПРОДУКТ;Семечки «Богучарские» очищенные жареные 75 гр;600;22.3;56.3;3.6;0;;
ПРОДУКТ;Семечки Станичные;567;23.3;50;3.33;0;;
ПРОДУКТ;Семечки дынные;571.44;17.6;47.3;14.6;0;;
ПРОДУКТ;Семечки жареные;660;25.5;65.3;5.8;0;;
ПРОДУКТ;Семечки жареные Отборные соленые;592;24;48;16;0;;
ПРОДУКТ;Семечки от Мартина полосатые с солью;320;15;27;3.5;0;;
ПРОДУКТ;Семечки подсолнечника;590.25;20.7;52.9;3.4;0;;
ПРОДУКТ;Семечки подсолнечника жареные;660;25.5;65.3;5.8;0;;
ПРОДУКТ;Семечки подсолнечника жареные солёные;658;21.5;59.6;9;0;;
ПРОДУКТ;Семечки подсолнечника отборные;650;22;57;11;0;;
ПРОДУКТ;Семечки подсолнечника очищенные жареные без соли и масла;600.38;22.3;56.3;3.6;0;;
ПРОДУКТ;Семечки подсолнечные;606.2;22.5;49;18.8;0;;
ПРОДУКТ;Семечки полосатые отборные обжаренные с солью;616;22.8;49.6;19.5;0;;
ПРОДУКТ;Семечки с солью;320;15;27;3.5;0;;
ПРОДУКТ;Семечки тыквенные;545.2;24.5;45.8;4.7;0;;
ПРОДУКТ;Семечки тыквенные Сан Санич жареные соленые;648.3;31.7;54.3;2.5;0;;
ПРОДУКТ;Семечки тыквы очищенные сырые;541;24.5;45.8;13.9;0;;
ПРОДУКТ;Семечки/Sunflower seeds;578;20.7;52.9;5;0;;
ПРОДУКТ;"Семечки; соленый великан джинн";660;27;58;9;0;;
ПРОДУКТ;Семечковый;286;9;7.3;46;0;;
ПРОДУКТ;Семолина (Манная крупа;337;10.3;1;70.6;0;;
ПРОДУКТ;Семячки тыквы очищенные;556;24.5;45.8;19.9;0;;
ПРОДУКТ;Сендвич На Угольном Хлебе С Индейкой;216.67;12.22;8.33;23.89;0;;
ПРОДУКТ;Сендвич Ролл;257.2;10.5;12.8;25;0;;
ПРОДУКТ;Сендвич С Ветчиной;236;7.4;13.6;21.3;0;;
ПРОДУКТ;Сендвич С Ветчиной И Сыром;390;11;21;40;0;;
ПРОДУКТ;Сендвич С Индейкой;171;9.1;8.3;14.9;0;;
ПРОДУКТ;Сендвич С Креветками;238;10;12;20;0;;
ПРОДУКТ;Сендвич С Курицей;260;11.1;15;19.8;0;;
ПРОДУКТ;Сендвич С Лососем;170;7.5;8.5;15;0;;
ПРОДУКТ;Сендвич С Салями Ветчиной И Сыром;555;13;39;39;0;;
ПРОДУКТ;Сендвич Сервелат;253;13.7;12.1;22.4;0;;
ПРОДУКТ;Сендвич с кунжутом;428;7;18.2;59.2;0;;
ПРОДУКТ;Сендвич с курицей и авокадо;260;11;15;20;0;;
ПРОДУКТ;Сендвич с курицей и сыром;482;24.1;31.6;24.9;0;;
ПРОДУКТ;Сендвич-Бриошь с Курицей и Томатоми;197;12.7;11.6;10.4;0;;
ПРОДУКТ;Сендвич-ролл цезарь;191.4;11.1;7;21;0;;
ПРОДУКТ;Сендвіч Brunch з Абрикосом;310;5;3.5;48;0;;
ПРОДУКТ;Сендвіч Brunch з вершковим сиром;450;11;18;59;0;;
ПРОДУКТ;Сендвіч Brunch садова полуниця;320;5;4;53;0;;
ПРОДУКТ;Сербская брынза;208;11.87;15.5;2.64;0;;
ПРОДУКТ;Сербский сыр брынза;181.17;11;14.5;2;0;;
ПРОДУКТ;Сервелат Австрийский;286.81;9;26;5;0;;
ПРОДУКТ;Сервелат Баварский;234;11;18;7;0;;
ПРОДУКТ;Сервелат Коньячный;302;14;26;3;0;;
ПРОДУКТ;Сервелат Кремлевский;260;13;23;0;0;;
ПРОДУКТ;Сервелат Кремлёвский;334;13;30;3;0;;
ПРОДУКТ;Сервелат Мраморный Black Angus;295;11;27;2;0;;
ПРОДУКТ;Сервелат Мясорубский с мелкорубленым окороком;260;13;23;0;0;;
ПРОДУКТ;Сервелат Полусухой;535;15;53;0;0;;
ПРОДУКТ;Сервелат Пражский;249;13;21;2;0;;
ПРОДУКТ;Сервелат С Индейкой И Говядиной;177.3;18.3;10.9;1.5;0;;
ПРОДУКТ;Сервелат Традиционный, варено-копченая колбаса;239;17;19;0;0;;
ПРОДУКТ;Сервелат Царский;266;13;22;4;0;;
ПРОДУКТ;Сервелат растительный;225;20;13;7;0;;
ПРОДУКТ;Сет Макси Суши;204.8;8.5;9;22.6;0;;
ПРОДУКТ;Сет Мини;236.2;8.8;10.6;23.6;0;;
ПРОДУКТ;Сибирская Клетчатка;80;8;3;5;0;;
ПРОДУКТ;Сибирский зерновой хлеб;228;6.2;2.3;48.9;0;;
ПРОДУКТ;Сидр;122.1;0.2;0.3;28.9;0;;
ПРОДУКТ;Сизигиум;28.21;0.6;0.3;5.6;0;;
ПРОДУКТ;Сильвер Анчоус солёно-сушеный;264.55;57.4;3.1;0.1;0;;
ПРОДУКТ;Сильвер Жёлтая рыбка;325.1;40;16.9;1;0;;
ПРОДУКТ;Сильвер Жёлтый полосатик;282.25;52.4;5.8;3.3;0;;
ПРОДУКТ;Сильвер Кальмар копчёный;259.39;58;1;3;0;;
ПРОДУКТ;Сильвер Кальмар сушёный;259.39;58;1;3;0;;
ПРОДУКТ;Сильвер Камбала;268.27;57.9;2;3;0;;
ПРОДУКТ;Сильвер Кольца кальмара;247.09;45;1;13;0;;
ПРОДУКТ;Сильвер Кольца кальмара копчёные;247.09;45;1;13;0;;
ПРОДУКТ;Сильвер Креветка гриль;185.04;42;0.5;2;0;;
ПРОДУКТ;Сильвер Морской язык;333.3;40;16.9;3;0;;
ПРОДУКТ;Сильвер Осьминог сушёный;139.95;31;0.5;2;0;;
ПРОДУКТ;Сильвер Ставридка;282.25;52.4;5.8;3.3;0;;
ПРОДУКТ;Сильвер Тунец серебристый;271.58;46.3;8.8;0;0;;
ПРОДУКТ;Сильвер Угорь;268.27;57.9;2;3;0;;
ПРОДУКТ;Сильвер Янтайная рыбка;325.1;40;16.9;1;0;;
ПРОДУКТ;Сир;334;25;26;0;0;;
ПРОДУКТ;Сир 45% напівтвердий нарізка Салямі лоток;352;26;27;1.3;0;;
ПРОДУКТ;Сир Bonfetto Сулугуні 45;294;21;22.5;2;0;;
ПРОДУКТ;Сир Кисломолочний 5;120;16.9;5;1.8;0;;
ПРОДУКТ;Сир Кисломолочний 5% Жиру;119.09;17;5;2;0;;
ПРОДУКТ;Сир Кисломолочний 9;169;18;9;3.8;0;;
ПРОДУКТ;Сир Кисломолочний Сирна Традиція 5% жиру;108;14;5;1.8;0;;
ПРОДУКТ;Сир Копчений Плачвлений;200;14.82;12.6;8.85;0;;
ПРОДУКТ;Сир Угадай З Трюфелем;384;25.8;31.2;0;0;;
ПРОДУКТ;Сир кисломодочний 5;125;16.3;5;3.6;0;;
ПРОДУКТ;Сир кисломолочний;141;21;5;3;0;;
ПРОДУКТ;Сир кисломолочний 0;83;18;0.4;1.8;0;;
ПРОДУКТ;Сир кисломолочний 0.2;73;16;0.2;1.8;0;;
ПРОДУКТ;Сир кисломолочний 12;179;15.8;12;2;0;;
ПРОДУКТ;Сир кисломолочний знежирений 1;73;15;0.6;1.8;0;;
ПРОДУКТ;Сир кисломолочний, 5.0% жиру;116;16;5;1.8;0;;
ПРОДУКТ;Сир копчений „Рамзес;360;27;28;0;0;;
ПРОДУКТ;Сир м'який чеддеризований «Моцарелла;293;23;22;0.8;0;;
ПРОДУКТ;Сир плавлений;228;12;16.4;8;0;;
ПРОДУКТ;Сир твердий скибочками КОМО;365;24;29;1;0;;
ПРОДУКТ;Сирене Маклер-Даная;194;6;18;2;0;;
ПРОДУКТ;Сирний крем-суп з базиліком Fitto light;180;13;10;10;0;;
ПРОДУКТ;Сирок глазурованный з кокосом;389.2;21.9;22.8;24.1;0;;
ПРОДУКТ;Сироп Бельгийский Шоколад;1;0;0;0.25;0;;
ПРОДУКТ;Сироп Гренадин;274.29;0;0;66.9;0;;
ПРОДУКТ;Сироп Кленовый Низкокалорийный;16.1;0;0;4;0;;
ПРОДУКТ;Сироп Ноль Грамм - Тархун;16.1;0;0;4;0;;
ПРОДУКТ;Сироп Пониженной Калорийности Лесные Ягоды;23.1;0.11;0;5;0;;
ПРОДУКТ;Сироп Сахарный Тростник;256;0;0;64;0;;
ПРОДУКТ;Сироп Солёная Карамель;260;0;0;64;0;;
ПРОДУКТ;Сироп Черника;40;0.3;0;9;0;;
ПРОДУКТ;Сироп Черное море Лайт вкус Лесные ягоды;16.4;0;0;4;0;;
ПРОДУКТ;Сироп агавы Sunny Via;316.24;0;0.5;76;0;;
ПРОДУКТ;Сироп вишневый;264.56;0.3;0.1;64;0;;
ПРОДУКТ;Сироп гель гипофри;144;0.1;0;35.8;0;;
ПРОДУКТ;Сироп из фиников без сахара;291.5;1;0.3;71.2;0;;
ПРОДУКТ;Сироп кленовый;277.27;0;0.1;67.4;0;;
ПРОДУКТ;Сироп клубничный;162.77;0.2;0;39.5;0;;
ПРОДУКТ;Сироп пониженной калорийности «Сгущенное молоко;90;3;2.5;23.1;0;;
ПРОДУКТ;Сироп пониженной калорийности Молочный шоколад;45.2;2.7;1.4;5.4;0;;
ПРОДУКТ;Сироп пониженной калорийности Шоколад;39;2.1;0.95;5.4;0;;
ПРОДУКТ;Сироп сахарный;289.87;0.2;0;70.5;0;;
ПРОДУКТ;Сироп топинамбура Тоба;284.95;0;0;69.5;0;;
ПРОДУКТ;Сироп шоколадный трюфель;236.1;0;0;56.6;0;;
ПРОДУКТ;Сиртаки Для греческого салата Classic;223.47;10;17;8;0;;
ПРОДУКТ;Сиртаки Для греческого салата Original;230;7;22;2;0;;
ПРОДУКТ;Ситник с ветчиной и сыром;207.3;10.9;6.8;25.6;0;;
ПРОДУКТ;Скандинавский цельнозерновой хлеб;292.4;8.6;7.3;48;0;;
ПРОДУКТ;Скат;113.26;24;1.6;0;0;;
ПРОДУКТ;Скат (крылья;113.26;24;1.6;0;0;;
ПРОДУКТ;Скир Зел.лин черника малина;91;9.3;1.2;10.7;0;;
ПРОДУКТ;Скир Исландский;72.3;11;1.5;3.7;0;;
ПРОДУКТ;Скир с печеным яблоком;96;9.3;1.2;11.9;0;;
ПРОДУКТ;Скир яблоко;96;9.3;1.2;11.9;0;;
ПРОДУКТ;Скорцонера;17.49;1;1;1;0;;
ПРОДУКТ;Скрембл С Поджаренным Беконом;300;9;28;2;0;;
ПРОДУКТ;Скумбрия;180;17;12;0;0;;
ПРОДУКТ;Скумбрия Атлантическая;151;23.4;6.4;0;0;;
ПРОДУКТ;Скумбрия С Добавлением Масла;150;20;7.5;0;0;;
ПРОДУКТ;Скумбрия в томатном соусе;253;15;18;5.5;0;;
ПРОДУКТ;Скумбрия горячего копчения;328.52;22.1;23.8;4.1;0;;
ПРОДУКТ;Скумбрия консервированная;327.52;14.4;28.9;0;0;;
ПРОДУКТ;Скумбрия маринованная;144.76;12.8;8.3;3.7;0;;
ПРОДУКТ;Скумбрия свежая;196.43;18;13.2;0;0;;
ПРОДУКТ;Скумбрия соленая;195.5;18;13.1;0;0;;
ПРОДУКТ;Сладкая кукуруза;80;3;1;13;0;;
ПРОДУКТ;Сладкая курочка в апельсиновом соусе с рисом;193;8.2;6;26.5;0;;
ПРОДУКТ;Сладкая смесь Орехи и Сухофрукты;510;12;31;45;0;;
ПРОДУКТ;Сладки Прасковки;441;7.5;17.33;63.71;0;;
ПРОДУКТ;Сладкие кукурузные палочки;411;6.1;12.9;67.2;0;;
ПРОДУКТ;Сладкий Картофель Батат;158;3.4;4.9;25.2;0;;
ПРОДУКТ;Сладкий Крекер С Начинкой Шоко-Моко;470;7;19;67;0;;
ПРОДУКТ;Сладкий Рулет;379;4;13;61;0;;
ПРОДУКТ;Сладкий С Карамелью Попкорн;404;4.5;6.5;82;0;;
ПРОДУКТ;Сладкий Чили Соус;150;0.3;0.4;37;0;;
ПРОДУКТ;Сладко-солёный Попкорн;380;7;12;60;0;;
ПРОДУКТ;Сладости Мучные Барские Глазированные;320;6;13;45;0;;
ПРОДУКТ;Сладости восточные. Козинак подсолнечный;585;15.2;43.7;32.8;0;;
ПРОДУКТ;Сладости сахарные хлебцы хрустящие;439.4;7.9;20.4;56.2;0;;
ПРОДУКТ;Слайды из кокоса;523;6;27;64;0;;
ПРОДУКТ;Слайсы;408.36;7;7.9;74.7;0;;
ПРОДУКТ;Слайсы пшеничные;391.87;11.2;1.8;80.3;0;;
ПРОДУКТ;Слива;45.43;0.8;0.3;9.6;0;;
ПРОДУКТ;Слива 4 сезона без косточки;36.71;0.8;0.2;7.7;0;;
ПРОДУКТ;Слива половинки в лёгком сиропе;65.9;0.4;0.1;15.4;0;;
ПРОДУКТ;Сливенски гюбек с шарена сол и чили;320;23;24;3;0;;
ПРОДУКТ;Сливки;118;2.6;10;4.5;0;;
ПРОДУКТ;Сливки 10;118.07;2.8;10;4.5;0;;
ПРОДУКТ;Сливки 10% (нежирные;121.6;3;10;4;0;;
ПРОДУКТ;Сливки 10% эконива;118;2.6;10;4.3;0;;
ПРОДУКТ;Сливки 11;130;2.6;11;4.3;0;;
ПРОДУКТ;Сливки 15;160.2;2.6;15;3.7;0;;
ПРОДУКТ;Сливки 15% (маложирные;163.54;2.3;15;3.6;0;;
ПРОДУКТ;Сливки 20;206;2.6;20;4;0;;
ПРОДУКТ;Сливки 20% (средней жирности;212.45;2.8;20;3.7;0;;
ПРОДУКТ;Сливки 33% (классические;331.99;2.2;33;4;0;;
ПРОДУКТ;Сливки 35;336;2.1;35;3.2;0;;
ПРОДУКТ;Сливки 35% (жирные;347.7;2.5;35;3;0;;
ПРОДУКТ;Сливки 9;111.49;2.8;9;4;0;;
ПРОДУКТ;Сливки UHT 30% жирности;292;2.3;30;3.2;0;;
ПРОДУКТ;Сливки Вкуснотеево 33;322;2.2;33;4;0;;
ПРОДУКТ;Сливки Домик в деревне 20;205;2.5;20;3.7;0;;
ПРОДУКТ;Сливки Домик в деревне 200г пит.стерил.20;206;2.6;20;3.8;0;;
ПРОДУКТ;Сливки Из Натурального Молока;427;2.5;45;3;0;;
ПРОДУКТ;Сливки Питьевые;205;2.5;20;3.8;0;;
ПРОДУКТ;Сливки Простоквашино 10;122.83;2.8;10;4.5;0;;
ПРОДУКТ;Сливки Простоквашино 20;212.45;2.5;20;4;0;;
ПРОДУКТ;Сливки Сарафаново;119;3;10;4.2;0;;
ПРОДУКТ;Сливки Село зеленое 10;118;2.6;10;4.5;0;;
ПРОДУКТ;Сливки безлактозные 10;118;2.6;10;4.5;0;;
ПРОДУКТ;Сливки взбитые;270.61;3.2;22.2;12.5;0;;
ПРОДУКТ;Сливки для кофе 10;117.11;2.6;10;4.1;0;;
ПРОДУКТ;Сливки кокосовые Aroy-D;221.33;1.6;21;4.8;0;;
ПРОДУКТ;Сливки питьевые стерилизованные для кофе порционные. Массовая доля жира 10;120;2.8;10;4.4;0;;
ПРОДУКТ;Сливки питьевые ультра-пастеризованные с массовой долей жира 20;205;2.5;20;3.8;0;;
ПРОДУКТ;Сливки свитлогорье;120;2.6;10;4.3;0;;
ПРОДУКТ;Сливки сгущенные с сахаром;418.82;6.1;19;53;0;;
ПРОДУКТ;Сливки соевые сухие Здоровое питание;514.88;3.4;25.5;64.4;0;;
ПРОДУКТ;Сливки сухие;598.81;23;42.7;26.3;0;;
ПРОДУКТ;Сливки сухие высокожирные;778.75;10;75;10;0;;
ПРОДУКТ;Сливки ультрапастеризованные с сахаром взбитые;238;2.5;20;12;0;;
ПРОДУКТ;Сливовая лента;340;1;0.2;83;0;;
ПРОДУКТ;Сливовица;3.39;0.1;0.1;0.5;0;;
ПРОДУКТ;Сливовый компот;100.04;0.5;0;23.9;0;;
ПРОДУКТ;Сливовый нектар;45.51;0.1;0;11;0;;
ПРОДУКТ;Сливовый сок;42.64;0.8;0;9.6;0;;
ПРОДУКТ;Сливочная Помадка;441;2.6;19;65;0;;
ПРОДУКТ;Сливочная помадка с цукатом;420;4;14;70;0;;
ПРОДУКТ;Сливочно-чесночный соус;278.6;0.8;25;12.6;0;;
ПРОДУКТ;Сливочное масло Верея;742;0.9;82;0.1;0;;
ПРОДУКТ;Сливочное масло Президент;745;0.7;82;1;0;;
ПРОДУКТ;Сливочное масло Сваля82;743;0.6;82;0.7;0;;
ПРОДУКТ;Сливочное масло Тысяча Озёр;748;0.6;82.5;0.8;0;;
ПРОДУКТ;Сливочное масло немецкое Deutsche;749;0.5;82.5;1;0;;
ПРОДУКТ;Сливочный Йогурт Со Свежей Голубикой;99.1;2.9;5.5;9.5;0;;
ПРОДУКТ;Сливочный Йогурт Со Свежей Малиной;99.4;2.8;5;10.8;0;;
ПРОДУКТ;Сливочный Легкий;260;28;16;0;0;;
ПРОДУКТ;Сливочный Плавленный Сыр;160;15.5;8.5;5.5;0;;
ПРОДУКТ;Сливочный Плавленый Сыр Protein;246;15;17.5;7;0;;
ПРОДУКТ;Сливочный Сыр С Зеленью;182;4.6;16.2;4.5;0;;
ПРОДУКТ;Сливочный плавленый сыр;245;7;20;9;0;;
ПРОДУКТ;Сливочный сыр Philadelphia;226;5.4;21;4.3;0;;
ПРОДУКТ;Сливушка вязанка;190;11;16;0;0;;
ПРОДУКТ;Слобода для жарки и салатов;899;0.01;99.9;0.01;0;;
ПРОДУКТ;Слобода йогурт вишня;90;3;2.5;13.3;0;;
ПРОДУКТ;Слойка «Завиток с луком и укропом;429.02;7.66;21.5;51.15;0;;
ПРОДУКТ;Слойка «Латис» с начинкой со вкусом абрикоса;396.5;4.7;15.3;59;0;;
ПРОДУКТ;Слойка Апельсинка;298;5.3;9.6;46.4;0;;
ПРОДУКТ;Слойка Истринская с начинкой яблоко;390;5;16;57;0;;
ПРОДУКТ;Слойка Конвертик;360;5.5;14;53;0;;
ПРОДУКТ;Слойка Конвертик с клубничным конфитюром;360;5.5;14;53;0;;
ПРОДУКТ;Слойка Коса Русская;352.48;7.4;12.3;50.7;0;;
ПРОДУКТ;Слойка Круассан с варёной сгущёнкой;417.07;2.3;20.4;53.2;0;;
ПРОДУКТ;Слойка Ракушка;352.83;5.6;13;51;0;;
ПРОДУКТ;Слойка Ракушка с шоколадом;364.69;5.3;14.1;51.7;0;;
ПРОДУКТ;Слойка С Сыром;480;10;27;48;0;;
ПРОДУКТ;Слойка Свердловская;353.49;7.3;13.3;51.1;0;;
ПРОДУКТ;Слойка Свердловская Черёмушки;363;7.3;13.3;51.1;0;;
ПРОДУКТ;Слойка Улитка;364.66;6.5;15.2;48;0;;
ПРОДУКТ;Слойка Улыбка;380.42;16.3;10.1;53.6;0;;
ПРОДУКТ;Слойка Французская с абрикосовым конфитюром;367;5;15.5;52;0;;
ПРОДУКТ;Слойка венская;318.8;5.1;8.3;56.1;0;;
ПРОДУКТ;Слойка касторогом и лимоном;470;10;28.5;44;0;;
ПРОДУКТ;Слойка с малиной;294.46;4.7;6.6;54;0;;
ПРОДУКТ;Слойка с сыром Хачапури;410;9.5;24;39;0;;
ПРОДУКТ;Слойка французская с малиновой начинкой;340;5;15;46;0;;
ПРОДУКТ;Слойка-тарт со сливочным кремом и ягодами;240;3.5;14;24;0;;
ПРОДУКТ;Слоёное тесто бездрозжевое;370;5.3;21.9;37.9;0;;
ПРОДУКТ;Слоёные трубочки со сливотным кремом Естественно Нежно;538.6;7.61;30.92;57.46;0;;
ПРОДУКТ;Слоёный Десерт С Морковью;419;7.5;21.2;50;0;;
ПРОДУКТ;Слус кунжутный;411;2.1;38.5;13.6;0;;
ПРОДУКТ;Сматанник с малиной;221.9;5.3;4.3;40.5;0;;
ПРОДУКТ;Смесь 5 видов отрубей Верное средство;164.8;15;4.5;15;0;;
ПРОДУКТ;Смесь BSN Evotest;205;0;0;50;0;;
ПРОДУКТ;Смесь BSN N.O.-Xplode 2.0;182.04;0;0;44.4;0;;
ПРОДУКТ;Смесь BSN N.O.-Xplode 2.0 Caffeine Free;182.04;0;0;44.4;0;;
ПРОДУКТ;Смесь BSN Volumaize;277.98;0;0;67.8;0;;
ПРОДУКТ;Смесь Bravolli суповая;333.73;18;1.5;60;0;;
ПРОДУКТ;Смесь CytoSport Fast Twich;320.62;13;0;65.2;0;;
ПРОДУКТ;Смесь Herbalife Протеиновая Формула 3;395.42;83;4.3;3.7;0;;
ПРОДУКТ;Смесь Multipower BCAA Powder;336.2;60;0;22;0;;
ПРОДУКТ;Смесь Multipower Muscle Effect;325.35;32.7;0.2;46.2;0;;
ПРОДУКТ;Смесь Muscletech Anotest Performance;58.63;0;0;14.3;0;;
ПРОДУКТ;Смесь Muscletech Cell Tech Hardcore Pro;315.7;0;0;77;0;;
ПРОДУКТ;Смесь Muscletech Cell Tech Performance;318.16;0;0;77.6;0;;
ПРОДУКТ;Смесь Muscletech Meso-Tech Complete;413.73;51.3;3.8;41;0;;
ПРОДУКТ;Смесь Nan Pre;520.75;14.5;26;53.6;0;;
ПРОДУКТ;Смесь Nan безлактозный;516.79;10.8;25;58.6;0;;
ПРОДУКТ;Смесь Nan-1;533.67;9.6;27.7;57.8;0;;
ПРОДУКТ;Смесь Nan-1 гипоаллергенный;526.9;9.7;26;59.9;0;;
ПРОДУКТ;Смесь Nan-1 кисломолочный;533.67;10.4;27.7;57;0;;
ПРОДУКТ;Смесь Nan-2;493.3;10.8;21.5;60.8;0;;
ПРОДУКТ;Смесь Nan-2 гипоаллергенный;507.72;11.1;22.7;61.3;0;;
ПРОДУКТ;Смесь Nan-2 кисломолочный;509.63;11.2;23.7;59.4;0;;
ПРОДУКТ;Смесь Neocate Advance сухая;415.55;10;14.5;58.5;0;;
ПРОДУКТ;Смесь Neocate LCP сухая;496.15;13;24.5;52.5;0;;
ПРОДУКТ;Смесь Nestogen-1 сухая адаптированная молочная с пребиотиками;512.96;10.5;26;55.7;0;;
ПРОДУКТ;Смесь Nestogen-2 сухая адаптированная молочная с пребиотиками;485.92;11.8;21.5;58;0;;
ПРОДУКТ;Смесь NutriniDrink Multi Fibre с нейтральным вкусом;154.19;3.4;6.8;18.8;0;;
ПРОДУКТ;Смесь NutriniDrink Multi Fibre со вкусом банана;153.78;3.3;6.8;18.8;0;;
ПРОДУКТ;Смесь NutriniDrink Multi Fibre со вкусом клубники;153.78;3.3;6.8;18.8;0;;
ПРОДУКТ;Смесь NutriniDrink Multi Fibre со вкусом шоколада;153.78;3.3;6.8;18.8;0;;
ПРОДУКТ;Смесь Optimum After Max;384.24;42.1;4.2;42.1;0;;
ПРОДУКТ;Смесь Optimum Pre-Load Creatine Complex;302.17;0;0;73.7;0;;
ПРОДУКТ;Смесь Pepticate сухая;529.96;14;27.3;53.4;0;;
ПРОДУКТ;Смесь PureProtein для приготовления блинов Protein Pancakes;348.57;35;2.7;43.9;0;;
ПРОДУКТ;Смесь «Мексиканская» свежезамороженная;48.9;3.1;0.1;8.9;0;;
ПРОДУКТ;Смесь Агуша Gold-1 молочная;534.82;11;28;56;0;;
ПРОДУКТ;Смесь Агуша Gold-2 молочная;505.86;12.4;22.5;60;0;;
ПРОДУКТ;Смесь Агуша Original-1 молочная;535.95;10.8;26.4;60.1;0;;
ПРОДУКТ;Смесь Агуша Original-2 молочная;503.82;11.8;22.5;60.1;0;;
ПРОДУКТ;Смесь Агуша-1 кисломолочная адаптированная жидкая;67.78;1.4;3.5;7.2;0;;
ПРОДУКТ;Смесь Агуша-1 молочная стерилизованная жидкая;67.67;1.4;3.4;7.4;0;;
ПРОДУКТ;Смесь Агуша-2 кисломолочная последующая адаптированная жидкая;75.87;1.8;3.4;9;0;;
ПРОДУКТ;Смесь Агуша-2 молочная стерилизованная жидкая;69.39;1.6;3.1;8.3;0;;
ПРОДУКТ;Смесь Айсберг/Романо овощная свежая резаная;17;1.5;0.2;2.3;0;;
ПРОДУКТ;Смесь Быстрозамороженная Для Смузи, Банан-Питахайа-Ананас-Манго;61;0.9;0.2;13.9;0;;
ПРОДУКТ;Смесь Грибной дуэт Планета Витаминов Маслята и Опята;107.21;5.7;4.7;9.8;0;;
ПРОДУКТ;Смесь Замороженная Картофель с Грибами А-ля Рус;59;2;0.2;12;0;;
ПРОДУКТ;Смесь Карибская;64;4;0;11;0;;
ПРОДУКТ;Смесь Картошка По Деревенски;77.7;4.62;0.67;13.3;0;;
ПРОДУКТ;Смесь Минестроне;41;2.1;0.3;7.5;0;;
ПРОДУКТ;Смесь Овощи По-деревенски;80;3;0.5;16;0;;
ПРОДУКТ;Смесь Овощная Быстрозамороженная Летняя;27;2.5;0.1;3.9;0;;
ПРОДУКТ;Смесь Овощная Быстрозамороженная Повощи По Деревенски;49.5;2.2;0.3;9.5;0;;
ПРОДУКТ;Смесь Овощная Гавайская;220;6.5;2;45;0;;
ПРОДУКТ;Смесь Орехов;619.7;17.5;54.5;14.8;0;;
ПРОДУКТ;Смесь Орехов И Цукатов;470;12;24;52;0;;
ПРОДУКТ;Смесь Орехово-Фруктовая (Миндаль, Кешью, Вишня;516;14.5;33.2;39.7;0;;
ПРОДУКТ;Смесь Семян Для Салата;610;21;50;20;0;;
ПРОДУКТ;Смесь Сухофрукты и орехи;470;11;26;47;0;;
ПРОДУКТ;Смесь Хлопьев Мультизлаковая;339.5;11;3.5;66;0;;
ПРОДУКТ;Смесь для выпечки Панкейки;360;7;5;72;0;;
ПРОДУКТ;Смесь для низкоуглеводной выпечки Пампушек.нет;260.5;36;11.8;0.8;0;;
ПРОДУКТ;Смесь для приготовления чая «Глинтвейн;260;1;0.4;64;0;;
ПРОДУКТ;Смесь для смузи с маракуйей;57;0.8;0.8;13;0;;
ПРОДУКТ;Смесь для смузи ягодно-фруктовая с манго;47.8;0.6;0.2;10.9;0;;
ПРОДУКТ;Смесь для творожного пирога и запеканки Творопыш Dr.Oetker;362.03;0.5;0;87.8;0;;
ПРОДУКТ;Смесь жаренных орехов (миндаль, фундук, кешью;653;19.4;57.4;14.8;0;;
ПРОДУКТ;Смесь зерновых хлопьев «7 злаков» «0 минут варки;341.78;10;2;67;0;;
ПРОДУКТ;Смесь из 3-х видов отрубей Myllyn Paras;264.54;16.6;6.1;34.1;0;;
ПРОДУКТ;Смесь из орехов с фисташкой;642;18.1;57.2;13.8;0;;
ПРОДУКТ;Смесь из ягод и фруктов фрутамин;45;0.7;0.3;9;0;;
ПРОДУКТ;Смесь молочная стерилизованная адаптированная начальная;66.2;1.4;3.4;7.5;0;;
ПРОДУКТ;Смесь мучная Гарнец Белый хлеб;355.2;4.5;0.5;81;0;;
ПРОДУКТ;Смесь мучная Гарнец Серый хлеб;341.39;6;1;75;0;;
ПРОДУКТ;Смесь мучная Гарнец Черемуховый торт;346.99;2.5;0.5;81;0;;
ПРОДУКТ;Смесь овощная «Гавайская;86.3;2.9;0.3;18;0;;
ПРОДУКТ;Смесь овощная «Гавайская» быстрозамороженная;101.6;3.8;0.8;19.8;0;;
ПРОДУКТ;Смесь овощная «Для завтрака с томатами;33.2;0.6;0.8;5.9;0;;
ПРОДУКТ;Смесь овощная «Карибская;64;4;0;11;0;;
ПРОДУКТ;Смесь овощная «Мексиканская;49;2.4;0.4;9;0;;
ПРОДУКТ;Смесь овощная «Овощное рагу в соусе «По-деревенски» быстро замороженная;79.1;1;5.9;5.5;0;;
ПРОДУКТ;Смесь овощная Итальянский микс;45.9;2.3;0.3;8.5;0;;
ПРОДУКТ;Смесь овощная Паприкаш , быстрозамороженная;50.9;3.5;0.1;9;0;;
ПРОДУКТ;Смесь овощная Пиринейская смесь быстрозамороженная;61;3;1;10;0;;
ПРОДУКТ;Смесь овощная быстрозамороженная «Мексиканская смесь;49;3.1;0.1;8.9;0;;
ПРОДУКТ;Смесь овощная быстрозамороженная «Пиринейская с соусом;62;1.9;1.8;9.5;0;;
ПРОДУКТ;Смесь овощная быстрозамороженная: Весенние овощи;55;3;0.3;10;0;;
ПРОДУКТ;Смесь овощная замороженная Рататуй;17;1.1;0.2;2.7;0;;
ПРОДУКТ;Смесь орехов и сушеных ягод;567;13.3;36.7;33.3;0;;
ПРОДУКТ;Смесь орехово-фруктовая;550;9.5;36;46;0;;
ПРОДУКТ;Смесь орехово-фруктовая из арахиса,винограда сушеного, чипсов банановых, ананаса сушеного, ядер ореха кешью жареных, ядер орехов миндаля, ядер орехов фундука жареных;460;15;27;38;0;;
ПРОДУКТ;Смесь риса бурого и дикого;340;8;2;72;0;;
ПРОДУКТ;Смесь семян;550;20;46;18;0;;
ПРОДУКТ;Смесь сиамская (тайская;231.45;10.9;3.2;38.3;0;;
ПРОДУКТ;Смесь хлебопекарская Зернопан;443.8;24.3;20.1;38.4;0;;
ПРОДУКТ;Смесь чечевицы;294;23;1.7;42.4;0;;
ПРОДУКТ;Сметана;210;2.7;20;4.5;0;;
ПРОДУКТ;Сметана 10;119;3;10;4.2;0;;
ПРОДУКТ;Сметана 10% (нежирная;117.09;3;10;2.9;0;;
ПРОДУКТ;Сметана 15;163;2.9;15;4;0;;
ПРОДУКТ;Сметана 15 % термостатная;160.13;2.6;15;3.6;0;;
ПРОДУКТ;Сметана 15% (маложирная;162.31;2.6;15;3;0;;
ПРОДУКТ;Сметана 15% PREZIDENT;160;2.2;15;4;0;;
ПРОДУКТ;Сметана 18;192.23;2.5;18;3.6;0;;
ПРОДУКТ;Сметана 20;205;2.9;20;3.4;0;;
ПРОДУКТ;Сметана 20% (средней жирности;210.4;2.8;20;3.2;0;;
ПРОДУКТ;Сметана 25;247;2.4;25;3.2;0;;
ПРОДУКТ;Сметана 25% (классическая;253.16;2.6;25;2.5;0;;
ПРОДУКТ;Сметана 30;301.25;2.4;30;3.1;0;;
ПРОДУКТ;Сметана 40% (жирная;392.1;2.4;40;2.6;0;;
ПРОДУКТ;Сметана «Отборная» 20;210;2.7;20;4.5;0;;
ПРОДУКТ;Сметана Авторский рецепт;289.6;2.3;30;2.6;0;;
ПРОДУКТ;Сметана БМ 20;204;2.5;20;3.4;0;;
ПРОДУКТ;Сметана Бор Чвор;210;3.3;20;4.3;0;;
ПРОДУКТ;Сметана Вологодская;160;2.6;15;3.6;0;;
ПРОДУКТ;Сметана Домашняя 15;157;2.5;15;3.1;0;;
ПРОДУКТ;Сметана Ирбитская 20;200.76;2.5;20;3.4;0;;
ПРОДУКТ;Сметана Легкая;90;3.4;6;5.6;0;;
ПРОДУКТ;Сметана Пармалат 15;161;2.6;15;4;0;;
ПРОДУКТ;Сметана Простоквашино 15;165.18;2.7;15;3.6;0;;
ПРОДУКТ;Сметана Славянка ДЕПовская обогащённая бифидобактериями;203;2.5;20;3.2;0;;
ПРОДУКТ;Сметана Стаканчик 20;204;2.4;20;3.4;0;;
ПРОДУКТ;Сметана Яготинська , 15% жиру;159;2.9;15;3;0;;
ПРОДУКТ;Сметана безлактозная 20;203.2;2.4;20;3.4;0;;
ПРОДУКТ;Сметана и лук;500;6;28;57;0;;
ПРОДУКТ;Сметана из отборных сливок и закваски 30;292;2.3;30;3.1;0;;
ПРОДУКТ;Сметана из свежих сливок 15;157.74;2.6;15;3.6;0;;
ПРОДУКТ;Сметана из свежих сливок 20;204;2.5;20;3.4;0;;
ПРОДУКТ;Сметана м. д. ж. 15;160.13;3;15;3.5;0;;
ПРОДУКТ;Сметана м. д. ж. 20;203.15;2.5;20;3.5;0;;
ПРОДУКТ;Сметана м. д. ж. 30;289.2;2;30;3;0;;
ПРОДУКТ;Сметана м.д.ж. 15;160.13;3;15;3.5;0;;
ПРОДУКТ;Сметана массовая доля жира 15;159.8;2.6;15;3.6;0;;
ПРОДУКТ;Сметана президент 30;292;2.3;30;3.1;0;;
ПРОДУКТ;Сметана с м. д. ж. 19;191.2;2.5;19;3.3;0;;
ПРОДУКТ;Сметана с массовой долей жира 15;159.8;2.6;15;3.6;0;;
ПРОДУКТ;Сметана сливочная;160;2.6;15;3.6;0;;
ПРОДУКТ;Сметана сливочная 15;160;2.6;15;3.6;0;;
ПРОДУКТ;Сметана сливочная 20;200;2.5;20;3.4;0;;
ПРОДУКТ;Сметана “President;204;2.2;20;3.8;0;;
ПРОДУКТ;Сметана, «то, что надо;160;2.6;15;3.6;0;;
ПРОДУКТ;Сметана. Массовая доля жира 20;204;2.5;20;3.4;0;;
ПРОДУКТ;Сметанник;225;10.1;12.5;17.9;0;;
ПРОДУКТ;Сметанник С Вишней;337.8;5.2;15.8;43.7;0;;
ПРОДУКТ;Сметанный продукт;202;2.2;20;3.3;0;;
ПРОДУКТ;Сметанный соус Мегле;206;3;20;3.6;0;;
ПРОДУКТ;Смородина белая;36.71;0.5;0.2;8;0;;
ПРОДУКТ;Смородина красная;35;0.6;0.2;7.7;0;;
ПРОДУКТ;Смородина чёрная;37.75;1;0.4;7.3;0;;
ПРОДУКТ;Смородина чёрная 4 сезона;30.97;1;0.2;6.1;0;;
ПРОДУКТ;Смородина чёрная Hortex;35.89;1.3;0.2;7;0;;
ПРОДУКТ;Смородиновое желе;102.4;0.2;0;25.4;0;;
ПРОДУКТ;Сморчки свежие;26.98;1.7;0.3;4.2;0;;
ПРОДУКТ;Смузи «Ананас-Банан» на яблочном соке;66.9;0.5;0.1;16;0;;
ПРОДУКТ;Смузи «Груша-Гуава» на яблочном соке;54.7;1.2;0.3;11.8;0;;
ПРОДУКТ;Смузи «Манго-Апельсин;59.4;0.6;0.2;13.8;0;;
ПРОДУКТ;Смузи «Морковь-Ананас-Банан;45.3;0.8;0.1;10.3;0;;
ПРОДУКТ;Смузи «Морковь-Кокос;107.7;1.2;6.9;10.2;0;;
ПРОДУКТ;Смузи Банан-Груша-Шпинат на Яблочном Соке;46.8;0.6;0.2;10.8;0;;
ПРОДУКТ;Смузи Киви Следьерей;36.6;0.5;0.2;8.2;0;;
ПРОДУКТ;Смузи Киви-Ананас;44.6;0.4;0.2;10.3;0;;
ПРОДУКТ;Смузи Манго-Маракуйя;58.2;0.5;0.2;13.6;0;;
ПРОДУКТ;Смузи Матча Манго;73;0.9;3.9;8.7;0;;
ПРОДУКТ;Смузи протеиновый Дыня-Персик-Банан;53.2;2.8;0.4;9.6;0;;
ПРОДУКТ;Смузи протеиновый клубника-банан на яблочной основе;63.9;4.8;0.3;10.5;0;;
ПРОДУКТ;Смядовкса Луканка;407;26;33;2;0;;
ПРОДУКТ;Снег японский васаби эндо арарэ;370;7.7;18.5;43.3;0;;
ПРОДУКТ;Снежный краб в классическом соусе;430;2;4.3;9.5;0;;
ПРОДУКТ;Снежный краб крабовые палочки;101;9;1.9;11.9;0;;
ПРОДУКТ;Снежок;77;2.6;2.5;11;0;;
ПРОДУКТ;Снежок 2,5 % сладкий;74.57;2.9;2.5;10;0;;
ПРОДУКТ;Снежок 2.5;77.44;2.8;2.5;11;0;;
ПРОДУКТ;Снежок Домик в деревне продукт кисломолочный сладкий;76.11;2.9;2.5;10;0;;
ПРОДУКТ;Снежок Фермерский;87;2.8;3.5;11;0;;
ПРОДУКТ;Снежок на натуральной закваске 2,5;74.57;2.9;2.5;10;0;;
ПРОДУКТ;Снек Brunch з солодким перцем;380;5;12;50;0;;
ПРОДУКТ;Снек Кукурузный Со Вкусом Сыр;461.6;7.2;22;56;0;;
ПРОДУКТ;Снеки Кинг Наггетс;283.06;16;16.7;15.2;0;;
ПРОДУКТ;Снеки Крылышки Кинг;227.31;21.8;13.7;2.6;0;;
ПРОДУКТ;Снеки Луковые колечки Бургер Кинг;301.09;5.2;13.3;38.1;0;;
ПРОДУКТ;Снеки из муки твердой пшеницы со вкусом томата спайси;390;13;18;50;0;;
ПРОДУКТ;Снеки острые бараньи ребрышки;432;5.6;25.9;44.2;0;;
ПРОДУКТ;Снеки премьер крабики;511;5;27;62;0;;
ПРОДУКТ;Снеки японские «Оригинальные;483;7.5;29;23;0;;
ПРОДУКТ;Снеки японские «Паприка;483;7.5;29;23;0;;
ПРОДУКТ;Сникерс;493.75;8;25;59.38;0;;
ПРОДУКТ;Сникерс большой;494;8.1;25;59;0;;
ПРОДУКТ;Сникерс супер;494;8.1;25;59;0;;
ПРОДУКТ;Сновское молоко;62.4;2.8;3.6;4.7;0;;
ПРОДУКТ;Со вкусом Клубника;72;2.6;1.5;12;0;;
ПРОДУКТ;Соба;380;12;2.5;70;0;;
ПРОДУКТ;Соба лапша гречневая;350;15;1;71;0;;
ПРОДУКТ;Соевая спаржа (Фучжу;397.91;42;19;12;0;;
ПРОДУКТ;Соевое мясо;370;48;1;31;0;;
ПРОДУКТ;Соевые палочки со вкусом томата;570;9;36;51;0;;
ПРОДУКТ;Соевые палочки соленые;570;9;36;51;0;;
ПРОДУКТ;Соевый Yo'gurt клубничный;110;5;5;11;0;;
ПРОДУКТ;Соевый yo'gurt Ягодный микс;100;5;5;8.5;0;;
ПРОДУКТ;Соевый Соус Легкий;50;3;0;9.5;0;;
ПРОДУКТ;Соевый бефстроганов;320;46;1.3;32;0;;
ПРОДУКТ;Соевый гуляш;251.9;48.9;2.3;8.9;0;;
ПРОДУКТ;Соевый напиток;20.32;2.6;0.5;1.3;0;;
ПРОДУКТ;Соевый напиток с кальцием;31;3.4;1.7;0.9;0;;
ПРОДУКТ;Соевый соус;246;2.8;0;58;0;;
ПРОДУКТ;Соевый соус SanBonsai Классический;55;3.5;0;10;0;;
ПРОДУКТ;Соевый соус Терияки;105;2.3;0;24;0;;
ПРОДУКТ;Соевый соус для суши «Сэнсой;58;3.5;0;11;0;;
ПРОДУКТ;Соевый соус классический;55;2.5;0;11;0;;
ПРОДУКТ;Соевый стейк со вкусом курицы;310;49;2.5;9;0;;
ПРОДУКТ;Соевый фарш Сойка сухой 50;297.38;50;2;18;0;;
ПРОДУКТ;Сок Бабушкино Лукошко Яблоко Брусника;41;0;0;10;0;;
ПРОДУКТ;Сок Бабушкино Лукошко Яблоко Ежевика;44.28;0;0;10.8;0;;
ПРОДУКТ;Сок Бабушкино Лукошко Яблоко Черника;44.28;0;0;10.8;0;;
ПРОДУКТ;Сок Грейпфрут-Лимон-Имбирь;25.3;0.7;0.1;5.4;0;;
ПРОДУКТ;Сок Добрый яблоко-персик маленький смотка на дет питании;40;0;0;10;0;;
ПРОДУКТ;Сок Портокал;47;0;0;11.2;0;;
ПРОДУКТ;Сок Сады Придонья Яблоко-Шиповник;47.15;0;0;11.5;0;;
ПРОДУКТ;Сок Сады Придонья Яблочно-виноградный;47.15;0;0;11.5;0;;
ПРОДУКТ;Сок Сады Придонья Яблочно-персиковый с мякотью;47.15;0;0;11.5;0;;
ПРОДУКТ;Сок Сады Придонья Яблочный из зелёных яблок;47.15;0;0;11.5;0;;
ПРОДУКТ;Сок ФрутоНяня из яблок и абрикосов с мякотью;49.2;0;0;12;0;;
ПРОДУКТ;Сок Яблоко-Манго;48.9;0;0.1;12;0;;
ПРОДУКТ;Сок ананасовый;50;0;0;13;0;;
ПРОДУКТ;Сок ананасовый прямого отжима;56;0.5;0.25;13.5;0;;
ПРОДУКТ;Сок апельсиновый;44.8;0;0;11.2;0;;
ПРОДУКТ;Сок апельсиновый с мякотью;35;0;0;9;0;;
ПРОДУКТ;Сок апельсиновый свежевыжатый;46.2;0.7;0.2;10.4;0;;
ПРОДУКТ;Сок берёзовый с сахарам;25;0;0;6;0;;
ПРОДУКТ;Сок гранатовый;65;0.3;0.1;16;0;;
ПРОДУКТ;Сок грейпфрутовый;36;0.6;0;8.5;0;;
ПРОДУКТ;Сок грейпфрутовый свежевыжатый;39.7;0.5;0.1;9.2;0;;
ПРОДУКТ;Сок из апельсина восстановленный;43;0.7;0;10;0;;
ПРОДУКТ;Сок из красного винограда изабелла холодного отжима;63;0.7;0;15;0;;
ПРОДУКТ;Сок из личи восстановленный;46;0;0;11.6;0;;
ПРОДУКТ;Сок из смеси фруктов восстановленный;47;0;0;11;0;;
ПРОДУКТ;Сок из шелковицы холодного отжима Organic;66;1.4;0;15;0;;
ПРОДУКТ;Сок из яблока восстановленный;46;0.3;0;11;0;;
ПРОДУКТ;Сок киви;43.79;0;0.3;10;0;;
ПРОДУКТ;Сок лимона;28;0.4;0.1;6.5;0;;
ПРОДУКТ;Сок мультифруктовый с мякоть восстановленный;45.41;0;0;11.5;0;;
ПРОДУКТ;Сок нони;44.2;0.1;0.3;10;0;;
ПРОДУКТ;Сок овощная смесь Золотая Русь;20.5;0;0;5;0;;
ПРОДУКТ;Сок овощная смесь Тонус Active;25.42;0;0;6.2;0;;
ПРОДУКТ;Сок овощной Mr. Овощ с солью, сладким перцем и чесноком;20.5;0;0;5;0;;
ПРОДУКТ;Сок от плодове;45;0.4;0;10.3;0;;
ПРОДУКТ;Сок папайи;57.1;0.4;0.1;13.3;0;;
ПРОДУКТ;Сок персик-яблоко;49.2;0.4;0;11.8;0;;
ПРОДУКТ;Сок петрушки;50.05;3.7;0.4;7.6;0;;
ПРОДУКТ;Сок прямого отжима апельсиновый с мякотью;40.4;0.6;0;9.3;0;;
ПРОДУКТ;Сок сельдерея;25.34;0.7;0.3;4.8;0;;
ПРОДУКТ;Сок томатный восстановленный с мякотью, солью и сахаром;20;0;0;3.5;0;;
ПРОДУКТ;Сок томатный с солью;19.31;0.86;0.26;2.5;0;;
ПРОДУКТ;Сок томатный спелый томат;20;0.4;0;5;0;;
ПРОДУКТ;Сок яблоко Ама мама без добавления сахара;45;0;0;11.2;0;;
ПРОДУКТ;Сок яблоко-лайм прямого отжима;48.4;0.1;0;12;0;;
ПРОДУКТ;Сок яблочно-виноградный;46;0;0;11.5;0;;
ПРОДУКТ;Сок яблочно-грушевый с мякотью восстановленный;46;0;0;11.5;0;;
ПРОДУКТ;Сок яблочный;42;0.5;0.1;10.5;0;;
ПРОДУКТ;Сок яблочный из зелёных яблок осветлённый восстановленный;46;0;0;11.5;0;;
ПРОДУКТ;Сок яблочный прямого отжима;44;0;0;11;0;;
ПРОДУКТ;Сок яблочный прямого отжима с мякотью;43.5;0.4;0;10.5;0;;
ПРОДУКТ;Сокосодержащий напиток из смеси овощей с мякотью «Гаспачо» с солью и сахаром;22;0.66;0.22;4;0;;
ПРОДУКТ;Солезаменитель «Зелёный;5.5;0.8;0.17;0.19;0;;
ПРОДУКТ;Соленая Карамель;292.2;3.9;16.7;30;0;;
ПРОДУКТ;Соленая Карамель С Арахисом;153.3;15;7.5;6.5;0;;
ПРОДУКТ;Соленики;364;10.8;15;49.4;0;;
ПРОДУКТ;Соленки с кашкавал;500;9;28;54;0;;
ПРОДУКТ;Соленые Огурцы;16;0.6;0;2.6;0;;
ПРОДУКТ;Солнечная деревенька медовая с перцем;215.11;0;0;1;0;;
ПРОДУКТ;Солнечник;97.93;18.9;2.2;0;0;;
ПРОДУКТ;Солод ржаной;323.57;9.8;1.2;66.4;0;;
ПРОДУКТ;Солодка (корень;384.28;0;0.1;93.5;0;;
ПРОДУКТ;Солодка (лакрица;382.23;0;0.1;93;0;;
ПРОДУКТ;Соломка;342.26;12;1.3;70.5;0;;
ПРОДУКТ;Соломка Lorenz картофельная с солью;509;5.6;30;52;0;;
ПРОДУКТ;Соломка «С кунжутом;382.9;9.5;4.9;75.2;0;;
ПРОДУКТ;Соломка из натурального картофеля с паприкой;500.24;5.9;29;52;0;;
ПРОДУКТ;Соломка с маком;390;9;9;68;0;;
ПРОДУКТ;Соломка соленая;355.05;9.4;4.5;67;0;;
ПРОДУКТ;Солона Карамель;296;1.8;20.7;25.4;0;;
ПРОДУКТ;Соль Адыгейская Абадзехская;30.5;6.5;0.5;0;0;;
ПРОДУКТ;Соль гималайская розовая;4.21;0.1;0.1;0.7;0;;
ПРОДУКТ;Соль чесночная;27.28;4.3;0.2;1.9;0;;
ПРОДУКТ;Солянка Домашняя;64.5;3.5;3.5;4.3;0;;
ПРОДУКТ;Солянка Из Свежей Капусты с Грибами;100;3.5;7;7;0;;
ПРОДУКТ;Солянка овоще-грибная из свежей капусты;108.9;3.6;7;7.1;0;;
ПРОДУКТ;Солянка овощная из квашеной капусты;138.13;3.3;10.5;6.6;0;;
ПРОДУКТ;Солянка рыбная;25.91;2.4;1.2;1.2;0;;
ПРОДУКТ;Солянка сборная мясная;71.02;5.2;4.6;1.7;0;;
ПРОДУКТ;Солёный миндаль и карамель (Молочный шоколад;517.45;6.3;29;57.5;0;;
ПРОДУКТ;Сом маринованный;116.31;11.4;7.4;0.2;0;;
ПРОДУКТ;Сорбент Клубника Яблоко;220;1;12;29;0;;
ПРОДУКТ;Сорбет Зеленый чай-Ананас-Имбирь;147.8;0.5;0.2;36;0;;
ПРОДУКТ;Сорбет Из Пюре Смородины И Яблока;119.3;0.1;0.01;29.7;0;;
ПРОДУКТ;Сорбет Клубника и базилик;120;0;0;28;0;;
ПРОДУКТ;Сорбет Лимон С Цедрой;140;0.4;0.4;34;0;;
ПРОДУКТ;Сорбет Малина;119;0.4;0.6;28;0;;
ПРОДУКТ;Сорбет Малина-личи;129.1;0.4;0.3;31.2;0;;
ПРОДУКТ;Сорбет Манго Груша;103.5;0.27;0.17;25.23;0;;
ПРОДУКТ;Сорбет Морошка;155;2.8;4.9;25;0;;
ПРОДУКТ;Сорбет Черная И Красная Смородина;125;1;1;28;0;;
ПРОДУКТ;Сорбет Юдзу;93.5;0.1;0.3;22.6;0;;
ПРОДУКТ;Сорбет жимолость без сахара;81;0.5;0.1;20;0;;
ПРОДУКТ;Сорбет манго;125;0;0;31;0;;
ПРОДУКТ;Сорбет манго-маракуйя;142.2;1.2;0.2;33.9;0;;
ПРОДУКТ;Сорбет ягодный Олонецкий особый из брусники;96.8;0.28;0.2;23.78;0;;
ПРОДУКТ;Сорго зерновое;351.28;11.8;3.3;66.4;0;;
ПРОДУКТ;Сормовское сливочное печенье;420;8;13;67;0;;
ПРОДУКТ;Сос Терияки;121;3.4;0.2;27;0;;
ПРОДУКТ;Соседи Куйбышева Xrus team;430;10;14;63;0;;
ПРОДУКТ;Сосики куриные;135;20.5;5.4;1.2;0;;
ПРОДУКТ;Сосиска;246;15;20;1.5;0;;
ПРОДУКТ;Сосиска с сыром;300;14.1;26.8;0.5;0;;
ПРОДУКТ;Сосиски;221.8;8;21;0.2;0;;
ПРОДУКТ;Сосиски «Фітнес» З Мʼясом Кролика;192;13.7;13.7;3.5;0;;
ПРОДУКТ;Сосиски «курица с овощами;142.7;15.3;7.5;3.5;0;;
ПРОДУКТ;Сосиски Баварская Легенда С Сыром;240.5;14.3;19.7;1.5;0;;
ПРОДУКТ;Сосиски Баварские;276;10;26;0.5;0;;
ПРОДУКТ;Сосиски Баварские оригинальные с сыром;319;8;31;0;0;;
ПРОДУКТ;Сосиски Баварские с сыром;218;11;18;3;0;;
ПРОДУКТ;Сосиски Варёные «Ретро;223;13.3;18.3;3.5;0;;
ПРОДУКТ;Сосиски Венские;241;11;21;2;0;;
ПРОДУКТ;Сосиски Венские Мини С Сыром Подкопченные;273;15;23;1.5;0;;
ПРОДУКТ;Сосиски Венские С Сыром;380.4;16.7;34.8;0.1;0;;
ПРОДУКТ;Сосиски Ветчинные С Сыром;193.8;14.5;14.2;2;0;;
ПРОДУКТ;Сосиски Грандос из индейки;200;13;16;1;0;;
ПРОДУКТ;Сосиски Детям с кроликом;240;13;21;0.01;0;;
ПРОДУКТ;Сосиски Из Грудки Индейки С Брокколи И Морковью;110.2;16.1;3.4;3.8;0;;
ПРОДУКТ;Сосиски Из Куриной Грудки;250;12;22;1;0;;
ПРОДУКТ;Сосиски Из Курицы И Филе Индейки Легкие;89;14;3;1.5;0;;
ПРОДУКТ;Сосиски Из курицы и индейки с сыром;157.3;16.3;9.7;1.2;0;;
ПРОДУКТ;Сосиски Из филе грудки куриной с цукини;139;19;5;4.5;0;;
ПРОДУКТ;Сосиски Итальянские;221;12;17;5;0;;
ПРОДУКТ;Сосиски Карапуз;242;12;20;3.4;0;;
ПРОДУКТ;Сосиски Классические С Молоком;465;14;45;1;0;;
ПРОДУКТ;Сосиски Куриные С Цукини;139;19;5;4.5;0;;
ПРОДУКТ;Сосиски Куриные Суперсила;100.5;15;4.5;0;0;;
ПРОДУКТ;Сосиски Курица Тут;190;10;15;4;0;;
ПРОДУКТ;Сосиски Лайт Из Индейки;140;13;9;2;0;;
ПРОДУКТ;Сосиски Молочные По-черкизовски;235.85;9.43;18.87;9.43;0;;
ПРОДУКТ;Сосиски Молочные Экстра;249;10;21;5;0;;
ПРОДУКТ;Сосиски Не мясо Hot Dog;140;9.3;10.4;2.3;0;;
ПРОДУКТ;Сосиски Подкопченые;235;12;19;4;0;;
ПРОДУКТ;Сосиски Протеиновые;104;14.8;3.2;4;0;;
ПРОДУКТ;Сосиски Рублёвские Альпийские белые с петрушкой;216.42;12;18;0;0;;
ПРОДУКТ;Сосиски С Картофельным Пюре И Кетчупом;147.69;4.31;9.85;10.46;0;;
ПРОДУКТ;Сосиски С Пюре И Кетчупом;147.69;4.31;9.85;10.46;0;;
ПРОДУКТ;Сосиски С Сыром;380;12;35;4;0;;
ПРОДУКТ;Сосиски Сливушки;180;11;15;0;0;;
ПРОДУКТ;Сосиски Сочные;304;14.8;26.4;1.9;0;;
ПРОДУКТ;Сосиски Супер сытные;160;8;12;5;0;;
ПРОДУКТ;Сосиски Троицкие;250;9;23;2.5;0;;
ПРОДУКТ;Сосиски Франкфуртские Из Мяса Птицы;286;12;26;1;0;;
ПРОДУКТ;Сосиски Щедрая Сибирь;218.34;12;16;5;0;;
ПРОДУКТ;Сосиски агрокомплекс с томатом;190;11;15;2;0;;
ПРОДУКТ;Сосиски варёные «Уплітайки з сиром;225;15;16.7;3.7;0;;
ПРОДУКТ;Сосиски говяжьи;232.65;10.4;20.1;0.8;0;;
ПРОДУКТ;Сосиски для жарки Не Мясо;64;8;2;1;0;;
ПРОДУКТ;Сосиски для жарки из курицы сливочно-пряные;128.8;17.3;6.4;0.5;0;;
ПРОДУКТ;Сосиски для хот-догов из курицы и говядины;178.8;17;12;0.7;0;;
ПРОДУКТ;Сосиски из индейки;210;15;15;3;0;;
ПРОДУКТ;Сосиски из кролика;116;15.6;6;0;0;;
ПРОДУКТ;Сосиски из курицы «морковь, тыква, шпинат;197.3;13.4;10.5;12.3;0;;
ПРОДУКТ;Сосиски из курицы со шпинатом и сыром фета;146.5;14.1;8.9;2.5;0;;
ПРОДУКТ;Сосиски классические;218;12;18;2;0;;
ПРОДУКТ;Сосиски классические молочные;205;11;17;2;0;;
ПРОДУКТ;Сосиски куриные;269.6;10.8;22.4;4.2;0;;
ПРОДУКТ;Сосиски куриные с картофельным пюре;148;8.6;8.4;9.5;0;;
ПРОДУКТ;Сосиски любительские;313.83;9;29.5;0.7;0;;
ПРОДУКТ;Сосиски молочные;296;11;28;0;0;;
ПРОДУКТ;Сосиски молочные Мясницкий ряд;305.22;11;28;0;0;;
ПРОДУКТ;Сосиски молочные классические;201;10;17;2;0;;
ПРОДУКТ;Сосиски на пару;152.5;16.8;8.9;1.3;0;;
ПРОДУКТ;Сосиски нежные со сливками;220;13;16;6;0;;
ПРОДУКТ;Сосиски обычные;217;13;18;1;0;;
ПРОДУКТ;Сосиски огонь запеченая корочка с молочным сыром;187;11;15;2;0;;
ПРОДУКТ;Сосиски особые;277.84;11.8;24.7;0;0;;
ПРОДУКТ;Сосиски папа может молочные премиум;211;10;19;0;0;;
ПРОДУКТ;Сосиски растительные Chiken;216;19;13;3.5;0;;
ПРОДУКТ;Сосиски русские;250.71;11.3;22;0;0;;
ПРОДУКТ;Сосиски с Макаронами и Кетчупом;230;6.5;11.8;24.2;0;;
ПРОДУКТ;Сосиски свиные;357.6;9.5;34.3;0;0;;
ПРОДУКТ;Сосиски сливочные;206;9;18;2;0;;
ПРОДУКТ;Сосиски сливочные по-черкизовски;249;10;21;5;0;;
ПРОДУКТ;Сосиски со сливками;333.2;17;30.4;0.9;0;;
ПРОДУКТ;Сосиски сочные с сыром моцарелла;190;12;16;1;0;;
ПРОДУКТ;Сосиски сочный гриль;187;10;15;3;0;;
ПРОДУКТ;Сосиски фермерские;196.22;10;14;7.5;0;;
ПРОДУКТ;Сосиски фирменные;164;11;12;3;0;;
ПРОДУКТ;Соте по-французски;75;1;3;11;0;;
ПРОДУКТ;Соус Astoria Карри с ананасом;318.06;0;30;9.6;0;;
ПРОДУКТ;Соус Astoria горчичный;185.8;0;20;0;0;;
ПРОДУКТ;Соус Dolmio томатный с грибами;37.53;1.6;0.2;7.1;0;;
ПРОДУКТ;Соус Dolmio томатный традиционный;48.98;1.5;1.3;7.5;0;;
ПРОДУКТ;Соус Kuhne Американский цезарь;230.49;2.8;21.5;4.7;0;;
ПРОДУКТ;Соус Monini Glaze бальзамический;155.39;0.1;0;37.8;0;;
ПРОДУКТ;Соус Mr. Ricco «Сырный;280;0.65;28;6;0;;
ПРОДУКТ;Соус Mutti томатный для пиццы;32.72;1.3;0.3;6;0;;
ПРОДУКТ;Соус Salsa;140;1.8;0.3;32;0;;
ПРОДУКТ;Соус «Ткемали;95;1.15;0;22.1;0;;
ПРОДУКТ;Соус Азиатский Острый Чили;151.3;1.4;0.1;36.2;0;;
ПРОДУКТ;Соус Американский бургер;250;1;20;14;0;;
ПРОДУКТ;Соус Дижонский;122;1.92;10.1;5.8;0;;
ПРОДУКТ;Соус Для Макарон;67.1;1.2;1.1;13.1;0;;
ПРОДУКТ;Соус Для Цыпленка Чатни-Груша;150;0.4;0.4;37;0;;
ПРОДУКТ;Соус Карбонара;304;0.5;30;8;0;;
ПРОДУКТ;Соус Кимчи;98;2;1;20.3;0;;
ПРОДУКТ;Соус Кисло Солодкий;154;0.5;0.5;38;0;;
ПРОДУКТ;Соус Кисло-солодкий;154;0.5;0.5;38;0;;
ПРОДУКТ;Соус Китайский;80;0.8;0.3;18;0;;
ПРОДУКТ;Соус Краснодарский;92;2.5;0.2;20;0;;
ПРОДУКТ;Соус Лук Со Сметаной;400;0.4;42;6;0;;
ПРОДУКТ;Соус Лёгкий;250;0.2;25;7;0;;
ПРОДУКТ;Соус Майонезный 30;300;0.2;30;7;0;;
ПРОДУКТ;Соус Моя семья к картофелю с зелёным луком;202.89;0.8;18;7.9;0;;
ПРОДУКТ;Соус Моя семья к макаронам с сыром Чеддер;205.87;1;18.1;8.2;0;;
ПРОДУКТ;Соус Моя семья к мясу три душистых перца;202.89;0.8;18;7.9;0;;
ПРОДУКТ;Соус Моя семья к пельменям с чесноком и душистыми травами;202.89;0.8;18;7.9;0;;
ПРОДУКТ;Соус Моя семья к рыбе с маринованными огурчиками;199.61;0.9;18;7;0;;
ПРОДУКТ;Соус Моя семья к сосискам с горчичными семечками;206.99;0.8;18;8.9;0;;
ПРОДУКТ;Соус Огуречный Релиш;110;0.3;0.3;27;0;;
ПРОДУКТ;Соус Пад Тай;414.12;14.6;27.1;25;0;;
ПРОДУКТ;Соус Перечный Red Hot Original;10;0;0;2.5;0;;
ПРОДУКТ;Соус Песто;585;6.9;59;7;0;;
ПРОДУКТ;Соус Песто классический;504;5;51;6.8;0;;
ПРОДУКТ;Соус Сицилийский;130;4;7;13;0;;
ПРОДУКТ;Соус Сметанный с грибами;400;0.4;42;6;0;;
ПРОДУКТ;Соус Сметаной С Грибами;400;0.3;45;5;0;;
ПРОДУКТ;Соус Спайси;109.75;3.2;47.1;5.6;0;;
ПРОДУКТ;Соус Сэн Сой Yakisoba для обжарки лапши;78.83;3.4;0.1;15.6;0;;
ПРОДУКТ;Соус Табаско перечный Чипотле;48.51;1.2;0.5;9.5;0;;
ПРОДУКТ;Соус Табаско перечный зелёный;10.36;0.6;0.1;1.7;0;;
ПРОДУКТ;Соус Табаско перечный красный;16.23;1;0.6;1.6;0;;
ПРОДУКТ;Соус Табаско перечный с чесноком;33.26;1.5;0.8;4.8;0;;
ПРОДУКТ;Соус Терияки;160;1;0;38;0;;
ПРОДУКТ;Соус Терияки С Соевым Соусом;130;0.5;0;31.9;0;;
ПРОДУКТ;Соус Томатный Болоньезе;80;3;1.5;13;0;;
ПРОДУКТ;Соус Томатный Наполетана Стерилизованный;60;2;0.2;13;0;;
ПРОДУКТ;Соус Унаги;157;3.25;0.24;35.6;0;;
ПРОДУКТ;Соус Хреновина;54.02;0.8;0;12.7;0;;
ПРОДУКТ;Соус Цезарь;552.1;1;59;6.5;0;;
ПРОДУКТ;Соус Чили Сладкий;150;0.1;0;37;0;;
ПРОДУКТ;Соус Я люблю готовить Пармезан;168;0.3;15;8;0;;
ПРОДУКТ;Соус айоли;815.07;2;86.5;0.8;0;;
ПРОДУКТ;Соус апельсиновый;57.9;0.6;4.6;3.1;0;;
ПРОДУКТ;Соус базиликовый;523.22;1.1;54.6;2.8;0;;
ПРОДУКТ;Соус барбекю;170.5;0.6;0.7;39.4;0;;
ПРОДУКТ;Соус барбекю Heinz;121.77;1.1;0;28.6;0;;
ПРОДУКТ;Соус барбекю McDonalds;48.71;0.2;0.3;11;0;;
ПРОДУКТ;Соус барбекю с черносливом;190;1.5;1;44;0;;
ПРОДУКТ;Соус белый основной;56.21;1;3.8;4.1;0;;
ПРОДУКТ;Соус бургер;484;0.6;50.5;6.7;0;;
ПРОДУКТ;Соус велюте;59.74;1;4.4;3.6;0;;
ПРОДУКТ;Соус вустерский;80.88;1;0.1;18.5;0;;
ПРОДУКТ;Соус гарум;101.27;3.4;0;21.3;0;;
ПРОДУКТ;Соус готовый «Брусничный;111.5;0.2;1.1;25.2;0;;
ПРОДУКТ;Соус грибной;515;1.3;55;3.5;0;;
ПРОДУКТ;Соус демиглас;52.47;1;3;5;0;;
ПРОДУКТ;Соус для бутербродов;370;1;38;7;0;;
ПРОДУКТ;Соус для пасты с шампиньонами;278;1;28.9;2.6;0;;
ПРОДУКТ;Соус для спагетти Heinz сливочно-томатный;70.78;1.9;4;6.3;0;;
ПРОДУКТ;Соус для спагетти Heinz традиционный;62.14;1.2;3.6;5.8;0;;
ПРОДУКТ;Соус з пряними травами Тартар;317;0.8;31;8.1;0;;
ПРОДУКТ;Соус зеленый;278.06;4;26.4;4;0;;
ПРОДУКТ;Соус йогуртный Простоквашино 2.5;73.25;4.9;2.5;7.3;0;;
ПРОДУКТ;Соус карри;281.43;1.4;23.1;14.9;0;;
ПРОДУКТ;Соус карри McDonalds;49.2;0;0;12;0;;
ПРОДУКТ;Соус карри средне острый;85;2.5;3.5;11;0;;
ПРОДУКТ;Соус кетчуп McDonalds;29.85;0;0.3;6.6;0;;
ПРОДУКТ;Соус кисло-сладкий;171.43;0.3;0.8;39.7;0;;
ПРОДУКТ;Соус кисло-сладкий McDonalds;52.4;0.1;0.3;12;0;;
ПРОДУКТ;Соус кисло-сладкий Сэн Сой Премиум;127.1;1;0;30;0;;
ПРОДУКТ;Соус кисло-сладкий азиатский;166.44;2;6;25;0;;
ПРОДУКТ;Соус кисло-сладкий с ананасом;90.01;0.3;0.2;21.2;0;;
ПРОДУКТ;Соус клюквенный;183.13;0.2;1;42.2;0;;
ПРОДУКТ;Соус коктейль;339.38;3.2;30;11.6;0;;
ПРОДУКТ;Соус коричневый эспаньоль;100.94;0.7;9.1;3.3;0;;
ПРОДУКТ;Соус красный основной;70.31;1.1;6.2;2;0;;
ПРОДУКТ;Соус луковый;81.68;1.3;6.1;4.8;0;;
ПРОДУКТ;Соус майонез со сметаной;321.36;2.8;31.9;3.3;0;;
ПРОДУКТ;Соус майонезный «Сырный» для спагетти и гарниров;400;0.5;42;5;0;;
ПРОДУКТ;Соус майонезный «Цезарь;210;1.8;21;4.7;0;;
ПРОДУКТ;Соус майонезный «лёгкий;301.2;1.3;30;6.5;0;;
ПРОДУКТ;Соус майонезный сырный для спагетти и гарниров;400;1;42;4.5;0;;
ПРОДУКТ;Соус медово-горчичный;386;1.6;30.5;26.6;0;;
ПРОДУКТ;Соус молочный;95.48;2;7.1;5.2;0;;
ПРОДУКТ;Соус на основе растительных масел Hi Чиз веганский;335;0.1;35;5.1;0;;
ПРОДУКТ;Соус на основе растительных масел «Бальзамик;370;0.1;38.2;7.3;0;;
ПРОДУКТ;Соус на основе растительных масел Песто алла Дженовезе с базиликом;492;4.7;47;11;0;;
ПРОДУКТ;Соус на основе растительных масел чесночный оригинальный;320;1;31;12;0;;
ПРОДУКТ;Соус наршараб;281.07;0.5;0.2;67.6;0;;
ПРОДУКТ;Соус ореховый;487.36;23.4;37.5;10.5;0;;
ПРОДУКТ;Соус перечный;600;0;64.5;3.2;0;;
ПРОДУКТ;Соус ремулад;88.94;0.2;9;1.1;0;;
ПРОДУКТ;Соус рисовый Мирин;216.7;0.2;0.2;52.2;0;;
ПРОДУКТ;Соус рыбный;47.36;2.9;1.7;4.8;0;;
ПРОДУКТ;Соус с хреном;42.3;0.7;4.2;0.1;0;;
ПРОДУКТ;Соус сметанный;82.06;1.9;5.7;5.2;0;;
ПРОДУКТ;Соус сметанный с шампиньонами;174.48;0.6;14.5;9.1;0;;
ПРОДУКТ;Соус соевый;65;2.5;0;14;0;;
ПРОДУКТ;Соус соевый Bragg Liquid Aminos;41;10;0;0;0;;
ПРОДУКТ;Соус соевый Heinz;186.96;2.6;0;43;0;;
ПРОДУКТ;Соус соевый Kikkoman;75.44;10.3;0;8.1;0;;
ПРОДУКТ;Соус соевый Mivimex;25.83;6.3;0;0;0;;
ПРОДУКТ;Соус соевый «Классический;97;8;1.4;13;0;;
ПРОДУКТ;Соус соевый Стебель бамбука Классический;99.11;8;1.4;13;0;;
ПРОДУКТ;Соус соевый Стебель бамбука Пикантный;107.25;8.4;2.1;13;0;;
ПРОДУКТ;Соус соевый Стебель бамбука Японский;93.69;6;1.7;13;0;;
ПРОДУКТ;Соус соевый Стебель бамбука к Креветкам;110.12;9.1;2.1;13;0;;
ПРОДУКТ;Соус соевый Стебель бамбука к Пельменям;87.41;6.6;1.2;12;0;;
ПРОДУКТ;Соус соевый Стебель бамбука с Грибами;115.37;9.7;2.4;13;0;;
ПРОДУКТ;Соус соевый Стебель бамбука с Перцем;108.78;9;2;13;0;;
ПРОДУКТ;Соус соевый Стебель бамбука с Чесноком;102.71;8.2;1.7;13;0;;
ПРОДУКТ;Соус соевый Сэн Сой Премиум Терияки;122.59;4.8;0;25.1;0;;
ПРОДУКТ;Соус соевый Сэн Сой классический;59.45;3.5;0;11;0;;
ПРОДУКТ;Соус соевый классический;97;8;1.4;13;0;;
ПРОДУКТ;Соус соевый пряный;75;2.5;0;16;0;;
ПРОДУКТ;Соус сырный Heinz;367.24;2.5;36;5.5;0;;
ПРОДУКТ;Соус сырный McDonalds;91.81;0.6;9;1.4;0;;
ПРОДУКТ;Соус тартар;459.73;0.9;46;7;0;;
ПРОДУКТ;Соус терияки пониженной калорийности;35.1;2.86;0.29;6.29;0;;
ПРОДУКТ;Соус томатный;97.88;1.7;7.8;4.5;0;;
ПРОДУКТ;Соус томатный для макарон с базиликом;65;1;2.1;10.1;0;;
ПРОДУКТ;Соус томатный острый;99.63;2.5;0;21.8;0;;
ПРОДУКТ;Соус томатный с итальянскими травами;84;0.7;0.1;20;0;;
ПРОДУКТ;Соус томатный с перцем чили «Арраббьята;60;1.4;3.1;5.5;0;;
ПРОДУКТ;Соус український (кетчуп;56;0.9;0.5;13;0;;
ПРОДУКТ;Соус укропный;315.19;0.8;30;8.1;0;;
ПРОДУКТ;Соус устричный;101.68;3.5;0;21.3;0;;
ПРОДУКТ;Соус хойсин;34.03;0.2;0;8.1;0;;
ПРОДУКТ;Соус черносмородиновый;81.18;0.4;0;19.4;0;;
ПРОДУКТ;Соус чесночный;620;0.5;67;3.5;0;;
ПРОДУКТ;Соус чили;136.45;2.5;0.3;30.1;0;;
ПРОДУКТ;Соус эбара;144.31;12.4;3;16;0;;
ПРОДУКТ;Соус яблочный;80.06;0.3;0.1;19;0;;
ПРОДУКТ;Сочень С Творогом;398;8.42;18.9;48.4;0;;
ПРОДУКТ;Сочинки По Баварски С Сыром;200;12;17;0;0;;
ПРОДУКТ;Сочни с творожной начинкой;370;8;15;50;0;;
ПРОДУКТ;Сочник;340;4.5;19;37;0;;
ПРОДУКТ;Сочник с Творогом;344.7;11.2;14.3;42.8;0;;
ПРОДУКТ;Сочник с рикоттой;344;11;12;48;0;;
ПРОДУКТ;Сочные;164;11;12;3;0;;
ПРОДУКТ;Союзное;385;5.8;13;65.5;0;;
ПРОДУКТ;Соя;374.74;34.9;17.3;17.3;0;;
ПРОДУКТ;Соя (ростки;155.31;13.1;6.7;9.6;0;;
ПРОДУКТ;Соя (сухие семена;412.46;34.9;17.3;26.5;0;;
ПРОДУКТ;Соя солёная обжаренная;364;34.9;17.3;17.3;0;;
ПРОДУКТ;Спаггетти С Курицей В Сливочном Соусе С Беконом;165.2;9;6.8;17;0;;
ПРОДУКТ;Спагетти;359;12;2;71.7;0;;
ПРОДУКТ;Спагетти Buitoni Spaghetti Lunghi;357.32;11.5;1.7;71.8;0;;
ПРОДУКТ;Спагетти Myllyn Paras;346.01;10.4;1.1;71.5;0;;
ПРОДУКТ;Спагетти N15;351;14;1;70;0;;
ПРОДУКТ;Спагетти N5 Barilla;359;13;2;71;0;;
ПРОДУКТ;Спагетти Из Красной Чечевицы;300;22;1.8;49;0;;
ПРОДУКТ;Спагетти Из Нутовой Муки;260;18;4.5;36;0;;
ПРОДУКТ;Спагетти Из Чечевицы;300;22;1.8;49;0;;
ПРОДУКТ;Спагетти Из твердых сортов пшеницы;340;11;1;72;0;;
ПРОДУКТ;Спагетти Интеграле из твёрдых сортов пшеницы;347;13;2.5;64;0;;
ПРОДУКТ;Спагетти Карбонара;292;8.2;19.4;20.8;0;;
ПРОДУКТ;Спагетти Кисловодские из твёрдых сортов пшеницы;344;10.5;1.1;71.5;0;;
ПРОДУКТ;Спагетти Том Ям С Морепродуктами;122.4;9.1;4;12.5;0;;
ПРОДУКТ;Спагетти Цельнозерновые;365;15.5;1.4;72.7;0;;
ПРОДУКТ;Спагетти Ширатаки;2.46;0;0;0.6;0;;
ПРОДУКТ;Спагетти без глютена;361;6.4;2.3;77.8;0;;
ПРОДУКТ;Спагетти болоньезе;280;8;2.5;57;0;;
ПРОДУКТ;Спагетти высший сорт;344.17;10.4;1.1;71.5;0;;
ПРОДУКТ;Спагетти из ТСП Спагеттини #001;380;13;1.5;72;0;;
ПРОДУКТ;Спагетти из твёрдых сортов пшеницы;340;10.5;1.1;71.5;0;;
ПРОДУКТ;Спагетти макаронные изделия;344;10.4;1.1;71.5;0;;
ПРОДУКТ;Спагетти с куриным оладьями;152.44;6.92;7.32;14.72;0;;
ПРОДУКТ;Спагетти № 3;340;10;1;72;0;;
ПРОДУКТ;Спагеттини;359;14;2;69.7;0;;
ПРОДУКТ;Спаржа;21.43;1.9;0.1;3.1;0;;
ПРОДУКТ;Спаржа Бондюэль зелёная целая;25.2;0.6;1.3;2.6;0;;
ПРОДУКТ;Спаржа С Моркрвью По-корейски;146.4;8.3;9.6;6.7;0;;
ПРОДУКТ;Спаржа маринованная;450;45;21.5;20.3;0;;
ПРОДУКТ;Спаржа по корейски;80;1.6;6.2;4.2;0;;
ПРОДУКТ;Спаржа по-корейски;110;6;7.5;5;0;;
ПРОДУКТ;Спаржа с морковью по-корейски;242;12.6;16.3;11.2;0;;
ПРОДУКТ;Спаржа свежезамороженная;31;3.2;0.2;4.1;0;;
ПРОДУКТ;Спаржа целая быстрозамороженная;20.9;1.9;0.1;3.1;0;;
ПРОДУКТ;Спинки Трески В Кокосовом Молоке С Карри И Ароматным Рисом;164;7.7;5;22;0;;
ПРОДУКТ;Спирали;350;13;1.5;72;0;;
ПРОДУКТ;Спирали (Fusilli;350;13;1;72;0;;
ПРОДУКТ;Спирали (макаронные изделия;341.78;10;1;72;0;;
ПРОДУКТ;Спирали Из твердых сортов пшеницы;340;11;1;72;0;;
ПРОДУКТ;Спираль (макаронные изделия из твердых сортов пшеницы;344.17;10.4;1.1;71.5;0;;
ПРОДУКТ;Спираль Myllyn Paras;346.01;10.4;1.1;71.5;0;;
ПРОДУКТ;Спиральки;340;10;1.5;72;0;;
ПРОДУКТ;Спирт этиловый 96;15.58;0;0;3.8;0;;
ПРОДУКТ;Спирулина & Хлорелла + XBi-A;125;0.03;0;0;0;;
ПРОДУКТ;Спк портокал;45;1.9;0;9.1;0;;
ПРОДУКТ;Спортхлеб;191.4;5.2;2.6;36.8;0;;
ПРОДУКТ;Спрайт;29.11;0.1;0;7;0;;
ПРОДУКТ;Спред растительно-жировой Нежный;371.6;0;40;0;0;;
ПРОДУКТ;Спред растительно-жировой Рама Виталити;530;0.5;60;0.5;0;;
ПРОДУКТ;Спред растительно-жировой Рама Оливио;350;0.5;39;1.7;0;;
ПРОДУКТ;Срок творожный глазированные молочном шоколаде с молоком сгущенным;409;7.9;26.3;35.3;0;;
ПРОДУКТ;Ставрида;230;43.3;2.1;9.4;0;;
ПРОДУКТ;Ставрида в томатном соусе;111.98;14.8;2.3;7.3;0;;
ПРОДУКТ;Ставрида жареная;195.95;20.3;10.5;3.7;0;;
ПРОДУКТ;Ставридка Сушеная;270;45;2.5;17;0;;
ПРОДУКТ;Стакан Великан;268;3.4;14;32;0;;
ПРОДУКТ;Стаканчик Мороженое Шоколадное;123.8;6.2;4.6;14.2;0;;
ПРОДУКТ;Стародворье сочинки с сочной грудинкой;170;11;14;0;0;;
ПРОДУКТ;Стевия в таблетках;278.8;0;0;68;0;;
ПРОДУКТ;Стейк «Мраморный;218;18;11;1.8;0;;
ПРОДУКТ;Стейк «Ранчо» из Мраморной Говядины;230;16;18;0;0;;
ПРОДУКТ;Стейк Из Свиной Корейки;203;17;15;0;0;;
ПРОДУКТ;Стейк Из Филе Цепляет Бройлеров;113;23.9;1.3;0;0;;
ПРОДУКТ;Стейк Пиканья;230;16;18;0;0;;
ПРОДУКТ;Стейк Ранчо;112;19.4;3.8;0;0;;
ПРОДУКТ;Стейк Рибай Из Говядины Wagyu;230;16;18;0;0;;
ПРОДУКТ;Стейк Стриплойн С Перцем И Тимьяном;153.8;18;9;0.2;0;;
ПРОДУКТ;Стейк Фленк Для Жарки В Маринаде (Кусочки;138.2;22.8;5;0.5;0;;
ПРОДУКТ;Стейк Флэнк;109;23.2;2;0;0;;
ПРОДУКТ;Стейк из куриного филе;99.4;21.7;1.4;0;0;;
ПРОДУКТ;Стейк индейки По-Мексикански;100;19;2.5;1;0;;
ПРОДУКТ;Стейк индейки по-средиземноморски;120;14;7;0.2;0;;
ПРОДУКТ;Стейк пряный из филе индейки;100;21;1;3;0;;
ПРОДУКТ;Стейк раунд охлаждён;183.6;19.8;11.6;0;0;;
ПРОДУКТ;Стейк фленк;170;16;12;0;0;;
ПРОДУКТ;Степ;189;7;31;51;0;;
ПРОДУКТ;Степ Mix конфеты вафельные глазированные;500;8;30;48;0;;
ПРОДУКТ;Стерлядь копченая;90.33;17.5;2;0;0;;
ПРОДУКТ;Стойка Спелое Яблоко;370;5;14;57;0;;
ПРОДУКТ;Столовое золотое;157;12.7;11.5;0.7;0;;
ПРОДУКТ;Столовое полусладкое белое вино Villa Grande;86;0;0;4.5;0;;
ПРОДУКТ;Столовые яйца куриные пищевые;157;12.7;11.5;0.7;0;;
ПРОДУКТ;Стратчателла;241;11;21;2;0;;
ПРОДУКТ;Страусиное мясо;100.12;21.7;1.2;0;0;;
ПРОДУКТ;Страчателла;230;3.6;9.3;32.9;0;;
ПРОДУКТ;Страчателла - Трюфель;235.6;12.9;20;1;0;;
ПРОДУКТ;Стрелолист обыкновенный (Болотник;107.34;5.3;0.3;20.2;0;;
ПРОДУКТ;Стриплойн Стейк Из Премиальной Говядины;170;20;10;0;0;;
ПРОДУКТ;Стрипсы Без Соуса;219;21.1;10;11.3;0;;
ПРОДУКТ;Стрипсы Замороженные;165.9;13.8;4.7;17.1;0;;
ПРОДУКТ;Стрипсы Оригинальные;219;21.1;10;11.3;0;;
ПРОДУКТ;Стрипсы Острые Куриные;140;21;4;4;0;;
ПРОДУКТ;Стрипсы куриные;185;19.5;5;15.3;0;;
ПРОДУКТ;Студент С Индейкой;40;5;2;0.2;0;;
ПРОДУКТ;Субпродукты тушеные;172.72;24;8;0;0;;
ПРОДУКТ;Судак фаршированный;147.58;13.7;6;8.7;0;;
ПРОДУКТ;Суджук Е;210;18.1;15.2;1.8;0;;
ПРОДУКТ;Суджук Класик;375;29.8;26.6;4;0;;
ПРОДУКТ;Сузьма;58.43;2.8;3.2;4.2;0;;
ПРОДУКТ;Сулини с чесноком;110;5.6;8;4.3;0;;
ПРОДУКТ;Сулугуни;290;24;21;0;0;;
ПРОДУКТ;Сумах;239.41;10;9;28;0;;
ПРОДУКТ;Суміш пластівців трьох видів Екстра;357;10.79;3.68;72.15;0;;
ПРОДУКТ;Суп 4 сезона из цветной капусты;35.78;0.1;0.1;8.4;0;;
ПРОДУКТ;Суп 4 сезона щавелевый;55.87;1.7;0.1;11.7;0;;
ПРОДУКТ;Суп Asian Fusion грибной с яйцом;377.98;31;12;34;0;;
ПРОДУКТ;Суп Herbalife Томатный с базиликом;301.48;22;2;47;0;;
ПРОДУКТ;Суп Hortex грибной с подберезовиками;47.48;2.7;0.3;8.2;0;;
ПРОДУКТ;Суп Hortex зимний;25.75;2.1;0.3;3.5;0;;
ПРОДУКТ;Суп Hortex из цветной капусты с картофелем и укропом;31.79;1.9;0.2;5.4;0;;
ПРОДУКТ;Суп Hortex итальянский;26.98;1.8;0.3;4.1;0;;
ПРОДУКТ;Суп Hortex осенний;28.21;2.5;0.3;3.7;0;;
ПРОДУКТ;Суп Hortex президентский;21.13;1.3;0.2;3.4;0;;
ПРОДУКТ;Суп Hortex рассольник;36.6;1.4;0.1;7.3;0;;
ПРОДУКТ;Суп Hortex с шампиньонами;33.54;1.9;0.3;5.6;0;;
ПРОДУКТ;Суп Hortex щавелевый;41.44;1.3;0.4;7.9;0;;
ПРОДУКТ;Суп Yelli из чечевицы Масурдал;305.04;22;1.5;49;0;;
ПРОДУКТ;Суп «Куриный» с домашней лапшой;42.3;3.6;1.1;4.5;0;;
ПРОДУКТ;Суп Азиатский из фасоли;285.08;21;2;44;0;;
ПРОДУКТ;Суп Бута рамен;77.86;3.6;4.1;6.1;0;;
ПРОДУКТ;Суп Гёдза мисо;86.11;3.4;4.9;6.5;0;;
ПРОДУКТ;Суп Домашнее Бистро гороховый с копченостями;304.18;7;12;40;0;;
ПРОДУКТ;Суп Домашнее Бистро грибной с белыми грибами;281.5;4;10;42;0;;
ПРОДУКТ;Суп Домашнее Бистро куриный с вермишелью;267.02;7;8;40;0;;
ПРОДУКТ;Суп Домашнее Бистро рассольник с говядиной;116.28;1.5;7;11;0;;
ПРОДУКТ;Суп Икинацу мисо;29.03;0.3;0.3;6.1;0;;
ПРОДУКТ;Суп Исикари мисо;86.03;2.6;5.2;6.6;0;;
ПРОДУКТ;Суп Итальянский с мелкой пастой;313.23;18;1.5;55;0;;
ПРОДУКТ;Суп Каники мисо;60.04;2;2.8;6.3;0;;
ПРОДУКТ;Суп Кимчи тиге;66.46;2.2;3.8;5.4;0;;
ПРОДУКТ;Суп Кукси;77.3;3.8;2.9;9;0;;
ПРОДУКТ;Суп Куриный с Домашней Лапшой;80;3.2;3.9;7.2;0;;
ПРОДУКТ;Суп Лакса;91.3;5.2;3.7;9.3;0;;
ПРОДУКТ;Суп Леовит Худеем за неделю Тыквенный с миндалем;285.34;7;6;49;0;;
ПРОДУКТ;Суп Мангэцу куриму;102.76;5;4;11;0;;
ПРОДУКТ;Суп Мисо сиру;67.73;2.1;1.2;11.7;0;;
ПРОДУКТ;Суп С Фрикадельками Из Курицы;73.4;6.6;2.2;6.8;0;;
ПРОДУКТ;Суп Самуй сиру;64.36;2;3;6.9;0;;
ПРОДУКТ;Суп Суймоно;65.57;1.9;1.1;11.6;0;;
ПРОДУКТ;Суп Сякэ тядзукэ;52.25;2.4;2.8;4;0;;
ПРОДУКТ;Суп Темпура дзосуй;59.23;3;1.3;8.5;0;;
ПРОДУКТ;Суп Тори рамэн;57.2;1.9;1.7;8.2;0;;
ПРОДУКТ;Суп Турецкий с Булгуром;313.23;19;1.5;54;0;;
ПРОДУКТ;Суп Удзура тамаго;50.81;2.6;1.1;7.3;0;;
ПРОДУКТ;Суп Хакусай бекон куриму;77.45;2.5;4.1;7.1;0;;
ПРОДУКТ;Суп Харчо;230;4;7;37;0;;
ПРОДУКТ;Суп Шаксфин;41.38;2;1.1;5.6;0;;
ПРОДУКТ;Суп Эби тай сиро;87.49;4.7;2.4;11.2;0;;
ПРОДУКТ;Суп Эби чили мисо;66.41;1.8;3;7.6;0;;
ПРОДУКТ;Суп гороховий з греками смак бекону;49;27;1.5;38;0;;
ПРОДУКТ;Суп гороховий з грінками;204;6.4;2.4;39.1;0;;
ПРОДУКТ;Суп гороховый;76.83;4.4;2.4;8.9;0;;
ПРОДУКТ;Суп гороховый с копченостями;81.8;2.6;5;6.6;0;;
ПРОДУКТ;Суп гороховый с мясом и копченостями;117;7.9;5;10;0;;
ПРОДУКТ;Суп гречаний грибний;323;8.7;11.9;45.4;0;;
ПРОДУКТ;Суп грибной;310;10;3;60;0;;
ПРОДУКТ;Суп грибной с яйцом;368;31;12;34;0;;
ПРОДУКТ;Суп грибной, смесь для супа;272.2;7;0.8;59;0;;
ПРОДУКТ;Суп з вермішеллю Велика ложка;310;5.5;15;38;0;;
ПРОДУКТ;Суп з грінками грибний;311;8;9;49.6;0;;
ПРОДУКТ;Суп з фрикадельками;112;5.8;5.2;11.4;0;;
ПРОДУКТ;Суп из зелёного горошка;70.19;3.2;1.2;11.2;0;;
ПРОДУКТ;Суп из лука-порея с макаронами;43.02;1.4;1.1;6.6;0;;
ПРОДУКТ;Суп из пакетика;410;6.5;18;56;0;;
ПРОДУКТ;Суп из помидоров;29.84;1.3;1.8;1.9;0;;
ПРОДУКТ;Суп из помидоров с макаронами;36.4;1.5;1.8;3.3;0;;
ПРОДУКТ;Суп из помидоров с рисом;38.86;1.5;1.8;3.9;0;;
ПРОДУКТ;Суп из сельдерея;41.73;1.6;1.8;4.5;0;;
ПРОДУКТ;Суп из стручковой фасоли;51.08;2.2;0.6;8.9;0;;
ПРОДУКТ;Суп из цветной капусты (общепит;31.3;1.6;0.5;4.9;0;;
ПРОДУКТ;Суп из шпината с картофелем;44.44;2.2;0.9;6.6;0;;
ПРОДУКТ;Суп итальянский;360;18;2;67;0;;
ПРОДУКТ;Суп картофельный;43.02;1.4;1.1;6.6;0;;
ПРОДУКТ;Суп картофельный с крупой;55.43;1.3;1.2;9.5;0;;
ПРОДУКТ;Суп картофельный с макаронными изделиями;49.06;1.3;1;8.4;0;;
ПРОДУКТ;Суп куринный с домашней лапшой;74.4;3.3;3.7;6.9;0;;
ПРОДУКТ;Суп куриный с вермишелью;310;10;3;60;0;;
ПРОДУКТ;Суп куриный с фрикадельками;63;3.4;3.4;4.7;0;;
ПРОДУКТ;Суп курячий з крутонами;443;4;26.4;47.3;0;;
ПРОДУКТ;Суп лимонный с рисом;61.85;1.4;2.2;8.7;0;;
ПРОДУКТ;Суп луковый;47.22;1.4;2.7;4;0;;
ПРОДУКТ;Суп молочный с макаронами;59.06;2.2;1.9;7.9;0;;
ПРОДУКТ;Суп молочный с рисом;54.96;1.8;1.9;7.3;0;;
ПРОДУКТ;Суп мясной с вермишелью;311;9.7;4;59.1;0;;
ПРОДУКТ;Суп нутовый;298;19.1;2;50.9;0;;
ПРОДУКТ;Суп овощной;49.11;1.7;1.8;6.2;0;;
ПРОДУКТ;Суп овощной «Грядка удачи;35.85;3;0.2;5;0;;
ПРОДУКТ;Суп овощной с фасолью;47.39;1.6;2.1;5.2;0;;
ПРОДУКТ;Суп перловый с грибами;43.95;1.6;1.2;6.4;0;;
ПРОДУКТ;Суп по-деревенски с курицей;54.6;4.9;1.8;4.7;0;;
ПРОДУКТ;Суп пшенный с мясом;58.57;2.9;2.2;6.4;0;;
ПРОДУКТ;Суп рамэн с тигровыми креветками;88.84;5.85;3.18;11.5;0;;
ПРОДУКТ;Суп рисовый с мясом;34.41;0.7;1.1;5.2;0;;
ПРОДУКТ;Суп с бобовыми;40.12;3.4;2.2;1.4;0;;
ПРОДУКТ;Суп с морским гребешком;290;17;2;51;0;;
ПРОДУКТ;Суп с рисом Asian Fusion грибной со шпинатом и яйцом;317.88;15;2;58;0;;
ПРОДУКТ;Суп с фрикадельками и вермишелью;73.4;3.9;2.2;9.5;0;;
ПРОДУКТ;Суп с фрикадельками из курицы и индейки и пастой «Алфавит;80;7.37;2.59;6.67;0;;
ПРОДУКТ;Суп сырный;353;6.41;12.8;51.3;0;;
ПРОДУКТ;Суп сырный с копченой курицей и беконом;100;4.81;8.52;0.74;0;;
ПРОДУКТ;Суп томатный с сельдереем;57.5;1;3.5;5.5;0;;
ПРОДУКТ;Суп фасолевый;74.12;4;1.8;10;0;;
ПРОДУКТ;Суп фруктовый из яблок;49.72;0.1;0.1;11.8;0;;
ПРОДУКТ;Суп харчо с говядиной;75.8;6.8;3.4;4.5;0;;
ПРОДУКТ;Суп харчо с курицей;49;2.2;2.1;5.2;0;;
ПРОДУКТ;Суп харчо с мясом;77.07;3.1;4.5;5.5;0;;
ПРОДУКТ;Суп щавелевый;41.67;1.6;2.5;2.9;0;;
ПРОДУКТ;Суп-Лапша Том Ям;437;10.3;16.1;62.6;0;;
ПРОДУКТ;Суп-Пюре гороховый с копчёностями;320.4;16.6;4.6;50.6;0;;
ПРОДУКТ;Суп-крем Овощной;60.1;1.8;3.7;4.9;0;;
ПРОДУКТ;Суп-лапша Asian Fusion из морепродуктов с креветками;453.13;10;17;62;0;;
ПРОДУКТ;Суп-пюре Yelli из гороха с карри;309.68;21;2;50;0;;
ПРОДУКТ;Суп-пюре Леовит Худеем за неделю из помидоров по-Тоскански;257.6;6.5;5;45;0;;
ПРОДУКТ;Суп-пюре Леовит Худеем за неделю куриный;463.07;7.5;28;42;0;;
ПРОДУКТ;Суп-пюре из рисовой крупы;49.39;1.4;1.3;7.7;0;;
ПРОДУКТ;Суп-пюре с грибами;78.2;2;5.4;5.4;0;;
ПРОДУКТ;Супер Контик печенье-сэндвич шоколадный вкус;490;5.5;24;62;0;;
ПРОДУКТ;Супер контик со сгущенным молоком;490;5.5;24;62;0;;
ПРОДУКТ;Супчик Heinz овощной с курочкой;405.59;13;11;61;0;;
ПРОДУКТ;Сурими;98.56;15.2;0.9;6.8;0;;
ПРОДУКТ;Суфле Бон Пари;331.28;4.2;0;76.6;0;;
ПРОДУКТ;Суфле В Шоколаде;370;3.5;16;52;0;;
ПРОДУКТ;Суфле Из Творога С Яблоками;294;7.39;19.7;21.8;0;;
ПРОДУКТ;Суфле Птичка умная без сахара;440;1.9;19;65.4;0;;
ПРОДУКТ;Суфле молочное в молочном бельгийском шоколаде со сгущённым молоком;434.2;3.8;21;57.5;0;;
ПРОДУКТ;Суфле молочное с ванилью в молочном бельгийском шоколаде;470;4;25;57;0;;
ПРОДУКТ;Суфле молочное с ванилью и молочным белком в молочном шоколаде без сахара;520;10;26;62;0;;
ПРОДУКТ;Суфле молочное с клубникой в молочном бельгийском шоколаде;470;4;25;57;0;;
ПРОДУКТ;Суфле молочное с молоком сгущённым варёным в молочном бельгийском шоколаде;470;4;25;57;0;;
ПРОДУКТ;Суфле черносмородиновое. Кокос;134.6;2;7;15.9;0;;
ПРОДУКТ;Сухари;415;11.8;6.5;75.8;0;;
ПРОДУКТ;Сухари ТРИУМФ;400;8.5;5;79;0;;
ПРОДУКТ;Сухари ванильные;427.82;8.5;10;76;0;;
ПРОДУКТ;Сухари диабетические;395.71;10.5;5.7;73.1;0;;
ПРОДУКТ;Сухари изюмные;437.38;10;7;83;0;;
ПРОДУКТ;Сухари к чаю;364.95;10;2.3;73.8;0;;
ПРОДУКТ;Сухари ореховые;415;9.8;12.5;65.8;0;;
ПРОДУКТ;Сухари панировочные;375.58;9.7;1.9;77.6;0;;
ПРОДУКТ;Сухари панировочные Myllyn Paras;377.46;13.9;2.5;72.5;0;;
ПРОДУКТ;Сухари посольские с ароматом ванили;430;9;11;73;0;;
ПРОДУКТ;Сухари с ванилином;454.11;10;11;79;0;;
ПРОДУКТ;Сухари с изюмом;425.43;8.5;9.5;75;0;;
ПРОДУКТ;Сухари с сахаром;373.58;9.5;4.2;72.1;0;;
ПРОДУКТ;Сухари с цукатами;401.52;9.7;3.5;80.3;0;;
ПРОДУКТ;Сухари сдобные с изюмом;383.17;8.36;11.73;61.04;0;;
ПРОДУКТ;Сухари сливочные;423.2;9.7;9.1;72.9;0;;
ПРОДУКТ;Сухари со вкусом сыра и семги;380;10;9;64;0;;
ПРОДУКТ;Сухари чайные;449.33;11;7.5;83;0;;
ПРОДУКТ;Сухарики;420;10;14;64;0;;
ПРОДУКТ;Сухарики Flint З Крабом;403;11;6.6;75;0;;
ПРОДУКТ;Сухарики baguette французький сир;422;10.5;9.9;72.7;0;;
ПРОДУКТ;Сухарики «Крабы» Жигулевские;456;10;18;60;0;;
ПРОДУКТ;Сухарики «Холодец С Хреном;390;10;10;64;0;;
ПРОДУКТ;Сухарики Пшеничные;360;11.5;2;74;0;;
ПРОДУКТ;Сухарики Ржаной-пшеничные;321;11.5;1.8;65;0;;
ПРОДУКТ;Сухарики Ржаные;437;9.6;12.2;72.2;0;;
ПРОДУКТ;Сухарики С Прованскими Травами;420;10;12;68;0;;
ПРОДУКТ;Сухарики С Чесноком;380;10;10;63;0;;
ПРОДУКТ;Сухарики Холодец С Хреном;380;10;9;64;0;;
ПРОДУКТ;Сухарики Хрусteam Багет сырное ассорти;459.5;10.5;15.7;66;0;;
ПРОДУКТ;Сухарики Хрусteam копчёная колбаска;433.49;9.1;14.4;64;0;;
ПРОДУКТ;Сухарики Хрусteam лесные грибы;440.35;9;14.3;66;0;;
ПРОДУКТ;Сухарики Хрусteam салями;429.23;8.5;12;69;0;;
ПРОДУКТ;Сухарики Хрусteam сметана;436.6;9.5;15;63;0;;
ПРОДУКТ;Сухарики Хрусteam сыр;438.52;9.1;14.5;65;0;;
ПРОДУКТ;Сухарики Хрусteam телятина на гриле;432.64;8.8;14;65;0;;
ПРОДУКТ;Сухарики Хрусteam томат;436.25;9;14.3;65;0;;
ПРОДУКТ;Сухарики жареные пшенично-ржаные со вкусом сметаны с зеленью;375;10.3;11;58.6;0;;
ПРОДУКТ;Сухарики жареные ржаные «Гренки» со вкусом чеснока;272;6.9;9.4;40;0;;
ПРОДУКТ;Сухарики жареные ржаные гренки со вкусом томата спайси;438.2;9.7;11;75.1;0;;
ПРОДУКТ;Сухарики жигулёвские красная икра;456;10;18;60;0;;
ПРОДУКТ;Сухарики из белого хлеба;354.95;11.2;1.4;72.2;0;;
ПРОДУКТ;Сухарики ковбаски bbq;418;10.5;8;76.1;0;;
ПРОДУКТ;Сухарики пшенично-житні Салямі Flint;419;11.5;7.9;74.6;0;;
ПРОДУКТ;Сухарики пшенично-житні Сметана із зеленню;408;11;7.1;75;0;;
ПРОДУКТ;Сухарики пшеничные с паприкой и чесноком;400;9.5;4.2;81.9;0;;
ПРОДУКТ;Сухарики пшеничные с прованскими травами;430;13.9;12.5;70;0;;
ПРОДУКТ;Сухарики пшеничные с томатом и перцем;418;12.1;7;76.7;0;;
ПРОДУКТ;Сухарики пшеничные со вкусом белых грибов со сметаной;430;13.9;12.5;70;0;;
ПРОДУКТ;Сухарики ржаные blue cheese со вкусом сыра с голубой плесенью;390;10;10;64;0;;
ПРОДУКТ;Сухарики ржаные с чесноком и солью;335.7;9.8;10.5;50.4;0;;
ПРОДУКТ;Сухарики ржаные со вкусом бекона;410;11;8.5;73;0;;
ПРОДУКТ;Сухарики ржаные со вкусом ветчины с сыром;390;10.5;10;64;0;;
ПРОДУКТ;Сухарики ржаные со вкусом томата и зелени;380;10;10;63;0;;
ПРОДУКТ;Сухарики с изюмом;385;7.2;8.8;69.5;0;;
ПРОДУКТ;Сухарики с салями;390;10;10;64;0;;
ПРОДУКТ;Сухарики сметана;430;10;14;66;0;;
ПРОДУКТ;Сухарики со вкусом Сливочный лосось;430;9;14;66;0;;
ПРОДУКТ;Сухарики со вкусом томата и зелени;390;10;10;64;0;;
ПРОДУКТ;Сухарики со вкусом холодца и хрена;410;11;8.5;73;0;;
ПРОДУКТ;Сухарки — гренки-без сахара;400;14;7;69;0;;
ПРОДУКТ;Сухая смесь для приготовления панкейков «Ваниль;365;40;3.9;38;0;;
ПРОДУКТ;Сухе знежирене молоко;361.5;32;1.5;55;0;;
ПРОДУКТ;Сухе пюре з червоної сочевиці;270;23;1.7;41;0;;
ПРОДУКТ;Сухие завтраки. Кукурузные палочки. Праздник Сластёны;411.09;6.1;12.9;67.2;0;;
ПРОДУКТ;Сухиничи;254;50;6;0;0;;
ПРОДУКТ;Сухиничи (свинина;257;53;5;0;0;;
ПРОДУКТ;Сухиничи, Из Куриного Филе;250;55;4;0;0;;
ПРОДУКТ;Сушеница;424;27;32;7;0;;
ПРОДУКТ;Сушенная Говядина С Перцем;270;50;7;1;0;;
ПРОДУКТ;Сушенные грибы шиитаке;357;21.4;3.57;57.1;0;;
ПРОДУКТ;Сушеное Мясо Индейки;304;51;8;7;0;;
ПРОДУКТ;Сушеные бананы;339;4.5;0.6;54;0;;
ПРОДУКТ;Сушеные мясо;288;51.1;8.8;1;0;;
ПРОДУКТ;Сушеный Миндаль;641;18;57;14;0;;
ПРОДУКТ;Суши Изуми-тай;111.62;8.4;1.6;15.2;0;;
ПРОДУКТ;Суши Ика;111.19;8.4;1.2;16;0;;
ПРОДУКТ;Суши Икура;170.82;13.6;5.5;15.6;0;;
ПРОДУКТ;Суши Инари кунсэй;172.14;11;8.6;11.5;0;;
ПРОДУКТ;Суши Инари магуро;176.6;10.7;9.3;11.3;0;;
ПРОДУКТ;Суши Инари сякэ;178.59;9.6;10;11.3;0;;
ПРОДУКТ;Суши Инари унаги;220.12;8.4;15;11.3;0;;
ПРОДУКТ;Суши Инари хамачи;178.59;9.6;10;11.3;0;;
ПРОДУКТ;Суши Инари хотатэ;151.92;6.9;8.1;11.8;0;;
ПРОДУКТ;Суши Кани;104.19;8.4;0.8;15.2;0;;
ПРОДУКТ;Суши Лосось 6 Шт;182;9.3;5;24.9;0;;
ПРОДУКТ;Суши Магуро;130.54;11.2;2.4;15.2;0;;
ПРОДУКТ;Суши Супайсу кани;198.73;7.3;12.3;13.3;0;;
ПРОДУКТ;Суши Супайсу магуро;216.22;9.3;13.3;13.3;0;;
ПРОДУКТ;Суши Супайсу сякэ;222.96;8;14.6;13.3;0;;
ПРОДУКТ;Суши Супайсу унаги;229;6.3;16;13.3;0;;
ПРОДУКТ;Суши Супайсу хамачи;225.37;7;15.3;13.3;0;;
ПРОДУКТ;Суши Супайсу хотатэ;191.78;4;12.7;14;0;;
ПРОДУКТ;Суши Супайсу шиитакэ;223.26;3.6;16;14.6;0;;
ПРОДУКТ;Суши Супайсу эби;199.96;7.3;12.3;13.6;0;;
ПРОДУКТ;Суши Сякэ;133.48;9.2;3.6;15.2;0;;
ПРОДУКТ;Суши Сякэ кунсей;156.98;10.4;5.6;15.2;0;;
ПРОДУКТ;Суши Тако;89.87;4;1.2;15.2;0;;
ПРОДУКТ;Суши Тамаго-яки;153.81;5.2;7.2;16;0;;
ПРОДУКТ;Суши Тобико;153.6;12.8;4;15.6;0;;
ПРОДУКТ;Суши Унаги;210.75;7.2;12.8;15.2;0;;
ПРОДУКТ;Суши Хамачи;139.71;8;4.8;15.2;0;;
ПРОДУКТ;Суши Хияши;117.9;5;3.6;15.6;0;;
ПРОДУКТ;Суши Хотатэ;95.22;3.6;1.6;16;0;;
ПРОДУКТ;Суши Эби;100.09;7;0.8;15.6;0;;
ПРОДУКТ;Суширрито с курицей;229;10;6;33;0;;
ПРОДУКТ;Сушка Ванильная;356.5;10.2;4.7;68.7;0;;
ПРОДУКТ;Сушки Итальянские Таралли;446.53;11.1;14.33;67.64;0;;
ПРОДУКТ;Сушки Кроха Ванильные;390;11.6;1.9;81.6;0;;
ПРОДУКТ;Сушки Кроха цельнозерновые;400;12.4;4.7;77;0;;
ПРОДУКТ;Сушки Ладожский Малышок;377;11;5;72;0;;
ПРОДУКТ;Сушки Малютка чайная;400;10;7.5;74;0;;
ПРОДУКТ;Сушки из пропущенной ржи;297;5.9;13.1;38.4;0;;
ПРОДУКТ;Сушки маковые;376.26;11.3;4.4;70.5;0;;
ПРОДУКТ;Сушки сдобные;400;9.5;7;74;0;;
ПРОДУКТ;Сушки студенческие с ароматом ванилина;339.15;10;0.6;72.1;0;;
ПРОДУКТ;Сушки цельнозерновые Алтайские Льняные;260;13;11;28;0;;
ПРОДУКТ;Сушёная морская капуста обжаренная в оливковом масле;446.9;3.9;42.5;12.2;0;;
ПРОДУКТ;Сушёное мясо;233;36;9.5;1;0;;
ПРОДУКТ;Сушёные бананы;346;3.89;1.81;88.28;0;;
ПРОДУКТ;Сушёные яблоки;253;5.2;0.1;59;0;;
ПРОДУКТ;Сыворотка творожная;19.49;0.8;0.2;3.5;0;;
ПРОДУКТ;Сывороточный Протеин Со Вкусом Клубники;413;74.7;8.33;10;0;;
ПРОДУКТ;Сывороточный протеин;430;80;9;7;0;;
ПРОДУКТ;Сынок Протеиновый Клубничный;151.4;20;5;6.6;0;;
ПРОДУКТ;Сып Традиционный Тёртый;328.4;25.4;25.2;0;0;;
ПРОДУКТ;Сыр;470;7;22;62;0;;
ПРОДУКТ;Сыр Almette с белыми грибами;258.77;6;23;5;0;;
ПРОДУКТ;Сыр Almette с зеленью;222.7;6;20;3;0;;
ПРОДУКТ;Сыр Almette с йогуртом;188.55;7;15;5;0;;
ПРОДУКТ;Сыр Almette с огурцами и зеленью;218.6;5;20;3;0;;
ПРОДУКТ;Сыр Almette с хреном;226.8;6;20;4;0;;
ПРОДУКТ;Сыр Almette с чесноком;222.7;6;20;3;0;;
ПРОДУКТ;Сыр Almette сливочный;222.7;6;20;3;0;;
ПРОДУКТ;Сыр Exquisa творожный с зеленью;244.15;6.7;22;3;0;;
ПРОДУКТ;Сыр Exquisa творожный с лососем;241.55;6.7;21.5;3.5;0;;
ПРОДУКТ;Сыр Fallini Rapesan тёртый;492.26;49.5;29.2;4.4;0;;
ПРОДУКТ;Сыр Grill Akadia;258.51;17;19;3;0;;
ПРОДУКТ;Сыр Grunlander Классический вкус;365;23.7;30;0;0;;
ПРОДУКТ;Сыр Hochland Bleu;427.91;15;39;1;0;;
ПРОДУКТ;Сыр Hochland плавленый Маасдам ломтики;282.28;12;22;7;0;;
ПРОДУКТ;Сыр Hochland плавленый Сэндвич ломтики;287.47;14;23;4;0;;
ПРОДУКТ;Сыр Hochland плавленый Чизбургер ломтики;287.47;14;23;4;0;;
ПРОДУКТ;Сыр Hochland плавленый ассорти;312.33;10;27;5;0;;
ПРОДУКТ;Сыр Hochland плавленый с ветчиной ломтики;296.76;14;24;4;0;;
ПРОДУКТ;Сыр Hochland плавленый с огурцами и укропом ломтики;277.09;15;21;5;0;;
ПРОДУКТ;Сыр Hochland плавленый с салями и специями ломтики;292.66;13;24;4;0;;
ПРОДУКТ;Сыр Hochland творожный с зеленью;218.6;6;20;2;0;;
ПРОДУКТ;Сыр Hochland творожный сливочный;252.29;6.5;22.7;3.6;0;;
ПРОДУКТ;Сыр Laplandia Protein;273;30;17;0;0;;
ПРОДУКТ;Сыр Laplandia сливочный;330;0.03;25.6;0;0;;
ПРОДУКТ;Сыр Matured Havarti;341;25;26;0;0;;
ПРОДУКТ;Сыр Old Amsterdam;387.73;6.2;39;0;0;;
ПРОДУКТ;Сыр President Rondele козий;150.85;9;10.5;4;0;;
ПРОДУКТ;Сыр President Rondele творожный;326.94;7;31;2.5;0;;
ПРОДУКТ;Сыр President Rondele творожный с орехами;324.89;6.5;31;2.5;0;;
ПРОДУКТ;Сыр President Rondele творожный с чесноком и травами;334.95;6.8;31.2;4.2;0;;
ПРОДУКТ;Сыр President Мастер Бутерброда Лёгкий;185.57;16.5;8.5;9.5;0;;
ПРОДУКТ;Сыр President Мастер Бутерброда Мааздам;242.52;13.5;17.5;6;0;;
ПРОДУКТ;Сыр President Мастер Бутерброда Моцарелла;249.35;9;20;6.5;0;;
ПРОДУКТ;Сыр President Пише Миньон;338.02;18;28;1;0;;
ПРОДУКТ;Сыр Unagrande Dolce Рикотта с натуральным шоколадом;234.64;4.9;12.9;23.1;0;;
ПРОДУКТ;Сыр Unagrande Mozzarella;209.8;21;12.2;4;0;;
ПРОДУКТ;Сыр Valio Polar 5;185.85;34;5;0;0;;
ПРОДУКТ;Сыр Valio рассыпчатый творожный 2;80.08;13;2;2;0;;
ПРОДУКТ;Сыр Viola с ветчиной;313.42;11;28;2;0;;
ПРОДУКТ;Сыр Viola с лисичками;313.42;11;28;2;0;;
ПРОДУКТ;Сыр Viola с паприкой;313.42;11;28;2;0;;
ПРОДУКТ;Сыр Viola с укропом и огурцом;313.42;11;28;2;0;;
ПРОДУКТ;Сыр Viola сливочный;313.42;11;28;2;0;;
ПРОДУКТ;Сыр Vitalat Рикотта;84.44;7;6;0;0;;
ПРОДУКТ;Сыр feta greek Сиртаки;202;10;14.8;7;0;;
ПРОДУКТ;Сыр «Голландский» премиум;326;24.8;25.2;0;0;;
ПРОДУКТ;Сыр «Косичка» Копчёный;283.2;19.5;22.8;0;0;;
ПРОДУКТ;Сыр «Моцарелла» мини;231;16.5;17;3;0;;
ПРОДУКТ;Сыр «Пармезан» фасованный Queso Parmesano;386;30;29;1.3;0;;
ПРОДУКТ;Сыр «Пряди», Копчёный;290.8;19.5;22.8;2.4;0;;
ПРОДУКТ;Сыр Абонданс;354.94;26.3;26.6;0;0;;
ПРОДУКТ;Сыр Адыгейский;205.91;18.5;14;0;0;;
ПРОДУКТ;Сыр Алтайский;367.14;26;26.5;3.5;0;;
ПРОДУКТ;Сыр Альпийский;353.33;25;27;0;0;;
ПРОДУКТ;Сыр Амадеус;389.87;28.6;29.3;0.1;0;;
ПРОДУКТ;Сыр Амбер;261;31;10;10;0;;
ПРОДУКТ;Сыр Анари;192.65;11;15;2;0;;
ПРОДУКТ;Сыр Аппенцеллер;403.96;24.7;31.7;2;0;;
ПРОДУКТ;Сыр Арла Буко;205.08;8.5;17;3;0;;
ПРОДУКТ;Сыр Арла Буко Баланс;205.08;8.5;17;3;0;;
ПРОДУКТ;Сыр Арла Натура Лайт;271.64;29;16;1;0;;
ПРОДУКТ;Сыр Арла Натура Моцарелла;312.29;26;21.7;1;0;;
ПРОДУКТ;Сыр Арла Натура Сливочный;344.04;25;26;0;0;;
ПРОДУКТ;Сыр Асьяго;124.86;10.9;8.1;1.2;0;;
ПРОДУКТ;Сыр Атлет;299.51;30;19;0;0;;
ПРОДУКТ;Сыр Бавария Блю;464.3;13.5;43.8;0.5;0;;
ПРОДУКТ;Сыр Белорусский Классический;310;23;24;0;0;;
ПРОДУКТ;Сыр Бийский;376.99;24.2;29.9;0;0;;
ПРОДУКТ;Сыр Бонгрейн Фол Эпи;274.1;28.8;16;1.8;0;;
ПРОДУКТ;Сыр Бонфесто Моцарелла Пицца;264.03;18.4;20.3;0;0;;
ПРОДУКТ;Сыр Бонфесто Рикотта Лайт мягкий;149.48;11.3;10;2.5;0;;
ПРОДУКТ;Сыр Бофор;354.94;26.3;26.6;0;0;;
ПРОДУКТ;Сыр Брест литовск легкий;288.6;31.2;18.2;0;0;;
ПРОДУКТ;Сыр Брест-Литовск Сливочный 200г;355.5;22.5;29.5;0;0;;
ПРОДУКТ;Сыр Брест-Литовск лёгкий 35;297;31.2;18.2;0;0;;
ПРОДУКТ;Сыр Бри;299.77;21;23;0;0;;
ПРОДУКТ;Сыр Бри 60;356;17;32;0;0;;
ПРОДУКТ;Сыр Брынза Сербская;203.45;11.9;15.5;2.6;0;;
ПРОДУКТ;Сыр Бурата;325.15;0;35;0;0;;
ПРОДУКТ;Сыр Веселый Роджер;216.4;32.5;9.6;0;0;;
ПРОДУКТ;Сыр Волжский;297;25.2;21.8;0;0;;
ПРОДУКТ;Сыр Вырусский;258.25;29;15;0;0;;
ПРОДУКТ;Сыр Гальбани Моцарелла;201.26;17.5;13.5;1;0;;
ПРОДУКТ;Сыр Гауда;361.53;25;27;2;0;;
ПРОДУКТ;Сыр Гермелин;318.35;20;25;1;0;;
ПРОДУКТ;Сыр Гойа;380;31;28;1.4;0;;
ПРОДУКТ;Сыр Гойя;380;31;28;1.4;0;;
ПРОДУКТ;Сыр Гойя фасованный;380;31;28;1.4;0;;
ПРОДУКТ;Сыр Голландский;355.57;26;26.8;0;0;;
ПРОДУКТ;Сыр Горгонзола;319.44;19;26;0;0;;
ПРОДУКТ;Сыр Горный;400.14;29.3;29.7;1;0;;
ПРОДУКТ;Сыр Грана Падано;395.42;33;28;0;0;;
ПРОДУКТ;Сыр Грация 20;206.61;30;9;0;0;;
ПРОДУКТ;Сыр Грюйер;398.69;27;31;0;0;;
ПРОДУКТ;Сыр Данбо;348.14;25;26;1;0;;
ПРОДУКТ;Сыр Датский;328.25;25;24.3;0;0;;
ПРОДУКТ;Сыр Деревенский;103.77;10.3;5.3;3;0;;
ПРОДУКТ;Сыр Джугас;374.52;33;25;1.7;0;;
ПРОДУКТ;Сыр Домашний;114.92;12.7;5;4;0;;
ПРОДУКТ;Сыр Домашний Пряди Копченый;276;23;20;1;0;;
ПРОДУКТ;Сыр Домашний чечил-соломка копчёный;276;23;20;1;0;;
ПРОДУКТ;Сыр Дор Блю;364.8;21;30;0;0;;
ПРОДУКТ;Сыр Дор Блю a la creme;273.25;7;25;3;0;;
ПРОДУКТ;Сыр Дорогобужский;342.12;20;28;0;0;;
ПРОДУКТ;Сыр Ичалки Диетический 27;168;12.2;12.7;0;0;;
ПРОДУКТ;Сыр Каждый день Рикотта;140.4;9;10.7;1;0;;
ПРОДУКТ;Сыр Камамбер;299.77;21;23;0;0;;
ПРОДУКТ;Сыр Камбоцола;464.3;13.5;43.8;0.5;0;;
ПРОДУКТ;Сыр Кантали;240.46;26.7;14.1;0;0;;
ПРОДУКТ;Сыр Карат Violette творожный сливочный;307.05;8.9;27.8;3;0;;
ПРОДУКТ;Сыр Карат Волна плавленый;284.3;15.1;23.1;1.9;0;;
ПРОДУКТ;Сыр Карат Дружба плавленый;296.57;15;24.2;2.5;0;;
ПРОДУКТ;Сыр Карат Орбита плавленый;175.59;24.7;8;0;0;;
ПРОДУКТ;Сыр Карат Янтарь плавленый;307.17;12;26.4;3.1;0;;
ПРОДУКТ;Сыр Карат кисломолочный плавленый;240.2;14.1;18;3.7;0;;
ПРОДУКТ;Сыр Карат с грибами для супа плавленый;313.59;15.9;25.9;1.9;0;;
ПРОДУКТ;Сыр Карат с луком для супа плавленый;332.93;16.4;28.6;0;0;;
ПРОДУКТ;Сыр Карат шоколадный плавленый;325.2;11.6;18.5;25.8;0;;
ПРОДУКТ;Сыр Кастелло Бри;304.96;19;24;1;0;;
ПРОДУКТ;Сыр Кастелло Данаблю;349.33;19.7;28.6;0.7;0;;
ПРОДУКТ;Сыр Качокавалло;214.36;22.6;13.1;0;0;;
ПРОДУКТ;Сыр Кисломолочный;134.83;31;0.7;0.3;0;;
ПРОДУКТ;Сыр Козий;291.79;21.3;21.7;0.7;0;;
ПРОДУКТ;Сыр Комте;413.72;28.4;32;0;0;;
ПРОДУКТ;Сыр Копчёный;378.54;27.7;25.3;7.3;0;;
ПРОДУКТ;Сыр Копчёный Сочинский, «Косичка» Ассорти;276;25.8;19.2;0;0;;
ПРОДУКТ;Сыр Коса Копченая;314.5;23.5;24.5;0;0;;
ПРОДУКТ;Сыр Костромской;347.65;25.2;26.3;0;0;;
ПРОДУКТ;Сыр Крымский с козьим молоком;319.5;23.7;24.3;0;0;;
ПРОДУКТ;Сыр Курт;262.21;25;16;2.7;0;;
ПРОДУКТ;Сыр Ламбер;380.52;23.7;30.5;0;0;;
ПРОДУКТ;Сыр Ламбер Тильзитер;330.65;24;25;0;0;;
ПРОДУКТ;Сыр Ламбер сливочный;399.1;23.7;32.5;0;0;;
ПРОДУКТ;Сыр Лапландия лёгкий;263;27.5;17;0;0;;
ПРОДУКТ;Сыр Ларец с грецкими орехами;370;23.6;30.8;0;0;;
ПРОДУКТ;Сыр Латвийский;319.42;23.3;24.1;0;0;;
ПРОДУКТ;Сыр Ливаро;351.41;20;29;0;0;;
ПРОДУКТ;Сыр Лимбургер;336.44;20.1;27.3;0.1;0;;
ПРОДУКТ;Сыр Литовский;250.95;27.9;14.7;0;0;;
ПРОДУКТ;Сыр Лёгкий 30 Процентов;280;32;17;0;0;;
ПРОДУКТ;Сыр Маасдам;337.89;23.5;26;0;0;;
ПРОДУКТ;Сыр Манчего;406.34;24;32;2.6;0;;
ПРОДУКТ;Сыр Маскарпоне;424.89;4.8;41.5;4.8;0;;
ПРОДУКТ;Сыр Мексиканский;295.44;24.7;19.4;3.4;0;;
ПРОДУКТ;Сыр Мондзеер;306.26;22;20.3;6.7;0;;
ПРОДУКТ;Сыр Московский;367.14;26;26.5;3.5;0;;
ПРОДУКТ;Сыр Моцарелла;296.76;18;24;0;0;;
ПРОДУКТ;Сыр Мраморный;335.79;24.8;25.2;0;0;;
ПРОДУКТ;Сыр Мюнстер;279.12;24.7;17.6;3.5;0;;
ПРОДУКТ;Сыр Мягкий;110;8.5;2.5;14;0;;
ПРОДУКТ;Сыр Мягкий Грецкий Орех+Чеснок+Чиа;220;6.6;20;3.4;0;;
ПРОДУКТ;Сыр Мягкий Прованские Травы;230;9.5;19.5;4.7;0;;
ПРОДУКТ;Сыр Натура Сливочный лёгкий;260;28;16;0;0;;
ПРОДУКТ;Сыр Натура безл;340;25;26;0;0;;
ПРОДУКТ;Сыр Низкожирный X-tra Fit;216.4;32.5;9.6;0;0;;
ПРОДУКТ;Сыр Ночерино;342.12;20;28;0;0;;
ПРОДУКТ;Сыр Ольтермани 17;276.83;29;17;0;0;;
ПРОДУКТ;Сыр Ольтермани 29;371.91;25;29;0;0;;
ПРОДУКТ;Сыр Ольтермани 55;410.16;23;34;0;0;;
ПРОДУКТ;Сыр Ольтермани 9;210.71;31;9;0;0;;
ПРОДУКТ;Сыр Осетинский;367.14;26;26.5;3.5;0;;
ПРОДУКТ;Сыр Паладин Моцарелла;263.7;19;20;0;0;;
ПРОДУКТ;Сыр Панир;284.43;12.8;15.7;21;0;;
ПРОДУКТ;Сыр Пармезан;395.42;33;28;0;0;;
ПРОДУКТ;Сыр Пармезан Riserva-12;357;33;25;0;0;;
ПРОДУКТ;Сыр Пекорино;411.12;25.5;33;0;0;;
ПРОДУКТ;Сыр Перлини копченый;239.79;17.7;18;0;0;;
ПРОДУКТ;Сыр Песто зелёный;391.58;23;32;0;0;;
ПРОДУКТ;Сыр Плавленный Сливочный;225;11.5;18.5;2.5;0;;
ПРОДУКТ;Сыр Плавленный Шоколадный;283;13;15.6;22.6;0;;
ПРОДУКТ;Сыр Плавленый Колбасный;220;14.8;17.2;1.5;0;;
ПРОДУКТ;Сыр Полесский;227.15;23;14.3;0;0;;
ПРОДУКТ;Сыр Пошехонский;352.79;26;26.5;0;0;;
ПРОДУКТ;Сыр Прибалтийский;334.97;24.6;25.2;0;0;;
ПРОДУКТ;Сыр Проволоне дольче ТМ (Ауручио;364;23;30;0.5;0;;
ПРОДУКТ;Сыр Протеиновый;228;34.5;10;0;0;;
ПРОДУКТ;Сыр Протеиновый Безлактозный High Protein;207;32;8.8;0;0;;
ПРОДУКТ;Сыр Протеиновый С Томатами И Базиликом;263;32;15;0;0;;
ПРОДУКТ;Сыр Раклет;357.29;22.7;28;1;0;;
ПРОДУКТ;Сыр Реблошон;328.02;19.7;25.6;2.3;0;;
ПРОДУКТ;Сыр Рикотта;178.17;11;13;3;0;;
ПРОДУКТ;Сыр Ровеньки Диетический 20;214.81;32;9;0;0;;
ПРОДУКТ;Сыр Рокамадур;291.79;21.3;21.7;0.7;0;;
ПРОДУКТ;Сыр Рокишкио;363.45;32;25;0;0;;
ПРОДУКТ;Сыр Рокфор;342.12;20;28;0;0;;
ПРОДУКТ;Сыр Российский;374.1;24.1;29.5;0.3;0;;
ПРОДУКТ;Сыр Ружетт;284.9;35;15;0.5;0;;
ПРОДУКТ;Сыр С Голубой Плесенью «BLUE;343.6;19;28;3.9;0;;
ПРОДУКТ;Сыр Салер;354.94;26.3;26.6;0;0;;
ПРОДУКТ;Сыр Сбринц;429.57;30;33;0;0;;
ПРОДУКТ;Сыр Сваля;330;25;26;0;0;;
ПРОДУКТ;Сыр Сваля 45% в нарезке;342.76;26.5;25.2;0;0;;
ПРОДУКТ;Сыр Сирене;228;16;18;0.5;0;;
ПРОДУКТ;Сыр Сиртаки рассольный Classic;231.73;10;17;8;0;;
ПРОДУКТ;Сыр Сливочный;350;26.7;27;0;0;;
ПРОДУКТ;Сыр Сливочный Молока Воз;310;23;24;0;0;;
ПРОДУКТ;Сыр Сметанковый;341.58;21;27.5;0;0;;
ПРОДУКТ;Сыр Снофриск козий натуральный;256.85;6;25;0;0;;
ПРОДУКТ;Сыр Степной;349.7;24;26.3;1.7;0;;
ПРОДУКТ;Сыр Стилтон;363.79;21.4;28.7;2.3;0;;
ПРОДУКТ;Сыр Сулугуни;349;25;27;1.5;0;;
ПРОДУКТ;Сыр Сыробогатов лёгкий 25;256.07;33;13;0;0;;
ПРОДУКТ;Сыр Твердый;365;24;29;1;0;;
ПРОДУКТ;Сыр Твердый Тертый Пармезан;356.5;31.3;25.7;0;0;;
ПРОДУКТ;Сыр Творожный;245.1;7.1;22.7;3.1;0;;
ПРОДУКТ;Сыр Творожный С Зеленью;250;8;23;3;0;;
ПРОДУКТ;Сыр Творожный ломтик с прованскими травами;336.51;12.7;30;1.4;0;;
ПРОДУКТ;Сыр Тильзитер;346.64;27.8;25;0.1;0;;
ПРОДУКТ;Сыр Тофу;74.69;8.1;4.2;0.6;0;;
ПРОДУКТ;Сыр Тофу Bon Soya с укропом и петрушкой;179;20;10;1;0;;
ПРОДУКТ;Сыр Тофу Боб и Соя по-русски;95.65;9;5;3;0;;
ПРОДУКТ;Сыр Тофу Житное Подворье с укропом и чесноком;54.17;7;2.3;1;0;;
ПРОДУКТ;Сыр Тысяча Озёр лёгкий 15;266.45;31;15;0;0;;
ПРОДУКТ;Сыр Тёртый Три Сыра;337.3;26.5;25.7;0;0;;
ПРОДУКТ;Сыр Угличский;350.11;25.8;26.3;0;0;;
ПРОДУКТ;Сыр Фавита;181.18;14;12;3;0;;
ПРОДУКТ;Сыр Фасованый Тильзитер;346;27;26;0;0;;
ПРОДУКТ;Сыр Фермерский;212.99;18.5;14.1;1.5;0;;
ПРОДУКТ;Сыр Фета;292.66;17;24;0;0;;
ПРОДУКТ;Сыр Филадельфия;258.22;5.4;24;3.2;0;;
ПРОДУКТ;Сыр Фонтина;400.44;25.6;31.1;1.6;0;;
ПРОДУКТ;Сыр Хозяйство Васил.изюм;154;13.8;4.3;15;0;;
ПРОДУКТ;Сыр Холлендер;273.14;28;17;0.1;0;;
ПРОДУКТ;Сыр Хрустящая Моцарелла;480;54.4;29.2;0;0;;
ПРОДУКТ;Сыр Хрустящий Запечённый;550;41.5;39;8;0;;
ПРОДУКТ;Сыр Чанах;284.33;19.5;22;0;0;;
ПРОДУКТ;Сыр Чеддер;391.58;23;32;0;0;;
ПРОДУКТ;Сыр Чеддер Из Свежего Молока;380;24;31;1.8;0;;
ПРОДУКТ;Сыр Чечил;299.55;19.5;22.8;1.9;0;;
ПРОДУКТ;Сыр Чечил рассольный копчёный;330.51;19.5;26;2.2;0;;
ПРОДУКТ;Сыр Швейцарский;397.51;24.9;31.8;0;0;;
ПРОДУКТ;Сыр Эдам;339.94;24;26;0;0;;
ПРОДУКТ;Сыр Эдам копчёный;333.93;24.8;25;0;0;;
ПРОДУКТ;Сыр Эмменталь;394.4;28.8;29.7;0.1;0;;
ПРОДУКТ;Сыр Эстонский;367.14;26;26.5;3.5;0;;
ПРОДУКТ;Сыр Янтарный плавленый;298.72;7;27.3;4;0;;
ПРОДУКТ;Сыр Ярлсберг;374.92;28;28;0;0;;
ПРОДУКТ;Сыр Ярлсберг Лайт;275.74;31;16;0;0;;
ПРОДУКТ;Сыр Ярославский;354.53;26.2;26.6;0;0;;
ПРОДУКТ;Сыр бри с трюфелем;280;18;23;0;0;;
ПРОДУКТ;Сыр брынза (из коровьего молока;260.12;17.9;20.1;0;0;;
ПРОДУКТ;Сыр брынза (из овечьего молока;296.76;14.6;25.5;0;0;;
ПРОДУКТ;Сыр грюнландер легкий 18;278;29;18;0;0;;
ПРОДУКТ;Сыр зеленый;367.14;26;26.5;3.5;0;;
ПРОДУКТ;Сыр кавказский Умалат;238;16;18;0;0;;
ПРОДУКТ;Сыр колбасный копчёный;270.81;23;19;0;0;;
ПРОДУКТ;Сыр колбасный копчёный Рязанский Нежный;229;7.8;19.8;5;0;;
ПРОДУКТ;Сыр колбасный плавленый копченый;242.11;10;18;10;0;;
ПРОДУКТ;Сыр копчёный «Косичка» Сочинский;261.81;19.6;20.6;0;0;;
ПРОДУКТ;Сыр легкий;274.9;29.2;16.9;1.5;0;;
ПРОДУКТ;Сыр моцарелла для пиццы;267.8;20.8;19.8;1.6;0;;
ПРОДУКТ;Сыр мягкий Кавказский из цельного молока;261.7;16.2;20.5;3.1;0;;
ПРОДУКТ;Сыр мягкий Моцарелла для пиццы 45;250;16;20;1.5;0;;
ПРОДУКТ;Сыр мягкий Рикотта;190.2;16.4;13;1.9;0;;
ПРОДУКТ;Сыр мягкий Рикотта Претто;115;8.5;9;3.7;0;;
ПРОДУКТ;Сыр мягкий Страчателла;230;16;18;1;0;;
ПРОДУКТ;Сыр мягкий Фермерский;179.9;18.5;11.1;1.5;0;;
ПРОДУКТ;Сыр мягкий Фета нежная;187.6;11.5;14.8;2.1;0;;
ПРОДУКТ;Сыр мягкий моцарелла для пиццы;250;16;20;1.5;0;;
ПРОДУКТ;Сыр плавленный пастообразный сладкий «шоколадный;280;6;16;26;0;;
ПРОДУКТ;Сыр плавленый;270.51;16.8;11.2;23.8;0;;
ПРОДУКТ;Сыр плавленый Hochland Индейка с прованскими травами;230;13;16.8;6.7;0;;
ПРОДУКТ;Сыр плавленый Mix;223;12;17.1;5.71;0;;
ПРОДУКТ;Сыр плавленый «Волна;280;15.1;23.1;1.9;0;;
ПРОДУКТ;Сыр плавленый Дружба;240;5.7;18;13.9;0;;
ПРОДУКТ;Сыр плавленый Дружба Продукты из Елани;264;10.3;23.2;3.5;0;;
ПРОДУКТ;Сыр плавленый лёгкий с грибами;248;11;20;6;0;;
ПРОДУКТ;Сыр плавленый пастообразный «Ласковое лето» сливочный 45;210.4;12.2;15.6;5.3;0;;
ПРОДУКТ;Сыр плавленый с ветчиной;198;7.8;17;3.5;0;;
ПРОДУКТ;Сыр плавленый с грибами;187;8.9;16.2;1.5;0;;
ПРОДУКТ;Сыр плавленый с грибами Ашан;239;11;18.5;6.8;0;;
ПРОДУКТ;Сыр плавленый с грибами ломтевой Продукты из Елани;258;8.8;23.2;3.5;0;;
ПРОДУКТ;Сыр плавленый с грибами пастообразный;259;9.4;21.5;6.8;0;;
ПРОДУКТ;Сыр плавленый сливочный;263;15;21;3.5;0;;
ПРОДУКТ;Сыр плавленый сливочный Карат;210;6.3;16.2;9.7;0;;
ПРОДУКТ;Сыр плавленый сливочный Продукты из Елани;282;9.8;24.8;4.8;0;;
ПРОДУКТ;Сыр плавленый сливочный ломтевой Продукты из Елани;264;10.3;23.2;3.5;0;;
ПРОДУКТ;Сыр плавленый чеддер;232;10.4;18.4;6.2;0;;
ПРОДУКТ;Сыр плавленый шоколадный;325.2;11.6;18.5;25.8;0;;
ПРОДУКТ;Сыр полутвердый;333;26.5;25.2;0;0;;
ПРОДУКТ;Сыр полутвердый «Брест-Литовск классический» массовой долей жира в сухом веществе 45;340.1;26.3;26.1;0;0;;
ПРОДУКТ;Сыр полутвердый «Моцарелла Пицца;300;26.3;21.3;0;0;;
ПРОДУКТ;Сыр полутвердый Тильзитер;340;26;26;0;0;;
ПРОДУКТ;Сыр полутвердый Халлуми с вялеными томатами и халапеньо;285.9;19.1;22.3;2.2;0;;
ПРОДУКТ;Сыр полутвердый безлактозный;240;31.9;12;1;0;;
ПРОДУКТ;Сыр протеиновый моцарелла;253;24;17;1;0;;
ПРОДУКТ;Сыр с белой плесенью;288.92;21.3;21.7;0;0;;
ПРОДУКТ;Сыр с благородной плесенью Noble Blue;344;19;28;4;0;;
ПРОДУКТ;Сыр с голубой плесенью;367.53;17.6;31;1.8;0;;
ПРОДУКТ;Сыр с голубой плесенью Интенс;344;20;28;3;0;;
ПРОДУКТ;Сыр с красной плесенью;351.41;20;29;0;0;;
ПРОДУКТ;Сыр с плесенью;351.41;20;29;0;0;;
ПРОДУКТ;Сыр сычужный;307.59;22;23.4;0;0;;
ПРОДУКТ;Сыр творожный (солоноватый сливочный вкус;210.9;8.5;18.5;2.6;0;;
ПРОДУКТ;Сыр творожный Hochland сливочный;238;6.1;22.2;3.5;0;;
ПРОДУКТ;Сыр творожный «Рикотта;140;11;9;3.7;0;;
ПРОДУКТ;Сыр творожный «Сливочный;250;5.8;23.5;3.4;0;;
ПРОДУКТ;Сыр творожный Сернурская Рикотта из коровьего молока;140;11;9;3.7;0;;
ПРОДУКТ;Сыр творожный рбили с аджикой;228.8;6.5;21.2;3;0;;
ПРОДУКТ;Сыр творожный сливочный;240;7;23;3;0;;
ПРОДУКТ;Сыр твёрдый 12 месяцев;367;33;26;0;0;;
ПРОДУКТ;Сыр тостовый с ветчиной Pilos;255;20;17;5.6;0;;
ПРОДУКТ;Сыр фасованный Cheddar ( Чеддер;350;26;27;0;0;;
ПРОДУКТ;Сыр фасованный Protein и кальций;232;31;12;0;0;;
ПРОДУКТ;Сыр фасованный Гауда премиум;294;26.7;20.8;0;0;;
ПРОДУКТ;Сыр фасованный Легкий;275;15;5;42.5;0;;
ПРОДУКТ;Сыр фасованный Тающие ломтики;351.6;24;28.4;0;0;;
ПРОДУКТ;Сыр фасованный пошехонский;363.9;27.3;27.5;1.8;0;;
ПРОДУКТ;Сыр чехол со вкусом укропа со сметаной;249;19.5;19;0;0;;
ПРОДУКТ;СырКач соломка;304.4;21.8;22.8;3;0;;
ПРОДУКТ;Сырки Творожные Глазированные С Ванилью;353.3;9.2;19.3;35.7;0;;
ПРОДУКТ;Сырник творожный;184.32;18.6;3.6;18.2;0;;
ПРОДУКТ;Сырники;266.5;15.6;10.5;27.4;0;;
ПРОДУКТ;Сырники «Лапки;245;21;6;27;0;;
ПРОДУКТ;Сырники «Лёгкие» с курагой;182.7;20.7;5.5;12.9;0;;
ПРОДУКТ;Сырники Банановые;233;5.1;17.6;13.6;0;;
ПРОДУКТ;Сырники Запеченные С Цедрой Апельсина;216.6;13.11;9.38;19.93;0;;
ПРОДУКТ;Сырники Из Творога;193.6;14;11.2;9.2;0;;
ПРОДУКТ;Сырники С Вишневой Начинкой Замороженные;30.9;1.72;1.18;3.35;0;;
ПРОДУКТ;Сырники С Вишней;260.5;9.1;14.9;22.5;0;;
ПРОДУКТ;Сырники Яблоко Корица;208.2;12.6;8.6;20.1;0;;
ПРОДУКТ;Сырники без сахара запечённые;195;16.8;10;9.43;0;;
ПРОДУКТ;Сырники в шоколадной глазури;155.2;10.8;6;14.5;0;;
ПРОДУКТ;Сырники ванильные замороженные;220;15;12;13;0;;
ПРОДУКТ;Сырники жареные;294;12.2;19.5;17.5;0;;
ПРОДУКТ;Сырники классические Бон Меню;831;10;10;20;0;;
ПРОДУКТ;Сырники классические замороженные;222.7;14.7;10.3;17.8;0;;
ПРОДУКТ;Сырники с абрикосовой начинкой;257.6;14.4;12.8;21.2;0;;
ПРОДУКТ;Сырники с изюмом Бон Меню;234;10;10;23.6;0;;
ПРОДУКТ;Сырники с клубничной начинкой замороженные;221.9;14;7.9;23.7;0;;
ПРОДУКТ;Сырники с курагой;268;12.4;7.2;38.4;0;;
ПРОДУКТ;Сырники с малиной;198;12.4;9.52;15.7;0;;
ПРОДУКТ;Сырники с начинкой Манго-Маракуйя;236.4;14.2;10.4;21.5;0;;
ПРОДУКТ;Сырники с начинкой клубника-персик;249.7;9.5;13.7;22.1;0;;
ПРОДУКТ;Сырники с творогом;240;11;12;22;0;;
ПРОДУКТ;Сырники творожные 5;205;14;5;26;0;;
ПРОДУКТ;Сырники творожные с маскарпоне на миндальной муке;222.5;10.8;11.7;18.5;0;;
ПРОДУКТ;Сырное Мороженое;316.92;5.08;18.46;32.46;0;;
ПРОДУКТ;Сырные Медальоны Замороженные;287.8;7.5;13;35.2;0;;
ПРОДУКТ;Сырные наггетсы классические Мироторг;280.5;9.2;17.8;20.8;0;;
ПРОДУКТ;Сырные палочки;354.1;20.7;28.1;4.6;0;;
ПРОДУКТ;Сырный Чили Соус;250;0.5;22;12;0;;
ПРОДУКТ;Сырный бочонок;550;48.5;39.5;0;0;;
ПРОДУКТ;Сырный крем Олимпус;72.66;11;2;2.5;0;;
ПРОДУКТ;Сырный пирог;82.67;0.01;24.7;18.6;0;;
ПРОДУКТ;Сырный продукт Hochland Фетакса плавленый;269.15;8;25;1;0;;
ПРОДУКТ;Сырный продукт Парижская буренка;242.1;7.2;22;2;0;;
ПРОДУКТ;Сырный продукт Российский классический;359.7;23;28;0;0;;
ПРОДУКТ;Сырный соус;2;0;80;10;0;;
ПРОДУКТ;Сыробогатов;248;7.3;20.4;8.9;0;;
ПРОДУКТ;Сыровяленное Филе Бедра Индейки;190;28;8;1;0;;
ПРОДУКТ;Сыроежки свежие;19.62;1.7;0.7;1.5;0;;
ПРОДУКТ;Сырок;391;8.3;21.7;40.5;0;;
ПРОДУКТ;Сырок Б.Ю.Александров 5% в тёмном шоколаде;294.09;13.5;12.9;29;0;;
ПРОДУКТ;Сырок Б.Ю.Александров в молочном шоколаде;422.29;8.4;28.2;30.7;0;;
ПРОДУКТ;Сырок Б.Ю.Александров в тёмном шоколаде;432.09;8.6;30.8;27;0;;
ПРОДУКТ;Сырок Б.Ю.Александров с ванилью;114.92;2.8;6.5;10.5;0;;
ПРОДУКТ;Сырок БЮ Александров;420;8.5;28;33;0;;
ПРОДУКТ;Сырок В Белом Шоколаде;400;11;27;29;0;;
ПРОДУКТ;Сырок В Шоколаде Со Вкусом Кокоса;335;12;21;24.6;0;;
ПРОДУКТ;Сырок Вареная Сгущенка;359;6.5;23;31.3;0;;
ПРОДУКТ;Сырок Глазированный «Суфле» С Розовой Гуавой В Молочном Шоколаде;378.9;5.7;19.3;45.6;0;;
ПРОДУКТ;Сырок Глазированный С Ванилью;389;6;20;45;0;;
ПРОДУКТ;Сырок Горгонзола Груша;373.6;7;23.6;33.3;0;;
ПРОДУКТ;Сырок Клубничный чизкейк;322.7;7.5;18.3;32;0;;
ПРОДУКТ;Сырок Пестравка с изюмом;151;13.9;4.5;13.6;0;;
ПРОДУКТ;Сырок Простоквашино ваниль;393;11;23;31;0;;
ПРОДУКТ;Сырок Простоквашино клубника;398;8.6;23;35;0;;
ПРОДУКТ;Сырок Протеиновый Банан-Карамель;232;22.1;10.3;12.8;0;;
ПРОДУКТ;Сырок Протеиновый Банановый;151.6;20;5;6.7;0;;
ПРОДУКТ;Сырок Протеиновый Ванильный;151.4;20;5;6.62;0;;
ПРОДУКТ;Сырок Росташрокоплекс Черешня;403.8;7.5;27.4;31.8;0;;
ПРОДУКТ;Сырок С Бельгийским Темным И Молочным Шоколадом Со Вкусом Клубники;328;12;20;25;0;;
ПРОДУКТ;Сырок С Ванилью;400;10.3;25.3;32.7;0;;
ПРОДУКТ;Сырок С Вареной Сгущенкой;384;6.67;20;44.4;0;;
ПРОДУКТ;Сырок С Изюмом;373;8.3;22.1;35.1;0;;
ПРОДУКТ;Сырок С Клубничным Наполнителем;465;8;33;34;0;;
ПРОДУКТ;Сырок С Печеньем;395;7;23;40;0;;
ПРОДУКТ;Сырок С Сыром;395.2;9.8;25.6;31.4;0;;
ПРОДУКТ;Сырок С Фисташкой В Белом Шоколаде;431.8;8.3;30.2;31.7;0;;
ПРОДУКТ;Сырок Сгущенка;287;14;11;33;0;;
ПРОДУКТ;Сырок Сгущёнка;302;9;16;31;0;;
ПРОДУКТ;Сырок Со Вкусом Клубники;396;6;28.4;28.5;0;;
ПРОДУКТ;Сырок Со Сгущенкой;390;4;23;43;0;;
ПРОДУКТ;Сырок Советские традиции Крем-Брюле глазированный;400;7.1;26.4;36.5;0;;
ПРОДУКТ;Сырок Творожный Глазированный Картошка;413;8.1;23.8;41.6;0;;
ПРОДУКТ;Сырок Творожный Глазированный С Ароматом Ванили Массовая Доля Жира 20;382;7.5;23.1;36.1;0;;
ПРОДУКТ;Сырок Творожный Глазированный С Какао Без Добавления Сахара;370;8.6;22.4;33.1;0;;
ПРОДУКТ;Сырок Творожный Глазированный С Кокосом И Миндалём;421.2;12.1;28;30.2;0;;
ПРОДУКТ;Сырок Творожный Клубника Печенье;328;9;12;46;0;;
ПРОДУКТ;Сырок Творожный Марципан;430;6.1;27.8;38.4;0;;
ПРОДУКТ;Сырок Творожный Молоко Сгущёное Варёное;180;14;5;20;0;;
ПРОДУКТ;Сырок Творожный С Ванилью;368;9;24;29;0;;
ПРОДУКТ;Сырок Творожный С Ванилью В Молочном Шоколаде;298.6;15;11;34.9;0;;
ПРОДУКТ;Сырок аромат ванили;372.1;6.4;25.7;28.8;0;;
ПРОДУКТ;Сырок в молочном шоколаде с ванилью;414.9;8.1;28.1;32.4;0;;
ПРОДУКТ;Сырок в молочном шоколаде с ванилью 5;286.9;10.6;11.3;35.7;0;;
ПРОДУКТ;Сырок глазированный;421;8.7;28.7;31.9;0;;
ПРОДУКТ;Сырок глазированный «С варёной сгущёнкой;380;5.6;26;32;0;;
ПРОДУКТ;Сырок глазированный Картошка;441.25;7;23.4;47.6;0;;
ПРОДУКТ;Сырок глазированный СУФЛЕ С ГОЛУБИКОЙ И ЕЖЕВИКОЙ в бельгийском молочном шоколаде;387.7;5.7;19.3;47.8;0;;
ПРОДУКТ;Сырок глазированный ванильный;380;5.8;26;30.5;0;;
ПРОДУКТ;Сырок глазированный клубника;354.4;8.5;20.4;34.4;0;;
ПРОДУКТ;Сырок глазированный с кокосом;382.41;5.3;26.2;32;0;;
ПРОДУКТ;Сырок глазированный с начинкой;384.43;9.5;21.3;36;0;;
ПРОДУКТ;Сырок глазированный с шоколадом;410;10;26;34;0;;
ПРОДУКТ;Сырок глазированный со сгущенным молоком;370;9.5;21;36;0;;
ПРОДУКТ;Сырок земляника;394.3;7.3;25.5;33.9;0;;
ПРОДУКТ;Сырок какао;411;8.3;27.7;32.1;0;;
ПРОДУКТ;Сырок карамель;389;8.3;25.3;32;0;;
ПРОДУКТ;Сырок с ванилью глазированный;359.2;11;22.8;27.5;0;;
ПРОДУКТ;Сырок творожный;415;9;23;43;0;;
ПРОДУКТ;Сырок творожный 15% с кокосовой стружкой в молочном шоколаде;386;10;22;37;0;;
ПРОДУКТ;Сырок творожный 5% с кокосовой стружкой в молочном шоколаде;324.8;11;16;34.2;0;;
ПРОДУКТ;Сырок творожный Status глазированный в бельгийском молочном шоколаде с орехами фисташки;429.4;8.5;30.2;30.9;0;;
ПРОДУКТ;Сырок творожный «Картошка» глазированный;420;7;25.6;40.1;0;;
ПРОДУКТ;Сырок творожный Дубайский шоколад;405;8.9;28;29.2;0;;
ПРОДУКТ;Сырок творожный ТОП с начинкой Черника в белой глазури;359.6;9;21.6;32.3;0;;
ПРОДУКТ;Сырок творожный в натуральном шоколаде с какао;416.8;8.6;28;32.6;0;;
ПРОДУКТ;Сырок творожный глазированный Status в бельгийском молочном шоколаде с наполнителем «Кленовый сироп» и грецким орехом;414;7.5;26.8;35.7;0;;
ПРОДУКТ;Сырок творожный глазированный «Клубника-Земляника» в бельгийском молочном шоколаде;395.1;7.3;25.5;34.1;0;;
ПРОДУКТ;Сырок творожный глазированный «Красный Апельсин» в бельгийском молочном шоколаде;395.1;7.3;25.5;34.1;0;;
ПРОДУКТ;Сырок творожный глазированный «Солёная Карамель» в бельгийском молочном шоколаде;411.1;7.4;26.3;36.2;0;;
ПРОДУКТ;Сырок творожный глазированный Белорусский с какао массовой долей жира 23;414.4;9.5;25.6;36.5;0;;
ПРОДУКТ;Сырок творожный глазированный Кокос;409;7.4;27;34.1;0;;
ПРОДУКТ;Сырок творожный глазированный Молоко сгущёнкой варёное;364;15.1;19.1;32.9;0;;
ПРОДУКТ;Сырок творожный глазированный Черника;350;7.9;20.7;33;0;;
ПРОДУКТ;Сырок творожный глазированный в бельгийском молочном шоколаде с молоком сгущёным варёным;409.5;7.9;26.3;35.3;0;;
ПРОДУКТ;Сырок творожный глазированный в молочной глазури;378.6;8.6;23;34.3;0;;
ПРОДУКТ;Сырок творожный глазированный в молочной шоколадной глазури с кокосом;410;8;28;32;0;;
ПРОДУКТ;Сырок творожный глазированный в молочной шоколадной глазури с начинкой персик-маракуйя;350;8;18;39;0;;
ПРОДУКТ;Сырок творожный глазированный кондитерской глазурью с крошкой печенья, со вкусом грецкого ореха и начинкой кондитерской сгущенной Пингвинёнок Понго;390;7.6;23;38.8;0;;
ПРОДУКТ;Сырок творожный глазированный с ароматом ванили;412;7.3;28.2;31.7;0;;
ПРОДУКТ;Сырок творожный глазированный с ванилью в бельгийском белом шоколаде;417.7;7.9;28.1;33.3;0;;
ПРОДУКТ;Сырок творожный глазированный с ванилью с бельгийском тёмном шоколаде;411.7;8.3;29.3;28.7;0;;
ПРОДУКТ;Сырок творожный глазированный с кокосовой;389;8.9;25.3;31.5;0;;
ПРОДУКТ;Сырок творожный глазированный с хрустящими шариками;440;11;30;31;0;;
ПРОДУКТ;Сырок творожный из козьего молока глазированный в тёмном шоколаде;265.7;8.5;12.5;29.8;0;;
ПРОДУКТ;Сырок творожный с какао в молочном шоколаде 5;290;15;11;34;0;;
ПРОДУКТ;Сырок творожный с кокосом;305;15;13;32;0;;
ПРОДУКТ;Сырок творожный с сахаром и ванилином;180;14.3;8;12.7;0;;
ПРОДУКТ;Сырок творожный с сахаром и курагой с массовой долей жира 4,5;172;13.8;4.5;19;0;;
ПРОДУКТ;Сырок творожный с сахаром и цукатами с массовой долей жира 12;240;11;11;25;0;;
ПРОДУКТ;Сырок творожный с сахаром с массовой долей жира 12;230;13;12;18;0;;
ПРОДУКТ;Сырок творожный с фисташкой в белом шоколаде;427.6;10.6;27.6;34.2;0;;
ПРОДУКТ;Сырок творожный со сгущённым молоком в молочном шоколаде;295;16.3;11;32.7;0;;
ПРОДУКТ;Сырок творожный шоколадный;400;11;27;28;0;;
ПРОДУКТ;Сырок хоз.васил. ваниль;153;12;4.5;16;0;;
ПРОДУКТ;Сырок, малина;351;11.9;21;28.7;0;;
ПРОДУКТ;Сырокопчёная Полусухая Колбаса «Испанская;280;20;22;0;0;;
ПРОДУКТ;Сырокопчёная колбаса;400;26;33;1;0;;
ПРОДУКТ;Сырочки;243;10;8.3;32;0;;
ПРОДУКТ;Сырцееды сыр копчёный классический;413.2;46.4;24;0;0;;
ПРОДУКТ;Сырцееды сыр копчёный со вкусом томата;413.2;46.4;24;0;0;;
ПРОДУКТ;Сырцееды сыр копчёный со вкусом чеснока и укропа;413.2;46.4;24;0;0;;
ПРОДУКТ;Сытные Пельмени Со Свининой;216;10.2;10.8;19.6;0;;
ПРОДУКТ;Сытные растительные джерки со вкумом говядины;270;35;9;11.5;0;;
ПРОДУКТ;Сытные растительные джерки со вкусом курицы;240;33;5.6;14;0;;
ПРОДУКТ;Сьомга;183;19.2;11.5;0.5;0;;
ПРОДУКТ;Сьомга Шматочками;202;22.5;12.5;0;0;;
ПРОДУКТ;Сэндвич Ай-Твистер Чиз;262.57;9.7;13.7;23.3;0;;
ПРОДУКТ;Сэндвич Биг Кинг;217.64;8.5;13.1;14.9;0;;
ПРОДУКТ;Сэндвич Биг Мак;520.34;27;26;41;0;;
ПРОДУКТ;Сэндвич Биггер;249.41;12.3;11.4;22.7;0;;
ПРОДУКТ;Сэндвич Биф Ролл;527.71;20;29;43;0;;
ПРОДУКТ;Сэндвич Биф а-ля Рус;587.29;29;31;44;0;;
ПРОДУКТ;Сэндвич Боксмастер Жюльен;259.31;7.8;15.6;20.1;0;;
ПРОДУКТ;Сэндвич Боксмастер из тостера;260.54;8.1;15.6;20.1;0;;
ПРОДУКТ;Сэндвич Брешь С Курицей;191;10;11;13;0;;
ПРОДУКТ;Сэндвич Ветчина и омлет;282.6;8;16.5;25.4;0;;
ПРОДУКТ;Сэндвич Воппер;213.27;9.2;12.1;15.4;0;;
ПРОДУКТ;Сэндвич Воппер Двойной;238.68;11.9;15.1;12.1;0;;
ПРОДУКТ;Сэндвич Воппер Джуниор;215.02;9.2;10.7;19;0;;
ПРОДУКТ;Сэндвич Воппер Тройной;249.12;13.7;16.4;9.9;0;;
ПРОДУКТ;Сэндвич Гамбургер;259.91;13;9;30;0;;
ПРОДУКТ;Сэндвич Гамбургер Бургер Кинг;184.73;7.6;5.1;25.9;0;;
ПРОДУКТ;Сэндвич Гриль Чикен Барбекю;236.01;12.1;11.9;18.5;0;;
ПРОДУКТ;Сэндвич Гриль с Ветчиной и Сыром;142;6;6;16;0;;
ПРОДУКТ;Сэндвич Двойной С Ветчиной;220;8;11.5;22;0;;
ПРОДУКТ;Сэндвич Двойной Чизбургер;460.76;27;24;31;0;;
ПРОДУКТ;Сэндвич Зингер;237.98;11.6;10.7;22.2;0;;
ПРОДУКТ;Сэндвич Классик;226.07;10.9;8.8;24.3;0;;
ПРОДУКТ;Сэндвич Классический;246;14.5;10.8;23.3;0;;
ПРОДУКТ;Сэндвич Криспи Чикен;264.04;9.7;15.8;18.9;0;;
ПРОДУКТ;Сэндвич Курица Бекон;253;10;11.4;27.6;0;;
ПРОДУКТ;Сэндвич Лонгер Жюльен;302.12;13.4;15;26.3;0;;
ПРОДУКТ;Сэндвич Лонгер Кентукки BBQ;239.96;11.6;8;28.8;0;;
ПРОДУКТ;Сэндвич Макчикен;438.91;20;19;44;0;;
ПРОДУКТ;Сэндвич Ролл С Горбушей И Яйцом;227.5;9.9;11.5;21.1;0;;
ПРОДУКТ;Сэндвич Ролл С Индейкой;189;7.4;6.8;25.1;0;;
ПРОДУКТ;Сэндвич Ролл С Курицей;261;9.1;14.1;23.1;0;;
ПРОДУКТ;Сэндвич Роял Де Люкс;564.61;30;29;42;0;;
ПРОДУКТ;Сэндвич Роял Чизбургер;538.92;32;28;36;0;;
ПРОДУКТ;Сэндвич С Индейкой;380;9.5;27;25;0;;
ПРОДУКТ;Сэндвич С Куриным Рулетом и Сыром Гауда;142;6;6;16;0;;
ПРОДУКТ;Сэндвич С Курицей И Печеным Перцем Крем Чизам Шпинатом И Мёдом С Чесноком;219;8;6;33;0;;
ПРОДУКТ;Сэндвич С Курицей Макси;160;11.3;2.3;24.3;0;;
ПРОДУКТ;Сэндвич С Мортаделлой;295;9.1;18.6;22.8;0;;
ПРОДУКТ;Сэндвич С Мортаделлой И Трюфельным Соусом;289;11;17;23;0;;
ПРОДУКТ;Сэндвич С Ростбифом;243;8.7;11.5;27.8;0;;
ПРОДУКТ;Сэндвич С Томленой Лопаткой;271;6.1;17.1;22.7;0;;
ПРОДУКТ;Сэндвич Сандерс;217.8;10.5;6.1;28.8;0;;
ПРОДУКТ;Сэндвич Стейкхаус Бургер Кинг;278.74;12;16.5;18.6;0;;
ПРОДУКТ;Сэндвич Твистер Веджи;277.1;4.6;18;22.2;0;;
ПРОДУКТ;Сэндвич Твистер Жюльен;271.4;11.1;13.9;23.6;0;;
ПРОДУКТ;Сэндвич Твистер из тостера;226.15;10;10;22.5;0;;
ПРОДУКТ;Сэндвич Филе-о-фиш;325.77;14;13;36;0;;
ПРОДУКТ;Сэндвич Фиш Кинг;262.24;8.8;14.9;21.4;0;;
ПРОДУКТ;Сэндвич Фиш Ролл;484.27;17;23;49;0;;
ПРОДУКТ;Сэндвич Фреш Ролл;619.52;25;38;40;0;;
ПРОДУКТ;Сэндвич Цезарь Ролл;518.16;22;24;50;0;;
ПРОДУКТ;Сэндвич Цезарь Ролл Бургер Кинг;225.9;10.7;10.9;19.7;0;;
ПРОДУКТ;Сэндвич Чизбургер;309.37;16;13;30;0;;
ПРОДУКТ;Сэндвич Чизбургер Бургер Кинг;200.66;8.8;7.3;23.6;0;;
ПРОДУКТ;Сэндвич Чизбургер Двойной Бургер Кинг;188.95;9.6;8.6;17;0;;
ПРОДУКТ;Сэндвич Чизбургер Жюльен;248.84;11;10.5;25.9;0;;
ПРОДУКТ;Сэндвич Чикен Лонг;286.1;10.9;16.1;22.4;0;;
ПРОДУКТ;Сэндвич Чикенбургер;365.94;12;16;41;0;;
ПРОДУКТ;Сэндвич Чикенбургер Бургер Кинг;277.19;8.3;16.2;22.6;0;;
ПРОДУКТ;Сэндвич ванильный с кусочками печенья;308;5;12;45;0;;
ПРОДУКТ;Сэндвич грил-чиз болоньезе С песто;267;9;11;33;0;;
ПРОДУКТ;Сэндвич на угольном хлебе с индейкой, перцем гриль;218.7;12.2;8.3;23.8;0;;
ПРОДУКТ;Сэндвич на чиабатте с курицей;264;9;13;36;0;;
ПРОДУКТ;Сэндвич продукт плавленый с сыром;270;8;22;11;0;;
ПРОДУКТ;Сэндвич ролл с курицей Дору-Литорал;205.6;12.5;6.8;23.6;0;;
ПРОДУКТ;Сэндвич ролл с курицей и сыром «дор-блю;207;12.2;7;23.8;0;;
ПРОДУКТ;Сэндвич ролл с курицей, вяленой клюквой и арахисом;249;9.2;12.2;25.6;0;;
ПРОДУКТ;Сэндвич ролл с тигровыми креветками;231.3;8.3;13.3;19.6;0;;
ПРОДУКТ;Сэндвич с Индейкой, Соусом Хойсин, Грибами и Битыми Огурцами;250;8;13.5;23.5;0;;
ПРОДУКТ;Сэндвич с беконом и омлетом;290;6;19;23;0;;
ПРОДУКТ;Сэндвич с ветчиной и сыром;279;10;14;28;0;;
ПРОДУКТ;Сэндвич с индейкой, соусом песто и омлетом;177;9;7;18;0;;
ПРОДУКТ;Сэндвич с курицей;190.9;11.6;10;13.5;0;;
ПРОДУКТ;Сэндвич с курицей с фирменным соусом;236;11.9;9.6;26.3;0;;
ПРОДУКТ;Сэндвич с тунцом и маринованным луком;155;10;3;22;0;;
ПРОДУКТ;Сэндвич с форелью;231;5.2;8.4;33.6;0;;
ПРОДУКТ;Сэндвич соус;310;0.3;30;9;0;;
ПРОДУКТ;Сэндвич-вафли с соленой карамелью и бананом;370;5;17;49;0;;
ПРОДУКТ;Сэндвич-печенье с маршмэллоу покрытое глазурью;454;4;15.6;73.7;0;;
ПРОДУКТ;Сэндвич-ролл «цезарь;245.8;10.8;11.4;25;0;;
ПРОДУКТ;Сэндвич-ролл Курица с соусом «Дор-Блю;240;9;13;21.5;0;;
ПРОДУКТ;Сэндвич-ролл С Куриными Стрипсами В Тортилье;290.2;7.8;17.8;24.7;0;;
ПРОДУКТ;Сэндвич-ролл с бужениной запеченной;268;8.4;13.6;28;0;;
ПРОДУКТ;Сэндвич-ролл с бужениной запечённой;290;10;19;19;0;;
ПРОДУКТ;Сэндвич-ролл с говядиной су-вид;218.7;8;10.3;23.5;0;;
ПРОДУКТ;Сэндвич-ролл с запечённым тунцом;190;11;6.3;22.6;0;;
ПРОДУКТ;Сэндвич-ролл с индейкой и сладким чили;222.6;11;5.4;32.5;0;;
ПРОДУКТ;Сэндвич-ролл с курицей «Тандури;215.2;9;10.4;21.4;0;;
ПРОДУКТ;Сэндвич-ролл с курицей и соусом Дор-Блю;262.3;8.6;13.5;26.6;0;;
ПРОДУКТ;Сэндвич-ролл с курицей и соусом чипотле;255.3;8.5;15.3;20.9;0;;
ПРОДУКТ;Сэндвич-ролл с лососем (кетой;161.5;9.5;5.9;17.6;0;;
ПРОДУКТ;Сэндвич-ролл с лососем (с кетой;163.7;8;5.3;21;0;;
ПРОДУКТ;Сэндвич-ролл с лососем и шпинатом;194.3;9.6;9.1;18.5;0;;
ПРОДУКТ;Сякэ тэрияки;167.62;12.9;5.2;16.2;0;;
ПРОДУКТ;Сёмга (брюшки;325.46;25;24;0;0;;
ПРОДУКТ;Сёмга (хребты;157.25;20;8.1;0;0;;
ПРОДУКТ;Сёмга копченая;208.38;22.5;12.5;0;0;;
ПРОДУКТ;Сұлтан спираль;344;10.5;1.1;71.5;0;;
ПРОДУКТ;ТВОРОГ ЗЕРНЕНЫЙ в нежирных сливках;102;15;4;1.5;0;;
ПРОДУКТ;ТЕОС ПРО Ваниль;57.12;9.09;0.15;4.85;0;;
ПРОДУКТ;ТРУБОЧКИН С МОЛОЧНО-ШОКОЛАДНОЙ НАЧИНКОЙ;480;6.5;19;71;0;;
ПРОДУКТ;Таймень;90.33;17.5;2;0;0;;
ПРОДУКТ;Тайский белый рис сорта Thai Hom Mali (жасминовый;351;7;0.7;79.1;0;;
ПРОДУКТ;Тако;460.55;7.1;20.8;58.1;0;;
ПРОДУКТ;Талицкий творог 5;121;16;0.5;30;0;;
ПРОДУКТ;Талкан пшеничный;321.63;11.5;1.3;64;0;;
ПРОДУКТ;Талкан-шифа 4 злака;316.59;10.6;2.7;60.5;0;;
ПРОДУКТ;Тальолини С Добавлением Яйца;300;11;3;56;0;;
ПРОДУКТ;Тальятеле С Курицей;190;12.6;8.4;15.9;0;;
ПРОДУКТ;Тальятелле;368.94;21.7;2.2;63.3;0;;
ПРОДУКТ;Тальятелле С Курицей В Сырном Соусе;183.2;11;6.4;20.4;0;;
ПРОДУКТ;Тамагояки тяхан;119.46;5.8;5.4;11.1;0;;
ПРОДУКТ;Тамаки сливочный увпленок спайси унаги;204;8.9;5.3;25.7;0;;
ПРОДУКТ;Тамарилло;51.25;0;0;12.5;0;;
ПРОДУКТ;Тамариндовая паста;273.3;2.8;0.6;62.5;0;;
ПРОДУКТ;Тан;17.3;1.4;0.5;1.8;0;;
ПРОДУКТ;Тан-нор;27.01;1.74;1;2.79;0;;
ПРОДУКТ;Тандем;20;1.3;0.8;1.9;0;;
ПРОДУКТ;Тандури масала;385.35;15;15;45;0;;
ПРОДУКТ;Танжело;66.69;1;1;13;0;;
ПРОДУКТ;Танжерин;53.22;0.8;0.3;11.5;0;;
ПРОДУКТ;Таорог рассыпчатый;140;12.9;4;13.2;0;;
ПРОДУКТ;Тапиока С Сыром И Луком;295.6;7.3;14.8;32.6;0;;
ПРОДУКТ;Таралини;474;9.5;20;64;0;;
ПРОДУКТ;Тараллини классические;460;9;20;61;0;;
ПРОДУКТ;Тараллини с сыром;480;10;21;62;0;;
ПРОДУКТ;Тараллини с томатом и ароматными травами;470;9.5;20;63;0;;
ПРОДУКТ;Тараллини с чесноком;470;9.5;20;64;0;;
ПРОДУКТ;Тарань;90.33;17.5;2;0;0;;
ПРОДУКТ;Тариалетка Фруктовая;209;4.3;6.7;32.2;0;;
ПРОДУКТ;Тарталетка Малиновая;260;3.5;13;32;0;;
ПРОДУКТ;Тарталетки Original;440;6;22;70;0;;
ПРОДУКТ;Тарталетки Икорные;450;6.5;19;64.5;0;;
ПРОДУКТ;Тарталетки вафельные;394.4;10;4;79.6;0;;
ПРОДУКТ;Тарталетки вафельные Корзинка;394;10;4;79.6;0;;
ПРОДУКТ;Тарталетки для салата;522.4;9.1;30.9;48.3;0;;
ПРОДУКТ;Тарталетки со смородиной;280;4;15;32;0;;
ПРОДУКТ;Тартар;230;16;18;0;0;;
ПРОДУКТ;Тартин Злаковый Из Лавки;263;9;6.5;42;0;;
ПРОДУКТ;Тартин Пшеничный;248;5.2;0.3;56.3;0;;
ПРОДУКТ;Тартин, Зерновой;210.6;8.1;4.6;34.2;0;;
ПРОДУКТ;Тахина;715.38;24;62;10;0;;
ПРОДУКТ;Таёжные Травы на основе флорентинной пихтовой воды;12.8;0;0;3.2;0;;
ПРОДУКТ;Таёжный Дар: Брусника на травах;16;0;0;4;0;;
ПРОДУКТ;Таёжный Дар: Черника на травах;15.6;0;0;4;0;;
ПРОДУКТ;Твикс;494;4.4;24;64.4;0;;
ПРОДУКТ;Твикс 3х2;494;4.4;24;64.4;0;;
ПРОДУКТ;Твист слоеный с сыром;496.4;14.9;33.2;34.5;0;;
ПРОДУКТ;Твистер С Куриным Филе С Медово Горчичным Соусом;302;11;15;30;0;;
ПРОДУКТ;Твой секрет;540;4.3;33;56;0;;
ПРОДУКТ;Творобушкин сырок глазированный Вареная сгущенка;355.8;8.3;22.2;30.7;0;;
ПРОДУКТ;Творог;169;18;9;3;0;;
ПРОДУКТ;Творог (массовая доля жира 9;157;16;9;3;0;;
ПРОДУКТ;Творог (нежирный;84.2;18;0.5;1.8;0;;
ПРОДУКТ;Творог 0;85.09;18;0;3.3;0;;
ПРОДУКТ;Творог 0% (не более 1,8;101;18;1.8;3.3;0;;
ПРОДУКТ;Творог 0% (обезжиренный;72.98;16.5;0;1.3;0;;
ПРОДУКТ;Творог 0,1;117;18.3;0.1;1.3;0;;
ПРОДУКТ;Творог 0,5;74;14;0.5;3.6;0;;
ПРОДУКТ;Творог 0,5 % обезжиренный;90.82;18;0.5;3.3;0;;
ПРОДУКТ;Творог 0.1;77.6;16.7;0.1;2;0;;
ПРОДУКТ;Творог 0.1% Домашний Рассыпчатый;56;12;0.1;1.8;0;;
ПРОДУКТ;Творог 0.2;83.04;18;0.2;1.8;0;;
ПРОДУКТ;Творог 0.3;90.12;18;0.3;3.3;0;;
ПРОДУКТ;Творог 0.6% (маложирный;86.75;18;0.6;1.8;0;;
ПРОДУКТ;Творог 1,0;87.26;18;1;1.3;0;;
ПРОДУКТ;Творог 1.8;100;18;1.8;1.8;0;;
ПРОДУКТ;Творог 1.8% (нежирный;104.05;18;1.8;3.3;0;;
ПРОДУКТ;Творог 11;171.89;16;11;1;0;;
ПРОДУКТ;Творог 18;229.45;14;18;3;0;;
ПРОДУКТ;Творог 18% (жирный;236.1;14;18;2.8;0;;
ПРОДУКТ;Творог 2;103;18;2;3.3;0;;
ПРОДУКТ;Творог 4;107.27;15.7;4;1.4;0;;
ПРОДУКТ;Творог 5% Красная цена;121;16;5;3;0;;
ПРОДУКТ;Творог 5% Ферма;115;15.9;5;1.7;0;;
ПРОДУКТ;Творог 5% село зеленое;105;12;5;3;0;;
ПРОДУКТ;Творог 5%, тип А;120;16;5;3;0;;
ПРОДУКТ;Творог 5,0;121;16;5;3;0;;
ПРОДУКТ;Творог 5,5;97.75;8.6;5.5;3.5;0;;
ПРОДУКТ;Творог 7;135;16;7;2;0;;
ПРОДУКТ;Творог 8;141.97;15;8;1.5;0;;
ПРОДУКТ;Творог 9;160;18.2;9;1.5;0;;
ПРОДУКТ;Творог 9% (полужирный;160.28;16.7;9;2;0;;
ПРОДУКТ;Творог 9% Для Сырников;157;16;9;3;0;;
ПРОДУКТ;Творог 9% Пачка Светаево;160;16;9;3;0;;
ПРОДУКТ;Творог 9% с черносливом;167;14.8;8.2;8.5;0;;
ПРОДУКТ;Творог Arla Keso зернистый;69.29;11;1.5;2.5;0;;
ПРОДУКТ;Творог Danone 0% мягкий;62.02;10.9;0.1;4;0;;
ПРОДУКТ;Творог Danone 5% мягкий;99.75;8.8;5;4.2;0;;
ПРОДУКТ;Творог President 9% Рассыпчатый;193.74;9;16;2;0;;
ПРОДУКТ;Творог Valio 0.3;65.11;11;0.3;4.2;0;;
ПРОДУКТ;Творог «Зернышко» 2.5;94.5;15;2.5;3;0;;
ПРОДУКТ;Творог «Зернышко» 5;116.2;16;5;1.8;0;;
ПРОДУКТ;Творог «Зёрнышко;113;14;5;3;0;;
ПРОДУКТ;Творог «Зёрнышко» 2,5;74.5;12;2.5;1;0;;
ПРОДУКТ;Творог «Мама Лама» с клубникой и бананом;100;7.2;3.8;9.8;0;;
ПРОДУКТ;Творог «Мягкий Нежный» 0.1;44.9;10;0.1;1;0;;
ПРОДУКТ;Творог «Рассыпчатый;87.2;16;2;1.3;0;;
ПРОДУКТ;Творог «Яблоко-банан» 6;130;7;6;12;0;;
ПРОДУКТ;Творог «клубника;118;7.6;4.2;12.3;0;;
ПРОДУКТ;Творог Агуша Абрикос и Морковь 3.9;107.98;7.3;3.9;10.2;0;;
ПРОДУКТ;Творог Агуша Классический 4.5;91;8.5;4.5;3.5;0;;
ПРОДУКТ;Творог Агуша Черника 3.9;107.98;7.3;3.9;10.2;0;;
ПРОДУКТ;Творог Агуша Яблоко и Банан 3.9;107.98;7.3;3.9;10.2;0;;
ПРОДУКТ;Творог Без Лактозы 9;146;14;9;2.3;0;;
ПРОДУКТ;Творог Безлактозный;120;17;5;1.5;0;;
ПРОДУКТ;Творог Безлактозный 5;121;16;5;3;0;;
ПРОДУКТ;Творог Белый медведь 5;124.35;16;5;3;0;;
ПРОДУКТ;Творог Благода 1.8% обезжиренный;95.85;16;1.8;3.3;0;;
ПРОДУКТ;Творог Благода 12% Крестьянский;177.08;14;12;2;0;;
ПРОДУКТ;Творог Благода 7.5% низкокалорийный;147.57;16;7.5;3;0;;
ПРОДУКТ;Творог Брест-Литовск 3% Классический;102.08;16.7;3;1.4;0;;
ПРОДУКТ;Творог Вишневый;70;16;0;1.5;0;;
ПРОДУКТ;Творог Вологжанка обезжиренный;93;16;1.8;3.3;0;;
ПРОДУКТ;Творог Вологодский;119.5;16;5;3;0;;
ПРОДУКТ;Творог Высоко белковый Мягкий;72.3;11;1.5;3.7;0;;
ПРОДУКТ;Творог Высокобелковый;104;9;6;3.5;0;;
ПРОДУКТ;Творог Высокобелковый Малина-Черника;118;7.8;5.1;10.3;0;;
ПРОДУКТ;Творог Высокобелковый Мягкий «Морковный Пирог;94.8;9.3;1.2;11.7;0;;
ПРОДУКТ;Творог Греческий;133;19;5;2.9;0;;
ПРОДУКТ;Творог Груша-ваниль;117.11;7.5;4.2;12;0;;
ПРОДУКТ;Творог Детский;93.8;8;5;4.2;0;;
ПРОДУКТ;Творог Домашний 0;65;12;1;1.5;0;;
ПРОДУКТ;Творог Домашний 3;90;14;3;1.3;0;;
ПРОДУКТ;Творог Домик в деревне 0.1;56.28;10;0.1;3.5;0;;
ПРОДУКТ;Творог Домик в деревне 0.2;74.84;16;0.2;1.8;0;;
ПРОДУКТ;Творог Домик в деревне 9;157.41;16;9;2;0;;
ПРОДУКТ;Творог Здрайверы Клубника 3.6;115.44;6;3.6;14;0;;
ПРОДУКТ;Творог Здрайверы Персик 3.6;115.44;6;3.6;14;0;;
ПРОДУКТ;Творог Зел.лин пласт обезжиренный;96;18;1.2;3.3;0;;
ПРОДУКТ;Творог Зерненый Персик Абрикос;116.3;8.8;4.3;10.6;0;;
ПРОДУКТ;Творог Зерненый С Клюквой;143;7.7;6.2;14.1;0;;
ПРОДУКТ;Творог Зерненый в Сливках;93;9;5;2.8;0;;
ПРОДУКТ;Творог Зернистый Деревенский 16;119;17.6;5;0.8;0;;
ПРОДУКТ;Творог Зернышко 5;117;15;5;3;0;;
ПРОДУКТ;Творог Зернышко 9;149;14;9;3;0;;
ПРОДУКТ;Творог Зернёный;100;15;4;1.5;0;;
ПРОДУКТ;Творог Зёрнышко 9;157;16;9;3;0;;
ПРОДУКТ;Творог Избёнка (ВкусВилл) рассыпчатый 1;91.29;18;1;2;0;;
ПРОДУКТ;Творог Ирбитский 9;157.03;16;9;3;0;;
ПРОДУКТ;Творог Классический 5;119;17;5;1.5;0;;
ПРОДУКТ;Творог Классический Обезжиренный;75.3;17.3;0.1;1.3;0;;
ПРОДУКТ;Творог Классический массовая доля дира 5;119;17;5;1.5;0;;
ПРОДУКТ;Творог Ласковое лето 3% зерненый;98.8;15.1;3;2.2;0;;
ПРОДУКТ;Творог Лосево 0;87.33;18;0;3.3;0;;
ПРОДУКТ;Творог Маруся 9;157;16;9;3;0;;
ПРОДУКТ;Творог Милава 4% мягкий;88.41;11.2;4;1.3;0;;
ПРОДУКТ;Творог Милава 9% натуральный;151.26;15;9;1.5;0;;
ПРОДУКТ;Творог Мягкий 4;75;8.5;4;1.3;0;;
ПРОДУКТ;Творог Мягкий «Пряная тыква - Абрикос;117;8.1;4.2;11.7;0;;
ПРОДУКТ;Творог Мягкий Однородный С Клубникой;109;7.9;4.2;10.2;0;;
ПРОДУКТ;Творог Мягкий С Малиной;100.6;6.8;4.2;8.9;0;;
ПРОДУКТ;Творог Мягкий С Массовой Долей Жира 2;67;8.5;2;3.7;0;;
ПРОДУКТ;Творог Мягкий С Персиком;110.2;7.6;4.2;10.5;0;;
ПРОДУКТ;Творог Мягкий из Топлёного Молока;102.2;9.2;5;5.1;0;;
ПРОДУКТ;Творог Останкинский обезжиренный;69.81;13.5;0.1;3.3;0;;
ПРОДУКТ;Творог Пискарёвский 5;124.35;16;5;3;0;;
ПРОДУКТ;Творог Пластовой 5;120.2;16;5;2.8;0;;
ПРОДУКТ;Творог Простоквашино 0% мягкий;64.48;12;0.1;3.5;0;;
ПРОДУКТ;Творог Простоквашино 2% нежирный;105.91;18;2;3.3;0;;
ПРОДУКТ;Творог Простоквашино 5% 320г;121;16;5;3;0;;
ПРОДУКТ;Творог Простоквашино 5% зерненый;108.36;12.7;5;2.4;0;;
ПРОДУКТ;Творог Простоквашино 5% зерненый с клубникой;139.93;10.3;5;12.5;0;;
ПРОДУКТ;Творог Простоквашино 5% зерненый с малиной;129.41;10.3;4;12.2;0;;
ПРОДУКТ;Творог Простоквашино 5% зерненый с персиком;133.1;10.3;4;13.1;0;;
ПРОДУКТ;Творог Простоквашино 5% зерненый с черникой;133.1;10.3;4;13.1;0;;
ПРОДУКТ;Творог Простоквашино 5% классический;124.35;16;5;3;0;;
ПРОДУКТ;Творог Простоквашино 9% классический;161.51;16;9;3;0;;
ПРОДУКТ;Творог Равногор;107;13.1;5;2.4;0;;
ПРОДУКТ;Творог Рассыпчатый;153.2;16.1;4;13.2;0;;
ПРОДУКТ;Творог Рассыпчатый «Малина;136.8;12.8;4;12.4;0;;
ПРОДУКТ;Творог Рассыпчатый С Наполнителем «Груша;155;12.8;4;17;0;;
ПРОДУКТ;Творог С Вишней;140;7.6;5;16.5;0;;
ПРОДУКТ;Творог С Клубникой;132;13;3.5;12;0;;
ПРОДУКТ;Творог С Сохранённой Структурой Зерна;141;12;9;3;0;;
ПРОДУКТ;Творог С Черной Смородиной Ежевикой Вишней И Малиной;126;15;4;7.5;0;;
ПРОДУКТ;Творог С Шоколадной Крошкой;128.3;7;6.7;10;0;;
ПРОДУКТ;Творог Савушкин Хуторок 1;88.42;18;1;1.3;0;;
ПРОДУКТ;Творог Савушкин продукт 0% обезжиренный Мягкий Нежный;32.8;7;0;1;0;;
ПРОДУКТ;Творог Сваля с ягода;143;7.7;6.2;14.1;0;;
ПРОДУКТ;Творог Свежее завтра 5;121;16;5;3;0;;
ПРОДУКТ;Творог Свитлогорье 4% мягкий;80.62;9.3;4;1.3;0;;
ПРОДУКТ;Творог Серышевский обезжиренный;104.05;18;1.8;3.3;0;;
ПРОДУКТ;Творог Томское молоко 5;121;16;5;3;0;;
ПРОДУКТ;Творог Тёма с абрикосом;116.1;7.6;4.2;11.2;0;;
ПРОДУКТ;Творог Уманский обезжиренный;93;16;1.8;3.3;0;;
ПРОДУКТ;Творог альбуминовый;53.3;11;0;2;0;;
ПРОДУКТ;Творог безлактозный 4.5;85;7;4.5;3.5;0;;
ПРОДУКТ;Творог безлактозный черника-голубика;99.8;6;3.8;10.4;0;;
ПРОДУКТ;Творог голубика;131.6;7.3;6;12.1;0;;
ПРОДУКТ;Творог деревенский;163;15.3;9.7;3.6;0;;
ПРОДУКТ;Творог деревенский 2;89;17.4;0.7;3.2;0;;
ПРОДУКТ;Творог детский «Агуша» классический 4,5;89;8.5;4.5;3.5;0;;
ПРОДУКТ;Творог детский классический;89;8.5;4.5;3.5;0;;
ПРОДУКТ;Творог домашний (из молока 1;177.95;17.6;6.4;11.3;0;;
ПРОДУКТ;Творог домашний рассыпчатый 9;135;12;9;1.5;0;;
ПРОДУКТ;Творог зерненный в сливках;96.2;10;5;2.8;0;;
ПРОДУКТ;Творог зерненый;93;9;5;2.8;0;;
ПРОДУКТ;Творог зерненый 3;76.1;10;3;2.2;0;;
ПРОДУКТ;Творог зерненый Сыр Домашний;102.76;14;4;2;0;;
ПРОДУКТ;Творог зерненый с массовой долей жира 4;99.6;13.1;4;2.8;0;;
ПРОДУКТ;Творог зерненый с наполнителем «Клубника;112;8.8;4.3;9.5;0;;
ПРОДУКТ;Творог зернёный 5;100;11.1;5;2.4;0;;
ПРОДУКТ;Творог зернёный малина;156.8;10.5;5.25;16.94;0;;
ПРОДУКТ;Творог зернёный со сливками;96;8;6;2.4;0;;
ПРОДУКТ;Творог зернёный со сливками 5;109;13;5;3;0;;
ПРОДУКТ;Творог злаки;104;7.4;3.9;9.7;0;;
ПРОДУКТ;Творог из Любовского 9,0;157;16;9;3;0;;
ПРОДУКТ;Творог из Талицы (с наполнителем малина;134;12.3;4;12.1;0;;
ПРОДУКТ;Творог киви-крыжовник;126;7.3;6;10.7;0;;
ПРОДУКТ;Творог классический 9;151;16;9;1.5;0;;
ПРОДУКТ;Творог ляховичок 5;111;15;5;1.5;0;;
ПРОДУКТ;Творог м.д.ж. 1,8;103.97;18;2;3.5;0;;
ПРОДУКТ;Творог мама лама груша+персик;100;7.2;3.8;9.2;0;;
ПРОДУКТ;Творог массовая доля жира 9,0;157;16;9;3;0;;
ПРОДУКТ;Творог мягкий;82.5;7;4.5;3.5;0;;
ПРОДУКТ;Творог мягкий 0;61.42;10.9;0.1;4;0;;
ПРОДУКТ;Творог мягкий 4,5;79;7;4.5;2.5;0;;
ПРОДУКТ;Творог мягкий 5;101;12;5;1.9;0;;
ПРОДУКТ;Творог мягкий «Миндаль-Кокос-Ваниль;125;9.4;4.2;12.4;0;;
ПРОДУКТ;Творог мягкий Простоквашино 5% 170г;92;8.1;5;3.6;0;;
ПРОДУКТ;Творог мягкий Шоколадный Брауни высокобелковый 5,3;128.1;8;5.3;12.1;0;;
ПРОДУКТ;Творог мягкий лимонный пирог;123;8.4;4.2;12.9;0;;
ПРОДУКТ;Творог мягкий нежный обезжиренный;32.8;7;0;1;0;;
ПРОДУКТ;Творог мягкий с грушей 4.2;119.4;7.7;4.2;12.7;0;;
ПРОДУКТ;Творог мягкий с наполнителем Чёрная смородина двухслойный;123.2;7.3;6;10;0;;
ПРОДУКТ;Творог мягкий с черникой;112.6;7.6;4.2;11.1;0;;
ПРОДУКТ;Творог мягкий с шоколадной крошкой;118.2;7.7;4.2;12.4;0;;
ПРОДУКТ;Творог мягкий со злаками и вкусом ванили;130;7;6;12;0;;
ПРОДУКТ;Творог мягкий ягодный земляника;129;7;6;11.8;0;;
ПРОДУКТ;Творог натуральный рассыпчатый 0.5;90;18;0.5;3;0;;
ПРОДУКТ;Творог обезжиренный;100;18;1.8;3.5;0;;
ПРОДУКТ;Творог обезжиренный 0.5;74;14;0.5;3.3;0;;
ПРОДУКТ;Творог обезжиренный 1.8;100;18;1.8;3.3;0;;
ПРОДУКТ;Творог обезжиренный ГОСТ 31453-2013;94.41;18;1.8;1.3;0;;
ПРОДУКТ;Творог обезжиренный высокобелковый;94.5;21;0.5;1.5;0;;
ПРОДУКТ;Творог обезжиренный манго;70;16;0;1.5;0;;
ПРОДУКТ;Творог обезжиренный со сметаной 7,5;128.3;11.9;7.5;3.3;0;;
ПРОДУКТ;Творог пластовой;96;18;1.2;3.3;0;;
ПРОДУКТ;Творог пластовой 1.8;96;18;1.2;3.3;0;;
ПРОДУКТ;Творог пластовой 4-18;150;12;10;1.5;0;;
ПРОДУКТ;Творог пластовой 4-6;130;16;6;3;0;;
ПРОДУКТ;Творог рассыпчатый 5;116.2;16;5;1.8;0;;
ПРОДУКТ;Творог рассыпчатый 9% пакет Светаево;160;16;9;3;0;;
ПРОДУКТ;Творог рассыпчатый «Черника-Голубика;139.2;12.8;4;13;0;;
ПРОДУКТ;Творог рассыпчатый, 1;85;18;1;1.5;0;;
ПРОДУКТ;Творог расыпчатый 5;121;16;5;3;0;;
ПРОДУКТ;Творог с Манго 9;173.1;15.6;8.3;9;0;;
ПРОДУКТ;Творог с вареньем черничным 9;170;9;6;20;0;;
ПРОДУКТ;Творог с изюмом. Массовая доля жира 9,0;167.8;14.8;8.2;8.7;0;;
ПРОДУКТ;Творог с курагой 9;225.4;15;8.2;22.9;0;;
ПРОДУКТ;Творог с персиком;110;7.1;3.5;13.4;0;;
ПРОДУКТ;Творог с черникой;100;7.2;3.8;9.5;0;;
ПРОДУКТ;Творог скандинавский 1,5;72;11;1.5;3.7;0;;
ПРОДУКТ;Творог слоеный с топлеными сливками 15;210;15;15;3;0;;
ПРОДУКТ;Творог со сливками «персик-маракуйя;141.2;10.8;4;15.5;0;;
ПРОДУКТ;Творог со сливками «черника;140.4;10.8;4;15.3;0;;
ПРОДУКТ;Творог со сметаной;154;9.1;12;2.5;0;;
ПРОДУКТ;Творог со сметаной - Biocurd+bio soure cream;128;13.7;7;2.5;0;;
ПРОДУКТ;Творог, 0.2% жира;103;22;0.2;3.3;0;;
ПРОДУКТ;Творог, 5;121;16;5;3;0;;
ПРОДУКТ;Творог, 6;120;15;6;1.5;0;;
ПРОДУКТ;Творого Деревенский;110;15;5;1.5;0;;
ПРОДУКТ;Творого обезжиренный;65;12;0.5;3.3;0;;
ПРОДУКТ;Творожная - вишня;70;16;0;1.6;0;;
ПРОДУКТ;Творожная - манго;70;16;0.1;1.5;0;;
ПРОДУКТ;Творожная - топлёное молоко;70;16;0;1.5;0;;
ПРОДУКТ;Творожная Запеканка;180;13.5;4;23;0;;
ПРОДУКТ;Творожная Запеканка С Вишней;231;8.82;14.1;17.2;0;;
ПРОДУКТ;Творожная Запеканка С Грушей И Корицей;205.9;13.7;8.3;19.1;0;;
ПРОДУКТ;Творожная Запеканка С Манго;183;9.6;9.8;14.12;0;;
ПРОДУКТ;Творожная Запеканка С Облепихой;226.4;9.2;14.8;14.1;0;;
ПРОДУКТ;Творожная Масса Ваниль;194;10;10;16;0;;
ПРОДУКТ;Творожная Масса Манго-маракуйя;155;11;3.5;20;0;;
ПРОДУКТ;Творожная Масса С Ароматом Ванили;258;11.3;14;21.7;0;;
ПРОДУКТ;Творожная Масса С Ванилином;241;12;15;14.4;0;;
ПРОДУКТ;Творожная Масса С Шоколадной Крошкой;371;7.6;24;30.8;0;;
ПРОДУКТ;Творожная Масса, Ванильная;279;11.1;13;29.4;0;;
ПРОДУКТ;Творожная масса;355.53;7.1;23;27.5;0;;
ПРОДУКТ;Творожная масса ванильная;169.69;13;4.5;19.3;0;;
ПРОДУКТ;Творожная масса с вареной сгущёнкой;160.13;13;5.3;13.8;0;;
ПРОДУКТ;Творожная масса с изюмом;351.13;6.8;21.6;29.9;0;;
ПРОДУКТ;Творожная масса с изюмом «Московская» 20;283.7;10.5;18.8;18.4;0;;
ПРОДУКТ;Творожная масса с курагой;369.47;9;23;29;0;;
ПРОДУКТ;Творожная паста с курагой;339.15;7;23;25.9;0;;
ПРОДУКТ;Творожник с малиной;242.1;9.8;11.7;24.4;0;;
ПРОДУКТ;Творожное зерно в сливках;119;8;4.1;12.6;0;;
ПРОДУКТ;Творожное зерно в сливках с малиной;113;8;5;11;0;;
ПРОДУКТ;Творожное зерно в сливках. Груша;332;5.2;11.3;60.1;0;;
ПРОДУКТ;Творожные Палочки;419;7.7;27.2;35.9;0;;
ПРОДУКТ;Творожные Пончики;339.8;10.6;12.6;46;0;;
ПРОДУКТ;Творожные Сырники;205;14;5;26;0;;
ПРОДУКТ;Творожные палочки Свитлогорье глазированные;414;7.6;26.6;36;0;;
ПРОДУКТ;Творожный (груша и банан;111.14;6.3;3.6;13.2;0;;
ПРОДУКТ;Творожный (клубника и земляника;108.75;6.2;3.6;12.7;0;;
ПРОДУКТ;Творожный Десерт Тирамису;135.76;5.3;5.1;17;0;;
ПРОДУКТ;Творожный Десерт Черничный чизкейк;131.69;5.2;5.1;16.1;0;;
ПРОДУКТ;Творожный Сыр Авокадо Базилик Тимьян;221;6;20;4.4;0;;
ПРОДУКТ;Творожный Сыр Ароматная Зелень;260;7.1;24.5;2.7;0;;
ПРОДУКТ;Творожный Сыр Марианна;256;7.5;24;2.5;0;;
ПРОДУКТ;Творожный Сырок Кокосовый;368;14;22;28;0;;
ПРОДУКТ;Творожный Сырок С Ванилью В Молочном Бельгийском Шоколаде;429.2;10.5;28;33.8;0;;
ПРОДУКТ;Творожный Сырок С Какао;295;15;11;34;0;;
ПРОДУКТ;Творожный Сырок С Какао В Бельгийском Шоколаде;417;8.6;28;32.6;0;;
ПРОДУКТ;Творожный Сырок С Манго;335;7.7;17.9;35.7;0;;
ПРОДУКТ;Творожный батончик;349;12.6;21.4;26.5;0;;
ПРОДУКТ;Творожный десерт Малина-гранат;150;8;7;14;0;;
ПРОДУКТ;Творожный мусс вишня;92.9;4.1;2.5;13.5;0;;
ПРОДУКТ;Творожный мусс шоколадный;127.8;5.2;3;20;0;;
ПРОДУКТ;Творожный продукт Снеда Домашний рассыпчатый 12;143.46;6;12;1.8;0;;
ПРОДУКТ;Творожный продукт Чудо со вкусом ванили с шоколадным соусом;140.17;4.2;5.6;17.3;0;;
ПРОДУКТ;Творожный пудинг без сахара;79;9;3;4;0;;
ПРОДУКТ;Творожный с ароматным персиком;130.26;5.2;5.4;15.1;0;;
ПРОДУКТ;Творожный с клубникой, киви и бананом;131.93;5.2;5.4;15.5;0;;
ПРОДУКТ;Творожный с манго, апельсином и бананом;133.13;5.2;5.4;15.8;0;;
ПРОДУКТ;Творожный со вкусом пломбира;123.33;5.3;5.4;13.3;0;;
ПРОДУКТ;Творожный сыр;339.81;6.9;32.45;5.04;0;;
ПРОДУКТ;Творожный сыр Оливки — Розмарин;230;5;21.9;3.9;0;;
ПРОДУКТ;Творожный сыр с ветчиной и зеленью;236;6.3;21.7;3.8;0;;
ПРОДУКТ;Творожный сыр с зеленью;275;6.3;26.3;3.2;0;;
ПРОДУКТ;Творожный сыр с маринованными огурцами;235;6.1;21.6;3.9;0;;
ПРОДУКТ;Творожный сыр с халапеньо;257;6.4;23.3;5.5;0;;
ПРОДУКТ;Творожный сыр сливочный;235.4;7.6;21;4;0;;
ПРОДУКТ;Творожный сыр, Легкий;217;8.4;18;5.5;0;;
ПРОДУКТ;Творожный сыров PALERMO;395;9.8;25.6;31.4;0;;
ПРОДУКТ;Творожный сырок в молочном шоколаде;385;10.7;25.6;28;0;;
ПРОДУКТ;Творожный сырок с ароматом ванили;290;10.2;16.5;25.1;0;;
ПРОДУКТ;Творожный сырок со сгущеным молоком;398;6.5;24;39;0;;
ПРОДУКТ;Творожок;120;7;5;11.8;0;;
ПРОДУКТ;Творожок Агуша яблоко банан;103;7.3;3.9;9.7;0;;
ПРОДУКТ;Творожок Ананас-Банан;111;6.8;3.6;12.9;0;;
ПРОДУКТ;Творожок Ирменский;108;16;0.5;10;0;;
ПРОДУКТ;Творожок Ирменский 0.5% с ванилином;111.25;16;0.5;10;0;;
ПРОДУКТ;Творожок Ирменский Печеное яблоко - корица;109;16;0.5;10;0;;
ПРОДУКТ;Творожок Ирменский С кусочками вишни;109;16;0.5;10;0;;
ПРОДУКТ;Творожок Ирменский с Кусочками Кокоса-ананаса;109;16;0.5;10;0;;
ПРОДУКТ;Творожок Простоквашино клубника-земляника 130г;110;6.6;3.6;12.9;0;;
ПРОДУКТ;Творожок Простоквашино персик-абрикос;110;6.6;3.6;12.9;0;;
ПРОДУКТ;Творожок Растишка с абрикосом;117.79;6.3;3.5;14.5;0;;
ПРОДУКТ;Творожок Растишка с вишней;117.79;6.3;3.5;14.5;0;;
ПРОДУКТ;Творожок Растишка с клубникой;117.79;6.3;3.5;14.5;0;;
ПРОДУКТ;Творожок Растишка с черникой;117.79;6.3;3.5;14.5;0;;
ПРОДУКТ;Творожок Савушкин Груша-Банан;111.5;7;3.5;13;0;;
ПРОДУКТ;Творожок Савушкин клубника 120г;111.5;7;3.5;13;0;;
ПРОДУКТ;Творожок Чудо вишня-черешня;138.02;4.4;4;20.2;0;;
ПРОДУКТ;Творожок Чудо киви-банан;126.35;4.4;4.2;16.9;0;;
ПРОДУКТ;Творожок Чудо клубника;133.32;4.4;4.2;18.6;0;;
ПРОДУКТ;Творожок Чудо клубника-земляника;134.74;4.4;4;19.4;0;;
ПРОДУКТ;Творожок Чудо персик-груша;134.55;4.4;4.2;18.9;0;;
ПРОДУКТ;Творожок Чудо черника;134.96;4.4;4.2;19;0;;
ПРОДУКТ;Творожок Чудо шоколад;135.37;4.4;4.2;19.1;0;;
ПРОДУКТ;Творожок альбуминный;112;9;1.5;15.6;0;;
ПРОДУКТ;Творожок вишня-банан;110;6.8;3.6;12.7;0;;
ПРОДУКТ;Творожок суперкид земляника;105;6.6;3.85;11;0;;
ПРОДУКТ;Творожок фруктовый, киви-банан;130;4.5;4.2;18.6;0;;
ПРОДУКТ;Творожок чизкейк;111.5;7;3.5;13;0;;
ПРОДУКТ;Театральная Карамель;390;0;0.1;97;0;;
ПРОДУКТ;Теди морковь, персик, яблоко;45;0.4;0.1;9.9;0;;
ПРОДУКТ;Текила;106.93;1.4;0.3;24;0;;
ПРОДУКТ;Текстурированный белковый продукт - соевый продукт;505.02;37.8;30.3;20.6;0;;
ПРОДУКТ;Телятина отварная;134.23;30.7;0.9;0;0;;
ПРОДУКТ;Телячий окорок;110.39;19.9;3.1;0;0;;
ПРОДУКТ;Телячьи легкие;88.2;16.3;2.3;0;0;;
ПРОДУКТ;Телячьи легкие тушеные;100.82;18.7;2.6;0;0;;
ПРОДУКТ;Телячьи ребра;240.55;16.3;18.7;0;0;;
ПРОДУКТ;Телячья лопатка;107.6;19.9;2.8;0;0;;
ПРОДУКТ;Телячья мякоть;106.35;20.5;2.4;0;0;;
ПРОДУКТ;Телячья печень;126.19;19.2;3.3;4.1;0;;
ПРОДУКТ;Тема молоко 0,2;60;3.1;3.2;4.7;0;;
ПРОДУКТ;Темный Марципан С Гранатом;425;2.9;14.7;70.2;0;;
ПРОДУКТ;Темный Шоколад;550;8;34;52;0;;
ПРОДУКТ;Темный шоколад 74 % какао с насыщенным вкусом из Перу;627;1;50;27;0;;
ПРОДУКТ;Темный шоколад «Российский;518.64;4.6;28;59;0;;
ПРОДУКТ;Темный шоколад и белый шоколад с фундуком;535;5.88;30.6;56.5;0;;
ПРОДУКТ;Темный шоколад с шоколадной начинкой;460;5.5;25;53;0;;
ПРОДУКТ;Теос черника;70.8;5.19;1.77;8.5;0;;
ПРОДУКТ;Тепаньяки с курицей;190;7;3.5;32.5;0;;
ПРОДУКТ;Терияки Сладкий Соус для обжаривания;150;1.9;0;35;0;;
ПРОДУКТ;Термостатный Ацидофилин;51.15;2.8;2.5;4.2;0;;
ПРОДУКТ;Термостатный йогурт;69;3.6;4;4.7;0;;
ПРОДУКТ;Термостатный йогурт с персиком;85;3;3.4;10.4;0;;
ПРОДУКТ;Тесто «Звёздное» слоеное бездрожжевое;388;6.7;19.2;46;0;;
ПРОДУКТ;Тесто Для Пельменей;254.1;9.3;0.9;52.2;0;;
ПРОДУКТ;Тесто Замороженные Для Чебуреков;245;7;1;51;0;;
ПРОДУКТ;Тесто Слоеное;360;5.9;18.8;41.8;0;;
ПРОДУКТ;Тесто Слоёное Бездрожжевое;246;6;6;42;0;;
ПРОДУКТ;Тесто София фини кори;290;8;0.7;63;0;;
ПРОДУКТ;Тесто Талосто слоеное дрожжевое;371.72;6.1;21.3;36.3;0;;
ПРОДУКТ;Тесто Уральский пекарь слоеное бездрожжевое;500.83;6.9;31.8;43.2;0;;
ПРОДУКТ;Тесто Фамилия для баницы;292;9.1;0.2;63.4;0;;
ПРОДУКТ;Тесто Фамилия за баклава;294;8.6;0.5;64;0;;
ПРОДУКТ;Тесто Филло замороженное;308.3;10.5;2.3;61.4;0;;
ПРОДУКТ;Тесто Черемушки слоеное бездрожжевое;420.52;6.1;26.2;37.1;0;;
ПРОДУКТ;Тесто Черемушки слоеное дрожжевое;388.33;6.2;21.5;39.8;0;;
ПРОДУКТ;Тесто для печенья «Шоколадная крошка;432;5.5;18;62;0;;
ПРОДУКТ;Тесто для чебуреков;250;9;1;52;0;;
ПРОДУКТ;Тесто дрожжевое замороженное;300;6.9;11.6;42;0;;
ПРОДУКТ;Тесто дрожжевое постное;285.37;5.8;6.4;49.3;0;;
ПРОДУКТ;Тесто кадаиф;252.86;7.9;1.4;50.6;0;;
ПРОДУКТ;Тесто песочное;431.9;6.5;21.6;49.9;0;;
ПРОДУКТ;Тесто пресное;231.23;9;3;40.6;0;;
ПРОДУКТ;Тесто пряничное;364.26;4.8;2.8;77.7;0;;
ПРОДУКТ;Тесто рубленое;349.21;6;17.2;40.2;0;;
ПРОДУКТ;Тесто слоеное дрожжевое;322.66;5.5;16;41;0;;
ПРОДУКТ;Тесто слоёное дрожжевое;350;6;18;40;0;;
ПРОДУКТ;Тесто слоёное дрожжевое специальное;346.56;6;18;40;0;;
ПРОДУКТ;Тесто фило;411.3;7;20;48;0;;
ПРОДУКТ;Тетерев;261.65;18;20;0.5;0;;
ПРОДУКТ;Теф;376.54;13.3;2.4;73.1;0;;
ПРОДУКТ;Тефтели из говядины и свинины в томатном соусе с рисом;176;7.7;8.5;17;0;;
ПРОДУКТ;Тефтели из курицы;161;10.4;7.04;14.1;0;;
ПРОДУКТ;Тефтели из морских пород рыб в томатном соусе;140;8;7;11;0;;
ПРОДУКТ;Тефтели рыбные в томатном соусе;120;8;2.5;16;0;;
ПРОДУКТ;Тефтели с ягодным соусом и картофельным пюре со шпинатом;118;7.1;5;11.6;0;;
ПРОДУКТ;Тефтели свиные;170.8;7;10;12;0;;
ПРОДУКТ;Тиляпия;98.2;20.1;1.7;0;0;;
ПРОДУКТ;Тиляпия (филе;101.07;20.8;1.7;0;0;;
ПРОДУКТ;Тимьян (чабрец;81.8;5.6;1.7;10.5;0;;
ПРОДУКТ;Тимьян сушеный;216.35;9.1;7.4;26.9;0;;
ПРОДУКТ;Тирамису со вкусом апельсина;391;15;25;26;0;;
ПРОДУКТ;Ткемали;65.93;0.2;0.3;15.2;0;;
ПРОДУКТ;Тмин;265.6;19.8;14.6;11.9;0;;
ПРОДУКТ;Толокно;373.08;12.5;6;64.9;0;;
ПРОДУКТ;Толокно гречневое Ваше здоровье из томленого зерна;316.43;12.6;3.3;57.1;0;;
ПРОДУКТ;Толокно кукурузное Ваше здоровье из томленого зерна;336.28;8.3;1.2;71;0;;
ПРОДУКТ;Толокно овсяное;400;14;2;72;0;;
ПРОДУКТ;Толокно овсяное Ваше здоровье;316.5;11.5;6;52.1;0;;
ПРОДУКТ;Толокно овсяное Гарнец;383.93;12.2;5.8;68.3;0;;
ПРОДУКТ;Толстолобик белый свежий;89.13;19.5;0.9;0.2;0;;
ПРОДУКТ;Толстолобик маринованный;149.81;9.9;10.3;3.3;0;;
ПРОДУКТ;Том Ям;437;10.3;16.1;62.6;0;;
ПРОДУКТ;Том Ям С Фунчозой;255;2.8;5.4;49;0;;
ПРОДУКТ;Томат (помидор;21.54;1.1;0.2;3.7;0;;
ПРОДУКТ;Томат вяленый;264.03;14.1;3;43.5;0;;
ПРОДУКТ;Томат консервированный;19.79;1.1;0.1;3.5;0;;
ПРОДУКТ;Томат маринованный;16.21;1.7;0.2;1.8;0;;
ПРОДУКТ;Томат солёный;12;1.1;0.1;1.6;0;;
ПРОДУКТ;Томат черри;15.69;0.8;0.1;2.8;0;;
ПРОДУКТ;Томат черри САН РЕМО;20;1;0.2;3;0;;
ПРОДУКТ;Томатна Паста 25;79;4;0;15.8;0;;
ПРОДУКТ;Томатная паста;102.3;5;0.2;20;0;;
ПРОДУКТ;Томатная паста Boni Selection;27.47;1.5;0;5.2;0;;
ПРОДУКТ;Томатная паста Boni Selection с базиликом;34.99;1.5;0.5;5.9;0;;
ПРОДУКТ;Томатная паста Mutti;88.78;4.2;0.2;17;0;;
ПРОДУКТ;Томатная паста Shilton;19.9;1;0.2;3.4;0;;
ПРОДУКТ;Томатная паста Айлана;64.78;0;0;15.8;0;;
ПРОДУКТ;Томатная паста Главпродукт;64.78;0;0;15.8;0;;
ПРОДУКТ;Томатная паста Миладора;85.69;1.5;0;19.4;0;;
ПРОДУКТ;Томатная паста Помидорка;76.91;3.5;0.6;13.9;0;;
ПРОДУКТ;Томатный Кетчуп С Кусочками Помидоров;65;1;0.4;14;0;;
ПРОДУКТ;Томатный Соус Базилико;97;2.1;1;20;0;;
ПРОДУКТ;Томатный кетчуп;110;1;0;26;0;;
ПРОДУКТ;Томатный кетчуп с натуральными специями;86;1.3;0;20.2;0;;
ПРОДУКТ;Томатный сок;20;4.4;0.53;5;0;;
ПРОДУКТ;Томатный сок J-7 с мякотью;22.55;0.2;0;5.3;0;;
ПРОДУКТ;Томаты 4 сезона нарезанные;22.36;1.1;0.2;3.9;0;;
ПРОДУКТ;Томаты Parmalat Pomi протертые;23.59;1.3;0.2;4;0;;
ПРОДУКТ;Томаты В Соку;19;1;0.1;3.5;0;;
ПРОДУКТ;Томаты Протёртые;36;1.6;0.5;5.1;0;;
ПРОДУКТ;Томаты Резанные С Базиликом;35;1.8;0;7.1;0;;
ПРОДУКТ;Томаты Целые;21;1.3;0.1;3.2;0;;
ПРОДУКТ;Томаты в собственном соку;24.33;1.2;0.5;3.6;0;;
ПРОДУКТ;Томаты в томатном соке;16;0;0;4;0;;
ПРОДУКТ;Томаты вяленые;212;8;20;12;0;;
ПРОДУКТ;Томаты вяленые в масле;479.3;2.4;48.1;9.2;0;;
ПРОДУКТ;Томаты маринованные;30;0.5;0;6.5;0;;
ПРОДУКТ;Томаты очищенные в собственном соку;16.2;0.7;0.2;2.9;0;;
ПРОДУКТ;Томаты протертые;30;1.2;0.1;6.3;0;;
ПРОДУКТ;Томаты резаные;32;1.1;0.5;5.1;0;;
ПРОДУКТ;Томаты резаные кубиками Napoli;22;1.4;0.1;3.3;0;;
ПРОДУКТ;Томаты сушеные;355;13;0.5;75;0;;
ПРОДУКТ;Томаты черри красные;20;0.9;0.2;3.9;0;;
ПРОДУКТ;Томленая говядина с сырной полентой;167;9.9;10.6;7.9;0;;
ПРОДУКТ;Тоник;34.03;0;0;8.3;0;;
ПРОДУКТ;Тоник Биттер Лемон;31;0;0;7.8;0;;
ПРОДУКТ;Тонкацу тяхан;122.67;1.9;1.2;25.3;0;;
ПРОДУКТ;Тонкие Хлебцы Кукурузно-рисовые Киноа, Лен & Розмарин;290;7;2;61;0;;
ПРОДУКТ;Тонкие Хлебцы Ржаные Классические;294;11;2;58;0;;
ПРОДУКТ;Тонкие ржаные хлебцы с кориандром и тмином;310;11;2.5;57;0;;
ПРОДУКТ;Тонкие хлебцы Чиа & Лен кукурузно-рисовые;330;7.5;3;63;0;;
ПРОДУКТ;Топинамбур;62.02;2.1;0.1;12.8;0;;
ПРОДУКТ;Топлёное молоко печенье;460;7.5;17;68;0;;
ПРОДУКТ;Топлёное молоко ультрапастеризованное;65;3;4;4.7;0;;
ПРОДУКТ;Топлёное ультрапастеризованное молоко 3,2;59.03;2.8;3.2;4.7;0;;
ПРОДУКТ;Топпаб с жареной свининой и кимчи;185;5.54;7;25;0;;
ПРОДУКТ;Топпинг Ponti Glassa Gasrtonomica бальзамический;181.63;0.2;0;44.1;0;;
ПРОДУКТ;Топпинг Мягкая карамель;293;1.4;1.7;68;0;;
ПРОДУКТ;Топпинг Сочная Клубника И Банан;255;3;1;58.6;0;;
ПРОДУКТ;Топпинг молочный с какао;300;2.3;2.1;68;0;;
ПРОДУКТ;Тори папурика;171.95;8.3;10.3;10.3;0;;
ПРОДУКТ;Торт Candy Nut;431;6.7;20.4;53.4;0;;
ПРОДУКТ;Торт «Апельсин-Морковь;228.2;3.6;15.4;18.8;0;;
ПРОДУКТ;Торт «Бенто» с клубникой (С Днём Рождения;297.7;4.4;14.9;36.5;0;;
ПРОДУКТ;Торт «Маракуйя;230;6.1;11.8;24.9;0;;
ПРОДУКТ;Торт «Медовик традиционный;348;4.5;15.2;48.1;0;;
ПРОДУКТ;Торт «Медовый;422.8;8.3;15.6;62.3;0;;
ПРОДУКТ;Торт «Морковный;354.5;4.5;25.3;27.2;0;;
ПРОДУКТ;Торт «Птичье молоко от Фили-Бейкер;336.28;9.2;14.4;36.3;0;;
ПРОДУКТ;Торт «золотой сундук;365;5.5;19;43;0;;
ПРОДУКТ;Торт «малиновый» муссовый;221.4;3;11.4;26.7;0;;
ПРОДУКТ;Торт Ёжик;457.75;4.1;25;50.9;0;;
ПРОДУКТ;Торт Ай-Петри;316;5.5;16.9;35.4;0;;
ПРОДУКТ;Торт Амстердам;304;4.5;14.5;42;0;;
ПРОДУКТ;Торт Ассорти;305.7;4.7;14.9;36.1;0;;
ПРОДУКТ;Торт Банкетный;382.88;3.9;19.5;45.3;0;;
ПРОДУКТ;Торт Бисквитный Медовик;410;4;24;45;0;;
ПРОДУКТ;Торт Блинный Шоколадный;312.6;6.5;19;28.9;0;;
ПРОДУКТ;Торт Вафельный (КОМБИНИРОВАННЫЙ) Гастроном;391;3;20;51;0;;
ПРОДУКТ;Торт Вензель мастера;288.19;5;12;38.1;0;;
ПРОДУКТ;Торт Вернисаж;398;5;19;53;0;;
ПРОДУКТ;Торт Верона;365.57;5;19.8;39.3;0;;
ПРОДУКТ;Торт Вивальди;352.2;4.3;12.8;52.6;0;;
ПРОДУКТ;Торт Вишнёвый сад;305.64;3;15.6;36.2;0;;
ПРОДУКТ;Торт Генерал;260;4.2;13;68;0;;
ПРОДУКТ;Торт Домашний с абрикосом;360.75;4.5;15;49.5;0;;
ПРОДУКТ;Торт Дуэт;276;5;9;43;0;;
ПРОДУКТ;Торт Зигзаг;334.01;6.2;16.8;37.2;0;;
ПРОДУКТ;Торт Зимняя вишня;296.93;3.1;6.1;55.5;0;;
ПРОДУКТ;Торт Золотой ключик;363.21;5.4;15;49.2;0;;
ПРОДУКТ;Торт Изабелла;300.3;4.6;18.6;26.5;0;;
ПРОДУКТ;Торт Искушение;475.56;7.6;21.4;59.9;0;;
ПРОДУКТ;Торт Йогуртовый с клюквой;249.22;2.5;10.1;35.4;0;;
ПРОДУКТ;Торт К торжеству;364.4;3.8;17.6;45.2;0;;
ПРОДУКТ;Торт Карамелия;486.77;4.9;26.8;53.1;0;;
ПРОДУКТ;Торт Кариока;412.26;6.7;20.5;47.4;0;;
ПРОДУКТ;Торт Карусель;428.53;12.9;24.9;35.2;0;;
ПРОДУКТ;Торт Клубничный;319;4;15.5;44.5;0;;
ПРОДУКТ;Торт Королевский орех;407.99;7.7;27.5;29.5;0;;
ПРОДУКТ;Торт Космический;523.72;6.6;27.6;58.6;0;;
ПРОДУКТ;Торт Крем-брюле;296.28;5.4;13.4;36.5;0;;
ПРОДУКТ;Торт Крепвиль Бель Шерри;302.26;2.9;15.5;35.7;0;;
ПРОДУКТ;Торт Крепвиль Ле Нуар;328.24;3.4;17.9;36.1;0;;
ПРОДУКТ;Торт Крепвиль Ля Форте;300.61;2.9;15.5;35.3;0;;
ПРОДУКТ;Торт Крепвиль Шаттери;314.42;2.9;16.5;36.4;0;;
ПРОДУКТ;Торт Легенда осени;303.98;3.9;13.7;39.2;0;;
ПРОДУКТ;Торт Ленинградский;474.26;4.3;23.6;57.9;0;;
ПРОДУКТ;Торт Лесной гость;394.7;4.1;21.7;43;0;;
ПРОДУКТ;Торт Лилия;342.03;3.8;14;47.9;0;;
ПРОДУКТ;Торт Маковый;559.01;11.4;37.4;40.2;0;;
ПРОДУКТ;Торт Малиновое облако;400;3;22;49;0;;
ПРОДУКТ;Торт Малиновый;404.81;6.1;24.2;37.8;0;;
ПРОДУКТ;Торт Малиновый рай;375.69;3.2;17.8;48.1;0;;
ПРОДУКТ;Торт Манговый;395;6.4;22.9;40.7;0;;
ПРОДУКТ;Торт Маска;374.47;4.7;16.3;49.7;0;;
ПРОДУКТ;Торт Медовая сказка;480.9;6.4;24.8;54.7;0;;
ПРОДУКТ;Торт Медовая фантазия с грецким орехом;473.66;3.3;23.8;58.3;0;;
ПРОДУКТ;Торт Медовая фантазия с грушей;403.6;3.1;18.2;54.1;0;;
ПРОДУКТ;Торт Медовая фантазия с черносливом;455.11;3.1;22.2;57.6;0;;
ПРОДУКТ;Торт Медовик;500;6.5;28;55;0;;
ПРОДУКТ;Торт Медовик классический;355.06;4;18.6;38.1;0;;
ПРОДУКТ;Торт Медовый от Палыча;440.31;5.4;26.3;42.4;0;;
ПРОДУКТ;Торт Муссовый «Маракуйя-Делюкс;240.6;4.1;12.2;28.6;0;;
ПРОДУКТ;Торт Наполеон;550;5;36;42;0;;
ПРОДУКТ;Торт Наполеон Черёмушки;576.95;6.4;42.2;38.7;0;;
ПРОДУКТ;Торт Наполеон от Палыча;425.55;5.9;32.7;23.8;0;;
ПРОДУКТ;Торт Натюрморт;352.22;4.2;14.7;48.4;0;;
ПРОДУКТ;Торт Нежный от Палыча;500.11;7.7;28.5;49.7;0;;
ПРОДУКТ;Торт Нюанс;409.7;11.7;23.8;34.3;0;;
ПРОДУКТ;Торт Ореховый от Палыча;510.92;8.5;32.4;42.7;0;;
ПРОДУКТ;Торт От всей души;338.72;3.5;13.6;48.3;0;;
ПРОДУКТ;Торт Отелло;396.45;5.9;15.4;55.9;0;;
ПРОДУКТ;Торт ПП Медовый;330;5;21;31;0;;
ПРОДУКТ;Торт Панчо;282.01;5.6;13.1;33.5;0;;
ПРОДУКТ;Торт Персидская ночь;498.8;6.4;27.3;53.4;0;;
ПРОДУКТ;Торт Пирамида;289.96;4.5;14;34.5;0;;
ПРОДУКТ;Торт Подарочный;405.55;6.6;21.5;43.6;0;;
ПРОДУКТ;Торт Полено;383.48;2.6;17.8;50.6;0;;
ПРОДУКТ;Торт Полёт;480.9;5.7;24.8;55.4;0;;
ПРОДУКТ;Торт Постный апельсиновый;149.35;5.5;8;12.8;0;;
ПРОДУКТ;Торт Постный с лимоном и малиной;149.35;5.5;8;12.8;0;;
ПРОДУКТ;Торт Постный с морковью и ананасами;149.35;5.5;8;12.8;0;;
ПРОДУКТ;Торт Постный с морковью и мандаринами;149.35;5.5;8;12.8;0;;
ПРОДУКТ;Торт Постный с орехами;163.26;6.2;9.1;13;0;;
ПРОДУКТ;Торт Постный свекольный;149.35;5.5;8;12.8;0;;
ПРОДУКТ;Торт Постный ягодный;149.35;5.5;8;12.8;0;;
ПРОДУКТ;Торт Прага;344;4.3;12.7;53;0;;
ПРОДУКТ;Торт Прага Черёмушки;427.47;7.2;24.3;42;0;;
ПРОДУКТ;Торт Прага от Палыча;531.96;4.6;26.5;65.1;0;;
ПРОДУКТ;Торт Прелесть Черемушки;399.82;3.9;20;48.3;0;;
ПРОДУКТ;Торт Пташине Молоко;351;4.4;16;45.6;0;;
ПРОДУКТ;Торт Птичка;434.32;3;17.8;62.6;0;;
ПРОДУКТ;Торт Птичка от Палыча ассорти;427.21;4.3;20.3;53.9;0;;
ПРОДУКТ;Торт Птичка от Палыча классическая;393.16;3.2;16.9;54.4;0;;
ПРОДУКТ;Торт Птичка от Палыча крем-брюле;411.27;4.1;21.1;48.4;0;;
ПРОДУКТ;Торт Птичка от Палыча с халвой и мармеладом;492.88;5.5;24.5;59.2;0;;
ПРОДУКТ;Торт Птичьи голоса;463.41;3.6;23.8;55.5;0;;
ПРОДУКТ;Торт Радость;363.59;3.7;16.1;48.5;0;;
ПРОДУКТ;Торт Райский сад;272.29;3.3;8.7;43.4;0;;
ПРОДУКТ;Торт Роза;429.32;4;18.1;59.7;0;;
ПРОДУКТ;Торт Ром и шоколад;448.11;6.8;23.3;49.7;0;;
ПРОДУКТ;Торт Рыжик;454.55;5.4;26.2;46.1;0;;
ПРОДУКТ;Торт С черносливом;356.43;4.5;22.7;31;0;;
ПРОДУКТ;Торт С черносливом и с курагой;403.58;4.5;22.7;42.5;0;;
ПРОДУКТ;Торт Сад Вероники;356.51;4.4;17.5;42.9;0;;
ПРОДУКТ;Торт Сказка;368.78;4.3;17.1;46.9;0;;
ПРОДУКТ;Торт Сказки Востока ассорти;545.08;7.8;26.5;65.1;0;;
ПРОДУКТ;Торт Сказки Востока с инжиром и орехами;545.08;7.8;26.5;65.1;0;;
ПРОДУКТ;Торт Сказки Востока с курагой и орехами;545.08;7.8;26.5;65.1;0;;
ПРОДУКТ;Торт Сказки Востока с черносливом и орехами;473.66;3.3;23.8;58.3;0;;
ПРОДУКТ;Торт Сказочка;360;4.5;13;56;0;;
ПРОДУКТ;Торт Сказочная Симфония;390;3.5;24;40;0;;
ПРОДУКТ;Торт Сластена;310;6;16;36;0;;
ПРОДУКТ;Торт Слоеный;300;3.5;18;32;0;;
ПРОДУКТ;Торт Сметанно-ореховый;282.04;2.9;13.5;35.3;0;;
ПРОДУКТ;Торт Сметанный с ананасом;348.71;4.8;17.5;40.6;0;;
ПРОДУКТ;Торт Сметанный с мёдом;300.46;3.3;19.5;25.8;0;;
ПРОДУКТ;Торт Сметанный с персиками;348.71;4.8;17.5;40.6;0;;
ПРОДУКТ;Торт Сметанный с черносливом;348.71;4.8;17.5;40.6;0;;
ПРОДУКТ;Торт Соблазн;268.93;4;9;41.2;0;;
ПРОДУКТ;Торт Суфле;336;2;16;46;0;;
ПРОДУКТ;Торт Сырный;363.23;3.6;18.4;43.3;0;;
ПРОДУКТ;Торт Сырный десерт;342.62;6;24.7;21.6;0;;
ПРОДУКТ;Торт Тартюф;473.66;3.3;23.8;58.3;0;;
ПРОДУКТ;Торт Творожно-сливочный с ананасом;289.81;4.6;10.1;43.2;0;;
ПРОДУКТ;Торт Творожно-сливочный с вишней;242.01;3.3;8;37.6;0;;
ПРОДУКТ;Торт Творожно-сливочный с малиной и абрикосом;236.68;3.4;8;36.2;0;;
ПРОДУКТ;Торт Творожно-сливочный с малиной и черникой;237.09;3.3;8;36.4;0;;
ПРОДУКТ;Торт Творожный десерт;240.87;3.6;12.6;26.6;0;;
ПРОДУКТ;Торт Тирамису;360;4;12;58;0;;
ПРОДУКТ;Торт Триумф;304.09;3.9;15.3;35.6;0;;
ПРОДУКТ;Торт Трюфель;355.09;4.3;22.6;31.1;0;;
ПРОДУКТ;Торт Трюфель Черёмушки;382.61;4.4;17;50.4;0;;
ПРОДУКТ;Торт Трюфель с кофе;457.8;3.7;27.3;46.1;0;;
ПРОДУКТ;Торт Трюфель с маком;457.8;3.7;27.3;46.1;0;;
ПРОДУКТ;Торт Трюфель с орехами;457.8;3.7;27.3;46.1;0;;
ПРОДУКТ;Торт Трюфель с шоколадом;457.8;3.7;27.3;46.1;0;;
ПРОДУКТ;Торт Ужгород;463;6.8;34.5;27.7;0;;
ПРОДУКТ;Торт Фруктовая услада;230.91;0.6;9.1;35.1;0;;
ПРОДУКТ;Торт Фруктори - Вишня в черном;478.67;5.2;23.5;58.3;0;;
ПРОДУКТ;Торт Цветок островов;327.07;6.8;15.7;37.4;0;;
ПРОДУКТ;Торт Чародейка;400.65;5.3;15.5;57.3;0;;
ПРОДУКТ;Торт Чародейка с вишней;369.32;4.8;11.2;59.9;0;;
ПРОДУКТ;Торт Чародейка с фундуком;408.47;5.8;17.4;54.4;0;;
ПРОДУКТ;Торт Черничное молоко;257;3.9;14;28.8;0;;
ПРОДУКТ;Торт Чизкейк с клубникой;320;4.5;19;32;0;;
ПРОДУКТ;Торт Чёрный принц;365.03;5.9;19.3;39.4;0;;
ПРОДУКТ;Торт Шоколадная симфония;424.81;6.6;26;38.1;0;;
ПРОДУКТ;Торт Южная ночь;352;2.9;13.6;54.4;0;;
ПРОДУКТ;Торт Ягодный Ферш;250;2.5;16;23;0;;
ПРОДУКТ;Торт бисквитно-кремовый Сказка;378.4;5.27;15.9;40.9;0;;
ПРОДУКТ;Торт бисквитный mummy's cake малина с фисташкой;370;4;16;51;0;;
ПРОДУКТ;Торт бисквитный Народная ПТИЧКА классическая;426;4.3;19.7;59.2;0;;
ПРОДУКТ;Торт вафельный «Птичка-Красавка;396;2.4;17.8;58.5;0;;
ПРОДУКТ;Торт вафельный шоколадница;525.81;10;32;50;0;;
ПРОДУКТ;Торт кофейный;420;5;26;42;0;;
ПРОДУКТ;Торт медовик бисквитный;389;5;25;38;0;;
ПРОДУКТ;Торт муссовый Ты круче всех два шоколада;408.2;7.7;27;33.6;0;;
ПРОДУКТ;Торт на фруктозе вишневый;387.61;2.9;16.7;53.8;0;;
ПРОДУКТ;Торт на фруктозе с крыжовником;389.55;2.9;16.6;54.5;0;;
ПРОДУКТ;Торт на фруктозе с курагой;394.17;3.1;16.7;55.2;0;;
ПРОДУКТ;Торт постный Морковный с пеканом;390;4;24;40;0;;
ПРОДУКТ;Тортилтя с томатом и паприкой;224.6;7.2;4.2;39.5;0;;
ПРОДУКТ;Тортильони с индейкой и соусом с фенхелем;137;8.12;5.88;13;0;;
ПРОДУКТ;Тортилья;314.87;9.48;4.1;64.02;0;;
ПРОДУКТ;Тортилья (Мексиканские лепешки Tortillas;293.75;7;7.7;47.2;0;;
ПРОДУКТ;Тортилья Mutlukal;311;7.51;6.12;55.22;0;;
ПРОДУКТ;Тортилья С Куриным Филе;216.33;3.18;15.1;16.9;0;;
ПРОДУКТ;Тортилья кукурузная;232.24;5.7;2.8;44.6;0;;
ПРОДУКТ;Тортилья пшеничная;335.41;8.4;8.3;54.6;0;;
ПРОДУКТ;Тортилья с курицей;230;10;10;25;0;;
ПРОДУКТ;Тортилья с курицей и картофельным хашбрауном с сырным соусом;236;7;14;21;0;;
ПРОДУКТ;Тортилья сырная;277;6.7;7;45;0;;
ПРОДУКТ;Тортилья» пшеничная;241.5;7.2;5.9;39.9;0;;
ПРОДУКТ;Тосканский хлеб;315.5;7.9;3.9;62.2;0;;
ПРОДУКТ;Тост Злаковый С Льном И Кунжутом;292.8;7.5;10;43.2;0;;
ПРОДУКТ;Тофу «Классический;131.6;12.7;6.6;5.5;0;;
ПРОДУКТ;Тофу Классический;88;12;4;1;0;;
ПРОДУКТ;Тофу Копченый;93;12;4;2;0;;
ПРОДУКТ;Тофу паста Барбекю;330.8;11;30;4.2;0;;
ПРОДУКТ;Тофу с белыми грибами;99.5;11.3;3.9;4.8;0;;
ПРОДУКТ;Тофу с укропом и чесноком;124.1;12;6.5;4.4;0;;
ПРОДУКТ;Травы итальянские;217.82;12.4;6.5;26;0;;
ПРОДУКТ;Традиционная Пастила Диетическая;150;1;0;36.5;0;;
ПРОДУКТ;Традиционная белевская пастила с клюквой;150.8;1;0;36.7;0;;
ПРОДУКТ;Традиционные останкинские пельмени;260.52;10;10;31;0;;
ПРОДУКТ;Трафл «морковный» с сырно-сливочный крем;336;5.8;22.8;26.9;0;;
ПРОДУКТ;Трепанг;35.5;7.3;0.6;0;0;;
ПРОДУКТ;Треска (печень в масле;632.49;4.2;65.7;1.2;0;;
ПРОДУКТ;Треска (печень натуральная Беринг;440.47;9;43;1;0;;
ПРОДУКТ;Треска запечённая;91.77;6;3.7;8;0;;
ПРОДУКТ;Треска консервированная;101.43;22.7;0.9;0;0;;
ПРОДУКТ;Треска с гриля;177.61;22.1;9.1;0.6;0;;
ПРОДУКТ;Треска тушеная;103.14;9.7;5.1;3.9;0;;
ПРОДУКТ;Треска чёрная (угольная рыба;207.02;12.2;16.9;0;0;;
ПРОДУКТ;Тресковые треугольники;232;5.2;7.7;35.4;0;;
ПРОДУКТ;Треугольник с курицей и грибами;254;12.5;11.3;25.3;0;;
ПРОДУКТ;Треугольники Лососевые В Панировке;200;10;10;17;0;;
ПРОДУКТ;Треугольники лососевые;210;6;7;30;0;;
ПРОДУКТ;Тридакна (морская цикада;101.91;16.7;3.6;0;0;;
ПРОДУКТ;Тритикале;295.44;12.8;2.1;54.5;0;;
ПРОДУКТ;Тройка лешников;541;9.4;41.7;32.1;0;;
ПРОДУКТ;Тропически Сок;49;0.2;0.18;11.4;0;;
ПРОДУКТ;Тропический Кокос;473.33;5.67;31.67;40.33;0;;
ПРОДУКТ;Тропический коктейль;100;0;0;13.8;0;;
ПРОДУКТ;Трубач;85.31;17.1;0.4;2.8;0;;
ПРОДУКТ;Трубач в горчичном соусе;154;14;10;2;0;;
ПРОДУКТ;Трубочка Вафельная «Варёная Сгущёнка;381;9;13;57;0;;
ПРОДУКТ;Трубочка Вафельная Со Вкусом Пломбир;478;7.2;27.2;51;0;;
ПРОДУКТ;Трубочка с зефиром и малиной;490;7.4;19.4;71.5;0;;
ПРОДУКТ;Трубочка” молочный крем с молоком сгущенным;430;8;22;51;0;;
ПРОДУКТ;Трубочки Вафельные Двойной Вкус;451.1;15;23.1;47.3;0;;
ПРОДУКТ;Трубочки С Белковым Кремом;273.6;3.6;11.2;39.6;0;;
ПРОДУКТ;Трубочки Со Сгущёнкой;380;7.5;17;50;0;;
ПРОДУКТ;Трубочки Хрустящие Со Вкусом Сгущенного Молока;464;5.8;17.9;69.9;0;;
ПРОДУКТ;Трубочки вафельные Лесной орех;495;8;23;64;0;;
ПРОДУКТ;Трубочки закусочные;224.67;4.3;12.4;22.4;0;;
ПРОДУКТ;Трубочки с белковыми кремом;277.5;3.5;11.5;40;0;;
ПРОДУКТ;Трубочки с кокосом;470;4;15.8;78;0;;
ПРОДУКТ;Труфель соль;597;4;45;41;0;;
ПРОДУКТ;Трюфели Молочные;550;5;33;55;0;;
ПРОДУКТ;Трюфели свежие;50.56;5.9;0.5;5.3;0;;
ПРОДУКТ;Трюфели фантазия;602;3.8;45;43;0;;
ПРОДУКТ;Трюфель Капучино;574;4;38;54;0;;
ПРОДУКТ;Трюфельные мини-пирожные;420;5;24;47;0;;
ПРОДУКТ;Трюыельный Элит;570;5.5;37;52;0;;
ПРОДУКТ;Тульская сметана 15;160.13;2.6;15;4;0;;
ПРОДУКТ;Тульский Пряник Варёная Сгущёнка;380;7;7.5;70;0;;
ПРОДУКТ;Тульский Пряник Мини (Сгущёнка;380;7;8;69;0;;
ПРОДУКТ;Тульский пояник с лимонной начинкой и ароматом мяты;370;6;6.5;72;0;;
ПРОДУКТ;Тульский пряник мятный с ценой лимона;349;6;6.1;69.9;0;;
ПРОДУКТ;Тульский пряник с апельсиновой начинкой корицей и цукатами;370;6;6.5;72;0;;
ПРОДУКТ;Тульский пряник с фруктовой начинкой и сгухой смотка;370;6;6;73;0;;
ПРОДУКТ;Тульский пряник со сгущеным молоком смотка;380;7;8;69;0;;
ПРОДУКТ;Тульский пряник со смородиновой начинкой;370;6;6.5;73;0;;
ПРОДУКТ;Тунец;92;20.35;1.3;0;0;;
ПРОДУКТ;Тунец (стружка;352.1;81.2;1.8;0.6;0;;
ПРОДУКТ;Тунец В Масле Для Салатов;360;16.1;34;0.4;0;;
ПРОДУКТ;Тунец В Масле Филе;360;17.5;32.1;0.49;0;;
ПРОДУКТ;Тунец В Рассоле;105.08;23.66;0.68;1.08;0;;
ПРОДУКТ;Тунец В Собственном Соку;150;19;8;0;0;;
ПРОДУКТ;Тунец Желтоперый Филе-Ломтики;164;32;4;0;0;;
ПРОДУКТ;Тунец Кусочки В Собственном Соку;104;24;1;0;0;;
ПРОДУКТ;Тунец Натуральный;105.9;23.1;1.5;0;0;;
ПРОДУКТ;Тунец Натуральный (Макрелевый, Куски;100;23;1;0;0;;
ПРОДУКТ;Тунец Натуральный В Собственном Соку;104;24;1;0;0;;
ПРОДУКТ;Тунец Оливки и Орегано;590;12.3;60.2;0;0;;
ПРОДУКТ;Тунец Полосатый Кусочками В Собственном Соку;104;24.1;0.75;0.29;0;;
ПРОДУКТ;Тунец Филе в Оливковом Масле;330;20.11;27.8;0;0;;
ПРОДУКТ;Тунец для салатов в масле;189;18.7;11.6;0;0;;
ПРОДУКТ;Тунец копченый;142.77;24.4;4.6;0;0;;
ПРОДУКТ;Тунец кусочками в собственном соку;110;26;0.5;0;0;;
ПРОДУКТ;Тунец полосатый кусочками;106;24.3;0.97;0;0;;
ПРОДУКТ;Тунец резаный;250;51;2.5;6;0;;
ПРОДУКТ;Тунец рубленный в собственном соку;133;24.23;0.35;0;0;;
ПРОДУКТ;Тунец с кукурузой и овощами;153;23;5;4;0;;
ПРОДУКТ;Тунец соленый;142.26;24.5;4.5;0;0;;
ПРОДУКТ;Тунец филе;139;24;4;0;0;;
ПРОДУКТ;Турнепс;28.7;1;0;6;0;;
ПРОДУКТ;Тушеная Говядина;180;9.5;16;0;0;;
ПРОДУКТ;Тушенка Свиная;170;10.2;14.1;0.3;0;;
ПРОДУКТ;Тушка цыпленка-броилера;189;16;14;0;0;;
ПРОДУКТ;Тушёнка;91;12.8;3.1;2.9;0;;
ПРОДУКТ;Тушёнка говяжья;200;15;15;3;0;;
ПРОДУКТ;Тыква;39.69;1.3;0.3;7.7;0;;
ПРОДУКТ;Тыква 4 сезона нарезанная;39.69;1.3;0.3;7.7;0;;
ПРОДУКТ;Тыква С Нутом;111;2.9;6.2;10.9;0;;
ПРОДУКТ;Тыква баттернат;44.8;1;0.1;9.7;0;;
ПРОДУКТ;Тыква жареная;78.15;1.4;5.5;5.2;0;;
ПРОДУКТ;Тыква маринованная;39.88;0.6;0.1;8.9;0;;
ПРОДУКТ;Тыква мускатная;44.8;1;0.1;9.7;0;;
ПРОДУКТ;Тыква очищенная в вакуумной упаковке;25;1;0.1;4.2;0;;
ПРОДУКТ;Тыквенные Семечки;556;30;49.1;4.7;0;;
ПРОДУКТ;Тыквенный сок;36.9;0;0;9;0;;
ПРОДУКТ;Тысячелистник;22.14;0.4;0;5;0;;
ПРОДУКТ;Тюлька;90.33;17.5;2;0;0;;
ПРОДУКТ;Тюлька соленая;195.77;19.2;12.6;0;0;;
ПРОДУКТ;Тюменский Мороженое пломбир с ароматом ванили в вафельном стаканчике;240;4.5;15;22;0;;
ПРОДУКТ;Тюрбо;86.7;18.2;1.3;0;0;;
ПРОДУКТ;Тёмный шоколад 72% какао;495;10;35;35;0;;
ПРОДУКТ;Тёмный шоколад десертный с лесным орехом и изюмом;480;6.5;28;51;0;;
ПРОДУКТ;Тёмный шоколад с кешью и фундуком;550;9;37;42;0;;
ПРОДУКТ;Тёмный шоколад с крупными добавлениями Санкт-Петербург;530;9.5;36;44;0;;
ПРОДУКТ;Тёмный шоколад с морской солью;552;5;35;53.6;0;;
ПРОДУКТ;Тёмный шоколад с тонкоизмельчёнными добавлениями Особый;520;8;33;47;0;;
ПРОДУКТ;Тёмный шоколад с шоколадной начинкой;490;5.5;28;52;0;;
ПРОДУКТ;Тёрн;47.48;1.5;0.3;9.4;0;;
ПРОДУКТ;Тёщины Пельмени;246;10.8;12.8;22;0;;
ПРОДУКТ;Тістечко бісквітне Молоко Барні;390;6.1;15;60;0;;
ПРОДУКТ;Тістечко неглазуроване з шоколадно-молочним смаком;432;6;14.3;69.8;0;;
ПРОДУКТ;Удильщик;69.97;14.8;1;0;0;;
ПРОДУКТ;Удон С Курицей И Овощами;454;19.8;21.1;46.4;0;;
ПРОДУКТ;Удон Со Вкусом Курицы;437;8.2;17.4;61.4;0;;
ПРОДУКТ;Удон с курицей терияки с пряным цукини и сладким перцем;148.4;8.7;5.8;15.3;0;;
ПРОДУКТ;Узвар из шиповника;17.2;0;0;4.3;0;;
ПРОДУКТ;Укроп;40.72;2.5;0.5;6.3;0;;
ПРОДУКТ;Укроп сушеный;40.72;2.5;0.5;6.3;0;;
ПРОДУКТ;Укроп сушёный;253;20;4.4;55.8;0;;
ПРОДУКТ;Уксус бальзамический;71.75;0.5;0;17;0;;
ПРОДУКТ;Уксус белый винный;24.19;0;0;5.9;0;;
ПРОДУКТ;Уксус рисовый;54.53;0.3;0;13;0;;
ПРОДУКТ;Уксус столовый 9;12.3;0;0;3;0;;
ПРОДУКТ;Уксус яблочный 3;9.43;0;0;2.3;0;;
ПРОДУКТ;Уксус яблочный 5;2.87;0;0;0.7;0;;
ПРОДУКТ;Уксус яблочный 6;29.52;0;0;7.2;0;;
ПРОДУКТ;Улитка Боб;212;2.2;1.8;46.7;0;;
ПРОДУКТ;Улитка С Корицей;421;5;19.9;55.7;0;;
ПРОДУКТ;Улитка С Творогом И Изюмом;286.1;10.3;9.7;39.4;0;;
ПРОДУКТ;Улитка Слоеная С Корицей;452.6;5.1;23;56.3;0;;
ПРОДУКТ;Улитка Черёмушки с кремом и изюмом;343.72;5.2;14.8;45.1;0;;
ПРОДУКТ;Улитка Черёмушки со вкусом апельсина и шоколада;323.76;5.6;16.8;35.3;0;;
ПРОДУКТ;Улитка виноградная;87.22;16.1;1.4;2;0;;
ПРОДУКТ;Улитка с Творожным Кремом и Корицей;357;2.4;16.5;49.7;0;;
ПРОДУКТ;Улитка с лимонным курдом;357.8;4.9;22.2;34.6;0;;
ПРОДУКТ;Улитка с маком;430;7;20;56;0;;
ПРОДУКТ;Улитка с маком и корицей;362.8;5;14;54.2;0;;
ПРОДУКТ;Ультрапастеризованное молоко 2,5;55;3;2.5;4.7;0;;
ПРОДУКТ;Ультрапастеризованное молоко 3,2;59.75;3;3.2;4.7;0;;
ПРОДУКТ;Уми каигара;108.83;4.6;2.8;15.6;0;;
ПРОДУКТ;Умисай гюнику;125.69;9.9;5.1;9.2;0;;
ПРОДУКТ;Умка;573;5.6;39.4;51.5;0;;
ПРОДУКТ;Унайдзю;145.25;6.5;8;10.8;0;;
ПРОДУКТ;Урбеч из миндаля;626.38;18.1;53.7;13;0;;
ПРОДУКТ;Урбеч из тертых семян кунжута;565;19;48.7;12.2;0;;
ПРОДУКТ;Урбеч из тёртых семян льна;534;18;42;2;0;;
ПРОДУКТ;Урюк;231.68;5;0.4;50.6;0;;
ПРОДУКТ;Устрицы свежие;114.37;14;6;0.3;0;;
ПРОДУКТ;Утиная печень;417.8;15.8;38;0;0;;
ПРОДУКТ;Утка;321.04;13.5;28.6;0;0;;
ПРОДУКТ;Утка вареная;255.42;19.7;18.8;0;0;;
ПРОДУКТ;Утка жареная;273.82;22.6;19.5;0;0;;
ПРОДУКТ;Утка копченая;341.74;19;28.4;0;0;;
ПРОДУКТ;Утреннее какао;455;8.1;16;66;0;;
ПРОДУКТ;Уха;45.78;3.4;1;5.5;0;;
ПРОДУКТ;Уши свиные вяленые;184;19;12;0.5;0;;
ПРОДУКТ;Ушки Копченые;184;19;12;0.5;0;;
ПРОДУКТ;ФИСТАШКА, МАЛИНА И КЕШЬЮ;520;11;33;45;0;;
ПРОДУКТ;ФН ПЮРЕ ЯБЛОКО;36;0;0;9;0;;
ПРОДУКТ;Фава закуска классическая;168.5;7;8.5;16;0;;
ПРОДУКТ;Фазан;261.65;18;20;0.5;0;;
ПРОДУКТ;Фалафель замороженный;283.4;9.1;3;55;0;;
ПРОДУКТ;Фалафель пикантный замороженный;234.3;8.2;1.5;47;0;;
ПРОДУКТ;Фалафель приготовленный замороженный;171.1;7.6;7.1;19.2;0;;
ПРОДУКТ;Фансы;370;2.5;2.5;85;0;;
ПРОДУКТ;Фанта;47.97;0;0;11.7;0;;
ПРОДУКТ;Фанта Вкус ананаса;52.89;0;0;12.9;0;;
ПРОДУКТ;Фанта со вкусом винограда;48;0;0;11.8;0;;
ПРОДУКТ;Фарфалле;346.01;10.4;1.1;71.5;0;;
ПРОДУКТ;Фарш Из Говядины;199;16;15;0;0;;
ПРОДУКТ;Фарш Из Говядины По-Домашнему;140;18;8;0;0;;
ПРОДУКТ;Фарш Из Индейки;148;17;8;2;0;;
ПРОДУКТ;Фарш Из Курицы И Говядины;210;19;15;0;0;;
ПРОДУКТ;Фарш Из Постного Мяса;166;19;10;0;0;;
ПРОДУКТ;Фарш Из Телятины;172;16;12;0;0;;
ПРОДУКТ;Фарш Охлажденный Из Минтая;66.7;15.3;0.6;0;0;;
ПРОДУКТ;Фарш Фермерский;360;12;35;0;0;;
ПРОДУКТ;Фарш из говядины Постный по стандарту ВВ;158;17;10;0;0;;
ПРОДУКТ;Фарш из филе грудки;125;20;5;0;0;;
ПРОДУКТ;Фарш классический;230;16;18;0;0;;
ПРОДУКТ;Фарш куриный;125;20;5;0;0;;
ПРОДУКТ;Фарш куриный из мяса птицы;210;13;18;0;0;;
ПРОДУКТ;Фарш обыкновенный из мяса цыплят-бройлеров (охлажденный;228;12;20;0;0;;
ПРОДУКТ;Фарш премиум из филе грудки;130;20;5;1.5;0;;
ПРОДУКТ;Фасоль;82;5.2;1.3;12.1;0;;
ПРОДУКТ;Фасоль (ростки;14.46;1.5;0.1;1.8;0;;
ПРОДУКТ;Фасоль 4 сезона зелёная стручковая нарезанная;28.21;3.1;0.3;3.1;0;;
ПРОДУКТ;Фасоль 4 сезона золотистая стручковая нарезанная;28.21;3.1;0.3;3.1;0;;
ПРОДУКТ;Фасоль Heinz в томатном соусе;74.84;4.9;0.2;12.9;0;;
ПРОДУКТ;Фасоль Hortex стручковая резаная;24.41;2.2;0.2;3.3;0;;
ПРОДУКТ;Фасоль Агро-Альянс Black Eye (Черный глаз;349.59;23;1;60;0;;
ПРОДУКТ;Фасоль Агро-Альянс белая;358.88;21;2;62;0;;
ПРОДУКТ;Фасоль Агро-Альянс красная Red Kidney;358.88;21;2;62;0;;
ПРОДУКТ;Фасоль Бондюэль белая Пикантная в томатном соусе;128.32;5.5;3;19;0;;
ПРОДУКТ;Фасоль Бондюэль белая в томатном соусе;108.16;5.4;0.3;20.3;0;;
ПРОДУКТ;Фасоль Бондюэль белая консервированная;101.6;6.7;0.3;17.4;0;;
ПРОДУКТ;Фасоль Бондюэль зелёная резаная;25.64;1.4;0.2;4.4;0;;
ПРОДУКТ;Фасоль Бондюэль зелёная стручковая замороженная;40.81;1.9;0.2;7.6;0;;
ПРОДУКТ;Фасоль Бондюэль коричневая со сладким перцем в соусе Кайен;45.54;2.6;0.4;7.6;0;;
ПРОДУКТ;Фасоль Бондюэль красная в соусе Чили;128.32;5.5;3;19;0;;
ПРОДУКТ;Фасоль Бондюэль красная консервированная;101.6;6.7;0.3;17.4;0;;
ПРОДУКТ;Фасоль Бондюэль красная с кукурузой в мексиканском соусе;122.69;4.6;3.1;18.3;0;;
ПРОДУКТ;Фасоль Запеченая Белая А Томатном Соусе;88;4.9;0.5;14;0;;
ПРОДУКТ;Фасоль Кидни темно-красная;314;22;1.6;59.1;0;;
ПРОДУКТ;Фасоль Красна В Томатном Соусе;88;6.2;0;15.7;0;;
ПРОДУКТ;Фасоль Лобио;85;4.5;1.7;13.5;0;;
ПРОДУКТ;Фасоль Маш;143.8;8.4;3;20.8;0;;
ПРОДУКТ;Фасоль Печеная С Овощами;180;9.2;4;27;0;;
ПРОДУКТ;Фасоль Печеная С Перцем;137.2;4.9;3.2;22.2;0;;
ПРОДУКТ;Фасоль Печенья С Перцем;137.2;4.9;3.2;22.2;0;;
ПРОДУКТ;Фасоль По Монастырски;150;8;1.5;26;0;;
ПРОДУКТ;Фасоль С Овощами;128.8;4.5;6.4;13.3;0;;
ПРОДУКТ;Фасоль белая;364.81;20.9;1.8;64;0;;
ПРОДУКТ;Фасоль белая в томатном соусе;92;5.8;0.5;16;0;;
ПРОДУКТ;Фасоль борлотти в томатном соусе;150;5.8;7.6;13;0;;
ПРОДУКТ;Фасоль в томатном соусе;79;4.7;0.2;12.9;0;;
ПРОДУКТ;Фасоль варёная;124.78;7.8;0.5;21.5;0;;
ПРОДУКТ;Фасоль зелёная нарезанная быстрозамароженная 4 сезона;40;3;0.3;6;0;;
ПРОДУКТ;Фасоль зерновая красная;95;5;0.5;17;0;;
ПРОДУКТ;Фасоль красная;317.03;21;1.6;52.7;0;;
ПРОДУКТ;Фасоль красная «Классическая;71;5.6;0.5;8.2;0;;
ПРОДУКТ;Фасоль красная в собственном соку;80;5;0.5;13;0;;
ПРОДУКТ;Фасоль красная в томатном соусе;100;7.5;0.5;17;0;;
ПРОДУКТ;Фасоль красная в томатном соусе «Чили;106;4.7;2.9;12.1;0;;
ПРОДУКТ;Фасоль красная консервированная;101.6;6.7;0.3;17.4;0;;
ПРОДУКТ;Фасоль красная консервированная Fagioli Red Kidney Biologici;66;4.9;0.4;8.5;0;;
ПРОДУКТ;Фасоль красная мелкая;304;20.4;1.5;49.6;0;;
ПРОДУКТ;Фасоль красная натуральная;87;5.3;0.2;16;0;;
ПРОДУКТ;Фасоль красная отварная;117;9;1.4;13;0;;
ПРОДУКТ;Фасоль лимская;98.97;6.8;0.9;15.3;0;;
ПРОДУКТ;Фасоль натуральная красная (консервы;80;5;0.5;13;0;;
ПРОДУКТ;Фасоль печеная в томатном соусе;89;4.5;1.7;14;0;;
ПРОДУКТ;Фасоль печеная по-сербски;94;5;2;14;0;;
ПРОДУКТ;Фасоль продовольственная красная 1-ого класса;298;21;2;47;0;;
ПРОДУКТ;Фасоль пурпурная Кидни Увелка;297.38;21;2;47;0;;
ПРОДУКТ;Фасоль с болгарским перцем;103;4;3;15;0;;
ПРОДУКТ;Фасоль с грибами;189;8;5;28;0;;
ПРОДУКТ;Фасоль с овощами и колбаской;140;4.5;10;7;0;;
ПРОДУКТ;Фасоль спаржевая;49.64;2.8;0.4;8.4;0;;
ПРОДУКТ;Фасоль стручковая;30;4;0.3;4;0;;
ПРОДУКТ;Фасоль стручковая консервированная;15.69;1.2;0.1;2.4;0;;
ПРОДУКТ;Фасоль стручковая резаная;24.6;2.2;0.2;3.5;0;;
ПРОДУКТ;Фасоль сухая;267.4;21.1;1.2;41.4;0;;
ПРОДУКТ;Фасоль чёрная;138.3;8.9;0.5;23.7;0;;
ПРОДУКТ;Фатир;246.46;7.9;0.8;50.4;0;;
ПРОДУКТ;Фафля Голландская;450;3.4;15;68;0;;
ПРОДУКТ;Феерея Горски Плодове;270;0.6;0.15;67;0;;
ПРОДУКТ;Фейхоа;58.49;1;1;11;0;;
ПРОДУКТ;Фенхель;36.71;1.2;0.2;7.3;0;;
ПРОДУКТ;Феома сирок з молоком згущеним;400;11;24.7;32.7;0;;
ПРОДУКТ;Ферма сирок вишня;386;10.4;23.8;33.4;0;;
ПРОДУКТ;Ферма сирок зі смаком ванілі;401;11.7;26.1;29.3;0;;
ПРОДУКТ;Ферма сирок полуниця;391;11.1;23.8;32.4;0;;
ПРОДУКТ;Ферментированный лимонад RIDE Имбирый;40;0;0;9;0;;
ПРОДУКТ;Фермерский Кефир;69;3.6;4;4.7;0;;
ПРОДУКТ;Фермерский Паштет Кроличий С Прованскими Травами;190;13;14;3;0;;
ПРОДУКТ;Фермерский Паштет Куриный Сливочный С Кориандром;300.6;6.5;29.8;1.6;0;;
ПРОДУКТ;Фермерский Пломбир Вишня;337.5;1.25;22.5;30;0;;
ПРОДУКТ;Фермерский Сырок Шоколад;380;8;24;33;0;;
ПРОДУКТ;Фермерский хлеб;220;7;2;43;0;;
ПРОДУКТ;Ферония (Деревянное яблоко;52.29;0.3;0.2;12;0;;
ПРОДУКТ;ФерроГематоген;376;6.4;5.5;73.2;0;;
ПРОДУКТ;Фета ΧΑΡΑΛΑΜΠΙΔΗΣ ΚΡΙΣΤΗΣ;276.67;17;23;1.7;0;;
ПРОДУКТ;Фета кубики в рассоле;191;10.4;16.1;1;0;;
ПРОДУКТ;Фета мягкий;222;14;16.4;4.5;0;;
ПРОДУКТ;Фета. Сыр мягкий;212.3;12.1;17.1;2.5;0;;
ПРОДУКТ;Фетакса;270.08;8.9;25.8;1.4;0;;
ПРОДУКТ;Фетакса лёгкая в рассоле;144;14.5;8;3.5;0;;
ПРОДУКТ;Феттучине С Яйцом И Шпинатом;282.7;10.6;1.9;54.9;0;;
ПРОДУКТ;Фетучини;375.85;14.1;4.4;67.6;0;;
ПРОДУКТ;Фетучини Ширатаки Со Шпинатом;12;0.49;0;0.6;0;;
ПРОДУКТ;Физалис;29.38;1;1;3.9;0;;
ПРОДУКТ;Филе;127;22;4;0.7;0;;
ПРОДУКТ;Филе «Медальон;110;21;2.5;0;0;;
ПРОДУКТ;Филе В Желе;67;14;1.3;0;0;;
ПРОДУКТ;Филе Говяжье Пастрами;163;16;11;0;0;;
ПРОДУКТ;Филе Грудки;140;19;7;0;0;;
ПРОДУКТ;Филе Грудки Индейки;100;16;2;4;0;;
ПРОДУКТ;Филе Грудки Индейки Premium;110;23;1.5;0;0;;
ПРОДУКТ;Филе Индейки Мраморное;110;14;4;4;0;;
ПРОДУКТ;Филе Индейки Су-Вид Слайсами;85.4;17.3;1.8;0;0;;
ПРОДУКТ;Филе Индейки Фирменное Копчёно-Варёное Охлаждённое;95;20;1.5;0;0;;
ПРОДУКТ;Филе Индейки, Запечённое Под Соусом «Жюльен», С Миксом Риса;230.52;13;14.92;11.12;0;;
ПРОДУКТ;Филе Куриное с Грибами Под Сырной Корочкой С Картофелем;157;12.7;5.5;14.3;0;;
ПРОДУКТ;Филе Куриной Грудки Запеченное;157.1;24;5.9;2;0;;
ПРОДУКТ;Филе Куриной Грудки Запеченое;157;24.2;6.2;1.1;0;;
ПРОДУКТ;Филе Куриной Грудки Классическое;97.6;21.7;1.2;0;0;;
ПРОДУКТ;Филе Куриной Грудки Лимонный Перец;100;19.5;1.5;2.1;0;;
ПРОДУКТ;Филе Куриной Грудки С Запечённым Чесноком;107.2;21.2;2;1.1;0;;
ПРОДУКТ;Филе Куриной Грудки С Перцем И Чесноком;114.4;24.1;2;0;0;;
ПРОДУКТ;Филе Куриной Грудки С Томатами;110.6;23.6;1.8;0;0;;
ПРОДУКТ;Филе Куриной Грудки Су-вид;127.54;22.8;4;0;0;;
ПРОДУКТ;Филе Лосося Атлантического;217.2;21;14.8;0;0;;
ПРОДУКТ;Филе Минтая В Кляре;120;11;2;15;0;;
ПРОДУКТ;Филе Минтая В Панировке;183.5;12;8;17;0;;
ПРОДУКТ;Филе Миньон С Трюфельным Маслом;208;16;16;0;0;;
ПРОДУКТ;Филе Плотвы;224;9.6;19;2.3;0;;
ПРОДУКТ;Филе Утки Варено-копченое;554;20.5;52.5;0;0;;
ПРОДУКТ;Филе Фермерское Сыровяленое;160;25;6.5;0;0;;
ПРОДУКТ;Филе Цыплят Бройлеров (Халяль) Охлаждённое;108.9;21.6;2.5;0;0;;
ПРОДУКТ;Филе Цыплят-бройлеров;110;21;2.5;0;0;;
ПРОДУКТ;Филе Цыплёнка-бройлера Под Сырной Корочкой С Картофельными Дольками;166.5;11.52;6.9;14.59;0;;
ПРОДУКТ;Филе бедра индейки по-домашнему;147.8;18.4;8.2;0.1;0;;
ПРОДУКТ;Филе в Нежном Чесночном Соусе;100;17;3;2;0;;
ПРОДУКТ;Филе грудки без кожи;113;23.6;1.9;0.4;0;;
ПРОДУКТ;Филе грудки большое;110;24;1.5;0;0;;
ПРОДУКТ;Филе грудки в пряных специях;120;21;3;1;0;;
ПРОДУКТ;Филе грудки индейки в сливочном соусе;120;19;4;1;0;;
ПРОДУКТ;Филе грудки индейки обжаренное на гриле;100;16;2;4;0;;
ПРОДУКТ;Филе грудки индейки сыровяленое с пряностями;181.8;39.4;1;3.8;0;;
ПРОДУКТ;Филе грудки куриное су-вид слайсы, охл;195;25.3;10.4;0;0;;
ПРОДУКТ;Филе грудки цыпленка;120;21;4;0;0;;
ПРОДУКТ;Филе грудки цыпленка бройлера Кацу;140;9;6;13;0;;
ПРОДУКТ;Филе грудки цыпленка в маринаде Сливочно-пряный;121.6;17;4.8;2.6;0;;
ПРОДУКТ;Филе грудки цыпленка в сливочно-пряном маринаде;129;17.5;5.9;1.4;0;;
ПРОДУКТ;Филе грудки цыплёнка для запекания в маринаде Сливочно-пряный;20.2;2.33;1.12;0.2;0;;
ПРОДУКТ;Филе грудки цыплёнка-бройлера в медово-горчичном маринаде;130.9;20;4.5;2.6;0;;
ПРОДУКТ;Филе индейки;110;22;2.5;0;0;;
ПРОДУКТ;Филе индейки «гриль» с пастой птитим со шпинатом и овощами;145.7;13.2;5.7;10.4;0;;
ПРОДУКТ;Филе индейки Запеченное;205;24.3;11.8;0.3;0;;
ПРОДУКТ;Филе индейки в собственном соку;110;22.2;2;0.8;0;;
ПРОДУКТ;Филе куриной грудки с прованскими травами;159.2;24.3;6;2;0;;
ПРОДУКТ;Филе куриной грудки су-вид с гречкой;179;12.72;6.93;14.88;0;;
ПРОДУКТ;Филе курицы без кожи охлажденное;120;22;4;0;0;;
ПРОДУКТ;Филе лосося в собственном соку;162;18;10;0;0;;
ПРОДУКТ;Филе малое;110;22;2.5;0;0;;
ПРОДУКТ;Филе минтая в хрустящей панировке;160;11.5;1;26;0;;
ПРОДУКТ;Филе миньая под маринадом;121;6.7;7;7.7;0;;
ПРОДУКТ;Филе трески в сливочном соусе с горчицей и юдзу с мятым картофелем;150;7.5;7.5;13;0;;
ПРОДУКТ;Филе тунца;104;24;0.8;0;0;;
ПРОДУКТ;Филе тунца в соусе карри;103;14.1;2.6;5.6;0;;
ПРОДУКТ;Филе циплёнка-бройлера;123.1;24.3;2.7;0.4;0;;
ПРОДУКТ;Филе цыпленка с чесноком и тимьяном;115.5;23.8;1.9;0.8;0;;
ПРОДУКТ;Филе цыплёнка бройлера;117;18;5;0;0;;
ПРОДУКТ;Филе-кусочки сельди XXL отборные;183;13.1;14.5;0;0;;
ПРОДУКТ;Филевская Лакомка;290;2.7;21.8;20.8;0;;
ПРОДУКТ;Филевский пломбир фисташковый;216;3.5;14;19;0;;
ПРОДУКТ;Филедворская вареная колбаса с филе окорока;160;10;13;0;0;;
ПРОДУКТ;Филейные сосиски;160;10;12;3;0;;
ПРОДУКТ;Филейный сервелат;280;14;24;2;0;;
ПРОДУКТ;Финики;432.12;4.8;16;68;0;;
ПРОДУКТ;Финики Mazafatti;290;2;0;67;0;;
ПРОДУКТ;Финики «меджул» с грецким орехом;573.2;12;34.8;53;0;;
ПРОДУКТ;Финики Захеди;282;2.5;0.4;75;0;;
ПРОДУКТ;Финики Королевские Сорта Меджуль Сушёные С Косточкой;310;1.8;0.2;75;0;;
ПРОДУКТ;Финики Сушеные Без Косточек Деглет Нур;309;0.2;0.2;75;0;;
ПРОДУКТ;Финики отборные;265;2;0.5;75.5;0;;
ПРОДУКТ;Финики с миндалем в шоколаде ассорти;426;8;10;76;0;;
ПРОДУКТ;Финики сушеные с косточкой;293;2.7;1;73;0;;
ПРОДУКТ;Финиковый Шоколад С Воздушным Рисом;334;8;14;47;0;;
ПРОДУКТ;Финское Избранное;219;10.01;17;6.5;0;;
ПРОДУКТ;Фирменная;183.1;11.6;5.5;21.8;0;;
ПРОДУКТ;Фисташки;575.2;20;50;7;0;;
ПРОДУКТ;Фисташки Вкусные, соленые;510;29;50;11;0;;
ПРОДУКТ;Фисташки жаренные солёные;620;22;52;17;0;;
ПРОДУКТ;Фитнес Боб жаренные соевые орешки со вкусом паприки;355;34.16;16.69;20.31;0;;
ПРОДУКТ;Фитнес Боб жаренные соевые орешки со вкусом сыра;348;33.63;16.92;21.57;0;;
ПРОДУКТ;Фитнес Чиз без лактозы;290;30;19;0;0;;
ПРОДУКТ;Фито-коктейль для похудения Slim Effect (Coffee Latte;394;12;4;74;0;;
ПРОДУКТ;Фиш хаус салат из морской капусты с кальмаром;190;3.5;18;2.5;0;;
ПРОДУКТ;Флай Дикая вишня;202.11;2.1;6;33.6;0;;
ПРОДУКТ;Флай Душистая малина;179.84;2.2;5.5;29.2;0;;
ПРОДУКТ;Флай Лесные ягоды;192.75;1.8;8.7;25.5;0;;
ПРОДУКТ;Флай Творожный;352.2;8;20.7;31;0;;
ПРОДУКТ;Флай Фруктовая экзотика;228.6;1.8;11.5;27.9;0;;
ПРОДУКТ;Флай Чёрная смородина;186.06;2.5;6.7;27.7;0;;
ПРОДУКТ;Флай чипсы;440;8;21;56;0;;
ПРОДУКТ;Флайчипсы Зерновые С Томатом И Оливками;430;7;21.5;54;0;;
ПРОДУКТ;Флайчипсы кукурузно-рисовые 3 сыра и зеленый лук;450;8;21;56;0;;
ПРОДУКТ;Флорентинки Jean Rene;594.6;10.9;47.5;37.85;0;;
ПРОДУКТ;Фогурт облепиха-имбирь;58.1;3;2.5;5.9;0;;
ПРОДУКТ;Фокачча;419;10;15;61;0;;
ПРОДУКТ;Фокачча Итальянская;278.4;7;5.4;51.3;0;;
ПРОДУКТ;Фокачча с пармезаном и базиликом;248;8.5;4.7;43;0;;
ПРОДУКТ;Фокачча с сыром и розмарином;461.5;11;17;65;0;;
ПРОДУКТ;Фокачча с сыром, перцем чили и копченой паприкой;348.8;8.9;16.8;40.5;0;;
ПРОДУКТ;Фондю Элементаль;170;8;10;13;0;;
ПРОДУКТ;Форель;180;18;12;0;0;;
ПРОДУКТ;Форель консервированная;166.7;18;10;0;0;;
ПРОДУКТ;Форель копчёная;137.45;26;3.1;0.5;0;;
ПРОДУКТ;Форель радужная;126.1;21.4;4.5;0;0;;
ПРОДУКТ;Форель радужная ломтики слабосолёная;110;17.26;4.7;0;0;;
ПРОДУКТ;Форель радужная малосолёная с укропом;193.3;20;11.7;2;0;;
ПРОДУКТ;Форель с укропом ломтики;130.2;21.7;4.6;0.5;0;;
ПРОДУКТ;Форель слабосолена;202;23;13;0;0;;
ПРОДУКТ;Форель слабосолёная;142;19;6;0;0;;
ПРОДУКТ;Франтик с клубничной начинкой;355;5.4;14.6;50.5;0;;
ПРОДУКТ;Французские слоечки с черничным джемом;410;5.5;13;67;0;;
ПРОДУКТ;Французские травы приправа;105.54;4.1;2.7;16;0;;
ПРОДУКТ;Французский крекер с кунжутом;480;7.5;22;62;0;;
ПРОДУКТ;Фрегола с красным песто;124;3.2;4.52;17.6;0;;
ПРОДУКТ;Фреш Мандарина;16;0.12;0;3.8;0;;
ПРОДУКТ;Фрикадельки В Брусничном Соусе С Картофельным Пюре;192;7;12;14;0;;
ПРОДУКТ;Фрикадельки Из Индейки;130;17;6;2;0;;
ПРОДУКТ;Фрикадельки Мини Из Индейки;130;20;5;1;0;;
ПРОДУКТ;Фрикадельки Рыбные В Томатном Соусе;217;9.5;14;14;0;;
ПРОДУКТ;Фрикадельки С Гречкой;203.6;7.5;14;11.9;0;;
ПРОДУКТ;Фрикадельки растительные HiBalls;239;10;19;4.7;0;;
ПРОДУКТ;Фрикадельки с домашней пастой в томатном соусе;140;9.3;4.8;14.5;0;;
ПРОДУКТ;Фру-Фру — жевательный мармелад Маша и Медведь;329.1;4.1;0.3;77.5;0;;
ПРОДУКТ;Фруате йогурт манго и маракуйей;75;2.8;1.5;12.5;0;;
ПРОДУКТ;Фругурт персик-маракуйя;96;3;2;16.5;0;;
ПРОДУКТ;Фругурты;95;3.1;2;16.2;0;;
ПРОДУКТ;Фрукт свежий, очищенный, нарезанный в виде полуколец: ананас;52;0.3;0.1;11.8;0;;
ПРОДУКТ;Фруктовая Палочка Абрикосово-сливовая С Фундуком;351;6.3;12.6;53;0;;
ПРОДУКТ;Фруктовая Пастила;350;1;2;78;0;;
ПРОДУКТ;Фруктовая смесь 4 сезона;35.26;0.9;0;7.7;0;;
ПРОДУКТ;Фруктовая смесь Hortex с малиной;33.13;1;0.3;6.4;0;;
ПРОДУКТ;Фруктово-ореховая смесь;420;7;20;52;0;;
ПРОДУКТ;Фруктово-ореховый батончик Шоколад-протеин;376.2;22.3;11;47;0;;
ПРОДУКТ;Фруктовое Пюре;89;0.3;0.1;21;0;;
ПРОДУКТ;Фруктовое пюре Heinz Наливное Яблочко;71.6;0.3;0.4;16.7;0;;
ПРОДУКТ;Фруктовые чипсы (красное яблоко;276;3;0;66;0;;
ПРОДУКТ;Фруктовый Вкус;405.71;0;4.29;91;0;;
ПРОДУКТ;Фруктовый Лед;103.6;0;0;25.9;0;;
ПРОДУКТ;Фруктовый Лёд Юдзу, Земляника И Чили;100;0;0;25;0;;
ПРОДУКТ;Фруктовый батончик со вкусом черники;336;2.6;5.7;64;0;;
ПРОДУКТ;Фруктоза;409.18;0;0;99.8;0;;
ПРОДУКТ;Фрукты;57.21;0.6;0.2;12.9;0;;
ПРОДУКТ;Фрукты в шоколаде;193.3;0.8;15.6;11;0;;
ПРОДУКТ;Фрукты и ягоды;47;0.8;0.4;10;0;;
ПРОДУКТ;Фрумеладки;330;4.2;0;76.6;0;;
ПРОДУКТ;Фрустайл;18;0;0;4.3;0;;
ПРОДУКТ;Фрутелла Жевательный мармелад с фруктовым соком;320;8.5;0.1;71;0;;
ПРОДУКТ;Фрутилад;312.52;3.33;0.67;73.3;0;;
ПРОДУКТ;Фрутоняня оранжевый микс;53.7;0.2;0.1;13;0;;
ПРОДУКТ;Фруттис клубника земляника;110.9;2.4;2.5;13.7;0;;
ПРОДУКТ;Фуа-гра;472.91;11.4;43.8;4.7;0;;
ПРОДУКТ;Фугу;82.1;16.4;1.6;0;0;;
ПРОДУКТ;Фузили с соусом песто;226;5.4;9.5;29.8;0;;
ПРОДУКТ;Фузилли С Курицей В Сырном Соусе;175.7;13.24;5;19.44;0;;
ПРОДУКТ;Фузилли С Курицей И Грибами В Сливочном Соусе;152.6;9;5.4;17;0;;
ПРОДУКТ;Фундук;728.1;16.1;66.9;9.9;0;;
ПРОДУКТ;Фундук жареный Botanica;695;18;65;9.5;0;;
ПРОДУКТ;Фундуковое;39;0.51;1.8;5.1;0;;
ПРОДУКТ;Функциональный цельнозерновой хлеб Белково-Полбяной;240;15;3;27;0;;
ПРОДУКТ;Фунчоза;351.92;0.7;0.5;84;0;;
ПРОДУКТ;Фунчоза под китайским устричным соусом с грибами шиитаке;280;3;8.5;47;0;;
ПРОДУКТ;ХАЧАПУРИ С СЫРОМ И ШПИНАТОМ;314.3;14.2;14.7;31.3;0;;
ПРОДУКТ;ХЕИДИ ДАРК 75;591;7.8;48;25;0;;
ПРОДУКТ;ХЕИДИ Дарк Оранж;506;4.3;28;54;0;;
ПРОДУКТ;ХЕИДИ ФИСТАШКИ;532;6.7;33;49;0;;
ПРОДУКТ;ХЛЕБ «НАРОЧАНСКИЙ» КЛАССИЧЕСКИЙ нарезанный;220;5.5;0.5;47;0;;
ПРОДУКТ;ХЛЕБ ДЛЯ ЗАВТРАКА;245;7.5;3;47;0;;
ПРОДУКТ;ХЛОПЬЯ 9 ЗЛАКОВЫЕ, НЕ ТРЕБУЮЩИЕ ВАРКИ;310;10;2;63;0;;
ПРОДУКТ;Хавла подсолнечная со вкусом Тоффи-карамель;520;12;30;50;0;;
ПРОДУКТ;Хайгетсы» Higgets Полуфабрикат растительный замороженный;196;7.7;12.5;10;0;;
ПРОДУКТ;Хала С Сыром И Говядиной Пастрами;249;7.5;15.4;20.1;0;;
ПРОДУКТ;Хала Сырная С Рублёной Телятиной;214.2;11.2;7;26.6;0;;
ПРОДУКТ;Хала с кунжутом;309.6;8.35;10.2;46.1;0;;
ПРОДУКТ;Халва;556;12.7;34;49;0;;
ПРОДУКТ;Халва Воздушная;540;11;34;48;0;;
ПРОДУКТ;Халва Дружба с арахисом;520;16;30;44;0;;
ПРОДУКТ;Халва Рот Фронт в шоколаде;554.26;14.3;33.8;44.3;0;;
ПРОДУКТ;Халва арахисовая;535;15;30;51;0;;
ПРОДУКТ;Халва подсолнечная;544.87;11.6;29.7;54;0;;
ПРОДУКТ;Халва подсолнечная глазированная;510;10;31;48;0;;
ПРОДУКТ;Халва подсолнечная с арахисом;570;14;38;44;0;;
ПРОДУКТ;Халва подсолнечная с перцем;520;12;30;50;0;;
ПРОДУКТ;Халва ротфронт;530;14;32;44;0;;
ПРОДУКТ;Халва с арахисом Дружба;540;17;31;45;0;;
ПРОДУКТ;Халва соняшникова з арахісом;587.47;15.59;39.22;43;0;;
ПРОДУКТ;Халва тахинная;537.3;12.7;29.9;50.6;0;;
ПРОДУКТ;Хамон;297.58;34.8;16.1;1.3;0;;
ПРОДУКТ;Ханшин;1.23;0.1;0;0.2;0;;
ПРОДУКТ;Хаос Медовый С Кунжутом;462;6.3;29.6;42.6;0;;
ПРОДУКТ;Хариус;90.33;17.5;2;0;0;;
ПРОДУКТ;Харусамэ тамагояки;138.85;7.7;2.5;20.5;0;;
ПРОДУКТ;Харчо по-кавказски;329.83;6.5;4;66;0;;
ПРОДУКТ;Хачапури;380;11;20;38;0;;
ПРОДУКТ;Хачапури (500г;247.7;12.6;7.3;32.9;0;;
ПРОДУКТ;Хачапури С Сыром;261;12.5;12.6;24.4;0;;
ПРОДУКТ;Хачапури по-мегрельски;274.4;12.1;12;29.5;0;;
ПРОДУКТ;Хачапури по-мегрельски 5 сыров;295.3;14.4;12.9;30.4;0;;
ПРОДУКТ;Хачапури по-мегрельски с зеленью;299.7;15.2;13.3;29.8;0;;
ПРОДУКТ;Хачапури с сыром и соусом песто;309;16.8;14.4;28;0;;
ПРОДУКТ;Хачапури с сыром имеритинский;260;13;11;26;0;;
ПРОДУКТ;Хачапури с сыром перекрёстка;350;11.7;19.9;24.5;0;;
ПРОДУКТ;Хашбраун замороженный;185.2;2.6;7.6;26.6;0;;
ПРОДУКТ;Хашбраун с сыром и зеленью;181.4;5.6;8.2;21.3;0;;
ПРОДУКТ;Хворост;545.8;8.8;35.4;48;0;;
ПРОДУКТ;Хворост веган на сиропе из фиников;332.5;8.2;8.5;55.8;0;;
ПРОДУКТ;Хвост;545.8;8.8;35.4;48;0;;
ПРОДУКТ;Хек (филе;84.37;16.5;1.8;0;0;;
ПРОДУКТ;Хек жареный;105.11;14.3;3.9;2.5;0;;
ПРОДУКТ;Хек отварной;97.22;18.5;2.3;0;0;;
ПРОДУКТ;Хек свежий;88.5;16.6;2.2;0;0;;
ПРОДУКТ;Хикама;39.88;0.7;0.1;8.8;0;;
ПРОДУКТ;Хинкали;191.2;10;5.5;25;0;;
ПРОДУКТ;Хинкали Жареные;298.8;4.4;18.8;28;0;;
ПРОДУКТ;Хинкали С Говядиной И Свининой;250;10.3;11.2;27;0;;
ПРОДУКТ;Хинкали мясные отварные со сметаной;184.6;8.7;8.2;19;0;;
ПРОДУКТ;Хинкали по грузински;350;10.5;26;19;0;;
ПРОДУКТ;Хирург Че;55.3;0.2;0.1;13.4;0;;
ПРОДУКТ;Хлеб;326.56;9.38;1.05;70.63;0;;
ПРОДУКТ;Хлеб 'МАГ' нарезанный;222.5;5.5;0.5;49;0;;
ПРОДУКТ;Хлеб 7-ми зерновой ароматный на закваске;280;9.5;6;48;0;;
ПРОДУКТ;Хлеб 8 Злаков;276.68;13.7;5.2;42;0;;
ПРОДУКТ;Хлеб 8 злаков“ формовой нарезанный в упаковке;253;10.9;4.6;40.6;0;;
ПРОДУКТ;Хлеб Leinsamenbrot;176.81;5.2;3.1;30.9;0;;
ПРОДУКТ;Хлеб «Альпийский» цельнозерновой;267.3;8.1;2.9;52.2;0;;
ПРОДУКТ;Хлеб «Богородский;207.22;6.7;1.2;42.5;0;;
ПРОДУКТ;Хлеб «Бородинский новый» формовой в упаковке;200.76;6;1;42;0;;
ПРОДУКТ;Хлеб «Дедушкин;230;8;1.1;47;0;;
ПРОДУКТ;Хлеб «Марьин» Заварной;210;6;1;44;0;;
ПРОДУКТ;Хлеб «Скандинавский» ржаной;227.06;8;2.6;42.1;0;;
ПРОДУКТ;Хлеб «Тостовый;247;7.7;0.8;53.1;0;;
ПРОДУКТ;Хлеб «Фруктовый» нарезанный в упаковке;310;9;5.5;57;0;;
ПРОДУКТ;Хлеб «Целебный;231;7.1;1.2;51.2;0;;
ПРОДУКТ;Хлеб «Экстра;284.18;7.5;5.9;50.1;0;;
ПРОДУКТ;Хлеб Альпийский;280;8;1;59;0;;
ПРОДУКТ;Хлеб Анапский курортный;230;7;1;48;0;;
ПРОДУКТ;Хлеб Английский зерновой;303.97;13.3;8.8;40.9;0;;
ПРОДУКТ;Хлеб Баварский;238.8;7.6;2.3;50.1;0;;
ПРОДУКТ;Хлеб Банановый;334.52;4.3;10.5;53.5;0;;
ПРОДУКТ;Хлеб Бауэрброт;259.39;8;2.5;49.6;0;;
ПРОДУКТ;Хлеб Бездрожжевой;260;6.5;1;56;0;;
ПРОДУКТ;Хлеб Богатырский;218;7;4;38;0;;
ПРОДУКТ;Хлеб Богородский бездрожжевой;217.38;6.9;1.2;43.4;0;;
ПРОДУКТ;Хлеб Богородский заварной;204.23;6.2;0.8;41.8;0;;
ПРОДУКТ;Хлеб Бородинский;264;7.3;1.15;56.09;0;;
ПРОДУКТ;Хлеб Бородинский Бездрожжевой;198.8;7;3.6;34.6;0;;
ПРОДУКТ;Хлеб Бородинский Нарезной;200;7;1.5;40;0;;
ПРОДУКТ;Хлеб Бородинский Ремесленный С Кориандром;207;6.8;1.8;40.9;0;;
ПРОДУКТ;Хлеб Бородинский для гренок;201;6.8;1.3;39.8;0;;
ПРОДУКТ;Хлеб Бородинский заварной;230;6.5;1;48;0;;
ПРОДУКТ;Хлеб Бородинский новый;230.16;6.9;1.4;46.7;0;;
ПРОДУКТ;Хлеб Боярский;238.4;6.9;1.3;48.3;0;;
ПРОДУКТ;Хлеб Бурже многозерновой;225.87;7.6;2.6;41.6;0;;
ПРОДУКТ;Хлеб В Нарезке Бездрожжевой;230;7;1;48;0;;
ПРОДУКТ;Хлеб Вестфальский;221;7.4;2.9;41.4;0;;
ПРОДУКТ;Хлеб Владимирский заварной;220;7;1;48;0;;
ПРОДУКТ;Хлеб Высивковый;204.94;9;2.2;36;0;;
ПРОДУКТ;Хлеб Галицкий;226;7;1.1;46.9;0;;
ПРОДУКТ;Хлеб Геркулес;250;9;4.5;43;0;;
ПРОДУКТ;Хлеб Геркулес зерновой;292.48;10.1;5.4;49;0;;
ПРОДУКТ;Хлеб Геркулес молочный;279.28;10.4;2.7;51.6;0;;
ПРОДУКТ;Хлеб Геркулес с отрубями;282.5;9.7;6.4;44.7;0;;
ПРОДУКТ;Хлеб Горгиппия подовый нарезанный в упаковке;250;7.5;2.5;49;0;;
ПРОДУКТ;Хлеб Горняцкий;188.57;6.8;1.1;36.7;0;;
ПРОДУКТ;Хлеб Горчичный;283.22;7.4;5;52.7;0;;
ПРОДУКТ;Хлеб Гречневый;240.12;7.1;2.5;45.8;0;;
ПРОДУКТ;Хлеб Гурман;248;7.5;2;50;0;;
ПРОДУКТ;Хлеб Даниловский Зерновой на закваске;280;9.5;6;46;0;;
ПРОДУКТ;Хлеб Дарница;196.6;7.6;0.7;47.6;0;;
ПРОДУКТ;Хлеб Дарницкий (на жидкой ржаной закваске, половина;200.76;6.5;1;41;0;;
ПРОДУКТ;Хлеб Дарницкий (формовой в упаковке;200.29;6.6;1.1;41.1;0;;
ПРОДУКТ;Хлеб Дарницкий Нарезанный;200;6.9;1.3;40.9;0;;
ПРОДУКТ;Хлеб Дарницкий Особый;200;6.5;1;41;0;;
ПРОДУКТ;Хлеб Дарницкий нарезанный половинка;200.29;6.6;1.1;41;0;;
ПРОДУКТ;Хлеб Дарницкий формовой нарезанный;200;6.6;1.1;41;0;;
ПРОДУКТ;Хлеб Дарницкий формовой упакованный;200.29;6.6;1.1;41;0;;
ПРОДУКТ;Хлеб Двинский;280;8;2;58;0;;
ПРОДУКТ;Хлеб Двинский ароматный;227.62;6.7;2.7;42.7;0;;
ПРОДУКТ;Хлеб Дворянский;244.05;9.2;9.5;28.8;0;;
ПРОДУКТ;Хлеб Деревенский;207.95;6.8;1.2;41.2;0;;
ПРОДУКТ;Хлеб Домашний на молоке;286;8.3;6;49.7;0;;
ПРОДУКТ;Хлеб Донской;217.87;7.1;0.9;44;0;;
ПРОДУКТ;Хлеб Древнерусский зерновой;257.55;9.6;2.7;47.1;0;;
ПРОДУКТ;Хлеб Елизавета вафельный;369.12;11.4;3.5;70.7;0;;
ПРОДУКТ;Хлеб Елизавета вафельный йодированный;368.71;11.4;3.5;70.6;0;;
ПРОДУКТ;Хлеб Елизавета вафельный кукурузный;370.05;10.9;3.6;71.2;0;;
ПРОДУКТ;Хлеб Елизавета вафельный ржаной;373.8;11.1;4.4;70.1;0;;
ПРОДУКТ;Хлеб Елизавета вафельный с витаминами и железом;368.71;11.4;3.5;70.6;0;;
ПРОДУКТ;Хлеб Елизавета вафельный с луком;367.89;11.4;3.5;70.4;0;;
ПРОДУКТ;Хлеб Елизавета вафельный с пряностями;367.48;11.3;3.5;70.4;0;;
ПРОДУКТ;Хлеб Елизавета вафельный с чесноком;366.67;11.3;3.5;70.2;0;;
ПРОДУКТ;Хлеб Елизавета вафельный тыквенный с отрубями;359.75;13.8;4.3;64.2;0;;
ПРОДУКТ;Хлеб Жито;255;7.8;2.3;50.7;0;;
ПРОДУКТ;Хлеб Жито в нарезке;255;7.8;2.3;50.7;0;;
ПРОДУКТ;Хлеб Заводской Нарезанный;217;6.8;0.6;46;0;;
ПРОДУКТ;Хлеб Замковый новый;227.38;6.5;0.6;47.6;0;;
ПРОДУКТ;Хлеб Здоровье;229;7.5;3;43;0;;
ПРОДУКТ;Хлеб Зерновик;300;13;9.5;38;0;;
ПРОДУКТ;Хлеб Зерновой;300;13;9.5;40;0;;
ПРОДУКТ;Хлеб Зерновой Перек;330;7.5;13.5;45.5;0;;
ПРОДУКТ;Хлеб Зерновой С Куркумой;345.7;12.6;9.7;52;0;;
ПРОДУКТ;Хлеб Золотой Злак;268;8.1;1.5;54;0;;
ПРОДУКТ;Хлеб Зёрнышко Нарезка;181;5.5;1.3;36.9;0;;
ПРОДУКТ;Хлеб И Кифле Бесквасни Хлеб;272;11.93;9.86;31.71;0;;
ПРОДУКТ;Хлеб Идеальная фигура;275.42;9.3;6.3;43.6;0;;
ПРОДУКТ;Хлеб Измайловский;210;7;1;44;0;;
ПРОДУКТ;Хлеб Кайзер;211.82;6;2.5;40;0;;
ПРОДУКТ;Хлеб Карельский;193.6;7.5;1.2;37;0;;
ПРОДУКТ;Хлеб Кернброт немецкий цельнозерновой;224.94;6.5;4;39.3;0;;
ПРОДУКТ;Хлеб Кефирный;277.53;7.9;4.1;50.5;0;;
ПРОДУКТ;Хлеб Классический в нарезке;339.39;8;10;54;0;;
ПРОДУКТ;Хлеб Купеческий;201.47;4.6;0.9;42.5;0;;
ПРОДУКТ;Хлеб Луковый;185.71;5.7;1.4;37.3;0;;
ПРОДУКТ;Хлеб Льняной;210;8;1;41;0;;
ПРОДУКТ;Хлеб Монастырский;237.2;7.5;1;47.8;0;;
ПРОДУКТ;Хлеб Мультизерновой протеиновый нарезаный;299;13.9;6.2;45.4;0;;
ПРОДУКТ;Хлеб Овсяный;226.12;7.1;3.2;40.8;0;;
ПРОДУКТ;Хлеб Олимпийское Здоровье Зерновой;241;8;0.5;49.5;0;;
ПРОДУКТ;Хлеб Орловский С Солодом Патокой;230;7;1;49;0;;
ПРОДУКТ;Хлеб Пикантный новый;260.52;7.9;2.7;51.1;0;;
ПРОДУКТ;Хлеб Питерский Новый;300;8.5;1.5;63;0;;
ПРОДУКТ;Хлеб Подовый Баварский;250;9;1;51;0;;
ПРОДУКТ;Хлеб Праздничный;461.86;10.3;14.1;70.4;0;;
ПРОДУКТ;Хлеб Пророщенные Зёрна Ржи;230;5;1;52;0;;
ПРОДУКТ;Хлеб Пряженик ржаной с цельным зерном;203.63;7.8;1;39.6;0;;
ПРОДУКТ;Хлеб Раменский формовой в упаковке (нарезанный;224;7.5;2;49;0;;
ПРОДУКТ;Хлеб Ремесленный На Пиве;181;6.7;1.4;35.3;0;;
ПРОДУКТ;Хлеб Ремесленный Ржаной;268;8;4;50;0;;
ПРОДУКТ;Хлеб Ржано-пшеничный;237.82;8.1;3.4;42.2;0;;
ПРОДУКТ;Хлеб Ржано-пшеничный Заварной;246.3;7.3;1.5;50.9;0;;
ПРОДУКТ;Хлеб Ржано-пшеничный Столовый;210;7;1;44;0;;
ПРОДУКТ;Хлеб Ржаной;230;6;1;50;0;;
ПРОДУКТ;Хлеб Ржаной формовой;216.86;5.9;1.1;44.5;0;;
ПРОДУКТ;Хлеб Рижский подовый;196.94;6;1.5;41;0;;
ПРОДУКТ;Хлеб Российский, Ржаной;201;7.7;1.4;37.7;0;;
ПРОДУКТ;Хлеб С Кукурузой;270;10;2;54;0;;
ПРОДУКТ;Хлеб Свекольно-морковный;276.9;10.9;5.7;45.5;0;;
ПРОДУКТ;Хлеб Сельский формовой в упаковке;289.2;6.5;1.5;42;0;;
ПРОДУКТ;Хлеб Сельский формовой нарезанный в упаковке;271.3;8;2.1;55.1;0;;
ПРОДУКТ;Хлеб Селяночка;277.01;8.9;4;49.6;0;;
ПРОДУКТ;Хлеб Сергеевский нарезка;97.4;3.12;0.87;19.3;0;;
ПРОДУКТ;Хлеб Сергиевский Подовый;209;6.6;1;42;0;;
ПРОДУКТ;Хлеб Сицилийский с итальянскими травами;250;7.5;5;45;0;;
ПРОДУКТ;Хлеб Славянский;230;8.5;1.5;47;0;;
ПРОДУКТ;Хлеб Смак Чусовской;250;8;1.5;51;0;;
ПРОДУКТ;Хлеб Столичный (нарезанная часть изделия;222.28;7;1.2;45.8;0;;
ПРОДУКТ;Хлеб Столичный нарезанный в упаковке;222.28;2;1.2;45.8;0;;
ПРОДУКТ;Хлеб Столичный обогащенный;200;5.8;1.1;43.3;0;;
ПРОДУКТ;Хлеб Столовый;216.56;6.9;1.2;43.2;0;;
ПРОДУКТ;Хлеб Строгановский;245;7.63;0.81;51.92;0;;
ПРОДУКТ;Хлеб Тартин пшенично-ржаной;196.5;6.6;0.9;40.5;0;;
ПРОДУКТ;Хлеб Тонус;215.38;8;2;40;0;;
ПРОДУКТ;Хлеб Тостовой;330;7.5;7;58;0;;
ПРОДУКТ;Хлеб Тостовый;280;8.5;2.5;56;0;;
ПРОДУКТ;Хлеб Тостовый XXL Светлый Нарезанный;250;7.5;1.5;50;0;;
ПРОДУКТ;Хлеб Тостовый Классический XXL;300;9.5;3;59;0;;
ПРОДУКТ;Хлеб Тостовый Нарезка;238.9;6.6;1.7;49.3;0;;
ПРОДУКТ;Хлеб Тостовый Отрубной Нарезанный XXL;260;8.5;3.5;49;0;;
ПРОДУКТ;Хлеб Тостовый Премиум;344;10;9.2;55.3;0;;
ПРОДУКТ;Хлеб Тостовый Ржаной;330;7.5;7;58;0;;
ПРОДУКТ;Хлеб Украинский Новый;205;6.8;1.2;41.7;0;;
ПРОДУКТ;Хлеб Украинский формовой в упаковке;197.18;6.7;1.2;39.8;0;;
ПРОДУКТ;Хлеб Утро;275;8;3;54;0;;
ПРОДУКТ;Хлеб Французский;219;6.3;1.1;46;0;;
ПРОДУКТ;Хлеб Хала;265.64;7.9;2.6;51;0;;
ПРОДУКТ;Хлеб Цельнозерновой;229;7.7;1.4;46.4;0;;
ПРОДУКТ;Хлеб Цельнозерновой С Отрубями;237;7.5;1;47.8;0;;
ПРОДУКТ;Хлеб Цельнозерновой бездрожжевой заварной;210;9;1.5;43;0;;
ПРОДУКТ;Хлеб Чиабатта;262.85;7.7;3.8;47.8;0;;
ПРОДУКТ;Хлеб Чиабатта на закваске;286;6.2;6.9;50.9;0;;
ПРОДУКТ;Хлеб Чиабатта ржаная на закваске;253.3;7.9;0.9;53.4;0;;
ПРОДУКТ;Хлеб Чипполино;275.79;8.3;2.5;53.3;0;;
ПРОДУКТ;Хлеб Швейцарский;250;8.5;1;50;0;;
ПРОДУКТ;Хлеб Шотландский;310;10.5;9.5;44;0;;
ПРОДУКТ;Хлеб Элитный Заварной;343.4;9.8;15.4;41.4;0;;
ПРОДУКТ;Хлеб Янтарный;240.2;8;2;53;0;;
ПРОДУКТ;Хлеб Японский Тостовый;275;8.5;2;56;0;;
ПРОДУКТ;Хлеб ароматный;262;7.9;2.5;51.1;0;;
ПРОДУКТ;Хлеб бездрожжевой зерновой нарезанный в упаковке;288;10;4;53;0;;
ПРОДУКТ;Хлеб белый;270;10;1;58;0;;
ПРОДУКТ;Хлеб белый ГОСТ;242.35;7.9;0.8;50.8;0;;
ПРОДУКТ;Хлеб белый в/с;220;7.5;1;45.9;0;;
ПРОДУКТ;Хлеб белый из пшеничной муки;242.35;7.9;0.8;50.8;0;;
ПРОДУКТ;Хлеб белый из пшеничной муки первого сорта;223;6.95;0.86;43.18;0;;
ПРОДУКТ;Хлеб белый новый;242;7.9;0.8;50.8;0;;
ПРОДУКТ;Хлеб бородинский заварной с кориандром;200;7;1.5;40;0;;
ПРОДУКТ;Хлеб бородинский обеденный;200;7;1;42.3;0;;
ПРОДУКТ;Хлеб в нарезке Бородинский;200;7;1.5;40;0;;
ПРОДУКТ;Хлеб в нарезке Дарницкий;200;7;1;41;0;;
ПРОДУКТ;Хлеб в нарезке Столичный;220;7;1;46;0;;
ПРОДУКТ;Хлеб вафельный;364;11.9;2.9;72.6;0;;
ПРОДУКТ;Хлеб даниловский ржано-пшеничный в упаковке (нарезанная часть изделия;230;7;1;49;0;;
ПРОДУКТ;Хлеб дарницкий;200;7;1;41;0;;
ПРОДУКТ;Хлеб дарницкий формовой в упаковке;200;6.6;1.1;41;0;;
ПРОДУКТ;Хлеб дарницкий формовой в упаковке (нарезанная часть изделия;200.29;6.6;1.1;41;0;;
ПРОДУКТ;Хлеб диетический Мультисил;300;13;9;41;0;;
ПРОДУКТ;Хлеб длительной ферментации;215.5;7.6;1.5;42.9;0;;
ПРОДУКТ;Хлеб для тостов «Сэндвичный премиум;260;9;1.5;52;0;;
ПРОДУКТ;Хлеб заварной с сухофруктами;246.1;9;1.7;48.7;0;;
ПРОДУКТ;Хлеб заварной фруктовый нарезанный в упаковке;180;4.5;2;37;0;;
ПРОДУКТ;Хлеб зерновая коллекция бездрожжевой;190;6;1;40;0;;
ПРОДУКТ;Хлеб зерновой «6 злаков с полбой;278;6.8;3.6;47.2;0;;
ПРОДУКТ;Хлеб зерновой заряд Хлебец с зернами и семенами подовый;278;9.9;6.4;44.1;0;;
ПРОДУКТ;Хлеб зерновой ржано-пшеничный нарезанный в упаковке;260;8;4;50;0;;
ПРОДУКТ;Хлеб злаковый с морковью;280;9;7;46;0;;
ПРОДУКТ;Хлеб крестьянский;221.08;7.6;1.2;42;0;;
ПРОДУКТ;Хлеб кукурузный;270;9.5;3.5;49;0;;
ПРОДУКТ;Хлеб морковный из подовой печи;215;7;4;38;0;;
ПРОДУКТ;Хлеб мультизерновой;276;9.6;6.5;44.8;0;;
ПРОДУКТ;Хлеб нарезанный Пеклеванный подовый;230;5.5;1;50;0;;
ПРОДУКТ;Хлеб нарезанный пеклеванный часть изделия;230;3.5;1;50;0;;
ПРОДУКТ;Хлеб немецкий цельнозерновой «КЕРНброт;222.04;6.5;4;39.3;0;;
ПРОДУКТ;Хлеб обеденный нарезной;260.52;7.5;2;52;0;;
ПРОДУКТ;Хлеб плодовый на камне (нарезанный, часть изделия;220;7;1;46;0;;
ПРОДУКТ;Хлеб порционный овсяный;205;6.6;5;33.4;0;;
ПРОДУКТ;Хлеб прибалтийский;260;8;1;54;0;;
ПРОДУКТ;Хлеб пшеничный;278;8;6;48;0;;
ПРОДУКТ;Хлеб ремесленный черный;180;5.4;0.5;40;0;;
ПРОДУКТ;Хлеб ржано-пшеничный Столичный;216;6.8;1;45;0;;
ПРОДУКТ;Хлеб ржаной «Родной из детства;178.7;7.4;1.1;34.8;0;;
ПРОДУКТ;Хлеб ржаной отрубной;214;7.1;2.9;38.4;0;;
ПРОДУКТ;Хлеб с отрубями;228.15;7.5;1.3;45.2;0;;
ПРОДУКТ;Хлеб с отрубями Геркулес;281;9.8;6.8;44.3;0;;
ПРОДУКТ;Хлеб с семечками;314.41;10.5;10.1;43.3;0;;
ПРОДУКТ;Хлеб с сухофруктами;258.56;11;4;43;0;;
ПРОДУКТ;Хлеб сандвичный пшеничный с отрубями;270;9.5;6.5;42;0;;
ПРОДУКТ;Хлеб соевый;295.69;52;1.2;17.4;0;;
ПРОДУКТ;Хлеб солнечный с семенами льна;275;9.5;6.5;44;0;;
ПРОДУКТ;Хлеб солодовый;244.71;7.5;0.7;50.6;0;;
ПРОДУКТ;Хлеб солодовый заварный;217;7.5;1;44.5;0;;
ПРОДУКТ;Хлеб столичный;222.28;7;1.2;45.8;0;;
ПРОДУКТ;Хлеб столичный нарезанный;210;7;1.2;45.8;0;;
ПРОДУКТ;Хлеб столичный подовый;222;7;1.2;45.8;0;;
ПРОДУКТ;Хлеб столичный подовый нарезанный в упаковке;222.28;7;1.2;45.8;0;;
ПРОДУКТ;Хлеб тартин на закваске;207;5.8;0.6;44.5;0;;
ПРОДУКТ;Хлеб тестовый бел;243;7.5;2;48.7;0;;
ПРОДУКТ;Хлеб тестовый пшеничный;302;8;6;54;0;;
ПРОДУКТ;Хлеб тостовый «Классический;234.23;6.5;4.5;42;0;;
ПРОДУКТ;Хлеб тостовый зерновой XXL нарезанный;250;8.5;4.5;45;0;;
ПРОДУКТ;Хлеб тостовый к завтраку;294;7.5;3;46;0;;
ПРОДУКТ;Хлеб тостовый классический;270;7.5;3;52;0;;
ПРОДУКТ;Хлеб тостовый классический формовой;280;8;2.52;55;0;;
ПРОДУКТ;Хлеб тостовый кукурузный;275.3;7.8;5.7;48.2;0;;
ПРОДУКТ;Хлеб тостовый пшеничный в упаковке;300;8;6;54;0;;
ПРОДУКТ;Хлеб тостовый формовой нарезанный (белый;266;8;3.5;49.5;0;;
ПРОДУКТ;Хлеб украинский;205.31;6.8;6.8;41.7;0;;
ПРОДУКТ;Хлеб украинский традиционный;230;8;1.5;46;0;;
ПРОДУКТ;Хлеб украинский традиционный формовой;230;8;1.5;46;0;;
ПРОДУКТ;Хлеб фермерский подовый;220;6.5;2.5;43;0;;
ПРОДУКТ;Хлеб формовой;179;5.4;0.9;37.3;0;;
ПРОДУКТ;Хлеб чесночный;330.29;20.3;2.1;55.5;0;;
ПРОДУКТ;Хлеб чёрный ПОКРОВСКИЙ ЗАВАРНОЙ;240;7;1;50;0;;
ПРОДУКТ;Хлебец Протеиновый Заряд;300;10;4;53;0;;
ПРОДУКТ;Хлебные Палки;496;11;22.5;57.6;0;;
ПРОДУКТ;Хлебные Палочки Пшенные С Кокосом;465;8;17.7;68.5;0;;
ПРОДУКТ;Хлебные крошки;429.74;14.4;5.7;77.5;0;;
ПРОДУКТ;Хлебные палочки Grazione диетические со шпинатом;369.62;11.7;3.2;71.2;0;;
ПРОДУКТ;Хлебные палочки Manifesto простые;414.95;11;6.8;74.8;0;;
ПРОДУКТ;Хлебные палочки Manifesto с кунжутом;414.95;11;6.8;74.8;0;;
ПРОДУКТ;Хлебные палочки Manifesto с маком;414.95;11;6.8;74.8;0;;
ПРОДУКТ;Хлебные палочки Manifesto с ржаным вкусом;414.95;11;6.8;74.8;0;;
ПРОДУКТ;Хлебные палочки Manifesto с солью;414.95;11;6.8;74.8;0;;
ПРОДУКТ;Хлебные палочки Manifesto с сыром;414.95;11;6.8;74.8;0;;
ПРОДУКТ;Хлебные палочки Гриссини Торинезе;415;12;8.2;75;0;;
ПРОДУКТ;Хлебные палочки с семенами подсолнечника и морской солью;450;13;18;60;0;;
ПРОДУКТ;Хлебные палочки с семенами тыквы Baker House;450;12;18;60;0;;
ПРОДУКТ;Хлебобулочное изделие зерновое для тостов;242.7;9;12.3;24;0;;
ПРОДУКТ;Хлебобулочное изделие сдобное длительного хранения ЛЮБИМЫЕ СЛАДОСТИ клубника;380;5;11;65;0;;
ПРОДУКТ;Хлебопучные изделия слоенные рулетики;375;4.3;9.8;67;0;;
ПРОДУКТ;Хлебушек Дворянский;353.4;9.1;14.6;46.4;0;;
ПРОДУКТ;Хлебцы;360;9;1.5;75;0;;
ПРОДУКТ;Хлебцы Di&Di амарантовые с луком;331.08;7.9;1.7;69;0;;
ПРОДУКТ;Хлебцы Dr.Korner Злаковый коктейль клюквенный;326.08;9;2;66;0;;
ПРОДУКТ;Хлебцы Dr.Korner Злаковый коктейль медовый;326.08;9;2;66;0;;
ПРОДУКТ;Хлебцы Dr.Korner Злаковый коктейль черничный;326.08;9;2;66;0;;
ПРОДУКТ;Хлебцы Dr.Korner Семь злаков;293.28;10;2;57;0;;
ПРОДУКТ;Хлебцы Finn Crisp Caraway с тмином;313.4;11;2.4;60;0;;
ПРОДУКТ;Хлебцы Finn Crisp Codiander Бородинские;326.24;11;2.9;62;0;;
ПРОДУКТ;Хлебцы Finn Crisp Garlic с чесноком;336.08;11;4.4;61;0;;
ПРОДУКТ;Хлебцы Finn Crisp Multigrain многозерновые;339.79;12;4.8;60;0;;
ПРОДУКТ;Хлебцы Finn Crisp Original ржаные;313.4;11;2.4;60;0;;
ПРОДУКТ;Хлебцы Herbes De Provence;330;13;3;64;0;;
ПРОДУКТ;Хлебцы PROTEIN с тыквенными семечками и сиропом топинамбура;422;22;14;52;0;;
ПРОДУКТ;Хлебцы Бородинские;397;12.9;2.6;80.5;0;;
ПРОДУКТ;Хлебцы Бородинские хрустящие;344.5;9.7;1.8;67.4;0;;
ПРОДУКТ;Хлебцы Гречневые;360;12;3;70;0;;
ПРОДУКТ;Хлебцы Зерновые;357.7;12.9;13.3;46.6;0;;
ПРОДУКТ;Хлебцы Из Зеленой Гречки;365;15.3;1.4;72.9;0;;
ПРОДУКТ;Хлебцы Канадские;391;10.1;2.2;81.1;0;;
ПРОДУКТ;Хлебцы Круазетт пшеничные;383.96;13.3;4.7;69.7;0;;
ПРОДУКТ;Хлебцы Круазетт ржано-пшеничные;392.79;12.8;4.9;71.9;0;;
ПРОДУКТ;Хлебцы Круазетт ржано-пшеничные с кунжутом;408.14;13.7;9.2;65;0;;
ПРОДУКТ;Хлебцы Круазетт ржано-пшеничные с луком;383.96;13.3;4.7;69.7;0;;
ПРОДУКТ;Хлебцы Круазетт ржано-пшеничные с сыром;439.3;16.9;9.2;69.4;0;;
ПРОДУКТ;Хлебцы Круазетт ржаные;307.96;14.5;2.3;55.4;0;;
ПРОДУКТ;Хлебцы Кукурузно-рисовые С Прованскими Травами;330.03;6.98;0.99;67.99;0;;
ПРОДУКТ;Хлебцы Мультизлаковые;439;13;19;54;0;;
ПРОДУКТ;Хлебцы ОВ.КОК;270;11;5.5;45;0;;
ПРОДУКТ;Хлебцы Полоцкие экструзионные ржаные;320.7;9.4;1.9;66.5;0;;
ПРОДУКТ;Хлебцы Рано-пшеничные С Семенами;458.9;11.1;15.7;68.3;0;;
ПРОДУКТ;Хлебцы Ржаные Цельнозерновые;333;13;5;46;0;;
ПРОДУКТ;Хлебцы Рисовые Пармезан Песто;380;6;13.5;59;0;;
ПРОДУКТ;Хлебцы Рисовые С Кунжутом;340;8;0.8;75.2;0;;
ПРОДУКТ;Хлебцы Рисовые Сметена Зелень доктор корнерсы смотка;310;4;12;46;0;;
ПРОДУКТ;Хлебцы Рисовые Цельнозерновые;350;2.12;1;77.6;0;;
ПРОДУКТ;Хлебцы СтоКГО;320;11;10;46;0;;
ПРОДУКТ;Хлебцы Фитнес с семенами льна;431;15;7;77;0;;
ПРОДУКТ;Хлебцы Хрустящие Гречневые;330;12;2.4;72;0;;
ПРОДУКТ;Хлебцы Хрустящие Пять Злаков;300;11;2;60;0;;
ПРОДУКТ;Хлебцы вафельные;369.95;11.4;3.5;70.9;0;;
ПРОДУКТ;Хлебцы вафельные ржаные;376;11.1;3.5;72.6;0;;
ПРОДУКТ;Хлебцы диетического профилактического питания ржаные с отрубями;329.83;10;2;67;0;;
ПРОДУКТ;Хлебцы докторские;247.6;8.2;2.6;46.3;0;;
ПРОДУКТ;Хлебцы мультизерновые вишня;320;10;2;61;0;;
ПРОДУКТ;Хлебцы мягкие ржано-пшеничные с семенами;266.6;9.9;3;50;0;;
ПРОДУКТ;Хлебцы овсяные с добавлением льна;357;12.5;3;70;0;;
ПРОДУКТ;Хлебцы пшеничные с зеленью;333.5;11;1.5;69;0;;
ПРОДУКТ;Хлебцы ржаные;307.98;11;2.7;58;0;;
ПРОДУКТ;Хлебцы ржаные ростовские;270;11;2;54;0;;
ПРОДУКТ;Хлебцы рисовые;395;8.6;3;83;0;;
ПРОДУКТ;Хлебцы с кунжутом и льном;445;11;17.6;59.9;0;;
ПРОДУКТ;Хлебцы с луком;364.7;10.1;8.3;62.4;0;;
ПРОДУКТ;Хлебцы с морской солью;15;0.4;0.1;3.1;0;;
ПРОДУКТ;Хлебцы с отрубями;390;10;6.5;70;0;;
ПРОДУКТ;Хлебцы с творожным сыром Neo Botanica;583.33;8.33;33.33;58.33;0;;
ПРОДУКТ;Хлебцы с цельнозернового коричневого риса и 12 супер семечек;371;7.9;4.4;73;0;;
ПРОДУКТ;Хлебцы с черникой Doctor Green;250;7.1;1.9;52;0;;
ПРОДУКТ;Хлебцы тонкие ржаные;323;12;3;62;0;;
ПРОДУКТ;Хлебцы хрустящие;330;7;1;74;0;;
ПРОДУКТ;Хлебцы хрустящие «Вафельный хлеб «Елизавета» пшеничный с отрубями;361;11.9;3.3;71;0;;
ПРОДУКТ;Хлебцы хрустящие «Злаковый коктейль черничный;320;9;2;66;0;;
ПРОДУКТ;Хлебцы хрустящие Злаковый коктейль , яблоко и корица;310;9;2;65;0;;
ПРОДУКТ;Хлебцы хрустящие Злаковый микс;290;10;2;58;0;;
ПРОДУКТ;Хлебцы хрустящие Любительские;329.83;10;2.5;67;0;;
ПРОДУКТ;Хлебцы хрустящие Хлебцы-Молодцы ФитнесЛайн Железо плюс;290;10.1;2.3;57.1;0;;
ПРОДУКТ;Хлебцы хрустящие бородинские цельнозерновые;310;12;2.2;60;0;;
ПРОДУКТ;Хлебцы хрустящие запечённые;383;12;1.7;78;0;;
ПРОДУКТ;Хлебцы хрустящие карамельные кукурузно-рисовые;310;6.5;0;70;0;;
ПРОДУКТ;Хлебцы хрустящие кукурузно-рисовые с морской солью;360;9;1.5;74;0;;
ПРОДУКТ;Хлебцы хрустящие кукурузные;388.7;10;2.1;76.9;0;;
ПРОДУКТ;Хлебцы хрустящие постные ячменные;349.4;11.5;1.8;71.8;0;;
ПРОДУКТ;Хлебцы хрустящие рисовые Dr. Korner;300;6;1;67;0;;
ПРОДУКТ;Хлебцы хрустящие с Луком;320;9.5;1.4;68;0;;
ПРОДУКТ;Хлебцы хрустящие с Паприкой;322;9.9;1.7;68.9;0;;
ПРОДУКТ;Хлебцы хрустящие с клетчаткой и луком;370;10;9;63;0;;
ПРОДУКТ;Хлебцы хрустящие столовые;300;11;1.6;61.5;0;;
ПРОДУКТ;Хлебцы хрустящие три злака;310;11;2;58;0;;
ПРОДУКТ;Хлебцы цельнозерновые;310;11.5;2;61;0;;
ПРОДУКТ;Хлебцы цельнозерные;290;11;2.3;57.1;0;;
ПРОДУКТ;Хлебцы шведские;509.08;17.4;22.4;58.6;0;;
ПРОДУКТ;Хлебцы-молодцы Лайт вафельные ржаные;353.73;10.1;4.8;65.3;0;;
ПРОДУКТ;Хлопця Овсяняные;361;3.7;6.5;69;0;;
ПРОДУКТ;Хлопья 4-х зерновые;305;10.25;2.5;60;0;;
ПРОДУКТ;Хлопья 4-х зерновые Myllyn Paras;282.26;11.4;2.8;51.1;0;;
ПРОДУКТ;Хлопья 5 видов зерновых;320;11;2.5;62;0;;
ПРОДУКТ;Хлопья 5 злаков;360;11.4;3.1;74.8;0;;
ПРОДУКТ;Хлопья 5 злаков увелка;85;3;0.6;16;0;;
ПРОДУКТ;Хлопья 6 злаков;340;11;3;65;0;;
ПРОДУКТ;Хлопья 7 злаков;370;11;2.5;75;0;;
ПРОДУКТ;Хлопья Nestle Fitness из цельной пшеницы;365.85;8.3;2;76.4;0;;
ПРОДУКТ;Хлопья Nestle Fitness с тёмным шоколадом;393.93;8;6.7;72.9;0;;
ПРОДУКТ;Хлопья Nestle Fitness с фруктами;360.76;6.4;2.6;75.7;0;;
ПРОДУКТ;Хлопья Агро-Альянс 4 злака;376.37;12;3;73;0;;
ПРОДУКТ;Хлопья Агро-Альянс 5 злаков;364.07;12;3;70;0;;
ПРОДУКТ;Хлопья Кукурузные;390;6.5;1;89;0;;
ПРОДУКТ;Хлопья Кукурузные Медовые;390;6.5;1;89;0;;
ПРОДУКТ;Хлопья Кукурузные С Топинамбуром;321.1;8.4;1.1;69.4;0;;
ПРОДУКТ;Хлопья Макфа 4 злака;375.28;10;2;77;0;;
ПРОДУКТ;Хлопья Мистраль смесь 5 злаков;389.54;10.1;3.8;76.3;0;;
ПРОДУКТ;Хлопья Многозерновые;380;8;1;84;0;;
ПРОДУКТ;Хлопья Овсяные #2;340;12;6;60;0;;
ПРОДУКТ;Хлопья Овсяные Геркулес;370;12;6;65;0;;
ПРОДУКТ;Хлопья Овсяные Манго И Чиа;320;9;5.5;57;0;;
ПРОДУКТ;Хлопья Овсяные Черника И Лен;320;9;5.5;56;0;;
ПРОДУКТ;Хлопья Пассим Три злака;332.74;10;3.6;63;0;;
ПРОДУКТ;Хлопья Пассим Четыре злака;322.06;10.3;3.2;61;0;;
ПРОДУКТ;Хлопья Увелка 5-ти зерновые тонкие;371.18;11;2;75;0;;
ПРОДУКТ;Хлопья Царь 4 злака;338.92;11;2.5;66;0;;
ПРОДУКТ;Хлопья Царь 5 злаков;355.88;10.2;1.5;73.2;0;;
ПРОДУКТ;Хлопья гороховые;323;23;1.6;57.7;0;;
ПРОДУКТ;Хлопья гречневые;370;11;2;74;0;;
ПРОДУКТ;Хлопья гречневые Ясно солнышко;310;13;3;57;0;;
ПРОДУКТ;Хлопья гречневые быстрого приготовления;360;7;5;70;0;;
ПРОДУКТ;Хлопья гречневые с говядиной и зелёным луком;345.6;13;6;59;0;;
ПРОДУКТ;Хлопья зерновые Геркулес пять злаков;340;10.5;2.5;65;0;;
ПРОДУКТ;Хлопья из полбы Фермерские цельнозерновые;344;14.6;2.4;60.7;0;;
ПРОДУКТ;Хлопья красной чечевицы Myllyn Paras;315.7;25;0;52;0;;
ПРОДУКТ;Хлопья кукурузные (глазированные;320;5.5;1;65;0;;
ПРОДУКТ;Хлопья кукурузные (готовый полезный завтрак;317.88;8;1;74;0;;
ПРОДУКТ;Хлопья кукурузные без сахара;380;9.5;1.5;81;0;;
ПРОДУКТ;Хлопья кукурузные глазированные;290;1.8;7.4;54.6;0;;
ПРОДУКТ;Хлопья мультизлаковые;370;10.5;2.1;78;0;;
ПРОДУКТ;Хлопья овсянные быстрооо приготовления №3;370;12;5;70;0;;
ПРОДУКТ;Хлопья овсяные;367;12.8;5.4;69.7;0;;
ПРОДУКТ;Хлопья овсяные #1;340;12;6;60;0;;
ПРОДУКТ;Хлопья овсяные «Геркулес быстрого приготовления;380.02;13;6;69;0;;
ПРОДУКТ;Хлопья овсяные Ассорти с молоком;76.84;2.26;1.05;13.68;0;;
ПРОДУКТ;Хлопья овсяные Клубника с Молоком;367.5;10.75;5.25;65;0;;
ПРОДУКТ;Хлопья овсяные Традиционные;390;12;6;72;0;;
ПРОДУКТ;Хлопья овсяные без варки Быстров;367;10.8;4.9;66;0;;
ПРОДУКТ;Хлопья овсяные быстрого приготовления;342;12.3;6.1;59.5;0;;
ПРОДУКТ;Хлопья овсяные быстрого приготовления 3 мин;358.51;13;6;59;0;;
ПРОДУКТ;Хлопья овсяные быстроразваривающиеся, 3 мин;358.51;13;6;59;0;;
ПРОДУКТ;Хлопья овсяные быстрые;370;12;6;65;0;;
ПРОДУКТ;Хлопья овсяные отборные;380;14;6;69;0;;
ПРОДУКТ;Хлопья овсяные с курагой;350;11;5.5;58;0;;
ПРОДУКТ;Хлопья овсяные с яблоком и клюквой;330;10;5.5;56;0;;
ПРОДУКТ;Хлопья овсяные “Геркулес;355;13.1;6.2;65.7;0;;
ПРОДУКТ;Хлопья овсяные, не требующие варки;380.02;12;5;70;0;;
ПРОДУКТ;Хлопья пшенные;360;11;1.5;76;0;;
ПРОДУКТ;Хлопья пшенные к завтраку без варки;339;12;3;66;0;;
ПРОДУКТ;Хлопья пшенные, не требующие варки;360;10;2.5;75;0;;
ПРОДУКТ;Хлопья ржаные цельнозерновые;370;7.5;2;80;0;;
ПРОДУКТ;Хлопья рисовые;340;7;1;74;0;;
ПРОДУКТ;Хлопья стм монетка;330;5;1;76;0;;
ПРОДУКТ;Хлопья ячменные;350;10;1.5;65;0;;
ПРОДУКТ;Хлорелла в порошке;346.17;66.6;0.5;16.7;0;;
ПРОДУКТ;Хляб пълнозенест румдо;249;8.6;0.6;52.2;0;;
ПРОДУКТ;Хліб «Тост» світлий;286;8.8;3.7;56.5;0;;
ПРОДУКТ;Хліб Бородінський;174;6.2;1.2;42.3;0;;
ПРОДУКТ;Хліб Домашній Кулиничі;255;8;1.9;51.3;0;;
ПРОДУКТ;Хліб Житньо-пшеничний;241;7.2;1.1;49.2;0;;
ПРОДУКТ;Хліб Левандівський;238;7.6;0.9;49;0;;
ПРОДУКТ;Хліб Супер Тост з висівками;265;8.5;3.9;49;0;;
ПРОДУКТ;Хліб Тост злаковий;320;10.1;7;54.3;0;;
ПРОДУКТ;Хліб Тостовий білий європейський;280;8.4;3.6;52.9;0;;
ПРОДУКТ;Хліб Франківський;210;8;1;42;0;;
ПРОДУКТ;Хліб алчевський;156;7.3;1.1;47.3;0;;
ПРОДУКТ;Хліб ароматний з кунжутом;290;8.6;5.45;51;0;;
ПРОДУКТ;Хліб вівсяний з льоном;282;8.2;5.8;49;0;;
ПРОДУКТ;Хліб пшеничний Сімейний;262;8.3;2.4;51.7;0;;
ПРОДУКТ;Хліб тостовий гречаний;286.3;9.1;3.9;53.7;0;;
ПРОДУКТ;Хлібець Висівковий;264;8.8;3.6;48.8;0;;
ПРОДУКТ;Хлібці пшенично-вівсяні;302;11.89;2.51;57.9;0;;
ПРОДУКТ;Хлібці пшеничні Сир;470;13.12;10.36;81.17;0;;
ПРОДУКТ;Хмели-сунели;433.1;5;40;10;0;;
ПРОДУКТ;Хоки;81.92;19.2;0.3;0.1;0;;
ПРОДУКТ;Хоккигай;78.69;16.7;1.1;0;0;;
ПРОДУКТ;Холодец;90;11;4.5;1;0;;
ПРОДУКТ;Холодец говяжий;66;10.3;2.4;0.8;0;;
ПРОДУКТ;Холодец м хреном;130.1;4.1;0.5;27.3;0;;
ПРОДУКТ;Холодец перекрёсток;276;10.3;2.4;0.8;0;;
ПРОДУКТ;Хомогенизирано Краве мляко 1;35;2.6;1;3.8;0;;
ПРОДУКТ;Хоритаки;195;11.5;11.7;11;0;;
ПРОДУКТ;Хоружей 15 Сметана хрустим;430;10;14;63;0;;
ПРОДУКТ;Хорэнсо сяке;199.89;26.6;8.1;3.8;0;;
ПРОДУКТ;Хостеры;270;7;14;29;0;;
ПРОДУКТ;Хот Дог Датский;273.8;7.2;15.5;26.5;0;;
ПРОДУКТ;Хот дог;266;7.9;15.3;25;0;;
ПРОДУКТ;Хот-дог Датский;273.8;7.2;15.5;26.5;0;;
ПРОДУКТ;Хотатэ фурай;115.44;7;3.6;13;0;;
ПРОДУКТ;Хотстеры Васаби Чили;300;7;19;26;0;;
ПРОДУКТ;Хотстеры Горячая Штучка;230;8;12;17;0;;
ПРОДУКТ;Хохланд;196;11;13.8;7;0;;
ПРОДУКТ;Хохланд сливочный;291;9.8;25.8;4.8;0;;
ПРОДУКТ;Хрен;59.89;3.2;0.4;10.5;0;;
ПРОДУКТ;Хрен столовый;73.61;1.2;4.1;8;0;;
ПРОДУКТ;Хрен столовый острый;32;2.5;0.4;4.6;0;;
ПРОДУКТ;Хрен сушеный;59.89;3.2;0.4;10.5;0;;
ПРОДУКТ;Хрен тёртый;59.89;3.2;0.4;10.5;0;;
ПРОДУКТ;Хрен тёртый Столовый;120.84;2.2;7.8;9.6;0;;
ПРОДУКТ;Хрен тёртый с клюквой;132.8;1;4.1;22.1;0;;
ПРОДУКТ;Хрен тёртый с лимоном;120.84;2.2;7.8;9.6;0;;
ПРОДУКТ;Хрен тёртый с чесноком;73.76;1.2;4.1;7.5;0;;
ПРОДУКТ;Хрен тёртый со свеклой;74.58;1.1;4.1;7.8;0;;
ПРОДУКТ;Хркстящая пряная смесь All in one;545.8;11.3;36.2;43.7;0;;
ПРОДУКТ;Хрупкави гренки с домати и босилек;443;6.7;22.9;49.9;0;;
ПРОДУКТ;Хрустим острые ребрышки баффало;460;9;18;60;0;;
ПРОДУКТ;Хрустим сырные палочки смотка маленькие;430;9.5;16;61;0;;
ПРОДУКТ;Хрустящая Пастила;363;2;0;91;0;;
ПРОДУКТ;Хрустящее печенье шоколад молочный;523.6;6.4;30;57;0;;
ПРОДУКТ;Хрустящие Кукурузные Хлопья;373;0.01;2.4;79.3;0;;
ПРОДУКТ;Хрустящие Чипсы Куриные с Паприкой;257;35;13;0;0;;
ПРОДУКТ;Хрустящие крылышки острые к пиву;270;12;13;27;0;;
ПРОДУКТ;Хрустящие палочки с корицей ЧурросВайб;383;7.4;4.7;73.8;0;;
ПРОДУКТ;Хрустящие подушечки с нежной шоколадно-молочной начинкой;446;7.6;15.1;68;0;;
ПРОДУКТ;Хрустящие хлебцы Столовые;350;11;1.5;64;0;;
ПРОДУКТ;Хрустящие хлебцы с луком;309.5;11;1.5;63;0;;
ПРОДУКТ;Хрустящий Готовый Шоколадный Завтрак;370;8.97;3.37;70.33;0;;
ПРОДУКТ;Хрустящий картофель в ломтиках со вкусом сметаны и лука;510;6;31;51;0;;
ПРОДУКТ;Хрустящий картофель с солью;510;6;32;50;0;;
ПРОДУКТ;Хрустящий крекер Classic;473;11;19;64;0;;
ПРОДУКТ;Хрустящий миндальный туррон;563;13;35;45;0;;
ПРОДУКТ;Хрустящий молочный шоколад с морской солью и карамели;534;6.9;30;58;0;;
ПРОДУКТ;Хрутка Duo;376;8.82;4.4;70.5;0;;
ПРОДУКТ;Хрутка Готовый Шоколадный завтрак;369;9;3.5;70.4;0;;
ПРОДУКТ;Хрутка Медовые Шарики смотка;373;8.5;3.5;72.5;0;;
ПРОДУКТ;Хрутки Клубника Ваниль Хлопья;383;7.3;3.7;77.5;0;;
ПРОДУКТ;Хумус;249;6;20;10;0;;
ПРОДУКТ;Хумус С Помидорами;255.2;8.1;12.2;28.2;0;;
ПРОДУКТ;Хумус С Халапенью;246.7;4.3;23.1;5.4;0;;
ПРОДУКТ;Хумус вяленые помидоры и прованские травы;142;6;10;7;0;;
ПРОДУКТ;Хумус иерусалимский;221.9;7.3;17.5;8.8;0;;
ПРОДУКТ;Хумус классический;226;8.5;13.2;22;0;;
ПРОДУКТ;Хумус острый с паприкой;146;6;10;8;0;;
ПРОДУКТ;Хумус с аджикой;227;6;18;10;0;;
ПРОДУКТ;Хумус с вяленными помидорами;173.8;5.4;11.4;12.4;0;;
ПРОДУКТ;Хумус с кедровыми орешками;236;6;16;11;0;;
ПРОДУКТ;Хумус с сушеными томатами;305;5.8;25;12;0;;
ПРОДУКТ;Хурма;67.57;0.5;0.3;15.3;0;;
ПРОДУКТ;Хурма виргинская;68.5;0.5;0.4;15.3;0;;
ПРОДУКТ;ЦЕЗАРЬ СОУС;550;0.5;60;2.5;0;;
ПРОДУКТ;Цабр;32.12;0.7;0.5;6;0;;
ПРОДУКТ;Царский десерт;420;5.5;14;68;0;;
ПРОДУКТ;Цветная капуста;28.68;2.5;0.3;4;0;;
ПРОДУКТ;Цветочный мёд;324.4;0.8;0;80.3;0;;
ПРОДУКТ;Цедра апельсина;532.27;5.9;30;57;0;;
ПРОДУКТ;Цедра грейпфрута;31.38;0.7;0.2;6.5;0;;
ПРОДУКТ;Цедра лайма;16.92;0.9;0.1;3;0;;
ПРОДУКТ;Цедра лимона;16.92;0.9;0.1;3;0;;
ПРОДУКТ;Цезарь;150;11;8.5;5.5;0;;
ПРОДУКТ;Цезарь с курицей;240;9.6;19.6;6.4;0;;
ПРОДУКТ;Целебный с цикорием;253.9;11.9;1.9;46.5;0;;
ПРОДУКТ;Цельное Сгущеное Молоко 8,5;328;7;8.5;56;0;;
ПРОДУКТ;Цельное сгущеное молоко с сахаром;330;7.5;8.5;56;0;;
ПРОДУКТ;Цельнозерновой Хлеб;242;7.5;6.2;39.2;0;;
ПРОДУКТ;Цельнозерновые Хлебцы Их Бурого Риса;390;8.3;3;80;0;;
ПРОДУКТ;Цельнозерновые витки;322;11.6;1.8;64.8;0;;
ПРОДУКТ;Цельнозерновые макароны из цельного зерна с зародышем и клетчаткой;365;15.5;1.4;72.7;0;;
ПРОДУКТ;Цельнозерновые овсяные хлопья;370.7;13.5;6.1;61.2;0;;
ПРОДУКТ;Цельнозерновые чипсы Корнерсы Нежный сыр;404;8;10;70;0;;
ПРОДУКТ;Цельнозерновые чипсы Корнерсы — оливковое масло и розмарин;400;8;9.5;71;0;;
ПРОДУКТ;Цельный лесной орех. Шоколад темный;577;8.4;41;39;0;;
ПРОДУКТ;Цесарка;107.68;20.6;2.5;0;0;;
ПРОДУКТ;Цикорий;273.33;6.67;0;66.67;0;;
ПРОДУКТ;Цикорий (корень;246;10;0;50;0;;
ПРОДУКТ;Цикорий натуральный растворимый;249;3.8;0.2;58;0;;
ПРОДУКТ;Цикорий натуральный растворимый гранулированный;280;4;0.2;65;0;;
ПРОДУКТ;Цикорий натуральный растворимый порошкообразный;280;4;0.2;81.7;0;;
ПРОДУКТ;Цикорий натуральный растворимый. Порошкообразный;288;4;0;68;0;;
ПРОДУКТ;Цикорий натуральный сублимированный;320;4;0.5;57;0;;
ПРОДУКТ;Цикорий отборный;305;3.8;0.1;56;0;;
ПРОДУКТ;Цикорий порошкообразный растворимый;228.01;12;0;45;0;;
ПРОДУКТ;Цикорий растворимый;345;4;0.2;81.7;0;;
ПРОДУКТ;Цикорий растворимый гранулированный;280;4;0.1;64;0;;
ПРОДУКТ;Цикорий растворимый гранулированный Цикорич;249;3.8;0.2;58;0;;
ПРОДУКТ;Цикорий растворимый порошкообразный;312;4;0.2;65;0;;
ПРОДУКТ;Цикорий растворимый сливочный;439.77;9;18.9;53;0;;
ПРОДУКТ;Цикорий растворимый сухой;295.2;4;0;68;0;;
ПРОДУКТ;Цикорич;228.01;12;0;45;0;;
ПРОДУКТ;Ципуро;2.98;0.1;0.1;0.4;0;;
ПРОДУКТ;Цитрон;16.92;0.9;0.1;3;0;;
ПРОДУКТ;Цитрон Рука Будды;16.92;0.9;0.1;3;0;;
ПРОДУКТ;Цитрусовая Энергия Без Сахара;3;0.2;0;0;0;;
ПРОДУКТ;Цитрусовый Микс;271;0.2;0.1;67;0;;
ПРОДУКТ;Цлитка с кремом и изюмом;320;6.5;10;52;0;;
ПРОДУКТ;Цукаты (смесь кубиков ананаса и папайи;308.59;2;1;71;0;;
ПРОДУКТ;Цукаты из ананаса;100.8;1.7;2.2;17.9;0;;
ПРОДУКТ;Цукаты из апельсина;308.59;2;1;71;0;;
ПРОДУКТ;Цукаты из арбузных корок;219.35;2.5;0;51;0;;
ПРОДУКТ;Цукаты из груш;375.56;0;0;91.6;0;;
ПРОДУКТ;Цукаты из дыни;221.23;0.6;0.6;52;0;;
ПРОДУКТ;Цукаты из моркови;302.8;2.9;0.2;70.5;0;;
ПРОДУКТ;Цукаты из папайи;334.97;0;0;81.7;0;;
ПРОДУКТ;Цукаты из сосновых шишек;637;11.6;61;19.3;0;;
ПРОДУКТ;Цукаты из яблок;377.61;0.5;0;91.6;0;;
ПРОДУКТ;Цукерки «Червоний Мак;509.6;5.3;28;59.1;0;;
ПРОДУКТ;Цуккини;20.31;1.5;0.2;3;0;;
ПРОДУКТ;Цуккини варёный;14.46;0.8;0.1;2.5;0;;
ПРОДУКТ;Цыганский Кетчуп;100;1;0.1;25;0;;
ПРОДУКТ;Цыпленок-бройлер Филе бедра Первая Свежесть охлажденное;139.04;13.8;8.7;0.4;0;;
ПРОДУКТ;Цыпленок-бройлер охлажденный;228.29;18.7;16.1;0.5;0;;
ПРОДУКТ;Цыплёнок овощи;71.2;4.7;2.8;6.8;0;;
ПРОДУКТ;Цыплёнок табака с куркумой и красным перцем;316.2;13;9.6;53;0;;
ПРОДУКТ;Цыплёнок-табака в кахетинском соусе для запекания;204;14;16;1;0;;
ПРОДУКТ;ЧЕРНИКА + ЛЮТЕИН С СЕЛЕНОМ БИОКОР;300;0;0;75;0;;
ПРОДУКТ;Чаванпраш;314;0.3;0.19;77.4;0;;
ПРОДУКТ;Чавыча;152.63;19.1;8;0;0;;
ПРОДУКТ;Чай;392;0;0;98;0;;
ПРОДУКТ;Чай Ahmad Tea Cherry Dessert;4;0;0;1;0;;
ПРОДУКТ;Чай Матча;312;24;1;51;0;;
ПРОДУКТ;Чай апельсин-имбирь;200;0.2;0.2;50;0;;
ПРОДУКТ;Чай жёлтый сухой;145.78;20;5.1;4;0;;
ПРОДУКТ;Чай зелёный сухой;145.78;20;5.1;4;0;;
ПРОДУКТ;Чай каркаде;3.69;0.3;0;0.6;0;;
ПРОДУКТ;Чай каркаде сухой;59.15;1.9;0.1;12.3;0;;
ПРОДУКТ;Чай красный сухой;157.67;20;5.1;6.9;0;;
ПРОДУКТ;Чай масала сухой;385.35;15;15;45;0;;
ПРОДУКТ;Чай молочный улун (оолонг) сухой;146.19;20.1;5.1;4;0;;
ПРОДУКТ;Чай облепиховый с апельсином;204.44;0.36;1.33;48;0;;
ПРОДУКТ;Чай пуэр сухой;157.67;20;5.1;6.9;0;;
ПРОДУКТ;Чай ройбос (ройбуш) сухой;15.63;0.8;0.8;1.2;0;;
ПРОДУКТ;Чай связанный сухой;145.78;20;5.1;4;0;;
ПРОДУКТ;Чай черный байховый цейлонский Гриндфилд Голден Цейлон (Greenfield Golden Ceylon) в пакетиках для разовой заварки;1;2;8;2;0;;
ПРОДУКТ;Чай чёрный байховый сухой;157.67;20;5.1;6.9;0;;
ПРОДУКТ;Чай чёрный крупнолистовой Виток;1;0;0;0.3;0;;
ПРОДУКТ;Чай чёрный с лимоном и сахаром;30.86;0.2;0.1;7.1;0;;
ПРОДУКТ;Чай чёрный с молоком и сахаром;43.92;0.7;0.8;8.2;0;;
ПРОДУКТ;Чайная класика Пряники;346;6;3.1;74.3;0;;
ПРОДУКТ;Чайный сбор ЦИТРУСОВЫЙ БАЗИЛИК;14.22;0.68;0.12;1.96;0;;
ПРОДУКТ;Чайот (Мексиканский огурец;15.69;0.8;0.1;2.8;0;;
ПРОДУКТ;Чак Чак;460;5;31;40;0;;
ПРОДУКТ;Чак Чак С Цветочным Медом;460;4.9;31;40;0;;
ПРОДУКТ;Чак-Чак Казанский;502;6.9;25;62.3;0;;
ПРОДУКТ;Чак-чак;372.3;8.6;1.9;77.9;0;;
ПРОДУКТ;Чак-чак Моя Казань;540;6;29;71;0;;
ПРОДУКТ;Чак-чак классический;506;9.1;20;71.84;0;;
ПРОДУКТ;Чак-чак медовый;480;8;20;67;0;;
ПРОДУКТ;Чак-чак с гречишным мёдом;453.2;5;30;40.8;0;;
ПРОДУКТ;Чан Рамен;424;8.5;14;66;0;;
ПРОДУКТ;Чапати;382.55;13.8;1.9;75.2;0;;
ПРОДУКТ;Чача;3.39;0.1;0.1;0.5;0;;
ПРОДУКТ;Чачжан мён;290;6;10;43;0;;
ПРОДУКТ;Чебупели;240;7;11;28;0;;
ПРОДУКТ;Чебупели Острые С Мясом;270;7;11;35;0;;
ПРОДУКТ;Чебупели Фо Бо;220;8;8;29;0;;
ПРОДУКТ;Чебупели растительные;260;6.5;10;35;0;;
ПРОДУКТ;Чебупели с ветчиной и сыром;320;7;15;40;0;;
ПРОДУКТ;Чебупицца Пепперони;270;9;12;32;0;;
ПРОДУКТ;Чебупицца Том Ям;280;8;15;28;0;;
ПРОДУКТ;Чебупицца Утка По-Пекински;310;10;18;28;0;;
ПРОДУКТ;Чебурек;252;7;8;38;0;;
ПРОДУКТ;Чебурек классический с мясом;260;9.3;12.5;27.5;0;;
ПРОДУКТ;Чебурек с креветкой;303.9;12;18.3;22.8;0;;
ПРОДУКТ;Чебурек с мясом;363;7;23;32;0;;
ПРОДУКТ;Чебуреки С Курицей;185;10.7;3.8;26.4;0;;
ПРОДУКТ;Чебуреки Сочные обжаренные;200;8.5;13;29;0;;
ПРОДУКТ;Чебуреки растительные;250;7;8;38;0;;
ПРОДУКТ;Чебуреки с курицей замороженные;258.8;13.9;13.2;23.8;0;;
ПРОДУКТ;Чебуречки с мясом;240;7;11;27;0;;
ПРОДУКТ;Чевапчичи из мраморной говядины;320;15;27;5;0;;
ПРОДУКТ;Чеддер плавленный сыр;300;16;23;6;0;;
ПРОДУКТ;Челлентани;359;14;2;69.7;0;;
ПРОДУКТ;Чемпедак;121.19;2.1;0.6;26.1;0;;
ПРОДУКТ;Червона сочевиця;366;26;1.5;62;0;;
ПРОДУКТ;Черемуха молотая;103.32;8.4;0;16.8;0;;
ПРОДУКТ;Черемуха сушеная;103.32;8.4;0;16.8;0;;
ПРОДУКТ;Черемша;42;3;0;8;0;;
ПРОДУКТ;Черепаха;85.82;19.8;0.5;0;0;;
ПРОДУКТ;Черешневый компот;83.64;0.5;0;19.9;0;;
ПРОДУКТ;Черешня;55.38;1.1;0.4;11.5;0;;
ПРОДУКТ;Черимойя;75.68;1.7;0.6;15.4;0;;
ПРОДУКТ;Черкизово карпаччо из индейки;150;34;2;0;0;;
ПРОДУКТ;Черкизово хлысты;322;35;18;5;0;;
ПРОДУКТ;Черная Смородина;36.8;1;0.4;7.2;0;;
ПРОДУКТ;Черника;200;0.4;0.2;48;0;;
ПРОДУКТ;Черника 4 сезона;43.7;1.1;0.6;8.2;0;;
ПРОДУКТ;Черника Hortex;34.68;1.1;0.6;6;0;;
ПРОДУКТ;Черника малина;85;2.8;1.9;14.2;0;;
ПРОДУКТ;Черника сушеная;306.62;0.9;0.7;72.3;0;;
ПРОДУКТ;Черничный сок;42.09;0;1;8;0;;
ПРОДУКТ;Черноголовка Кола;19;0;0;4.7;0;;
ПРОДУКТ;Черноплодная рябина;52.7;1.5;0.2;10.9;0;;
ПРОДУКТ;Черноплодно-рябиновый сок;30.75;0.1;0;7.4;0;;
ПРОДУКТ;Чернослив;251.68;2.3;0.7;57.5;0;;
ПРОДУКТ;Черносмородиновый зефир;330.5;0.8;0.1;81.6;0;;
ПРОДУКТ;Черносмородиновый компот;59.15;0.3;0.1;13.9;0;;
ПРОДУКТ;Черносмородиновый сок;34.44;0.5;0;7.9;0;;
ПРОДУКТ;Чернушка посевная (калинджи;265.6;19.8;14.6;11.9;0;;
ПРОДУКТ;Чернушки;9.35;1.5;0.3;0.1;0;;
ПРОДУКТ;Черные маслины без косточки;164;1;16;4;0;;
ПРОДУКТ;Черный Ролл С Куриными Стрипсами;190;7.99;9.65;16.86;0;;
ПРОДУКТ;Черный Чай С Персиком;20;0;0;4.9;0;;
ПРОДУКТ;Черный хлеб;220;5.7;1.2;42.7;0;;
ПРОДУКТ;Черный чай с ароматом бергамота;1;1;1;1;0;;
ПРОДУКТ;Чеснок;153.88;6.5;0.5;29.9;0;;
ПРОДУКТ;Чеснок (стрелки;20.2;1.3;0.1;3.4;0;;
ПРОДУКТ;Чеснок (стрелки маринованные;18.45;1;0;3.5;0;;
ПРОДУКТ;Чеснок Маринованный;65;3.9;0;12.7;0;;
ПРОДУКТ;Чеснок молодой зелёный;45.1;6;0;5;0;;
ПРОДУКТ;Чеснок молодой маринованный;44.28;1.8;0;9;0;;
ПРОДУКТ;Чеснок сушеный;376.82;16;0.4;75;0;;
ПРОДУКТ;Чеснок сушёный;350;18;0.4;69;0;;
ПРОДУКТ;Чеснок чёрный;153.88;6.5;0.5;29.9;0;;
ПРОДУКТ;Чесночный соус;552;0.4;60;2.6;0;;
ПРОДУКТ;Чесночный соус (с зеленым луком и чесноком;280;0.3;28;7;0;;
ПРОДУКТ;Чесночный хлеб;336;4.9;23.6;28.7;0;;
ПРОДУКТ;Чехонь;90.33;17.5;2;0;0;;
ПРОДУКТ;Чечевица (ростки;133.08;9;0.6;22.1;0;;
ПРОДУКТ;Чечевица Агро-Альянс Элитная;371.18;28;2;58;0;;
ПРОДУКТ;Чечевица Агро-Альянс красная;358.88;26;2;57;0;;
ПРОДУКТ;Чечевица Бондюэль консервированная;112.58;8.6;0.6;17.5;0;;
ПРОДУКТ;Чечевица Красная;360;25;2;60;0;;
ПРОДУКТ;Чечевица Мистраль Персидская;330.02;25;1.1;53;0;;
ПРОДУКТ;Чечевица Тарелочная;295;24;1.5;44;0;;
ПРОДУКТ;Чечевица варёная;114.39;7.8;0;20.1;0;;
ПРОДУКТ;Чечевица зеленая;360;28;2;58;0;;
ПРОДУКТ;Чечевица зеленая лайрд;280;21;1;48;0;;
ПРОДУКТ;Чечевица красная колотая;360;25;2;60;0;;
ПРОДУКТ;Чечевица красная шлифованная;294.7;24;1.5;46.3;0;;
ПРОДУКТ;Чечевица крассная;233;38;1.33;38;0;;
ПРОДУКТ;Чечевица натуральная;78.8;4.5;0.4;14.3;0;;
ПРОДУКТ;Чечевица с тушеными овощами и курицей в соусе демиглас;174.9;11.7;7.9;14.2;0;;
ПРОДУКТ;Чечевица сушёная;287.4;24;1.5;42.7;0;;
ПРОДУКТ;Чечевица тарелочная продовольственная;321.9;25;1.1;53;0;;
ПРОДУКТ;Чечевичные котлеты быстрого приготовления;323.84;19.2;2.2;54.8;0;;
ПРОДУКТ;Чечель Копчений;282;20.5;22;0.5;0;;
ПРОДУКТ;Чечил Сыр Турецкий;311;21;25;0.5;0;;
ПРОДУКТ;Чиабата С Сыром;243;8;0.6;50;0;;
ПРОДУКТ;Чиабатта РУСТИК;213;6;0.6;46;0;;
ПРОДУКТ;Чиабатта С Говядиной;249.2;7.7;10.8;30.3;0;;
ПРОДУКТ;Чиабатта С Индейкой И Овощами В Горчичном Соусе;250;7;12;29;0;;
ПРОДУКТ;Чиабатта С Рваной Говядиной;189;7.6;6.3;25.5;0;;
ПРОДУКТ;Чиабатта зерновая;398;7.5;3.8;53.9;0;;
ПРОДУКТ;Чиабатта из Каменной Печи;227.6;7.2;3.6;41.6;0;;
ПРОДУКТ;Чиабатта с ветчиной и горчичным соусом;231;7;13;20;0;;
ПРОДУКТ;Чиабатта с индейкой су-вид и горчичным соусом;302.5;15.9;13.3;29.8;0;;
ПРОДУКТ;Чиабатта с копчёной индейкой;189.3;7.1;14.1;8.5;0;;
ПРОДУКТ;Чиабатта с куриным филе;231;13;8;28;0;;
ПРОДУКТ;Чиабатта с куриным филе и соусом Песто;344.9;15;19.7;26.9;0;;
ПРОДУКТ;Чиабатта с курицей;203.9;13.9;6.6;22.2;0;;
ПРОДУКТ;Чизбраун С Сыром Моцарелла;221;8;14;15;0;;
ПРОДУКТ;Чизбургер Де Люкс;227;14.5;8.3;23.7;0;;
ПРОДУКТ;Чизбургер С Говяжьей Котлетой И Плавленным Сыром;264;9.4;14.3;24.3;0;;
ПРОДУКТ;Чизкейк;390;4.58;21.39;44.8;0;;
ПРОДУКТ;Чизкейк «Нью-Йорк;306;6.2;14.8;37;0;;
ПРОДУКТ;Чизкейк Классический;287.7;6.2;21.6;17;0;;
ПРОДУКТ;Чизкейк Черное Печенье;340;4.7;17.9;38.9;0;;
ПРОДУКТ;Чизкейк без сахара;330;6.5;27;15;0;;
ПРОДУКТ;Чизкейк с пряником;255.5;5.6;18.2;17.3;0;;
ПРОДУКТ;Чизкейк с соленой карамелью без добавления сахара;180;6;13;9;0;;
ПРОДУКТ;Чикен Карри С Рисом Басмати;142;7.5;5;16.7;0;;
ПРОДУКТ;Чикен Макнаггетс McDonalds;45.97;2.8;2.3;3.2;0;;
ПРОДУКТ;Чилз анимейшн;35;0;0;8.5;0;;
ПРОДУКТ;Чили кайенский;330;12;17;32;0;;
ПРОДУКТ;Чили паста;74.54;2.5;0.3;15;0;;
ПРОДУКТ;Чимичурри;150;1;1;35;0;;
ПРОДУКТ;Чип семена черные;462;17.5;29.6;33.4;0;;
ПРОДУКТ;Чипетке;252.86;7.9;1.4;50.6;0;;
ПРОДУКТ;Чипс С Маслиново Масло;427;7.1;11.4;69.4;0;;
ПРОДУКТ;Чипси;517;6.7;30;52;0;;
ПРОДУКТ;Чипсы;530;5;31.3;56.3;0;;
ПРОДУКТ;Чипсы 1916, Гитлер со вкусом хлора;1;1;1;100;0;;
ПРОДУКТ;Чипсы 3D со вкусом куриных крылышек;490;7.3;28;53;0;;
ПРОДУКТ;"Чипсы ;Малосольные огурчики с укропом";520;6;31;53;0;;
ПРОДУКТ;Чипсы CHIPS «Сметана и лук;510;6;31;51;0;;
ПРОДУКТ;Чипсы CRUNCHIPS X-CUT чакалака «вкус Африки;513.6;5.5;31;51;0;;
ПРОДУКТ;Чипсы Crunchips Чакалака;514;5.5;31;51;0;;
ПРОДУКТ;Чипсы Don Nachos кукурузные оригинальные;511.05;7;25;61;0;;
ПРОДУКТ;Чипсы Dr. Diesel;520;6;32;53;0;;
ПРОДУКТ;Чипсы Estrella деревенская сметана и лук;529.37;5.2;30.9;53.9;0;;
ПРОДУКТ;Чипсы Estrella душистый укроп;531.34;5.2;31.2;53.7;0;;
ПРОДУКТ;Чипсы Estrella нежный сыр;533.3;4.9;31.5;53.8;0;;
ПРОДУКТ;Чипсы Estrella сметана и нежный сыр;531.97;4.9;31.4;53.7;0;;
ПРОДУКТ;Чипсы Lays Max сметана и лук;520.6;6;30;53;0;;
ПРОДУКТ;Чипсы Lays Max сметана и сыр;522.65;6.5;30;53;0;;
ПРОДУКТ;Чипсы Lays бекон;522.65;6.5;30;53;0;;
ПРОДУКТ;Чипсы Lays белые грибы со сметаной;530.98;6;32;51;0;;
ПРОДУКТ;Чипсы Lays зелёный лук;522.65;6.5;30;53;0;;
ПРОДУКТ;Чипсы Lays краб;522.65;6.5;30;53;0;;
ПРОДУКТ;Чипсы Lays красная икра;524.7;7;30;53;0;;
ПРОДУКТ;Чипсы Lays малосольные огурчики с укропом;531.94;6.5;31;53;0;;
ПРОДУКТ;Чипсы Lays с солью;525.79;6;31;52;0;;
ПРОДУКТ;Чипсы Lays сметана и зелень;520.6;6;30;53;0;;
ПРОДУКТ;Чипсы Lays сыр;522.65;6.5;30;53;0;;
ПРОДУКТ;Чипсы Lays шашлык;530.98;6;32;51;0;;
ПРОДУКТ;Чипсы Pringles барбекю;542.04;4.9;35;48;0;;
ПРОДУКТ;Чипсы Pringles копчёный бекон;537.67;5.1;34;49;0;;
ПРОДУКТ;Чипсы Pringles оригинальные;552.15;4.1;36;49;0;;
ПРОДУКТ;Чипсы Pringles паприка;529.88;3.2;34;49;0;;
ПРОДУКТ;Чипсы Pringles сметана и лук;536.85;3.9;34;50;0;;
ПРОДУКТ;Чипсы Pringles сыр и лук;537.67;4.1;34;50;0;;
ПРОДУКТ;Чипсы Pringles сырный сыр;542.45;5;35;48;0;;
ПРОДУКТ;Чипсы lay's рифлённые Сметана и лук;530;6;32;53;0;;
ПРОДУКТ;Чипсы «Из Печи. Мусс из лосося и авокадо» смотка;450;6;16;69;0;;
ПРОДУКТ;Чипсы «Лангустины в пикантном соусе;540;6;32;54;0;;
ПРОДУКТ;Чипсы «Лук И Сметана;550;5.5;37;48;0;;
ПРОДУКТ;Чипсы «Острая креветка васаби;540;6;32;54;0;;
ПРОДУКТ;Чипсы «Тако с сальсой;520;6;32;53;0;;
ПРОДУКТ;Чипсы «шашлык и жареный лук;533;6.5;32;53;0;;
ПРОДУКТ;Чипсы Белые Грибы В Сливочном Соусе;570;5.5;40;46;0;;
ПРОДУКТ;Чипсы Джерикатесы;231;42;7;0;0;;
ПРОДУКТ;Чипсы Зеленый Лук;557;7.4;33;54.6;0;;
ПРОДУКТ;Чипсы Из Батата С Трюфелем И Пармезаном;502.4;3.7;22.8;70.6;0;;
ПРОДУКТ;Чипсы Из Батата Со Вкусом Стейка С Чёрным Перцем;534;7.8;30;58.1;0;;
ПРОДУКТ;Чипсы Из Картофеля Со Вкусом Сметаны И Лука;510;6;31;51;0;;
ПРОДУКТ;Чипсы Из Кролика;389;61;13;7;0;;
ПРОДУКТ;Чипсы Из Куриного Филе Сыровяленые;315;70.4;3.4;0.7;0;;
ПРОДУКТ;Чипсы Из Ламинарии С Луком;548.7;18.6;36.5;35.2;0;;
ПРОДУКТ;Чипсы Из Мяса Птицы;332;55;12;1;0;;
ПРОДУКТ;Чипсы Картофельные Extremum Со Вкусом Тайского Перца;510;7;30;53;0;;
ПРОДУКТ;Чипсы Картофельные Белорусские;530;6;29;60;0;;
ПРОДУКТ;Чипсы Картофельные Белорусские С Луком;490;4.5;30;51;0;;
ПРОДУКТ;Чипсы Картофельные Белорусские С Укропом;490;4.5;30;51;0;;
ПРОДУКТ;Чипсы Картофельные Вкус Сыр;550;5.5;37;48;0;;
ПРОДУКТ;Чипсы Картофельные Со Вкусом Холодца С Хреном;510;7;30;53;0;;
ПРОДУКТ;Чипсы Корнерсы Сметана И Зелень;350;6;8;65;0;;
ПРОДУКТ;Чипсы Король И Шут Грибы;550;5.5;37;48;0;;
ПРОДУКТ;Чипсы Краб;498;9;22;66;0;;
ПРОДУКТ;Чипсы Красная Икра;530;6;31;54;0;;
ПРОДУКТ;Чипсы Куриные Про Белок;278.7;59.3;4.3;0.7;0;;
ПРОДУКТ;Чипсы Куриные С Перцем;252;49;4;5;0;;
ПРОДУКТ;Чипсы Лейз со вкусом сметаны и зелени;520;6;32;53;0;;
ПРОДУКТ;Чипсы Лук И Сметана;550;5.5;37;48;0;;
ПРОДУКТ;Чипсы Лэйс;153;3.3;9;3.3;0;;
ПРОДУКТ;Чипсы Мясные Из Курицы Классические;110;23.1;1.2;0;0;;
ПРОДУКТ;Чипсы Мясные Из Курицы С Перцем Чили;110;23.1;1.2;0;0;;
ПРОДУКТ;Чипсы Мясные Из Курицы С Соусом Терияки;110;23.1;1.2;0;0;;
ПРОДУКТ;Чипсы Мясные Из Свинины С Перцем Чили;271;27.34;17.04;0;0;;
ПРОДУКТ;Чипсы Начос со вкусом сладкого тайского перца;500;7;25;61;0;;
ПРОДУКТ;Чипсы Нежный Сыр С Трюфелем;535;6.5;32;53;0;;
ПРОДУКТ;Чипсы Нутовые Нутсы Сыр Чеддер;347;12.8;7.6;60.2;0;;
ПРОДУКТ;Чипсы Олимпия;504;6;31;53;0;;
ПРОДУКТ;Чипсы Пармезан Чеснок;504;5.5;30;53;0;;
ПРОДУКТ;Чипсы Протеиновые;402;70.3;13.5;0;0;;
ПРОДУКТ;Чипсы Пшеничный Рёбрышки На Гриле;390;7;18;50;0;;
ПРОДУКТ;Чипсы Рисовые Томат С Зеленью;336.9;6.7;1.7;73.7;0;;
ПРОДУКТ;Чипсы Рифлёные Колбаски Братвурст По-Немецки;530;6;32;54;0;;
ПРОДУКТ;Чипсы Рифлёные Пряная Креветка;530;6;32;53;0;;
ПРОДУКТ;Чипсы С Вкусом Паприки;494;4.3;25.5;62.5;0;;
ПРОДУКТ;Чипсы С Колбасками И Горчицей;550;5.5;37;48;0;;
ПРОДУКТ;Чипсы С Колбасками гриль;500;5.5;30;53;0;;
ПРОДУКТ;Чипсы С Крабом;550;5.5;37;48;0;;
ПРОДУКТ;Чипсы С Лисичками Из Печи;450;6;16;68;0;;
ПРОДУКТ;Чипсы С Паприкой;504;5.5;30;53;0;;
ПРОДУКТ;Чипсы С Пармезаном;570;5.5;40;46;0;;
ПРОДУКТ;Чипсы С Сметаной И Луком;440;5.5;25;48;0;;
ПРОДУКТ;Чипсы С Солью;551;6;33.5;56.4;0;;
ПРОДУКТ;Чипсы С Сыром;541.4;5.5;33;55.6;0;;
ПРОДУКТ;Чипсы Салями Из Курицы;332;55;12;1;0;;
ПРОДУКТ;Чипсы Сметана И Сыр;510;7;30;53;0;;
ПРОДУКТ;Чипсы Со Вкусом Перец С Солью;520;3.9;30;57;0;;
ПРОДУКТ;Чипсы Со Вкусом Соуса Харисса;508.2;5.5;25.8;63.5;0;;
ПРОДУКТ;Чипсы Соломка Острая Паприка;555.4;5.6;34.6;55.4;0;;
ПРОДУКТ;Чипсы Сыр С Плесенью;504;5.5;30;53;0;;
ПРОДУКТ;Чипсы Тайский Карри;498.4;5.6;23.2;66.8;0;;
ПРОДУКТ;Чипсы Том Ям;547;6.3;33;56.2;0;;
ПРОДУКТ;Чипсы Четыре Сыра;495.2;7.1;24.8;60.9;0;;
ПРОДУКТ;Чипсы банановые;529.44;2.3;33.6;50.7;0;;
ПРОДУКТ;Чипсы из батата с томатом и паприкой;444;3.7;16.8;69.5;0;;
ПРОДУКТ;Чипсы из индейки «Про белок;309.6;66.8;4.4;0.7;0;;
ПРОДУКТ;Чипсы из корнеплодов;503;5.6;37;30;0;;
ПРОДУКТ;Чипсы из ламинарии с паприкой;488.9;15.6;34.1;28.6;0;;
ПРОДУКТ;Чипсы из ламинарии со свеклой;323;10;25;10;0;;
ПРОДУКТ;Чипсы из натурального картофеля Lay's рифленые со вкусом Рождественская утка;530;6;32;53;0;;
ПРОДУКТ;Чипсы из натурального картофеля со вкусом «Ребрышки гриль;520;6;32;53;0;;
ПРОДУКТ;Чипсы из натурального картофеля со вкусом сметаны и зелени;550;5.5;37;48;0;;
ПРОДУКТ;Чипсы из натурального картофеля со вкусом трюфельного соуса;520;3.9;30;57;0;;
ПРОДУКТ;Чипсы из сырого картофеля со вкусом сметана и лук;520;3.9;30;57;0;;
ПРОДУКТ;Чипсы картофельные;518.55;5.5;30;53;0;;
ПРОДУКТ;Чипсы картофельные Naturals классические с солью;527;5.2;34;48;0;;
ПРОДУКТ;Чипсы картофельные Naturals с белыми грибами;522;5.3;33;49;0;;
ПРОДУКТ;Чипсы картофельные Naturals с паприкой;517;5.4;32;50;0;;
ПРОДУКТ;Чипсы картофельные Naturals с пармезаном;514;5.5;32;49;0;;
ПРОДУКТ;Чипсы картофельные Naturals с чесноком и зеленью;514;5.4;32;48;0;;
ПРОДУКТ;Чипсы картофельные «Naturals» с морской солью и перцем;514;5.4;32;49;0;;
ПРОДУКТ;Чипсы картофельные Классические;501;6.9;27;55;0;;
ПРОДУКТ;Чипсы картофельные Соломка с солью;509;5.6;30;52;0;;
ПРОДУКТ;Чипсы картофельные рифлёные со вкусом «Барбекю;508.2;5.5;25.8;63.5;0;;
ПРОДУКТ;Чипсы картофельные рифлёные со вкусом лисичек в сметане;522;5.9;33;51;0;;
ПРОДУКТ;Чипсы картофельные с морской солью, розовым и чёрным перцем;576;5.5;38;53;0;;
ПРОДУКТ;Чипсы картофельные со вкусом бекона;530;6;32;53;0;;
ПРОДУКТ;Чипсы картофельные со вкусом грибов;510.7;6.9;28.7;56.2;0;;
ПРОДУКТ;Чипсы картофельные со вкусом сыра;440;5.5;25;48;0;;
ПРОДУКТ;Чипсы кокосовые;582.77;5.9;35.5;55.8;0;;
ПРОДУКТ;Чипсы кукурузные «Начос» оригинальные;497.13;7;25;61;0;;
ПРОДУКТ;Чипсы кукурузные «Начос» с кусочками оливок и паприкой;470;8;23;60;0;;
ПРОДУКТ;Чипсы кукурузные «Начос» с томатом и паприкой;512.4;7.1;26.8;60.7;0;;
ПРОДУКТ;Чипсы мира;490;4.5;30;51;0;;
ПРОДУКТ;Чипсы нори;518.35;24.9;23.8;47.6;0;;
ПРОДУКТ;Чипсы нори Четыре сыра;590;27;43;23;0;;
ПРОДУКТ;Чипсы нори оригинальные;560;19;38;35;0;;
ПРОДУКТ;Чипсы нори со вкусом кимчи;590;27;43;23;0;;
ПРОДУКТ;Чипсы нутовые;418.2;13.1;15.4;56.8;0;;
ПРОДУКТ;Чипсы нутовые Нутсы сметана и зелень;395;13;15;52;0;;
ПРОДУКТ;Чипсы нутовые Нутсы со вкусом Грибы;379.7;12.7;7.7;64.9;0;;
ПРОДУКТ;Чипсы нутовые Нутсы со вкусом Сметана и зелень;418;13.1;15.4;56.8;0;;
ПРОДУКТ;Чипсы нутовые Нутсы со вкусом Сыр Чеддер;368;13;8;61;0;;
ПРОДУКТ;Чипсы нутовые из нутовой муки;480;12.8;17.8;67.1;0;;
ПРОДУКТ;Чипсы паприка рифлёные;530;6.5;32;53;0;;
ПРОДУКТ;Чипсы пшенично-картофельные запечённые со вкусом сметаны и лука;494;8.1;23.3;60.7;0;;
ПРОДУКТ;Чипсы рисовые Baked CHIPS «Лук порей;410;34;14;34;0;;
ПРОДУКТ;Чипсы рисовые Baked CHIPS «Прованские Травы;420;33;15;33;0;;
ПРОДУКТ;Чипсы рисовые Baked Chips «Паприка и томаты;410;31;16;31;0;;
ПРОДУКТ;Чипсы с копчёным лососем;535.6;6.4;34;51;0;;
ПРОДУКТ;Чипсы с морской капустой кукурузные;544;6.57;31.43;58.57;0;;
ПРОДУКТ;Чипсы со вкусом маринованных томатов;550;5.5;37;48;0;;
ПРОДУКТ;Чипсы со вкусом мраморный стейк;520;6;32;53;0;;
ПРОДУКТ;Чипсы со вкусом сметаны и зелени;510;6;30;53;0;;
ПРОДУКТ;Чипсы со вкусом сметаны и лука;510;6;30;53;0;;
ПРОДУКТ;Чипсы со вкусом соуса песто;498;7.4;26;56;0;;
ПРОДУКТ;Чипсы со вкусом тайского соуса;510;0.5;35;47;0;;
ПРОДУКТ;Чипсы со вкусом халапеньо и сыра;460;5.5;23;58;0;;
ПРОДУКТ;Чипсы фруктовые;333.33;3.2;0;78.1;0;;
ПРОДУКТ;Чипсы цельнозерновые «Томат и базилик;306;8;2;62;0;;
ПРОДУКТ;Чипсы цельнозерновые кукурузно-рисовые с сыром;404;8;10;70;0;;
ПРОДУКТ;Чипсы экструдированные Curvies Paprika;491;4.7;24;61;0;;
ПРОДУКТ;Чипсы яблочные;251.85;2.2;0.1;59;0;;
ПРОДУКТ;Чир (щокур;90.33;17.5;2;0;0;;
ПРОДУКТ;Чисы из вакаме с бананом;566.8;19;33.2;48;0;;
ПРОДУКТ;Чокопай;443;4;16.1;70.5;0;;
ПРОДУКТ;Чорний чай Біола;28;0.02;0;6.8;0;;
ПРОДУКТ;Чудно Верея Прясно Мляко 1,7;48.42;3.3;1.7;4.7;0;;
ПРОДУКТ;Чудо Йогурт - персик маракуйя;94;3.1;2;16;0;;
ПРОДУКТ;Чудо йогур вкус земляника-клубника;84;2.8;1.9;13.9;0;;
ПРОДУКТ;Чудо йогурт;89;2.8;2.4;14;0;;
ПРОДУКТ;Чудо йогурт вкус черник-малина;93.2;2.8;2.4;15.1;0;;
ПРОДУКТ;Чудо йогурт груша в карамели с пломбиром;85;2.8;1.9;14.1;0;;
ПРОДУКТ;Чудо клубника земляника большая бутылка;84;2.8;1.9;13.9;0;;
ПРОДУКТ;Чудо коктейль 0.2л;71;2.8;2;10;0;;
ПРОДУКТ;Чудо пит. Банан - клубника - манго;85;2.8;1.9;14.2;0;;
ПРОДУКТ;Чука;190;2.4;15.6;9.6;0;;
ПРОДУКТ;Чука С Кунжутным Маслом;120;1;10;7;0;;
ПРОДУКТ;Чукучан;89.84;16.7;2.3;0;0;;
ПРОДУКТ;Чупа-чупа (Матизия сердечная;67.16;0.5;0.3;15.2;0;;
ПРОДУКТ;Чурчхела;418.15;5;15;63;0;;
ПРОДУКТ;Чурчхелла Грецкий орех;402.8;7.7;16;57;0;;
ПРОДУКТ;Чёрные оливки без косточек;131;0.9;13;0.1;0;;
ПРОДУКТ;Чёрный Хлеб С Арахисом;266;8.1;4.2;52.2;0;;
ПРОДУКТ;Чёрный тмин мука;412;35;12;41;0;;
ПРОДУКТ;ШАМПИНЬОНЫ РЕЗАНЫЕ СТЕРИЛИЗОВАННЫЕ КОНСЕРВИРОВАННЫЕ;27.6;2.4;0;4.5;0;;
ПРОДУКТ;ШНИЦЕЛЬ ИЗ КУРИНОЙ ГРУДКИ С ПЮРЕ;165;9;9.1;11.5;0;;
ПРОДУКТ;ШОКОЛАД БІЛИЙ З ПІДСОЛОДЖУВАЧЕМ, ЧАЄМ МАТЧА ТА СУБЛІМОВАНИМИ КУЛЬКАМИ МАНГО;532.11;8.2;32;54.8;0;;
ПРОДУКТ;Шаверма На Тарелке;122;4.6;5.3;13;0;;
ПРОДУКТ;Шакшука;117;2.5;5.7;13.9;0;;
ПРОДУКТ;Шакшука По Турецки С Нутом;58;1.9;2;8.1;0;;
ПРОДУКТ;Шалфей;51.69;3.7;0.4;8;0;;
ПРОДУКТ;Шалфей сушеный;246.01;10.6;12.8;20.4;0;;
ПРОДУКТ;Шампанское;21.32;0.2;0;5;0;;
ПРОДУКТ;Шампанское Вдова Клико;1.23;0.1;0;0.2;0;;
ПРОДУКТ;Шампанское Дом Периньон;21.32;0.2;0;5;0;;
ПРОДУКТ;Шампиньоны;36;4.3;0;4.7;0;;
ПРОДУКТ;Шампиньоны 4 сезона нарезанные;28.15;4.5;1;0.1;0;;
ПРОДУКТ;Шампиньоны Hortex резаные;16.43;2.6;0.4;0.5;0;;
ПРОДУКТ;Шампиньоны Hortex целые;16.43;2.6;0.4;0.5;0;;
ПРОДУКТ;Шампиньоны Бондюэль резаные;16.12;2.3;0.5;0.5;0;;
ПРОДУКТ;Шампиньоны Бондюэль резаные замороженные;25.01;2.4;0;3.7;0;;
ПРОДУКТ;Шампиньоны Бондюэль целые;16.12;2.3;0.5;0.5;0;;
ПРОДУКТ;Шампиньоны Каждый день резаные;27.33;4.3;1;0.1;0;;
ПРОДУКТ;Шампиньоны консервированные;12.11;1.6;0.2;0.9;0;;
ПРОДУКТ;Шампиньоны маринованные;35;2.5;0.6;5.1;0;;
ПРОДУКТ;Шампиньоны резаные быстрозамороженные;21.6;2.2;1.2;0.5;0;;
ПРОДУКТ;Шампиньоны с Горяицей и Паприкой, Консервированные;32.5;2.5;0.5;4.5;0;;
ПРОДУКТ;Шампиньоны свежие;27.33;4.3;1;0.1;0;;
ПРОДУКТ;Шаньги;280.52;5.9;9.1;41.9;0;;
ПРОДУКТ;Шарики;378.7;6.3;11.9;61.6;0;;
ПРОДУКТ;Шарики И Звёздочки Медовые;380;7.1;1.3;82.7;0;;
ПРОДУКТ;Шарики Из Цыплят В Панировке;240;15;16;9.5;0;;
ПРОДУКТ;Шарики Хрутка Duo;376;8.82;4.4;70.5;0;;
ПРОДУКТ;Шарики глазированные шоколадным сиропом;370;7.3;3;78.1;0;;
ПРОДУКТ;Шарики и подушечки. Готовый шоколадный завтрак;378;8.6;9.4;64.6;0;;
ПРОДУКТ;Шарики из злаков с шоколадом;390;6;3.5;84;0;;
ПРОДУКТ;Шарики шоколадные;373;8.3;1.7;77.8;0;;
ПРОДУКТ;Шарлиз печенье сдобное;370;3;8;71;0;;
ПРОДУКТ;Шарлотка;252;4.8;2.4;52.8;0;;
ПРОДУКТ;Шатобриан Категории А;128;18.5;6;0;0;;
ПРОДУКТ;Шаурма «По-Мексикански;231.8;10.4;10.2;24.5;0;;
ПРОДУКТ;Шаурма Классическая;277.8;9.9;17;21.3;0;;
ПРОДУКТ;Шаурма С Курицей И Печеным Картофелем;231.1;9.2;9.9;26.3;0;;
ПРОДУКТ;Шаурма С Курицей Классическая;170;6.37;8.98;16.3;0;;
ПРОДУКТ;Шаурма Со Свининой И Овощами;230;7;14;18;0;;
ПРОДУКТ;Шаурма грузинская;252.1;17.7;12.1;18.1;0;;
ПРОДУКТ;Шаурма с копченой курицой жареной;239;6.2;11.7;25.7;0;;
ПРОДУКТ;Шаурма с курицей;230.9;7.8;12.9;20.9;0;;
ПРОДУКТ;Шаурма с курицей и луком фри;266.6;17.6;14.2;17.1;0;;
ПРОДУКТ;Шаурма с курицей и соусом Бургер;91.74;10.7;10.5;20.1;0;;
ПРОДУКТ;Шаурма с курицей оригинальная;203.1;6.3;11.9;17.7;0;;
ПРОДУКТ;Шафран;369.69;11.4;5.9;65.4;0;;
ПРОДУКТ;Шафран имеретинский (бархатцы;352.36;11.4;5.8;61.4;0;;
ПРОДУКТ;Шахматное печенье;393;8;11;65.4;0;;
ПРОДУКТ;Шашлык Из Филе Грудки Куриной;104.6;17.9;3.1;1.3;0;;
ПРОДУКТ;Шашлык Из Цыпленка На Гриле;330.1;19.9;26.1;3.9;0;;
ПРОДУКТ;Шашлык Куриный;126;19.3;5.3;0.3;0;;
ПРОДУКТ;Шашлык С Кетчупом;380;10;10;63;0;;
ПРОДУКТ;Шашлык из бедра индейки;130;16;7;0.1;0;;
ПРОДУКТ;Шашлык из свинины в кефирном маринаде;239.2;12.5;20.3;1.5;0;;
ПРОДУКТ;Шашлык куриный с картофелем;191;12;10;14;0;;
ПРОДУКТ;Шашлычный Кетчуп С Натуральными Специами;100;0;0;20;0;;
ПРОДУКТ;Шашлычный кетчуп;110;1;0;26;0;;
ПРОДУКТ;Шашлычок из куриной грудки с пряностями;146.7;24.4;2.3;7.1;0;;
ПРОДУКТ;Швейцарский бисквитный рулет черничный;370;5;13;58;0;;
ПРОДУКТ;Швепс Индиан Тоник Уотер;37;0;0;9;0;;
ПРОДУКТ;Шевченко 9 Lay's Maxx Двойной Гамбургер;530;6;32;53;0;;
ПРОДУКТ;Шелковица;58.63;0.7;0;13.6;0;;
ПРОДУКТ;Шелковица сушеная;381.98;10;2.5;77.5;0;;
ПРОДУКТ;Шемая;90.33;17.5;2;0;0;;
ПРОДУКТ;Шефбургер С Морковью По-корейски;244;15;11;21.2;0;;
ПРОДУКТ;Шефбургер Сальса;211;12.9;6.6;25.1;0;;
ПРОДУКТ;Шефердия серебристая;19.08;0.5;0.2;3.7;0;;
ПРОДУКТ;Шефролл острый;240;12.1;10.8;23.7;0;;
ПРОДУКТ;Шиитаке свежие;41.54;2.2;0.5;6.8;0;;
ПРОДУКТ;Шиитаке сушеные;339.07;19.3;0;63.4;0;;
ПРОДУКТ;Шин рамен;436;8.4;14;69;0;;
ПРОДУКТ;Шиновское молоко питьевое 2,5;52;2.82;2.5;4.73;0;;
ПРОДУКТ;Шип;168.5;16.4;10.9;0;0;;
ПРОДУКТ;Шиповник;63.96;1.6;0;14;0;;
ПРОДУКТ;Шиповник сушёный;102.09;3.4;0;21.5;0;;
ПРОДУКТ;Шиповника растворимый;280;4;0.2;66;0;;
ПРОДУКТ;Шиповниковый сок;72.57;0.1;0;17.6;0;;
ПРОДУКТ;Широми фурай;111.75;7.5;5.1;8.2;0;;
ПРОДУКТ;Шнапс;16.4;0;0;4;0;;
ПРОДУКТ;Шнитт-лук;27.82;3.3;0.7;1.9;0;;
ПРОДУКТ;Шницель;130;22;1.5;6.5;0;;
ПРОДУКТ;Шницель Из Мяса Цыплят Бройлеров;141.5;15;3.5;12.5;0;;
ПРОДУКТ;Шницель Куриный С Картофельным Пюре;180;8.5;9.5;15;0;;
ПРОДУКТ;Шницель Куриный с Макаронами;160;9.2;2.3;25.1;0;;
ПРОДУКТ;Шницель из куриного филе;232;18.5;12;12.5;0;;
ПРОДУКТ;Шницель из курицы со спагетти и кетчупом;165;9.2;5.4;20;0;;
ПРОДУКТ;Шницель из свинины;220;17;15;0;0;;
ПРОДУКТ;Шницель куриный;200;14;13;8;0;;
ПРОДУКТ;Шницель куриный в панировке жаренный;207;19.7;3;4;0;;
ПРОДУКТ;Шницель куриный в сырной панировке с макаронами;267.6;12.7;12.8;25.4;0;;
ПРОДУКТ;Шницель куриный в сырнрй панировке с макаронами;195.5;11.7;7.5;20.3;0;;
ПРОДУКТ;Шницель куриный в яйце;171.4;19;8.2;7.5;0;;
ПРОДУКТ;Шницель куриный в яйце с картофельнм пюре;153.4;7.2;9;10.9;0;;
ПРОДУКТ;Шницель куриный с рисом и овощами;504;24;22.1;53.1;0;;
ПРОДУКТ;Шницель по-министерски с рисом и овощами;133;7.67;4.33;15.7;0;;
ПРОДУКТ;Шницель растительный;161.6;9;4.8;20.6;0;;
ПРОДУКТ;Шницель рубленый;243.5;11;19.5;6;0;;
ПРОДУКТ;Шницель рубленый охлажденный;243.5;11;19.5;6;0;;
ПРОДУКТ;Шницель с картофельным пюре;190;8;9.5;17;0;;
ПРОДУКТ;Шоко Лешник Крем;605;11.49;43;42;0;;
ПРОДУКТ;Шоко вафла кокос;540;6.4;31;56;0;;
ПРОДУКТ;Шокобат;450;8;20;59;0;;
ПРОДУКТ;Шоколад;581.73;5.4;35.3;56.5;0;;
ПРОДУКТ;Шоколад 56% черный Special Roshen;547;5.8;36.2;45.1;0;;
ПРОДУКТ;Шоколад 75;520;11;36;32;0;;
ПРОДУКТ;Шоколад Alpen Gold Апельсин и Бренди;528.4;5.7;28.5;58.6;0;;
ПРОДУКТ;Шоколад Alpen Gold Арахис и Кукурузные хлопья;530.8;7;27.7;59.7;0;;
ПРОДУКТ;Шоколад Alpen Gold Капучино;551.45;5.4;31.6;57.5;0;;
ПРОДУКТ;Шоколад Alpen Gold Клубника с Йогуртом;566.23;4.8;33.5;57.4;0;;
ПРОДУКТ;Шоколад Alpen Gold Миндаль и кокос;559.51;6.3;32.6;56.3;0;;
ПРОДУКТ;Шоколад Alpen Gold Молочный;534.3;5.7;27.9;61.4;0;;
ПРОДУКТ;Шоколад Alpen Gold Печенье и Изюм;513.32;5.6;25.2;62.5;0;;
ПРОДУКТ;Шоколад Alpen Gold Солёный арахис и крекер;518.28;7.7;29;53;0;;
ПРОДУКТ;Шоколад Alpen Gold Темный;528.8;5.7;28.5;58.7;0;;
ПРОДУКТ;Шоколад Alpen Gold Трюфель;559.67;5.3;33.5;55.3;0;;
ПРОДУКТ;Шоколад Alpen Gold Фундук;545.12;6.4;30.3;57.9;0;;
ПРОДУКТ;Шоколад Alpen Gold Фундук и Изюм;502.77;5.7;25.3;59.6;0;;
ПРОДУКТ;Шоколад Alpen Gold Фундук и Хрустящая Вафля;537.65;6.8;30.6;55;0;;
ПРОДУКТ;Шоколад Alpen Gold Черника с Йогуртом;567.27;4.8;33.7;57.2;0;;
ПРОДУКТ;Шоколад Bounty;481.91;3.9;24.6;57.9;0;;
ПРОДУКТ;Шоколад Bounty Trio;481.91;3.9;24.6;57.9;0;;
ПРОДУКТ;Шоколад Bounty Райский Ананас;492.84;3.2;25.6;59;0;;
ПРОДУКТ;Шоколад Bounty Райское Манго;493.14;3;25.5;59.5;0;;
ПРОДУКТ;Шоколад Hershey’s Cookies’n’Creme;537.83;8;27;62;0;;
ПРОДУКТ;Шоколад Kinder;577.38;8.7;34.7;53.5;0;;
ПРОДУКТ;Шоколад Kinder Bueno;584.12;9.3;37.5;48.2;0;;
ПРОДУКТ;Шоколад Kinder сюрприз;558.2;8.6;32.9;53;0;;
ПРОДУКТ;Шоколад KitKat;538.32;6.3;28.2;61.1;0;;
ПРОДУКТ;Шоколад KitKat King Size;545.97;6.1;29.2;60.9;0;;
ПРОДУКТ;Шоколад KitKat Вкус Super Хруст;545.97;6.1;29.2;60.9;0;;
ПРОДУКТ;Шоколад Legende de L'or Dark;577;10.5;46.3;29.5;0;;
ПРОДУКТ;Шоколад Lindt Excellence 85% какао;550.34;11;46;19;0;;
ПРОДУКТ;Шоколад Lindt Excellence 99% какао;541.31;13;49;8;0;;
ПРОДУКТ;Шоколад M&M's с арахисом;539.64;9.6;26.4;62.2;0;;
ПРОДУКТ;Шоколад M&M's с шоколадом;507.98;4.9;20.3;73;0;;
ПРОДУКТ;Шоколад M&M's со вкусом лесного ореха;493.27;5;19.6;70.9;0;;
ПРОДУКТ;Шоколад M&M's со вкусом малины;486.47;4.3;19;71.3;0;;
ПРОДУКТ;Шоколад Mars;465.92;4.4;18.2;68;0;;
ПРОДУКТ;Шоколад Mars Max;464.99;4.4;18.1;68;0;;
ПРОДУКТ;Шоколад Milka молочный;547.52;5.7;31;57.6;0;;
ПРОДУКТ;Шоколад Milka с ореховой пастой из фундука;572;5.56;36.7;53.3;0;;
ПРОДУКТ;Шоколад Milka с фундуком;560;6.6;33.8;53.4;0;;
ПРОДУКТ;Шоколад Milka с фундуком и изюмом;505.22;5.6;26.8;56.9;0;;
ПРОДУКТ;Шоколад Milka с цельным фундуком;570.73;7.5;36.5;49;0;;
ПРОДУКТ;Шоколад MilkyWay;464.8;3.6;16.8;71.7;0;;
ПРОДУКТ;Шоколад MilkyWay 1+1;464.39;3.5;16.8;71.7;0;;
ПРОДУКТ;Шоколад MilkyWay Crispy Rolls;528.98;7.1;26.4;62.1;0;;
ПРОДУКТ;Шоколад MilkyWay Клубничный коктейль;463.98;3.5;16.8;71.6;0;;
ПРОДУКТ;Шоколад Millennium Gold чёрный с цельным миндалём;566;8.7;39.7;39.8;0;;
ПРОДУКТ;Шоколад Millennium Golden nut молочний;563;8.6;36.7;48.5;0;;
ПРОДУКТ;Шоколад Nestle After Eight;434.2;2.5;12.8;74.4;0;;
ПРОДУКТ;Шоколад Nestle Nesquik;498.46;5.9;22.1;65.6;0;;
ПРОДУКТ;Шоколад Nestle for Men;569.84;7.5;33.8;54.9;0;;
ПРОДУКТ;Шоколад Nestle for Men с фундуком;570.33;8.6;36.5;47.8;0;;
ПРОДУКТ;Шоколад Nestle for Men с цельным миндалем;577.35;8.6;35.8;51.1;0;;
ПРОДУКТ;Шоколад Nue Bitter Chocolate Cocoa Bean;581.22;8;48;25;0;;
ПРОДУКТ;Шоколад Nue Milk Chocolate Gianduia;627.28;6.5;47;40;0;;
ПРОДУКТ;Шоколад Nuts Арахис;512.41;10.6;28.5;49.8;0;;
ПРОДУКТ;Шоколад Nuts Мегабайт;518.23;6.8;26.7;59.1;0;;
ПРОДУКТ;Шоколад Nuts Мегабайт новая нежная нуга;517;6.6;26.7;59;0;;
ПРОДУКТ;Шоколад Nuts Ореховый Тюнинг;517.3;6.8;26.6;59.1;0;;
ПРОДУКТ;Шоколад Picnic;529.95;7.4;28.8;56.6;0;;
ПРОДУКТ;Шоколад Picnic Мега;529.95;7.4;28.8;56.6;0;;
ПРОДУКТ;Шоколад Picnic Мега Грецкий орех;496.62;4.2;33.2;41.7;0;;
ПРОДУКТ;Шоколад Ritter Sport Schokowurfel;577.43;7;37;50;0;;
ПРОДУКТ;Шоколад Ritter Sport белый с цельным лесным орехом;600.27;8.4;39.9;47.6;0;;
ПРОДУКТ;Шоколад Ritter Sport горький с какао из Папуа Новая Гвинея;539.29;6.2;32.1;52.6;0;;
ПРОДУКТ;Шоколад Ritter Sport горький с нежным кремом ? la Mousse au Chocolat;550.81;6.6;35.9;46.4;0;;
ПРОДУКТ;Шоколад Ritter Sport горький с элитным какао из Эквадора;575.46;8.3;44.6;31;0;;
ПРОДУКТ;Шоколад Ritter Sport зимний Апельсин-Марципан;509.13;6;27;57;0;;
ПРОДУКТ;Шоколад Ritter Sport зимний Ванильный Рогалик;590.82;6;38;52;0;;
ПРОДУКТ;Шоколад Ritter Sport зимний Карамель-Миндаль;550.39;7;31;57;0;;
ПРОДУКТ;Шоколад Ritter Sport молочный Эспрессо;580.43;6;39;47.2;0;;
ПРОДУКТ;Шоколад Ritter Sport молочный с альпийским молоком;553.7;8.3;31.4;55.6;0;;
ПРОДУКТ;Шоколад Ritter Sport молочный с вишней Амарена;592.29;5;38.6;52;0;;
ПРОДУКТ;Шоколад Ritter Sport молочный с карамелью и орехом;577.4;7.5;36.6;50.4;0;;
ПРОДУКТ;Шоколад Ritter Sport молочный с клубникой в йогурте;590.9;6.3;37.7;52.4;0;;
ПРОДУКТ;Шоколад Ritter Sport молочный с кокосовой начинкой;606.39;7;41;48;0;;
ПРОДУКТ;Шоколад Ritter Sport молочный с кукурузными хлопьями;534.41;6.4;28;60.5;0;;
ПРОДУКТ;Шоколад Ritter Sport молочный с лесным орехом и калифорнийским изюмом;527.82;6.9;29.1;55.9;0;;
ПРОДУКТ;Шоколад Ritter Sport молочный с миндалем из Калифорнии;573.11;11;36.8;45.4;0;;
ПРОДУКТ;Шоколад Ritter Sport молочный с нежным йогуртом;588.06;8.7;38.1;48.4;0;;
ПРОДУКТ;Шоколад Ritter Sport молочный с нежным кремом Капучино;601.34;6.3;40.5;48.6;0;;
ПРОДУКТ;Шоколад Ritter Sport молочный с орехом, изюмом и ямайским ромом;538.69;7.3;30.8;54.3;0;;
ПРОДУКТ;Шоколад Ritter Sport молочный с печеньем;565.96;6;34;55;0;;
ПРОДУКТ;Шоколад Ritter Sport молочный с цельным лесным орехом;574.42;7;38;47;0;;
ПРОДУКТ;Шоколад Ritter Sport темный с благородным марципаном;514.08;7.5;27.4;55.8;0;;
ПРОДУКТ;Шоколад Ritter Sport темный с мятой;505.03;4;27;58;0;;
ПРОДУКТ;Шоколад Ritter Sport темный с цельным лесным орехом;575.59;8;38.7;44.7;0;;
ПРОДУКТ;Шоколад Roshen Брют 78% горький;542.97;10;43;25;0;;
ПРОДУКТ;Шоколад Snickers;521.18;9.3;27.9;54.6;0;;
ПРОДУКТ;Шоколад Snickers Mad Mix с семечками;547.79;9.4;32;51.7;0;;
ПРОДУКТ;Шоколад Snickers Super;520.66;9.6;27.8;54.4;0;;
ПРОДУКТ;Шоколад Snickers с лесным орехом;525.11;7.5;28.5;56;0;;
ПРОДУКТ;Шоколад Snickers с миндалем;520.55;8;27.7;56.2;0;;
ПРОДУКТ;Шоколад Snickers с семечками;546.02;8.8;31.5;53;0;;
ПРОДУКТ;Шоколад Twix;511.05;5;25;63;0;;
ПРОДУКТ;Шоколад Twix 'Xtra;510.12;4.8;24.9;63.2;0;;
ПРОДУКТ;Шоколад Twix Белый;515.37;4.9;25.2;63.7;0;;
ПРОДУКТ;Шоколад Twix Капучино;509.3;4.9;24.9;62.9;0;;
ПРОДУКТ;Шоколад Twix Кофе-Сливки;509.3;4.9;24.9;62.9;0;;
ПРОДУКТ;Шоколад Twix Шоколадный Мокко;509.3;4.9;24.9;62.9;0;;
ПРОДУКТ;Шоколад Wispa пористый молочный;553.09;7.3;31.6;56;0;;
ПРОДУКТ;Шоколад «Карамельный;541.4;7;31.8;56.8;0;;
ПРОДУКТ;Шоколад «особый» С Вафельной Крошкой;540;7.5;33;54;0;;
ПРОДУКТ;Шоколад Академия с фундуком;560;6.5;36;51;0;;
ПРОДУКТ;Шоколад Бабаевский Горький;559.12;8;36;46.8;0;;
ПРОДУКТ;Шоколад Бабаевский Горький с фундуком;604.77;7.8;42.9;42.5;0;;
ПРОДУКТ;Шоколад Бабаевский Горький с фундуком и изюмом;545.38;6.2;34.3;49.1;0;;
ПРОДУКТ;Шоколад Бабаевский Горький с целым миндалём;591.11;8.3;40.9;43.2;0;;
ПРОДУКТ;Шоколад Бабаевский Люкс;570.82;5.4;36.2;51.8;0;;
ПРОДУКТ;Шоколад Бабаевский Оригинальный;576.34;6.9;36;52.1;0;;
ПРОДУКТ;Шоколад Бабаевский Элитный 75;554.57;10.8;38.6;37;0;;
ПРОДУКТ;Шоколад Бабаевский с изюмом;528.22;6.6;30.6;52.9;0;;
ПРОДУКТ;Шоколад Бабаевский с кусочками вишни;543.28;5.8;30.5;57.6;0;;
ПРОДУКТ;Шоколад Бабаевский фирменный;549.71;7;36;47;0;;
ПРОДУКТ;Шоколад Бабаевский элитный 75 % какао;521.03;11;36;32;0;;
ПРОДУКТ;Шоколад Белый. Пористый;528;4.4;27;66;0;;
ПРОДУКТ;Шоколад Вдохновение классический;600.32;7.4;42.2;43.4;0;;
ПРОДУКТ;Шоколад Воздушный пористый белый с фундуком;563.61;5;32.6;58.6;0;;
ПРОДУКТ;Шоколад Воздушный пористый молочный;534.3;5.7;27.9;61.4;0;;
ПРОДУКТ;Шоколад Воздушный пористый тёмный;528.8;5.7;28.5;58.7;0;;
ПРОДУКТ;Шоколад Горький;607.4;8.4;49;33.2;0;;
ПРОДУКТ;Шоколад Горький С Имбирём И Лимоном;540;6.5;33;50;0;;
ПРОДУКТ;Шоколад Горький С Малиной И Дроблёным Фундуком;560;7.5;36;45;0;;
ПРОДУКТ;Шоколад Горький, 85;587.7;10.3;41.7;42.8;0;;
ПРОДУКТ;Шоколад Гранд блокко;505;6.1;29;50;0;;
ПРОДУКТ;Шоколад Капучино;108;3;8;4;0;;
ПРОДУКТ;Шоколад Коммунарка горький 68;578.4;8.4;40.9;40;0;;
ПРОДУКТ;Шоколад Коммунарка горький с начинкой с пюре из чёрной смородины;480;4;28;56;0;;
ПРОДУКТ;Шоколад Корона Экстра чёрный;552.98;9.1;40.9;33.1;0;;
ПРОДУКТ;Шоколад Люкс;540;5.5;33;52;0;;
ПРОДУКТ;Шоколад Милка Балончета Бели;531;5.4;29;61;0;;
ПРОДУКТ;Шоколад Милка с кусочками ореха;552;7.2;34;52;0;;
ПРОДУКТ;Шоколад Мишка косолапый с орехами и вафлями;530;7;31;54;0;;
ПРОДУКТ;Шоколад Молочный 35;550;6;34;54;0;;
ПРОДУКТ;Шоколад Молочный Беларусь Синеокая;562;4.5;35.8;55.5;0;;
ПРОДУКТ;Шоколад Молочный Взрывной Микс;530;5.5;30;57;0;;
ПРОДУКТ;Шоколад Молочный Любимая Алёнка С Молочной Начинкой;585;4.9;39.8;51.9;0;;
ПРОДУКТ;Шоколад Молочный Мягкая Карамель С Арахисом И Фундуком;510;6.2;30.9;51.8;0;;
ПРОДУКТ;Шоколад Молочный С Миндалём;551;8.6;34;51;0;;
ПРОДУКТ;Шоколад Молочный С Солёной Карамелью;540;5.5;31;58;0;;
ПРОДУКТ;Шоколад Молочный С Цельным Фундуком;589;9.9;42.3;42.7;0;;
ПРОДУКТ;Шоколад Молочный Цельный Фундук;561;7.5;36;51;0;;
ПРОДУКТ;Шоколад Молочный белый Воздушный;542;5.7;30;61;0;;
ПРОДУКТ;Шоколад Молочный с Начинкой Со Весом Пирожное Картошка;560;5.5;35;53;0;;
ПРОДУКТ;Шоколад Молочный с Ореховой Начинкой;560;6;35;54;0;;
ПРОДУКТ;Шоколад На Меду Горький 65% С Апельсином;540;7.5;39.6;39.2;0;;
ПРОДУКТ;Шоколад На Меду Горький С Цельным Фундуком Для Детей;600;10;45;38;0;;
ПРОДУКТ;Шоколад Победа вкуса 72% горький;523.04;10;36;36;0;;
ПРОДУКТ;Шоколад Победа вкуса 72% горький со стевией;477.94;10;36;25;0;;
ПРОДУКТ;Шоколад Россия Очень Молочный;562.88;5.2;32.3;58.9;0;;
ПРОДУКТ;Шоколад Россия тёмный с миндалём смотка;529;6.7;30;54;0;;
ПРОДУКТ;Шоколад С Лесным Орехом;54.3;2.9;2.3;5.5;0;;
ПРОДУКТ;Шоколад С Миндальным Печеньем;540;7.5;32;55;0;;
ПРОДУКТ;Шоколад С Солёным Миндалём И Карамелью;522;6;28;59;0;;
ПРОДУКТ;Шоколад Спартак 90% горький;548.99;15;41;26;0;;
ПРОДУКТ;Шоколад Спартак Горький-элитный;567;10;40;36.7;0;;
ПРОДУКТ;Шоколад Темный С Грейпфрутом;530;6;31;54;0;;
ПРОДУКТ;Шоколад Темный С Начинкой;500;3.33;26.67;60;0;;
ПРОДУКТ;Шоколад Тёмный Классический;552;4.4;34.8;51.2;0;;
ПРОДУКТ;Шоколад Тёмный С Начинкой Столичный Элит;471;3.4;24.7;58.8;0;;
ПРОДУКТ;Шоколад Фигурный Молочный;540;7.1;32.7;54.3;0;;
ПРОДУКТ;Шоколад Чайка;549;6.5;32;56;0;;
ПРОДУКТ;Шоколад Шок;504.87;10.5;26.1;53.5;0;;
ПРОДУКТ;Шоколад Шок XXL;511.24;9.9;26.3;55.2;0;;
ПРОДУКТ;Шоколад Шок XXL миндаль;495.67;7;23.3;61.1;0;;
ПРОДУКТ;Шоколад без сахара на изомальте;467.1;8.4;33.9;51.7;0;;
ПРОДУКТ;Шоколад белый;554.66;4.2;30.4;62.2;0;;
ПРОДУКТ;Шоколад белый Max Fun;512;4.2;25;68;0;;
ПРОДУКТ;Шоколад белый «Чай Матча;627.4;11.1;50.6;31.9;0;;
ПРОДУКТ;Шоколад белый пористый Воздушный;530;4.4;27;65;0;;
ПРОДУКТ;Шоколад белый с добавками «Гречишный;590.3;9.7;45.5;35.5;0;;
ПРОДУКТ;Шоколад белый с кокосом;578.94;7.3;35;54.6;0;;
ПРОДУКТ;Шоколад белый с кусочками киви;456;5;31;57;0;;
ПРОДУКТ;Шоколад белый с миндалем и кокосовой стружкой;541;5.7;31;59;0;;
ПРОДУКТ;Шоколад горький 72% какао;500;10;35;35;0;;
ПРОДУКТ;Шоколад горький 85% Коммунарка;554;11.9;45.4;24.4;0;;
ПРОДУКТ;Шоколад горький Бабаевский 58.8;540;8.5;35;43;0;;
ПРОДУКТ;Шоколад горький ПОБЕДА 55;510;6.5;33;47;0;;
ПРОДУКТ;Шоколад горький десертный «Коммунарка» с шоколадной начинкой;481.36;4.7;25.2;57.7;0;;
ПРОДУКТ;Шоколад горький десертный с начинкой Трюфельный элит;550;6.5;37;49;0;;
ПРОДУКТ;Шоколад горький с красным сицилийским апельсином;572.7;9.1;36.7;51.5;0;;
ПРОДУКТ;Шоколад горький элитный 72;560;9;39;36;0;;
ПРОДУКТ;Шоколад горький-элитный 72 % Спартак;547;10;39;39;0;;
ПРОДУКТ;Шоколад десертный горький 68;568;7.14;39.3;39.3;0;;
ПРОДУКТ;Шоколад десертный с начинкой «Коммунарка» с клубничным соком;456;8;24;56;0;;
ПРОДУКТ;Шоколад из тёмного и белого;519;4.6;27;61;0;;
ПРОДУКТ;Шоколад коммунарка;480;4;24;56;0;;
ПРОДУКТ;Шоколад молочний Strawberry cheesecake;531;4.9;30;60;0;;
ПРОДУКТ;Шоколад молочный;582.98;6.9;35.7;54.4;0;;
ПРОДУКТ;Шоколад молочный (кубики;556.8;7.6;35.6;51.5;0;;
ПРОДУКТ;Шоколад молочный Milka с цельным фундуком;563;7.6;36;50;0;;
ПРОДУКТ;Шоколад молочный [Alpen Gold] с фундуком;531;6;30;58;0;;
ПРОДУКТ;Шоколад молочный «Милка» с цельным фундуком;551;7.6;36;50;0;;
ПРОДУКТ;Шоколад молочный Алёнка;540;7;32;56;0;;
ПРОДУКТ;Шоколад молочный Беловежская пуща с черничным пюре;474;2.5;25.2;59.2;0;;
ПРОДУКТ;Шоколад молочный с карамельной начинкой;481;3.8;23;63;0;;
ПРОДУКТ;Шоколад молочный с манговой начинкой и вафельной крошкой;557.5;6;33.5;58;0;;
ПРОДУКТ;Шоколад молочный с молочной и карамельной начинками и обжаренным цельным фундуком;553;5.9;35;52;0;;
ПРОДУКТ;Шоколад молочный с начинкой;491;9.3;28.7;52.1;0;;
ПРОДУКТ;Шоколад молочный с начинкой «Степ» с лесным орехом;490;8;26;55;0;;
ПРОДУКТ;Шоколад молочный с начинкой Алёнка Тройной десерт;550;7;34;53;0;;
ПРОДУКТ;Шоколад молочный с начинкой Карамельный мусс с миндалём;578.7;6.4;39.4;48.5;0;;
ПРОДУКТ;Шоколад молочный с солёным арахисом и карамелью;540;7.5;33.5;53;0;;
ПРОДУКТ;Шоколад молочный с фундуком;590;0.01;44;34;0;;
ПРОДУКТ;Шоколад молочный с цельным миндалем;553;8.7;34;50;0;;
ПРОДУКТ;Шоколад молочный “Milka MMMAX;534;5.7;30;59;0;;
ПРОДУКТ;Шоколад молочный, с цельным фундуком;79;1.1;4.9;7.4;0;;
ПРОДУКТ;Шоколад на меду (Горький;578.2;8.1;43;39.7;0;;
ПРОДУКТ;Шоколад пористый молочнвй;510;5;27;61;0;;
ПРОДУКТ;Шоколад пористый молочный;535;5;31;59;0;;
ПРОДУКТ;Шоколад с лепестками розы и кардамоном;595;8;45;39;0;;
ПРОДУКТ;Шоколад с орехами;611.61;6.6;40.9;49.9;0;;
ПРОДУКТ;Шоколад с орехами «Волшебная белочка;528;9;32;51;0;;
ПРОДУКТ;Шоколад с цельным миндалем, вкус меда;74;1.2;4.5;6.9;0;;
ПРОДУКТ;Шоколад тёмный Яркий апельсин;480.4;3.7;27;58;0;;
ПРОДУКТ;Шоколад тёмный с начинкой Вишневый брауни с целым фундуком;560;6.5;37;48;0;;
ПРОДУКТ;Шоколад тёмный с начинкой арбуз ананас;521;3.3;31.8;55.3;0;;
ПРОДУКТ;Шоколад тёмный с пищевыми волокна и ванильный без сахара;500;7;39;9;0;;
ПРОДУКТ;Шоколад тёмный с фундуком;550;8.5;37;42;0;;
ПРОДУКТ;Шоколад тёмный с цельным миндалём;560;10;38;40;0;;
ПРОДУКТ;Шоколад тёмный с шоколадной начинкой;510.64;4.26;29.79;53.19;0;;
ПРОДУКТ;Шоколад тёмный 《Настоящий шоколад;520;8;33;47;0;;
ПРОДУКТ;Шоколад черный Millennium с лесными орехами;576;8.7;41;42.3;0;;
ПРОДУКТ;Шоколад черный АВК без сахара;574;4.9;38;51.7;0;;
ПРОДУКТ;Шоколад черный с подсоленным миндалем Roshen;509;7.4;29.1;50.2;0;;
ПРОДУКТ;Шоколад шоколадные пузырьки молочный и белый;542;5.7;30;61;0;;
ПРОДУКТ;Шоколад, печенье и вкус мороженного;87;1.1;5.1;9.1;0;;
ПРОДУКТ;Шоколад. Неглазированный протеиновый батончик;295;36.7;7;6.3;0;;
ПРОДУКТ;Шоколадная Арахисовая Паста;470;17;38;12;0;;
ПРОДУКТ;Шоколадная Гранола;450;9.5;17.3;60.3;0;;
ПРОДУКТ;Шоколадная арахисовая паста SHOKO MILK Chocolate Peanut Butter;470;17;38;12;0;;
ПРОДУКТ;Шоколадний батончик Bang з арахісом;469;7.2;25.8;51.9;0;;
ПРОДУКТ;Шоколадний батончик Fest nougat;398;4.4;12;68;0;;
ПРОДУКТ;Шоколадний батончик Snickers з горiхами;483;8.6;22.6;60.7;0;;
ПРОДУКТ;Шоколадний батончик з нуглю та карамеллю wild Roar;453;4.4;12;68;0;;
ПРОДУКТ;Шоколадний пломбір;242.5;3.5;13.5;26.5;0;;
ПРОДУКТ;Шоколадница;220.83;3.75;12.92;22.5;0;;
ПРОДУКТ;Шоколадно-ореховая паста «Рахат;542;7.1;34.6;52;0;;
ПРОДУКТ;Шоколадно-ореховая паста «Рахат» с фундуком;555;5.4;36.3;52.7;0;;
ПРОДУКТ;Шоколадное Мороженое С Шоколадным Соусом;189;3.6;8.7;24;0;;
ПРОДУКТ;Шоколадное изделие рисовое без сахара;469;4;35;57.7;0;;
ПРОДУКТ;Шоколадное мороженое;202;4.2;9;26;0;;
ПРОДУКТ;Шоколадное песочное печенье с фундуком;482;6.7;20;67;0;;
ПРОДУКТ;Шоколадные Капли;533;6.3;34.5;55;0;;
ПРОДУКТ;Шоколадные Конфеты с Лесным Орехом и Ореховым Кремом;540;7;32;56;0;;
ПРОДУКТ;Шоколадные дропсы;509.67;5;27.5;57;0;;
ПРОДУКТ;Шоколадные конфеты mini;570;8;38;49;0;;
ПРОДУКТ;Шоколадные листики «3 Ягоды;544;6.4;34.8;51.4;0;;
ПРОДУКТ;Шоколадные шарики Nesquik;369;8.4;1.7;75.8;0;;
ПРОДУКТ;Шоколадный Брауни;221;4;10;28;0;;
ПРОДУКТ;Шоколадный Коктейль;94;2.7;3;14;0;;
ПРОДУКТ;Шоколадный Маффин;340;6;3;73;0;;
ПРОДУКТ;Шоколадный Парфе;318;9;18;28;0;;
ПРОДУКТ;Шоколадный Протеиновый Батончик;412;20;15;47;0;;
ПРОДУКТ;Шоколадный Рожок;270;3.5;13;35;0;;
ПРОДУКТ;Шоколадный Трюфель;319.4;4.03;18.66;32.54;0;;
ПРОДУКТ;Шоколадный батончик Brownie с арахисовой пастой и какао;540;16;35;43;0;;
ПРОДУКТ;Шоколадный батончик Crispy с арахисом, карамелью и изюмом;460;13;29;49;0;;
ПРОДУКТ;Шоколадный батончик Crunchy с арахисовой хрустящей пастой;560;16;35;46;0;;
ПРОДУКТ;Шоколадный батончик Driver;506;9.3;27.2;54.6;0;;
ПРОДУКТ;Шоколадный батончик GoodMiX Малиновый рассвет;527;6.1;28;62;0;;
ПРОДУКТ;Шоколадный батончик Peanut с арахисовой пастой;520;15;34;39;0;;
ПРОДУКТ;Шоколадный батончик Pro с арахисовой пастой;500;21;30;39;0;;
ПРОДУКТ;Шоколадный батончик SNICKERS® КРИСПЕР;480;6.8;22;61.1;0;;
ПРОДУКТ;Шоколадный батончик Salty Caramel с арахисовой пастой и карамелью;520;15;33;43;0;;
ПРОДУКТ;Шоколадный молочный коктейль;84.5;2.8;2.5;12.7;0;;
ПРОДУКТ;Шоколадный напиток;70;1;3.2;9.5;0;;
ПРОДУКТ;Шоколадный пломбир в вафельном стаканчике;261.23;5;15.9;24.7;0;;
ПРОДУКТ;Шоколадный торт;310;4.5;5.5;61;0;;
ПРОДУКТ;Шоколадный торт с пралине (вафельный;580.78;6;40;48;0;;
ПРОДУКТ;Шоколадный шарик с маршмеллоу;486.8;8.2;20;68.5;0;;
ПРОДУКТ;Шорли;28.5;0.1;0.1;6.8;0;;
ПРОДУКТ;Шорли С Яблоком;33;0;0;8.3;0;;
ПРОДУКТ;Шорли Яблочный С Грейпфрутом И Пихтой;54.5;0.2;0.5;12.3;0;;
ПРОДУКТ;Шорли яблочный;32.4;0;0;8.1;0;;
ПРОДУКТ;Шот;53;1.3;0.4;10.6;0;;
ПРОДУКТ;Шот с лаймом, лимоном и апельсином;66.38;0.6;0.58;14.69;0;;
ПРОДУКТ;Шотландский пай. С заварным кремом и брусникой;415;5.9;25.6;40.5;0;;
ПРОДУКТ;Шпик копчёный в нарезке;877;1;97;0;0;;
ПРОДУКТ;Шпикачки;347.57;10;33;0;0;;
ПРОДУКТ;Шпикачки С Сыром;288;13;25;2.7;0;;
ПРОДУКТ;Шпинат;22.88;2.9;0.3;2;0;;
ПРОДУКТ;Шпинат 4 сезона листья порционные;36.3;3;0.2;5.4;0;;
ПРОДУКТ;Шпинат Hortex размельченный;14.79;2.3;0.4;0.4;0;;
ПРОДУКТ;Шпинат Бондюэль в листьях;30.48;3.6;0.5;2.7;0;;
ПРОДУКТ;Шпинат Бондюэль в листьях консервированный;22.58;2.8;0.4;1.8;0;;
ПРОДУКТ;Шпинат Бондюэль в листьях порционный;28.01;3.7;0.5;2;0;;
ПРОДУКТ;Шпинат Бондюэль рубленый в галетах;28.23;2.8;0.7;2.5;0;;
ПРОДУКТ;Шпинат замороженный;47.61;2.6;0.8;7.2;0;;
ПРОДУКТ;Шпроти в Доматен Сос;146.43;12.5;10.71;3.57;0;;
ПРОДУКТ;Шпроти в масло Рижско Злато;333.33;16.5;29;0;0;;
ПРОДУКТ;Шпротный паштет;200.99;12;14;5.3;0;;
ПРОДУКТ;Шпроты;373.98;17.4;32.4;0.4;0;;
ПРОДУКТ;Шпроты в масле;352.06;17;32;0;0;;
ПРОДУКТ;Шпроты в масле закусочные;360;17;32;0;0;;
ПРОДУКТ;Шримп ролл с креветками;241.8;8.3;10.2;29.2;0;;
ПРОДУКТ;Шрирача жгучий тайский соус;100;1;0.5;22;0;;
ПРОДУКТ;Штрудель Австрийский;390;5;15;57;0;;
ПРОДУКТ;Штрудель З Яблуком;250;5.1;3.5;49;0;;
ПРОДУКТ;Штрудель С Яблоком И Брусникой;156.9;1.6;4.5;27.5;0;;
ПРОДУКТ;Штрудель Черёмушки с творогом;405.77;10.6;21.7;39.2;0;;
ПРОДУКТ;Штрудель Черёмушки с яблоком;314.5;4.3;14.7;39.1;0;;
ПРОДУКТ;Штрудель Яблочный Веган;250.8;2.9;3.6;51.7;0;;
ПРОДУКТ;Штрудель с вишней;219;2.7;6;38.3;0;;
ПРОДУКТ;Штрудель с вишней и шоколадом;443.6;5;32.7;34.5;0;;
ПРОДУКТ;Штрудель с творогом;460;8.5;23;53;0;;
ПРОДУКТ;Штрудель с яблоком и корицей;460;6.5;17;71;0;;
ПРОДУКТ;Штрудель со вкусом персика;380;5.5;14;55;0;;
ПРОДУКТ;Штрудель яблочный;211;2.1;7;34.9;0;;
ПРОДУКТ;Штурвал Анчоус солёно-сушёный;127.99;22;2.7;3.1;0;;
ПРОДУКТ;Штурвал Жёлтый полосатик;233.96;46;4;2;0;;
ПРОДУКТ;Штурвал Золотая рыбка по-шанхайски;196.24;36;2.5;6.2;0;;
ПРОДУКТ;Штурвал Золотая рыбка солёная;195.56;37.9;3;3;0;;
ПРОДУКТ;Штурвал Кальмар солёно-сушёный;180.95;40;0.5;3;0;;
ПРОДУКТ;Штурвал Камчатский посол огненный;235.2;46.3;1;8.8;0;;
ПРОДУКТ;Штурвал Камчатский посол солёно-сушёный;235.2;46.3;1;8.8;0;;
ПРОДУКТ;Штурвал Кольца кальмара копчёные;202.26;45;0.5;3.2;0;;
ПРОДУКТ;Штурвал Кольца кальмара солёные;202.26;45;0.5;3.2;0;;
ПРОДУКТ;Штурвал Корюшка солёно-сушёная;148.82;28;3;1.5;0;;
ПРОДУКТ;Штурвал Креветки огненные солёно-сушёные;185.04;42;0.5;2;0;;
ПРОДУКТ;Штурвал Креветки очищенные;185.04;42;0.5;2;0;;
ПРОДУКТ;Штурвал Окунёк огненный;255.48;50.9;2.3;6.2;0;;
ПРОДУКТ;Штурвал Окунёк солёно-сушёный;255.48;50.9;2.3;6.2;0;;
ПРОДУКТ;Штурвал Осьминог солёно-сушёный;139.95;31;0.5;2;0;;
ПРОДУКТ;Штурвал Солнечный окунь копчёный;178.84;37.9;1.2;3;0;;
ПРОДУКТ;Штурвал Ставридка серебристая;192.82;30.7;5;5;0;;
ПРОДУКТ;Штурвал Угорь солёно-сушёный;192.15;38;2.5;3.2;0;;
ПРОДУКТ;Штурвал Шанхайский полосатик солёно-сушёный;285.61;54.2;5.5;3;0;;
ПРОДУКТ;Штурвал Янтарная рыбка;100.77;20;1.8;0.5;0;;
ПРОДУКТ;Штурвал Янтарная рыбка огненная;100.77;20;1.8;0.5;0;;
ПРОДУКТ;Шу С Фисташкой И Малиной;287;5.5;17;28;0;;
ПРОДУКТ;Шунка Виенска слайс 4593;89;18.9;1;1;0;;
ПРОДУКТ;Щавель;20.83;1.5;0.3;2.9;0;;
ПРОДУКТ;Щербет;420;5;10;77;0;;
ПРОДУКТ;Щербет «Нежный;408.98;5.15;12.27;72.05;0;;
ПРОДУКТ;Щербет Вишнево-яблочный;125;0.4;1;28.7;0;;
ПРОДУКТ;Щербет с арахисом;438.39;5;11;77;0;;
ПРОДУКТ;Щечки Телячьи Томленые;116.8;16;5.6;0.6;0;;
ПРОДУКТ;Щи С Курицей;35;3.7;0.6;3.7;0;;
ПРОДУКТ;Щи из квашеной капусты с картофелем;33.04;0.6;2.1;2.7;0;;
ПРОДУКТ;Щи из свежей капусты (готовые;35.91;0.9;2.1;3.1;0;;
ПРОДУКТ;Щи из свежей капусты с картофелем;48.01;1;3.8;2.1;0;;
ПРОДУКТ;Щи суточные;34.62;0.6;2.8;1.5;0;;
ПРОДУКТ;Щоколадный пломбир в вафельном стаканчике;237;4.1;14.4;23.6;0;;
ПРОДУКТ;Щука в томатном соусе;110.14;14.2;4;3.6;0;;
ПРОДУКТ;Щука маринованная;48.79;10.5;0;1.4;0;;
ПРОДУКТ;Щука фаршированная;144.71;13.3;6;8.4;0;;
ПРОДУКТ;Щупальца кальмара с морковью;180;19;6;12;0;;
ПРОДУКТ;Щучинский Сыр Полу твердый;353;23;29;2;0;;
ПРОДУКТ;ЭМ-квас;27.01;0.2;0;5.2;0;;
ПРОДУКТ;ЭСКИМО ПЛОМБИР МОЛОЧ.ШОК;340;4;25;25;0;;
ПРОДУКТ;Эби папурика;147.98;7;9;8.7;0;;
ПРОДУКТ;Эби рамэн яки;142.18;7.1;3.3;20.1;0;;
ПРОДУКТ;Эдамам;156.41;13;6.2;11.1;0;;
ПРОДУКТ;Эйфория, Маскарпоне Голубика;313.85;4;17.54;34;0;;
ПРОДУКТ;Эклер Со Сгущёнкой;340;6;21;33;0;;
ПРОДУКТ;Эклер ванильный;305;6.5;20;25;0;;
ПРОДУКТ;Эклеры;331.8;5.2;16.9;39.8;0;;
ПРОДУКТ;Эклеры фисташковые;288;6.6;18.5;23.7;0;;
ПРОДУКТ;Экселенс 99% какао;565;14;49;9;0;;
ПРОДУКТ;Экспонента Лимонный Чизкейк;60;12;0;2.5;0;;
ПРОДУКТ;Экспонента кефирная;38;5;0;4.5;0;;
ПРОДУКТ;Экспонента кефирная со вкусом вишня-ваниль;38;5;0;4.5;0;;
ПРОДУКТ;Экспресс обработаны паром;342;12;1.3;70.5;0;;
ПРОДУКТ;Экстра Овсяные хлопья клинские;380;13.6;6.07;68.9;0;;
ПРОДУКТ;Экстра мука Сорт Экстра ГОСТ;334;10.3;1.1;70;0;;
ПРОДУКТ;Экстрамолочный шоколад с вафлями;540;6;32;57;0;;
ПРОДУКТ;Экструдированный мармелад Чупа Чупс Страйпсы со вкусом Клубника;370;2;2.5;82;0;;
ПРОДУКТ;Экструдированный мармелад Чупа чупс Страйпс с фруктовым вкусом;370;2;2.5;83;0;;
ПРОДУКТ;Экструдированный мармелад чупа чупс, фрукты;360;2.5;2;81;0;;
ПРОДУКТ;Элитная гречневая крупа;350;13;2.5;68;0;;
ПРОДУКТ;Элитный Рулет;100;15;4;2;0;;
ПРОДУКТ;Элитный пропаренный рис;350;6.5;1;79;0;;
ПРОДУКТ;Эндивий;8.42;1.3;0.2;0.3;0;;
ПРОДУКТ;Энергетик;53.94;0.52;0;12.52;0;;
ПРОДУКТ;Энергетик Виноград Гуава;20;0;0;4.5;0;;
ПРОДУКТ;Энергетик Клубника;2.5;0;0;0.22;0;;
ПРОДУКТ;Энергетик Торнадо Макс Энерджи раззберри;44;0;0;11;0;;
ПРОДУКТ;Энергетик Яблоко Киви;50;0;0;12;0;;
ПРОДУКТ;Энергетик вкус дыня лайм мята;18;0;0;4;0;;
ПРОДУКТ;Энергетический Напиток Оригинальный;20;0;0;4.7;0;;
ПРОДУКТ;Энергетический напиток Adrenaline Nature;50.84;0;0;12.4;0;;
ПРОДУКТ;Энергетический напиток Adrenaline Rush;55.35;0.5;0;13;0;;
ПРОДУКТ;Энергетический напиток Burn;47.56;0;0;11.6;0;;
ПРОДУКТ;Энергетический напиток Burn Intense Energy;58.63;0;0;14.3;0;;
ПРОДУКТ;Энергетический напиток E-om;44;0;0;10.6;0;;
ПРОДУКТ;Энергетический напиток Jaguar;47.15;0;0;11.5;0;;
ПРОДУКТ;Энергетический напиток Jaguar Gold;46.74;0;0;11.4;0;;
ПРОДУКТ;Энергетический напиток Jaguar Light;47.15;0;0;11.5;0;;
ПРОДУКТ;Энергетический напиток Red Bull;46.33;0;0;11.3;0;;
ПРОДУКТ;Энергетический напиток Tiger;44.28;0;0;10.8;0;;
ПРОДУКТ;Энергетический напиток VOLT Energy;45;0;0;11.3;0;;
ПРОДУКТ;Энергетический напиток торнадо ориджинал;55;0;0;13.5;0;;
ПРОДУКТ;Энитайм;30;0;0;12;0;;
ПРОДУКТ;Эрмигурт 7,5 % тропические фрукты;142.7;1.9;7.5;16.9;0;;
ПРОДУКТ;Эрмигурт Пудинг Шоколадный;116.4;2.9;3.2;19;0;;
ПРОДУКТ;Эрмигурт Пудинг ванильный;105.8;2.7;3;17;0;;
ПРОДУКТ;Эрмигурт Пудинг карамельный;109.4;2.7;3;17.9;0;;
ПРОДУКТ;Эрмигурт Пудинг со вкусом ореха;110.2;2.7;3;18.1;0;;
ПРОДУКТ;Эскалоп;503.39;19;42.8;6.8;0;;
ПРОДУКТ;Эскалоп Из Индейки;110;23;2;0;0;;
ПРОДУКТ;Эскимо;310;3.8;22.6;22.5;0;;
ПРОДУКТ;Эскимо Аэрофлотское;330;3;23;27;0;;
ПРОДУКТ;Эскимо В Молочном Шоколаде С Фундуком;385;5.5;27;30;0;;
ПРОДУКТ;Эскимо В Темном Шоколаде;310;3.5;22;25;0;;
ПРОДУКТ;Эскимо В Шоколаде С Шариками;340;4.4;20;34.5;0;;
ПРОДУКТ;Эскимо Двухслойное;306;4.4;20;27;0;;
ПРОДУКТ;Эскимо Кокос На растительной основе;307.4;1.7;22.2;25.2;0;;
ПРОДУКТ;Эскимо Пломбир С Миндалем С Ароматом Кофе;356.3;3.6;26.3;26.3;0;;
ПРОДУКТ;Эскимо Пломбир Шоколадный В Молочном Шоколаде;343;3.7;25;25.8;0;;
ПРОДУКТ;Эскимо С Маком И Кунжутом;340.2;4.8;23.8;26.7;0;;
ПРОДУКТ;Эскимо С арахисом;330;5;24.3;21.9;0;;
ПРОДУКТ;Эскимо Ягодный микс;238.89;2.22;15.56;22.22;0;;
ПРОДУКТ;Эскимо в шоколадной глазури;360;3;26.5;27;0;;
ПРОДУКТ;Эскимо в шоколадной глазури с какао-крупкой;330;4.5;24;24;0;;
ПРОДУКТ;Эскимо пломбир;317;5;21;27;0;;
ПРОДУКТ;Эскимо пломбир в бельгийском шоколаде;360;4;25;29;0;;
ПРОДУКТ;Эскимо пломбир ванильный в молочном шоколаде;319.3;3.6;21.3;28;0;;
ПРОДУКТ;Эскимо с миндалём в шоколаде;340;9;26;13;0;;
ПРОДУКТ;Эскимо чёрное печенье с шоколадным наполнителем;315;3.7;20;29.9;0;;
ПРОДУКТ;Эстрагон;26.65;1.5;0;5;0;;
ПРОДУКТ;Эстрагон сушеный;335.44;22.7;7.2;42.8;0;;
ПРОДУКТ;Эчпочмак С Курицей и Картофелем;260.9;6.8;12.1;31.2;0;;
ПРОДУКТ;Юбилейное Постное;447;7.2;15;70;0;;
ПРОДУКТ;Юбилейное земляничное;460.09;7.4;18.5;67;0;;
ПРОДУКТ;Юбилейное молочное;460;8.1;17.5;66.5;0;;
ПРОДУКТ;Юбилейный;300;6.5;7.5;52;0;;
ПРОДУКТ;Юкола;148.95;25;5;0;0;;
ПРОДУКТ;Юмка;280;3;22;19.6;0;;
ПРОДУКТ;Юфка;411.3;7;20;48;0;;
ПРОДУКТ;ЯМанго;254;3.5;10.5;35.8;0;;
ПРОДУКТ;ЯШКИНО ВАФЕЛЬНЫЙ СЭНДВИЧ;500;5.5;27;58;0;;
ПРОДУКТ;ЯШКИНО ВАФЛИ ГЛАЗИРОВАННЫЕ С ОРЕШКАММ;530;6;32;55;0;;
ПРОДУКТ;ЯШКИНО ВАФЛИ СЛИВОЧНЫЕ;540;4.5;30;62;0;;
ПРОДУКТ;ЯШКИНО Вафли шоколадные;540;6;31;60;0;;
ПРОДУКТ;Ябби;73.96;16;0.9;0;0;;
ПРОДУКТ;Яблоки Грени Смит;58;0.4;0.2;14;0;;
ПРОДУКТ;Яблоки Гренни;52;0.4;0.2;10.8;0;;
ПРОДУКТ;Яблоки сушёные;251.85;2.2;0.1;59;0;;
ПРОДУКТ;Яблоко;45.54;0.4;0.4;9.8;0;;
ПРОДУКТ;Яблоко - Шиповник сок;46;0.64;0;10.6;0;;
ПРОДУКТ;Яблоко 100% сок без добавления сахара;42;0.17;0.14;10.5;0;;
ПРОДУКТ;Яблоко Голден;47.78;0.5;0.2;10.7;0;;
ПРОДУКТ;Яблоко Гренни Смит;45.13;0.4;0.4;9.7;0;;
ПРОДУКТ;Яблоко Груша;78;2.8;2.5;11.1;0;;
ПРОДУКТ;Яблоко Фуджи;81.81;0.4;0.2;19.1;0;;
ПРОДУКТ;Яблоко банан груша с печеньем;54;0.5;0;13;0;;
ПРОДУКТ;Яблоко печёное кисло-сладкое;57.12;0.5;0.5;12.3;0;;
ПРОДУКТ;Яблоко печёное сладкое;103.24;0.5;0.3;24;0;;
ПРОДУКТ;Яблоко сушеное;202.6;2.2;0.2;48;0;;
ПРОДУКТ;Яблоко/банан/манго;48.8;0;0;12.2;0;;
ПРОДУКТ;Яблочная смоква (фруктовая пастила) ЭКО Пастила;194.34;0.2;0;47.2;0;;
ПРОДУКТ;Яблочно-виноградный Нектар;50;0.2;0;12;0;;
ПРОДУКТ;Яблочно-вишневая;277.3;0.53;0;68.8;0;;
ПРОДУКТ;Яблочно-грушевая;277.3;0.53;0;68.8;0;;
ПРОДУКТ;Яблочные Вафли С Вишней;364;5;10;63;0;;
ПРОДУКТ;Яблочные Кольца В Темном Шоколаде С Кунжутом;360;4;20;41;0;;
ПРОДУКТ;Яблочные Чипсы;297;1.13;0;73.2;0;;
ПРОДУКТ;Яблочные дольки McDonalds;32.8;0;0;8;0;;
ПРОДУКТ;Яблочные чипсы с корицей;362;2.8;0.8;79.2;0;;
ПРОДУКТ;Яблочный Сок 0.85л;40;0;0;10;0;;
ПРОДУКТ;Яблочный Штрудель;263;2.7;11.1;38;0;;
ПРОДУКТ;Яблочный жмых;45.73;0.3;0.2;10.4;0;;
ПРОДУКТ;Яблочный компот;91.43;0.2;0;22.1;0;;
ПРОДУКТ;Яблочный нектар;41.41;0.1;0;10;0;;
ПРОДУКТ;Яблочный сок;123;0;0;30.7;0;;
ПРОДУКТ;Яблочный сок холодного отжима Organic;48;0;0;12;0;;
ПРОДУКТ;Яблуко Персик Пюре;59;0.5;0.2;12.6;0;;
ПРОДУКТ;Ягнятина;197.41;16.2;14.1;0;0;;
ПРОДУКТ;Ягнёнок (каре;197.41;16.2;14.1;0;0;;
ПРОДУКТ;Ягнёнок (нога;131.84;20.6;5.1;0;0;;
ПРОДУКТ;Ягода брусника протертая с сахаром;240;0;0;60;0;;
ПРОДУКТ;Ягодное Лукошко с черникой;330;3.5;15;46;0;;
ПРОДУКТ;Ягодное лукошко;330;3.5;15;46;0;;
ПРОДУКТ;Ягодное лукошко с клубникой;327;3.8;15;44.3;0;;
ПРОДУКТ;Ягодный Коктейль;32;0.8;0.2;6.8;0;;
ПРОДУКТ;Ягодный Коктейль (смесь;44;1;0.3;9.4;0;;
ПРОДУКТ;Ягодный чай Манго с маракуйей и апельсином;79.2;1.4;0.32;17.68;0;;
ПРОДУКТ;Ягоды годжи сушеные;288.6;11.1;2.6;53.4;0;;
ПРОДУКТ;Ядра Кешью Жареные;572;17.5;42.2;30.5;0;;
ПРОДУКТ;Ядра арахиса жареные со вкусом тайского перца;622;28;50;15;0;;
ПРОДУКТ;Ядра орехов миндаля жареные;620;19;55;13;0;;
ПРОДУКТ;Ядра подсолнечного семени необжаренные;601;20.7;52.9;10.5;0;;
ПРОДУКТ;Ядра семян подсолнечника обжаренные;580;22;47;18;0;;
ПРОДУКТ;Ядра семян подсолнечника сырые;660;22;62;3;0;;
ПРОДУКТ;Ядра фундука жареные;703;17.8;66.1;9.4;0;;
ПРОДУКТ;Ядреный майонезный соус;473;0;50.5;4.5;0;;
ПРОДУКТ;Ядрица гречневая;335;12;3.4;72;0;;
ПРОДУКТ;Ядро кедрового ореха;635;13.7;68.4;13.1;0;;
ПРОДУКТ;Ядро конопли;547.76;30;41;10.7;0;;
ПРОДУКТ;Ядро миндаля пастеризованное;610;19;54;13;0;;
ПРОДУКТ;Язык морской жареный;380.71;20;30.3;4.2;0;;
ПРОДУКТ;Язычки медовые с кунжутом;455.4;5.1;20.2;68.7;0;;
ПРОДУКТ;Язычки слоеные;376.55;5.4;21.6;37.5;0;;
ПРОДУКТ;Язычки слоёные;460;5.7;18.6;67.6;0;;
ПРОДУКТ;Яицо куриное;150;14;11;0;0;;
ПРОДУКТ;Яичная лапша;350.14;1.1;2;70;0;;
ПРОДУКТ;Яичница глазунья;212.38;11.9;17.3;0.7;0;;
ПРОДУКТ;Яичные спагетти;372;14.6;1.7;74.6;0;;
ПРОДУКТ;Яичный белок;56;13;0;1;0;;
ПРОДУКТ;Яичный порошок;553.57;46;37.3;4.5;0;;
ПРОДУКТ;Яйца Куриные Копченые;151;14.8;9.7;1.1;0;;
ПРОДУКТ;Яйца Молодецкие Облгащённые Йодом;157;12.7;11.5;0.7;0;;
ПРОДУКТ;Яйца Первой Категории;156.6;12.7;11.4;0.8;0;;
ПРОДУКТ;Яйца Перепелиные Копченые;163.2;10.6;9.2;9.5;0;;
ПРОДУКТ;Яйца С0;144;12.2;10;0.7;0;;
ПРОДУКТ;Яйца С1;144;12.7;10;0.7;0;;
ПРОДУКТ;Яйца куриные;196;15.8;14.2;0.86;0;;
ПРОДУКТ;Яйца куриные C1;144;12.7;10;0.7;0;;
ПРОДУКТ;Яйца куриные С1;157;12.7;11.5;0.7;0;;
ПРОДУКТ;Яйца куриные пищевые С0;157.03;12.7;11.5;0.7;0;;
ПРОДУКТ;Яйца куриные пищевые столовые;157;12.7;11.5;0.7;0;;
ПРОДУКТ;Яйца куриные пищевые столовые C2;157;12.7;11.5;0.7;0;;
ПРОДУКТ;Яйца куриные пищевые столовые «Сеймовские деревенские» отборной категории;157;12.7;11.5;0.7;0;;
ПРОДУКТ;Яйца куриные пищевые столовые С1;157.1;12.7;11.5;0.7;0;;
ПРОДУКТ;Яйца куриные пищевые столовые Экстра;150;13;11;0;0;;
ПРОДУКТ;Яйца куриные пищевые столовые второй категории;157;12.7;11.5;1;0;;
ПРОДУКТ;Яйца куриные пищевые столовые отборной категории;161.4;12.8;11.8;1;0;;
ПРОДУКТ;Яйца куриные пищевые столовые отборной категории С0;157;12.7;11.5;0.7;0;;
ПРОДУКТ;Яйца куриные пищевые столовые первая категория;157.03;12.7;11.5;0.7;0;;
ПРОДУКТ;Яйца куриные пищевые столовые первой категории;157;12.7;11.5;0.7;0;;
ПРОДУКТ;Яйца куриные пищевые столовые первой категории C-1;157;12.7;11.5;0.7;0;;
ПРОДУКТ;Яйца куриные столовые C2 (вторая категория;144;12.7;10;0.7;0;;
ПРОДУКТ;Яйца куриные столовые С0;157;12.7;11.5;0.7;0;;
ПРОДУКТ;Яйца перепелиные копченые «Молодецкие;170;12;13;0.2;0;;
ПРОДУКТ;Яйца перепелиные копчёные Молодецкие;165.8;12;13;0.2;0;;
ПРОДУКТ;Яйцо;157;12.7;11.5;0.7;0;;
ПРОДУКТ;Яйцо 1-ой категории куриное пищевое столовое;156.07;12.7;11.5;0.7;0;;
ПРОДУКТ;Яйцо Куриное Деревенское C0;157;12.7;11.5;0.7;0;;
ПРОДУКТ;Яйцо С0;157;12.7;11.5;0.7;0;;
ПРОДУКТ;Яйцо С0 Куриное;157;12.7;11.5;0.7;0;;
ПРОДУКТ;Яйцо С1;157;12.7;11.5;0.7;0;;
ПРОДУКТ;Яйцо гусиное;186.29;13.9;13.3;1.4;0;;
ПРОДУКТ;Яйцо деревенское С1;156.07;12.7;11.5;0.7;0;;
ПРОДУКТ;Яйцо индюшиное;165.27;13.1;11.7;0.7;0;;
ПРОДУКТ;Яйцо куриное;157;12.7;11.5;0.7;0;;
ПРОДУКТ;Яйцо куриное (белок;45.51;11.1;0;0;0;;
ПРОДУКТ;Яйцо куриное (белок сухой;345.95;73.3;1.8;7;0;;
ПРОДУКТ;Яйцо куриное (вареное в мешочек;161.77;12.7;11.5;0.7;0;;
ПРОДУКТ;Яйцо куриное (вареное вкрутую;163.93;12.9;11.6;0.8;0;;
ПРОДУКТ;Яйцо куриное (вареное всмятку;163.52;12.8;11.6;0.8;0;;
ПРОДУКТ;Яйцо куриное (желток;360.37;16.2;31.2;1;0;;
ПРОДУКТ;Яйцо куриное (желток сухой;643.2;34.2;52.2;4.4;0;;
ПРОДУКТ;Яйцо куриное (пашот;158.25;12.7;10.9;1.2;0;;
ПРОДУКТ;Яйцо куриное С0;157.1;12.7;11.5;0.7;0;;
ПРОДУКТ;Яйцо куриное С1 Свободный Выгул;157;12.8;11.8;1;0;;
ПРОДУКТ;Яйцо куриное Селяночка C1;157;12.7;11.5;0.7;0;;
ПРОДУКТ;Яйцо куриное деревенское;157;12.7;11.5;0.7;0;;
ПРОДУКТ;Яйцо куриное маринованное;138;11;10;0;0;;
ПРОДУКТ;Яйцо куриное отборное (CО;157;12.7;11.5;0.7;0;;
ПРОДУКТ;Яйцо куриное отборное С0;157;12.7;11.5;0.7;0;;
ПРОДУКТ;Яйцо куриное отборной категории;157;12.8;11.8;1;0;;
ПРОДУКТ;Яйцо куриное пищевое столовое 1 категории (С1;160;13;12;1;0;;
ПРОДУКТ;Яйцо куриное пищевое столовое 1 категория;157;12.7;11.5;0.7;0;;
ПРОДУКТ;Яйцо куриное пищевое столовое C1;157;12.7;11.4;0.8;0;;
ПРОДУКТ;Яйцо куриное пищевое столовое С-2;157;12.7;11.5;0.7;0;;
ПРОДУКТ;Яйцо куриное пищевое столовое С1;157;12.7;11.5;0.7;0;;
ПРОДУКТ;Яйцо куриное пищевое столовое отборное;157;12.7;11.5;0.7;0;;
ПРОДУКТ;Яйцо куриное столовое пищевое 1 категория;157.27;12.7;11.5;0.7;0;;
ПРОДУКТ;Яйцо куриное столовое пищевое первой категории;157.03;12.8;10.5;0.7;0;;
ПРОДУКТ;Яйцо куриное столовое пищевое. Категория С0;157;12.7;11.5;0.7;0;;
ПРОДУКТ;Яйцо куриное, первая категория;157.03;12.7;11.5;0.7;0;;
ПРОДУКТ;Яйцо первой категории;169;12.8;10.5;1;0;;
ПРОДУКТ;Яйцо перепелиное;172.95;11.9;13.1;0.6;0;;
ПРОДУКТ;Яйцо страусиное;161.58;12.2;11.7;0.7;0;;
ПРОДУКТ;Яйцо утиное;189.65;13.3;14.5;0.1;0;;
ПРОДУКТ;Яйцо черепашье;155.76;10;12;0.8;0;;
ПРОДУКТ;Якон;62.02;2.1;0.1;12.8;0;;
ПРОДУКТ;Якрокант Конфеты с грильяжными корпусами глазированные «Крокант;560;6.5;37.72;49.68;0;;
ПРОДУКТ;Ямс;105.59;1.5;0.2;23.8;0;;
ПРОДУКТ;Янтарь плавленый сыр;208;6.1;16.2;9.4;0;;
ПРОДУКТ;Японские Грибы Шиитаке С Морковью;116;2.3;7.2;10.6;0;;
ПРОДУКТ;Японский чизкейк;285;7.7;18.5;22;0;;
ПРОДУКТ;Ясай темпура;84.04;2.9;4.5;7.4;0;;
ПРОДУКТ;Ясай шитаке удон;123.07;2.3;2.7;21.6;0;;
ПРОДУКТ;Ясно хлопья овсяные;380;13;7;60;0;;
ПРОДУКТ;Ячменная каша;335.51;11.5;2;65.8;0;;
ПРОДУКТ;Ячменная крупа;347.05;10;1.3;71.7;0;;
ПРОДУКТ;Ячменная перловая крупа;320.27;10;1;66;0;;
ПРОДУКТ;Ячменные хлопья;399.16;9.8;3.6;79.4;0;;
ПРОДУКТ;Ячменные хлопья Myllyn Paras;321.98;11;2;63;0;;
ПРОДУКТ;Ячневая Крупа;340;11;1;67;0;;
ПРОДУКТ;Ячневая каша на воде;76.59;2.3;0.3;15.7;0;;
ПРОДУКТ;Ячневая каша на молоке;114.52;3.6;2;19.8;0;;
ПРОДУКТ;Яшкино ChocoStix в молочном шоколаде;500;6.5;26;61;0;;
ПРОДУКТ;Яшкино Американское печенье;470;5.5;23;61;0;;
ПРОДУКТ;Яшкино Мини-пай голландский с малиновой начинкой;390;3.5;14;62;0;;
ПРОДУКТ;Яшкино вафли с варёной сгущёнкой;520;5;28;62;0;;
ПРОДУКТ;айран Олимпус;31;1.6;1.8;2;0;;
ПРОДУКТ;айран горные ягоды;62.2;1.8;1;11.5;0;;
ПРОДУКТ;айран домлян 330мл;32;2.4;1.2;3;0;;
ПРОДУКТ;актив цитрус смотка;8.03;0;0;1.92;0;;
ПРОДУКТ;альпен голд орео два шоколада;540;4.1;30;62;0;;
ПРОДУКТ;альпен голд фундук и изюм;503;5.4;26;60;0;;
ПРОДУКТ;альпен голд черника;550;3.8;33;59;0;;
ПРОДУКТ;анари;150;7;12;3.5;0;;
ПРОДУКТ;арахис смотка бирка большие;647;28;51;17;0;;
ПРОДУКТ;арахис сырой;594.5;25.7;46.1;19.2;0;;
ПРОДУКТ;арахисова паста;611;25;49;16;0;;
ПРОДУКТ;ацидофилин 2,7;54;3;2.7;4.4;0;;
ПРОДУКТ;бабкины семечки;581;27;49;8.5;0;;
ПРОДУКТ;банан планто;42;1.2;0.7;7.6;0;;
ПРОДУКТ;барилла песто с руколой на банете;444;4.5;44;6.7;0;;
ПРОДУКТ;барни;119;1.8;4.5;18;0;;
ПРОДУКТ;батон молочный на закваске;278;8.3;2.4;54.9;0;;
ПРОДУКТ;батон семейный;238;7.8;3.1;45;0;;
ПРОДУКТ;батон южный;263;8.2;0.7;56;0;;
ПРОДУКТ;батончик биг 3;219;3.1;12;25;0;;
ПРОДУКТ;батончик натс в сундуком и фисташками;496;5;24;65;0;;
ПРОДУКТ;беллини) со вкусом шампанского и с персиком;534.78;4.78;32.17;56.52;0;;
ПРОДУКТ;белый шоколад Милка;557;3.8;34;59;0;;
ПРОДУКТ;беррак свекла;40;1;0;9;0;;
ПРОДУКТ;биг бон курица;380;6.5;19;46;0;;
ПРОДУКТ;биг ланч;380;7;16.5;51;0;;
ПРОДУКТ;био мак с югорь;666;2.8;2.2;14.2;0;;
ПРОДУКТ;биойогург с персиком;90;3;2.5;13.8;0;;
ПРОДУКТ;бисквит;405;4.1;18;55;0;;
ПРОДУКТ;бисквита закуска;391;8.1;7.2;68;0;;
ПРОДУКТ;бисквиты закуска с какао;391.1;8.6;8.3;65;0;;
ПРОДУКТ;битки из индейки По-скобелевски;240;8;17;14;0;;
ПРОДУКТ;биттер лемон;31;0;0;7.8;0;;
ПРОДУКТ;блинчики с творогом;210.8;6.6;5.7;33.5;0;;
ПРОДУКТ;блины царские;340;9.5;1;71;0;;
ПРОДУКТ;бон пари смотка кислые червячки;342;4.5;0.19;78;0;;
ПРОДУКТ;бон пари фруктовый лед с соком арбуза;87;0.1;0.3;21;0;;
ПРОДУКТ;бон сан груша стекло;55;0;0;6;0;;
ПРОДУКТ;булка Изюминка;310;7;6;57;0;;
ПРОДУКТ;буритос;200.6;11;8.5;20;0;;
ПРОДУКТ;бял хляб стара-загора наряжен 600 г айтос;247;8.13;0.17;53.12;0;;
ПРОДУКТ;ванильное kremareo;480;7;19;70;0;;
ПРОДУКТ;вареная ветчина из индейки;122;12;6;5;0;;
ПРОДУКТ;вареники с картофелем и белыми грибами;226;6;7.5;33.3;0;;
ПРОДУКТ;вареники с сыром сулугуни и шпинатом;213;13.5;4.2;30.3;0;;
ПРОДУКТ;вафли;572;6.4;36.6;54.3;0;;
ПРОДУКТ;вафли «Сливочные;545;5.1;31.2;61.1;0;;
ПРОДУКТ;вафли Коровка вкус Топлёное молоко;532;7.5;30;58;0;;
ПРОДУКТ;вафли С Шоколадной Начинкой;530;6.67;29;60;0;;
ПРОДУКТ;вафли акульчев с ванилином смотка;390;4.5;17;54;0;;
ПРОДУКТ;вафли диабетические;480;11;29;51;0;;
ПРОДУКТ;вафли коломенские с орехом;490;8;24;61;0;;
ПРОДУКТ;вафли коломенский красные;490;5.5;23;65;0;;
ПРОДУКТ;вафли лешник;540.5;4.2;30.9;61.4;0;;
ПРОДУКТ;вафли мляко с какао;552.2;5.2;33;58.6;0;;
ПРОДУКТ;вафли с шоколадной начинкой «витьба;540;4;29;65;0;;
ПРОДУКТ;вафли селга ванилия 90гр;511.4;6.1;27;61;0;;
ПРОДУКТ;вафля газированная хуторок;526;7;30;57;0;;
ПРОДУКТ;верес кукуруза;78;1.8;0.4;15.6;0;;
ПРОДУКТ;верея краве мляко без лактоза 1.5;41.9;3;1.5;4.1;0;;
ПРОДУКТ;вертерс мягкий ирис;464;4.2;20.7;65.6;0;;
ПРОДУКТ;верховье клубника;97.7;3.9;2.9;14;0;;
ПРОДУКТ;вершки 10% Простоквашино;118;3;10;4;0;;
ПРОДУКТ;ветчина рубленая;130;11;10;1;0;;
ПРОДУКТ;ветчина филейная;110;12;5.5;2.1;0;;
ПРОДУКТ;ветчина+сыр;1;1;1;1;0;;
ПРОДУКТ;виола банан;103;3.6;2.6;16.2;0;;
ПРОДУКТ;виола дыня;99;3.89;2.72;14.72;0;;
ПРОДУКТ;воздушная пшиница;330;9;4;64;0;;
ПРОДУКТ;врёшь плитка за хот-дог teams;352;11.9;11.7;46;0;;
ПРОДУКТ;галетти;486;7.4;21;65;0;;
ПРОДУКТ;галеты;370.6;11.2;5;70.2;0;;
ПРОДУКТ;гауда слайсы;357;25;28.6;0;0;;
ПРОДУКТ;геркулес традиционный в пачке;360;12;6;62;0;;
ПРОДУКТ;глазированные вафли;530;5;31;57;0;;
ПРОДУКТ;горох колотый;337;23;2.5;58;0;;
ПРОДУКТ;горох целый шлифованный;310;23;1.5;52;0;;
ПРОДУКТ;гороховый суп с копчёностями;100;6.4;4.9;8.3;0;;
ПРОДУКТ;горчица русская;220;9;11;20;0;;
ПРОДУКТ;горчица французская;125;4.9;4.7;15.7;0;;
ПРОДУКТ;горький шоколад с малиной smart formula;400;8.5;38;16;0;;
ПРОДУКТ;горький шоколад с начинкой truffle mousse;525;6.5;35;46;0;;
ПРОДУКТ;горький шоколад с фисташкой и миндалем;540;7;38;42;0;;
ПРОДУКТ;горячий шоколад эльза жб;443;10;16;62;0;;
ПРОДУКТ;готовый завтрак 1;330;13;5;51;0;;
ПРОДУКТ;гренки бекон и хрен100;444;6.5;24.8;43.6;0;;
ПРОДУКТ;грено сок синя слива ябълка 1085;53;0.4;0;12.4;0;;
ПРОДУКТ;греческий;108;6.3;3;14;0;;
ПРОДУКТ;греческий бк;65;8.5;2;3.3;0;;
ПРОДУКТ;греческий густой йогурт;64;8.7;2;2.8;0;;
ПРОДУКТ;греческий шоколад;85;7;2;9.5;0;;
ПРОДУКТ;гречка камолино;110;4.3;1.2;21;0;;
ПРОДУКТ;гречневая крупа ядрица;345.8;12.6;2.6;68;0;;
ПРОДУКТ;гречневый ляпун;198.7;8.1;1.1;39.1;0;;
ПРОДУКТ;грибной соус гурме;340;0.2;35;6;0;;
ПРОДУКТ;грильяж;513;7.1;24.5;66.6;0;;
ПРОДУКТ;гурманска наденичка майстор цветко;305;20;24;2;0;;
ПРОДУКТ;дамплинги для жарки;203;9.3;10.1;18.7;0;;
ПРОДУКТ;дарницкий хлеб каравай;210;6.5;1;43;0;;
ПРОДУКТ;десерт сирковий Машенька згущене молоко;139.8;7.3;5;16.4;0;;
ПРОДУКТ;детское Молоко с печеньем;73.6;3.2;2.4;9.8;0;;
ПРОДУКТ;джаз коктейль большой на стенде возле корзины распродаж;480;11;28;47;0;;
ПРОДУКТ;джин жёлтый 70;660;27;58;9;0;;
ПРОДУКТ;джин синий 200;660;27;58;9;0;;
ПРОДУКТ;диамант сандвич чабата с пуешко и гауда;248;11.3;7.2;34.39;0;;
ПРОДУКТ;диджонска горчица с мед и балсамико;186.8;6.2;10;18;0;;
ПРОДУКТ;диторино корица;429;5.3;8.9;82;0;;
ПРОДУКТ;добрый 0,5 лайм смотка;19;0;0;4.6;0;;
ПРОДУКТ;добрый апельсин 0,5 смотка;32;0;0;8;0;;
ПРОДУКТ;добрый кола 0,5 смотка;42;0;0;10.6;0;;
ПРОДУКТ;добрый кола ледяной лимон;18;0;0;4.5;0;;
ПРОДУКТ;дошuрак;440;7;18;63;0;;
ПРОДУКТ;драже фундук в молочном шоколаде;570;10;41;43;0;;
ПРОДУКТ;ежедень;270;8;22;11;0;;
ПРОДУКТ;желе яблоко;90;2;0;20;0;;
ПРОДУКТ;заливное из курицы;63;9;3;10;0;;
ПРОДУКТ;зелёная;85;8;17;63;0;;
ПРОДУКТ;зефир с вишней;320;1;0;78;0;;
ПРОДУКТ;изделия макаронные Триколлини спирали;367;15.5;1.3;73.2;0;;
ПРОДУКТ;изделия макаронные группы А высшего сорта #42 спиральки;350;12;1;72;0;;
ПРОДУКТ;изюм;291;2;0.5;71;0;;
ПРОДУКТ;икра из молодых кабачков;110;3;6;10;0;;
ПРОДУКТ;икра с лососем водный мир;388;4;36;10;0;;
ПРОДУКТ;иогурт;100.5;3.9;2.9;14.7;0;;
ПРОДУКТ;ирис яшкино со сливочным вкусом;420;2;8.5;84;0;;
ПРОДУКТ;йогурт;108;7;3.5;13.3;0;;
ПРОДУКТ;йогурт Exguisa с черникой;57;7.4;0.2;5.9;0;;
ПРОДУКТ;йогурт Бабушкина крынка;28.3;1.1;0.83;4.27;0;;
ПРОДУКТ;йогурт Бор Чвор с малиной;59.2;6;2;4.3;0;;
ПРОДУКТ;йогурт Фруате;73;2.8;1.5;12;0;;
ПРОДУКТ;йогурт активиа с виноградом, манго, папайей;86;4.1;2.9;10.8;0;;
ПРОДУКТ;йогурт голубика-лаванда;120;5.7;4.8;13.7;0;;
ПРОДУКТ;йогурт греческий обезжиренный ананас;79.3;8.2;0.1;11.4;0;;
ПРОДУКТ;йогурт злаки отруби;74;3.2;2;10.6;0;;
ПРОДУКТ;йогурт маракуйя мангостин;30.77;1.31;0.96;4.42;0;;
ПРОДУКТ;йогурт натуральный 1.5;48.7;3.6;1.5;5.2;0;;
ПРОДУКТ;йогурт натуральный манго-злаки;83;2.8;1.9;13.7;0;;
ПРОДУКТ;йогурт натуральный состав киви-виноград;85;4;2.5;12;0;;
ПРОДУКТ;йогурт натуральный состав малина-базилик;85;4;2.5;12;0;;
ПРОДУКТ;йогурт натуральный состав манго;85;4;2.5;11.3;0;;
ПРОДУКТ;йогурт натуральный черника- ежевика;81;2.8;1.9;13.1;0;;
ПРОДУКТ;йогурт питьевой epica;55;4;2.9;3.7;0;;
ПРОДУКТ;йогурт со вкусом пломбир и маршмеллоу;86.4;3.3;2;13.8;0;;
ПРОДУКТ;йогурт фруттис клубника стакан 5;120;2.2;5;16;0;;
ПРОДУКТ;йогурт царка земляника;21;0.7;0.88;2.52;0;;
ПРОДУКТ;йогурт царка черника;90;2.8;3.5;12.4;0;;
ПРОДУКТ;кабанос пилешко месо;285;24.4;20.1;1.6;0;;
ПРОДУКТ;каймак Кавказский долгожитель;204;2.5;20;3.4;0;;
ПРОДУКТ;какао белка и стрелка;383;3.2;1.4;89.4;0;;
ПРОДУКТ;какао несквик;379;4.5;3.2;81;0;;
ПРОДУКТ;какао-напиток;380;4.5;2;85;0;;
ПРОДУКТ;какао-напиток быстрого приготовления;390;3;1.5;91;0;;
ПРОДУКТ;какао-порошок фасованный;260;22;11;18;0;;
ПРОДУКТ;какино тане дани;376;4.8;1.1;87.3;0;;
ПРОДУКТ;капуста со свеклой;82;1.4;4.7;7.4;0;;
ПРОДУКТ;карамельно-арахисовые мини-тарты;450;5;23;64;0;;
ПРОДУКТ;кармане Кисле мляко 2;50;3.2;2;4.7;0;;
ПРОДУКТ;картофельные чипсы со вкусом лука и сметаны;550;5.5;37;48;0;;
ПРОДУКТ;картофен чипс reply барбекю;540;6.36;33.4;48.48;0;;
ПРОДУКТ;каховская Xrus team;430;10;14;62;0;;
ПРОДУКТ;каша гречневая;161;9.6;6.9;15.2;0;;
ПРОДУКТ;квас темный;34;0;0;8.6;0;;
ПРОДУКТ;кекс с абрикосовой начинкой;390;5;18;51;0;;
ПРОДУКТ;кетчуп Минский Томатный категория Вторая нестерилизованный с применением консерванта;75;0.5;0;18;0;;
ПРОДУКТ;кетчуп Шашлычный гриль нестерилизованный (с применением консерванта) вторая категория;75;0;0;19;0;;
ПРОДУКТ;кетчуп лечо;100;2.5;0.5;21;0;;
ПРОДУКТ;кефир 2.5 слав;50;3.1;2.5;4;0;;
ПРОДУКТ;кефир SVALYA 3,2;57;3.2;3.2;3.9;0;;
ПРОДУКТ;кефир muller;46;3.4;1.5;4.1;0;;
ПРОДУКТ;кефир Эконива;56.8;3;3.2;4;0;;
ПРОДУКТ;кефир вологодский 2,5;50;3;2.5;4;0;;
ПРОДУКТ;кефир ммз;60;3.1;3.3;4;0;;
ПРОДУКТ;кефир славян;55;3.1;3.2;4;0;;
ПРОДУКТ;кисле мляко ОЛИМПУС;124;5;10;3.5;0;;
ПРОДУКТ;клубника ммз йогурт;80;3.3;1.5;13.6;0;;
ПРОДУКТ;клубника перетертая;36;0.8;0.4;7.3;0;;
ПРОДУКТ;клубничный рулет 309гр снять 12 02 во вторник на кондитерские где фрукты;340;4.5;8.5;60;0;;
ПРОДУКТ;козинак арахис с мёдом;477;18.7;30.1;32.1;0;;
ПРОДУКТ;козинак кунжут арахис;485;14.3;25.1;52.5;0;;
ПРОДУКТ;козинак лён кунжут арахис;468;16.3;31.3;30.2;0;;
ПРОДУКТ;козинаки тимоша смотка;550;13;36;43;0;;
ПРОДУКТ;козунак с сусам;265.5;5.8;1.5;57.2;0;;
ПРОДУКТ;кокосовая стружка «эконом;720;7;68;20;0;;
ПРОДУКТ;кокосовой яшкино;490;6;27;55;0;;
ПРОДУКТ;колбаса;413;20;36;1.5;0;;
ПРОДУКТ;колбаса вареная докторская куриная;251;9;23;2;0;;
ПРОДУКТ;колбаса вареная докторская с мясом индейки;191;12;15;2;0;;
ПРОДУКТ;колбаса говяжья;161;9;13;2;0;;
ПРОДУКТ;колбаса докторская по-стародворски;157;10;13;0;0;;
ПРОДУКТ;колбаса ливерная с телячей печенью;373;13.9;35.2;1;0;;
ПРОДУКТ;колбаса п/к Краковская;461;14;45;0;0;;
ПРОДУКТ;коленские;500;6.5;24;65;0;;
ПРОДУКТ;колла оригинал;42;0;0;10.6;0;;
ПРОДУКТ;коммунарка клубничная нуга смотка;470;3.5;21;69;0;;
ПРОДУКТ;коммунарка трюфель;560;4;36;52;0;;
ПРОДУКТ;консервы мясные кусковые стеризованные свинина тушеная Нежная;370;7;38;0;0;;
ПРОДУКТ;контик со сгухой маленький;490;5.5;24;62;0;;
ПРОДУКТ;конфемиллио клубника банан;350;1.5;7.5;69;0;;
ПРОДУКТ;конфета Спартак с коньяком;467;3.5;25.5;58.1;0;;
ПРОДУКТ;конфеты вафельные диабетика;490;9;31;42;0;;
ПРОДУКТ;конфеты неглазированные трюфель без сахара;510;6.5;40;15;0;;
ПРОДУКТ;конфеты себе любимой со вкусами сливки , крем-шоколад , трюфель классический , сливочный орех;550;6;37;48;0;;
ПРОДУКТ;конфеты селекция люкс;565;6.6;37;50;0;;
ПРОДУКТ;конфеты таблетированные 'Декстро4' классические;396;0;0;99;0;;
ПРОДУКТ;копчёная стружка кальмара;305;70;1.9;2.1;0;;
ПРОДУКТ;копчёные перепелиные;170;12;13;0.2;0;;
ПРОДУКТ;коржик восточный;517.4;7.2;25.8;64.1;0;;
ПРОДУКТ;корнерсы;405;8.5;10;71;0;;
ПРОДУКТ;корнишоны 720мл домашние секреты;12;0;0;3;0;;
ПРОДУКТ;котлета по-пожарски с печеным бэби картофелем и грибным соусом;214;11.6;11.8;15.2;0;;
ПРОДУКТ;котлеты Ароматные охлажденные;227;12;17;6.5;0;;
ПРОДУКТ;котлеты Пожарские замороженные;156.2;18.1;5.8;7.9;0;;
ПРОДУКТ;котлеты из грудки;288;15.5;24;2.5;0;;
ПРОДУКТ;котлеты к ужину;180;16;12;2;0;;
ПРОДУКТ;котлеты орловские;114;14.6;3.9;5.1;0;;
ПРОДУКТ;котлеты《Сливочные》из филе грудки;200;14;15;2;0;;
ПРОДУКТ;крабовое мясо;90;4.2;0;18.1;0;;
ПРОДУКТ;красная цена масло крестьянское;660;1;72.5;1.4;0;;
ПРОДУКТ;красная чечевица;350;26;2;57;0;;
ПРОДУКТ;креветки панировка;170;10;6;18;0;;
ПРОДУКТ;крекер янтарный с солью;442;8.3;17.3;61.9;0;;
ПРОДУКТ;крем сир з зеленню;201.7;12;15;6.3;0;;
ПРОДУКТ;крем сырный Олимпус;92;11;4;3;0;;
ПРОДУКТ;кренвирши КФМ Виенски чиста храна 6146;284.1;11.6;25.3;2.5;0;;
ПРОДУКТ;крендели с солью;390;10;7;71;0;;
ПРОДУКТ;круассан черешня 7 days 60 г;411;5.1;21;48;0;;
ПРОДУКТ;крум мушев луканка слайс 90 г 6233;395;23.3;32.5;2.2;0;;
ПРОДУКТ;крупа гречневая Агро альянс;110;3.4;0.6;22;0;;
ПРОДУКТ;крупа гречневая ядрица быстроразваривающаяся (пропаренная), первый сорт;350;13;2.5;68;0;;
ПРОДУКТ;крупа манная;326;11.3;0.7;77.3;0;;
ПРОДУКТ;крупа пшено шлифованное сорт первый;342;11.5;3.3;66.5;0;;
ПРОДУКТ;крупа ячменная перловая;320;10;1.5;67;0;;
ПРОДУКТ;крупа ячменная ячневая;324;10;1.3;68;0;;
ПРОДУКТ;кубети кубз сладка царевица;456;9.4;15;68;0;;
ПРОДУКТ;кукурудзяне печиво;465.1;5.8;19.1;67.5;0;;
ПРОДУКТ;кукуруза сахарная;80;3;1;13;0;;
ПРОДУКТ;кукурузные палочки кузя большие коробка в загашнике;510;4;23;72;0;;
ПРОДУКТ;кукурузные палочки яблоко клубника;345;6;1;78;0;;
ПРОДУКТ;курага (абрикос сушенный;291.7;4.6;0.5;67.2;0;;
ПРОДУКТ;куриные яйца;156;12.7;11.4;0.8;0;;
ПРОДУКТ;куриный суп лапша;99;4;5;10;0;;
ПРОДУКТ;лаваш оригинальный;290;8;4;47;0;;
ПРОДУКТ;лапша б/п жгучая курица BULDAK;406.9;11.03;13.1;60.69;0;;
ПРОДУКТ;лапша яичная;350;12;1;72;0;;
ПРОДУКТ;лейс краб смотка большие;520;6;32;53;0;;
ПРОДУКТ;лейс паприка смотка большая;530;6.5;32;53;0;;
ПРОДУКТ;лейс рёбрышки гриль смотка;520;6;32;53;0;;
ПРОДУКТ;лейс стейк рибай с соусом;530;6.5;32;52;0;;
ПРОДУКТ;лепешка пшеничная мексиканская;242;6.5;3.8;48.4;0;;
ПРОДУКТ;лесной орех 🌰 сникерс;506.17;10.62;27.9;47.65;0;;
ПРОДУКТ;лечо;66.92;0;0;17;0;;
ПРОДУКТ;лобио из красной фасоли с грецким орехом;119;4.72;4.72;14;0;;
ПРОДУКТ;лото чипс чили;511;8.1;28;53;0;;
ПРОДУКТ;луканка колбасо слайс 0069;474;18.06;43.92;1.62;0;;
ПРОДУКТ;лунза;103;21;1.7;1;0;;
ПРОДУКТ;лёгкий йогурт SIMPLE;65;4.5;1.2;9;0;;
ПРОДУКТ;лёгкий йогурт с ванилью, злаками, отрубями, льном;100;4.7;1.7;9.1;0;;
ПРОДУКТ;м&мс с молочным шоколадом;477.78;4.4;18.5;71.6;0;;
ПРОДУКТ;мажитэль;47;0.5;0.04;11.1;0;;
ПРОДУКТ;майда бабаэвски;478;5;24;58;0;;
ПРОДУКТ;майонез оливковый слобода зелёный маленький;620;0.3;67;3;0;;
ПРОДУКТ;майонез провансаль сдобри;615;0.5;67;2.5;0;;
ПРОДУКТ;майонез провансаль слобода оранжевый маленький;612;0.4;67.2;2;0;;
ПРОДУКТ;майонез сливочно-чесночный;461;0;50.5;1.5;0;;
ПРОДУКТ;майонез слобода провансаль 67;611;0.6;67;2.6;0;;
ПРОДУКТ;майонез столовий;615.4;0.1;67;3;0;;
ПРОДУКТ;майонез я люблю готовить;610;0.4;67;2.3;0;;
ПРОДУКТ;мак;600;18;42;28;0;;
ПРОДУКТ;макадамия;718;8;76;14;0;;
ПРОДУКТ;макаронные изделия spiraline макароны паста;358;12;1.3;73;0;;
ПРОДУКТ;макаронные изделия вермишель #21 яичные;340;11;2;70;0;;
ПРОДУКТ;макаронные изделия из твёрдых сортов пшеницы. вермишель длинная (спагетти;350;13;0.9;71.5;0;;
ПРОДУКТ;макароны фусили спираль;330;15;0.5;62;0;;
ПРОДУКТ;малина груша коломенское;110;2.8;5;14;0;;
ПРОДУКТ;манная круппа;333.33;11.11;0;71.11;0;;
ПРОДУКТ;маринованная капуста;25;0.8;0.01;5.1;0;;
ПРОДУКТ;мармелад клюква в сахаре;235.5;0;0;58.8;0;;
ПРОДУКТ;мармеладные палочки в шоколаде;391;1.25;10.9;69.7;0;;
ПРОДУКТ;масло Zemaitios;746;0.8;82;1.1;0;;
ПРОДУКТ;масло льняное нерафинированное прессовое;900;0;99.9;0;0;;
ПРОДУКТ;масло оливковое extra virgin;824;0;91.6;0;0;;
ПРОДУКТ;масло подсолнечное;900;0;100;0;0;;
ПРОДУКТ;масло подсолнечное рафинированное дезодорированное вымороженное первый сорт GOLDEN;900;0;99.9;0;0;;
ПРОДУКТ;масло подсолнечное рафинированное дезодорированное вымороженное. первый сорт;899;0;99.9;0;0;;
ПРОДУКТ;масло сладкосливочное несоленое Брест-Литовск 82,5% высший сорт;747.7;0.5;82.5;0.8;0;;
ПРОДУКТ;масло сладкосливочное несоленое Крестьянское 72,5;660;1;72.5;1.4;0;;
ПРОДУКТ;масло сладкосливочное традиционное васильково;748;0.6;82.5;0.8;0;;
ПРОДУКТ;масло сливочное Кремлевское;660;1;72.5;1.5;0;;
ПРОДУКТ;масло сливочное крестьянское несоленое;660;1;72.5;1.4;0;;
ПРОДУКТ;маффин с клубникой русский бисквит;121;2;14;25;0;;
ПРОДУКТ;махеев кимло сладкий;93;0.2;0;23;0;;
ПРОДУКТ;медовый смузи с лимоном и имбирём;310;0;0;79;0;;
ПРОДУКТ;меренга;363;7.7;17.2;44.5;0;;
ПРОДУКТ;меренги классические;370;7.5;0;84;0;;
ПРОДУКТ;мерси зелёный смотка;571;9.6;37.4;47.2;0;;
ПРОДУКТ;микс шоколадки зоо;529;7.2;30;56;0;;
ПРОДУКТ;милка лила стикс;505.02;7.7;24;63;0;;
ПРОДУКТ;милка нежная зима;539;6.1;31;58;0;;
ПРОДУКТ;милка пористый;557;7.6;35;51;0;;
ПРОДУКТ;милка экстра како;560;7.33;36;47.33;0;;
ПРОДУКТ;миндаль планто;25;0.4;1.2;3;0;;
ПРОДУКТ;миндаль сырой;280;11;36;26;0;;
ПРОДУКТ;мишки в лесу батончик;520;6.5;30;57;0;;
ПРОДУКТ;молоко 1.5 % васильково;45;3;1.5;4.7;0;;
ПРОДУКТ;молоко ПРЕЗИДЕНТ ЛАИТ;64;3.2;3.6;4.8;0;;
ПРОДУКТ;молоко безлактозное parmalat comfort;47;3;1.8;4.7;0;;
ПРОДУКТ;молоко вологодское 3,2;60;3;3.2;4.7;0;;
ПРОДУКТ;молоко ласт MEGGLE;48;3.4;1.5;4.9;0;;
ПРОДУКТ;молоко питьевое пастеризованное 1.5;44.3;3;1.5;4.7;0;;
ПРОДУКТ;молоко питьевое пастеризованное 2.5;53;3;2.5;4.7;0;;
ПРОДУКТ;молоко питьевое ультрапастеризованное 3,2;60;3.1;3.2;4.7;0;;
ПРОДУКТ;молоко простоквашино 3.2;60;3.1;3.2;4.7;0;;
ПРОДУКТ;молоко цельное питьевое пастеризованное 3.6-4% жирности;63;3;3.6;4.7;0;;
ПРОДУКТ;молоко цельное сгущеное с сахаром;320;7.2;8.5;56;0;;
ПРОДУКТ;молочко;60;3;3.2;4.7;0;;
ПРОДУКТ;молочный коктейль GRAND COCKTAIL;100;4;2.8;13.8;0;;
ПРОДУКТ;молочный коктейль Parmalat;69;3;1.5;10.8;0;;
ПРОДУКТ;молочный коктель клубника;67;2.78;2.01;9.57;0;;
ПРОДУКТ;молочный шок.с орехами;534;6;30;58;0;;
ПРОДУКТ;мороженое молочное в вафельном стаканчике;158;5.4;4;25.1;0;;
ПРОДУКТ;мороженое пломбир Бородино во взбитой шоколадной глазури;350;3.5;28;22;0;;
ПРОДУКТ;мороженое радуга;200;3.9;12;19.7;0;;
ПРОДУКТ;мороженое с заменителем молочного жира ванильное в вафельном стаканчике «Женечка;164.2;4.1;6;23.5;0;;
ПРОДУКТ;мороженое тюменский пломбир пломбир шоколадный в вафельном стаканчике;243;4.7;14.5;23.5;0;;
ПРОДУКТ;мороженое эйфория маскарпоне голубика;238;2.8;11.9;23.9;0;;
ПРОДУКТ;моти малиновый чизкейк;300;3.48;17.09;33.1;0;;
ПРОДУКТ;моцарелла pretto в заливке;237;16;18;2.9;0;;
ПРОДУКТ;мсало лсивочное;662;1;72.5;1.4;0;;
ПРОДУКТ;мука пшеничная 1 сорт;326;10.6;1.3;67.9;0;;
ПРОДУКТ;мюсли с клубникой и мёдом;404.3;8.2;13.5;62.5;0;;
ПРОДУКТ;мюсли яблоко;327;5;7;61;0;;
ПРОДУКТ;мюсли ягодные, хрустящие, запеченные;350;9.25;9.75;45.25;0;;
ПРОДУКТ;мягкие вафли с суфле и карамелью шарлиз;435;5;23;52;0;;
ПРОДУКТ;мягкий сливочный сыр а ла каймак;240;6.1;23.5;1.1;0;;
ПРОДУКТ;мясо мидий;70;10.5;1.5;3.1;0;;
ПРОДУКТ;мяфли смотка;480;7;28;50;0;;
ПРОДУКТ;на здоровье! хлопья кукурузные;390;6.5;1;89;0;;
ПРОДУКТ;напиток МОЛОКО содержащий с заменителем молочного жира % 3,2;59;2.6;3.2;5.2;0;;
ПРОДУКТ;напиток сыв. Село зелёное;44;0.4;0;10.5;0;;
ПРОДУКТ;напиток сывороточно-молочный Мажитэль вкус клубника;52;0.5;0.04;12.5;0;;
ПРОДУКТ;натс;496.67;5.33;24;63.33;0;;
ПРОДУКТ;натуральный биойогурт;85;3.2;2;13.6;0;;
ПРОДУКТ;натуральный биойогурт, с черникой и 5 злаками;95;4.1;2.9;13;0;;
ПРОДУКТ;не молоко овсяное классическое;60;1;3.2;6.5;0;;
ПРОДУКТ;нежные крабовые палочки;87;9.33;0.5;11.2;0;;
ПРОДУКТ;нектар яблоко осветленный;45;0;0;11;0;;
ПРОДУКТ;нутрино лаб ябълка, банан, овес, какао 3675;80;1.6;0.9;15;0;;
ПРОДУКТ;обжаренаная килька;138;7.5;7;12;0;;
ПРОДУКТ;овощная смесь;60;2.7;0.2;11.9;0;;
ПРОДУКТ;овсяная недробленая 1 сорт;350;13;6;60;0;;
ПРОДУКТ;овсяное классическое;60;1;3.2;6.5;0;;
ПРОДУКТ;овсяные крекеры с кунжутом и чиа;450;8.5;23;50;0;;
ПРОДУКТ;оливки Либерия в стб все виды;175;1.1;19;0;0;;
ПРОДУКТ;оливки с ароматом голубого сыра;160;1;17;0.1;0;;
ПРОДУКТ;онега;575;5.5;41;46;0;;
ПРОДУКТ;оптималь;70.4;2.9;2;10.2;0;;
ПРОДУКТ;оптималь клубника;70.4;2.9;2;10.2;0;;
ПРОДУКТ;орбит баблминт;143;0;0;59.6;0;;
ПРОДУКТ;орбит нежная мята;145;0;0;60.4;0;;
ПРОДУКТ;орбит сочный арбуз;167;0;0;68;0;;
ПРОДУКТ;орех грецкий;654;15.2;65.2;13.7;0;;
ПРОДУКТ;орех грецкий очищенный;654;15;65;7;0;;
ПРОДУКТ;орехите сушеница слайс 2886;355;28;26;1.2;0;;
ПРОДУКТ;орешки в глазури;470.84;11;20;61;0;;
ПРОДУКТ;орешки с сгущенкой;450;6.2;21;59;0;;
ПРОДУКТ;отруби овсяные;380;9;4;77;0;;
ПРОДУКТ;п/ф Картофель очищенный;76.8;2;0.4;16.3;0;;
ПРОДУКТ;парижская бриошь;236;5;4.2;46.6;0;;
ПРОДУКТ;паста кокосовая;693;13;65;14;0;;
ПРОДУКТ;пастила яблоко;310;0.5;0.5;78;0;;
ПРОДУКТ;пастилки облепиховые;243;1;3;53;0;;
ПРОДУКТ;паштет с гусиной печенью;240;6;22;4.5;0;;
ПРОДУКТ;паэлья с креветкой и мидией;130;7.5;5;14;0;;
ПРОДУКТ;пельмени гордость сибири;307.3;8.7;17.7;28.3;0;;
ПРОДУКТ;пельмени домашние традиции мясной дворик халяль;280;12;13;29;0;;
ПРОДУКТ;пельмени мясорубские;280;12;12;30;0;;
ПРОДУКТ;пельмени с отборной говядиной;220;8;9;28;0;;
ПРОДУКТ;пельмени с телятиной;291.8;9.3;17;25.4;0;;
ПРОДУКТ;пельмени сибирские;223.86;9.46;17.22;24.92;0;;
ПРОДУКТ;пельмени сочные с курочкой;198.4;9.5;6;26.6;0;;
ПРОДУКТ;перец красный сладкий;27;1.3;0.1;5.3;0;;
ПРОДУКТ;печень и икра минтая;161;11;12.6;1.1;0;;
ПРОДУКТ;печенье ОРЕО в молочке;517;5.2;35;44;0;;
ПРОДУКТ;печенье ОРЕО классик;474;5.4;19;68;0;;
ПРОДУКТ;печенье байоки;510;8;26;59;0;;
ПРОДУКТ;печенье ванильное;487;5.5;21;69;0;;
ПРОДУКТ;печенье вареная сгущенка;456;6.9;17.6;66.3;0;;
ПРОДУКТ;печенье детское когда я вырасту;400;8;7.5;75;0;;
ПРОДУКТ;печенье детское с грушовым соком;399;6.1;10.7;65;0;;
ПРОДУКТ;печенье затяжное весёлая зоология;433;8;13;71;0;;
ПРОДУКТ;печенье на фруктозе с начинкой Черника;380;4;12;64;0;;
ПРОДУКТ;печенье овсяное «виктория;426;5.2;15.8;66.9;0;;
ПРОДУКТ;печенье овсяное с семенами льна, кунжута, подсолнечника;74.9;1.2;2.5;11.4;0;;
ПРОДУКТ;печенье с глазурью карусели. сладкий сказ;500;7.14;20.7;65;0;;
ПРОДУКТ;печенье с молоком;454;7.4;16.5;69;0;;
ПРОДУКТ;печенье сахарное с какао и начинкой с ароматом ванили;460;6;19;67;0;;
ПРОДУКТ;печенье сдобное кунжутное местное известное;500;11;31;45;0;;
ПРОДУКТ;печенье твикс бисквит;504;5.4;25;64;0;;
ПРОДУКТ;печенье творожное;342;8.7;16.3;38.3;0;;
ПРОДУКТ;печенья мультик злаковое;417;7.5;13;67.5;0;;
ПРОДУКТ;пиица с ветчиной и грибами;250;9.5;13;23;0;;
ПРОДУКТ;пирамидка сириус;578;18;42;32;0;;
ПРОДУКТ;пирог мясной;262.8;12.6;12.8;24.3;0;;
ПРОДУКТ;пирожное профитроль пломбирный;244.8;3.9;10.4;31.4;0;;
ПРОДУКТ;пирожное с вишнёвой начинкой на вафле;379;6;22.2;38.8;0;;
ПРОДУКТ;питьевое МОЛОКО 3.2 % м. д. ж. С СОБСТВЕННОЙ ФЕРМЫ по ГОСТу 31450-2013;60;3;3.2;4.7;0;;
ПРОДУКТ;плавленый сыр;290.6;9.8;25.8;4.8;0;;
ПРОДУКТ;пломбир в вафельном стаканчике;247;5;15.1;22.9;0;;
ПРОДУКТ;пломбир натуральный в рожке;285.61;4.9;15.5;31.7;0;;
ПРОДУКТ;подправка за супа с тамаринд mama sitas;183;8.3;0;38;0;;
ПРОДУКТ;подушачки;480;6;20;69;0;;
ПРОДУКТ;подушечки со вкусом карамели;440;7;19;61;0;;
ПРОДУКТ;полуфабрикаты из мяса птицы рубленые, форменные, панированные, замороженные, фасованные, котлеты Рубатки Классические;131;10.9;8.2;3.3;0;;
ПРОДУКТ;приправа сухая «карри;280;11;13;33;0;;
ПРОДУКТ;продукт йогуртный пастеризованный с нектарином и диким апельсином ALPENLAND. Фруктовый;80;2.7;0.3;16;0;;
ПРОДУКТ;протеиновая печенька кукис шоколад;281.67;31.67;13.17;9;0;;
ПРОДУКТ;протеиновый батончик;308.33;33.33;8.5;41.33;0;;
ПРОДУКТ;протеиновый батончик кокс;418;20;18;44;0;;
ПРОДУКТ;пряник вишня;400;4;12;69;0;;
ПРОДУКТ;пряники «Витебские» заварные глазированные;335;6.1;1;75.4;0;;
ПРОДУКТ;пряность «куркума молотая;290;8;10;44;0;;
ПРОДУКТ;прясно мляко домлян 3.6;64;3.3;3.6;4.6;0;;
ПРОДУКТ;птица охдажденная;534;21;50;0;0;;
ПРОДУКТ;птица счастья вафельная конфета с начинкой из тертого миндаля в сливочном шоколаде;530;7;30;57;0;;
ПРОДУКТ;путассу янтраная сушенная;270;41;1;25;0;;
ПРОДУКТ;пшеничная крупа;346;12;1;70;0;;
ПРОДУКТ;пюре нестле яблоко смотка;67.78;0.33;0.11;16.11;0;;
ПРОДУКТ;пюре ролтон сухарики оранжевая;370;6.5;8.5;66.5;0;;
ПРОДУКТ;радуга рожок;250;4.7;10.6;33.9;0;;
ПРОДУКТ;разбуди молоко;417;5.9;2.6;88;0;;
ПРОДУКТ;разрыхлитель для теста;120;4;0.6;25;0;;
ПРОДУКТ;разрыхлитель для теста комплексная пищевая добавка СПЕЦ;160;5;0.5;34;0;;
ПРОДУКТ;рафаэлло по 293р;627;7.4;48.3;38.6;0;;
ПРОДУКТ;рахат лукум ароматный;368;0;0;92;0;;
ПРОДУКТ;риет из горбуши и кеты;255;19;19;2;0;;
ПРОДУКТ;рикота баланс;80;6;4;4;0;;
ПРОДУКТ;рис (белый;341;7.4;0.5;77;0;;
ПРОДУКТ;рис басмати отварной;158;3.33;3.33;28.7;0;;
ПРОДУКТ;рис длиннозерный азиатский;333;7;1;74;0;;
ПРОДУКТ;рис красный;200;3;0;45;0;;
ПРОДУКТ;рис кубанский;330;6.5;0.5;75;0;;
ПРОДУКТ;риттер;556;7.4;35;52;0;;
ПРОДУКТ;рогачев;748;0.6;82.5;0.8;0;;
ПРОДУКТ;рошен Борис фрукт желейки;330;0.1;0;81.2;0;;
ПРОДУКТ;рошен вафли шоколад;390;5;23;41;0;;
ПРОДУКТ;рошен дарк шоколад;539;5.3;33.4;50;0;;
ПРОДУКТ;рошен ловить малина;381;3;10;70.6;0;;
ПРОДУКТ;рулет 7 дейс шоколад;390;4.5;14;60;0;;
ПРОДУКТ;рулет бисквитный «Alestino» с «варёной сгущёнкой;420;3.5;17;62;0;;
ПРОДУКТ;рулет с ванилью;307;6.9;5.5;55.9;0;;
ПРОДУКТ;рулет сгуха 300гр;340;4.5;9.5;59;0;;
ПРОДУКТ;рулет яшкино со сгухой смотка;360;5.5;11;60;0;;
ПРОДУКТ;рулём из говядины копчено-вареный;120;10;8;2;0;;
ПРОДУКТ;рыбное кулинарное изделие. крем-паста из тресковых рыб с креветкой сливочная охлаждённая;345;5;30;6;0;;
ПРОДУКТ;рыбные палочки а панировке;210;11;9.5;20;0;;
ПРОДУКТ;сава;83.5;2.9;2;13.5;0;;
ПРОДУКТ;савешкин;96.2;10;5;2.8;0;;
ПРОДУКТ;сады кубани 2л;45;0;0;11.2;0;;
ПРОДУКТ;сардельки докторские;223;12;19;1;0;;
ПРОДУКТ;сардельки дым дымыч домашние с говядиной;150;11;10;4;0;;
ПРОДУКТ;свинина тушеная;226;16;18;0;0;;
ПРОДУКТ;свински бут варено-пушен слайс деликатес;104;16.7;3.3;1.8;0;;
ПРОДУКТ;святой-источник;10;0;0;2.5;0;;
ПРОДУКТ;сгущенка;150;2.5;7.5;20;0;;
ПРОДУКТ;сгущенное молоко без сахара;215;6.1;13.7;16.7;0;;
ПРОДУКТ;семена подсолнечника неочищенные (подсушенные;573;20.7;53;3.4;0;;
ПРОДУКТ;семена чиа Националь;503;20.4;30.4;37;0;;
ПРОДУКТ;семечки Белочка XL;660;27;58;9;0;;
ПРОДУКТ;семечки подсолнечника солёные;660;26.5;59.6;4.4;0;;
ПРОДУКТ;сервировочная нарезка окорок отборный;130;12;8;2;0;;
ПРОДУКТ;сибирские пельмени;231;10;11;23;0;;
ПРОДУКТ;сирине краве нискомаслено домлян;201;18;14;0.8;0;;
ПРОДУКТ;скин протеин;63;11;0.2;4.3;0;;
ПРОДУКТ;скир протеин боровинка;63;11;0.2;4.3;0;;
ПРОДУКТ;скитлз;405;0;4.2;91;0;;
ПРОДУКТ;сладкий чили;180;0.3;0.2;44;0;;
ПРОДУКТ;слевки;320;6.5;8.5;54.5;0;;
ПРОДУКТ;сливки сгущеные с сахаром 19;383;6;19;47;0;;
ПРОДУКТ;сливочное масло бурёнкин луг;660;1;72.5;1.4;0;;
ПРОДУКТ;сливочные;211;10;19;0;0;;
ПРОДУКТ;слобода;899;0;99.9;0;0;;
ПРОДУКТ;смесь из овощей «неаполь;16;1.5;0.2;2;0;;
ПРОДУКТ;смесь овощная «Итальянская;23.6;1;0.3;4.2;0;;
ПРОДУКТ;сметана 12;136;3;12;4;0;;
ПРОДУКТ;сметана Галичина;159;3;15;3;0;;
ПРОДУКТ;сметана Мадета;296;2.3;31;3;0;;
ПРОДУКТ;сметана ОЛИМПИК;202;2.9;20;2.5;0;;
ПРОДУКТ;сметана Сарафанов 15;163;2.9;15;4;0;;
ПРОДУКТ;сметана Сваля;222;2.7;22;3.4;0;;
ПРОДУКТ;сметана домик в деревне 20;204;2.5;20;3.4;0;;
ПРОДУКТ;сметана простоква;204;2.5;20;3.4;0;;
ПРОДУКТ;снакс lil baby in 3199;538;7.1;32;52;0;;
ПРОДУКТ;снежок 3,2;84;2.8;3.2;11;0;;
ПРОДУКТ;снек из индейки;310;35;16;6;0;;
ПРОДУКТ;сникерс супер больше арахиса;521;10.2;29.8;52.2;0;;
ПРОДУКТ;советские традиции ваниль;415;7.4;27.9;33.6;0;;
ПРОДУКТ;соевый соус тай со классический смотка стекло;52;2;0;11;0;;
ПРОДУКТ;сок;48;0;0;12;0;;
ПРОДУКТ;сок J7 Цитрус;40;0;0;9.5;0;;
ПРОДУКТ;сок ДОБРЫЙ яблоко-персик;44;0;0;11;0;;
ПРОДУКТ;сок Сочная долина яблоко;40;0;0;10;0;;
ПРОДУКТ;сок джей севен смотка яблоко;40;0;0;10;0;;
ПРОДУКТ;сок добрый 0,2 яблочный;38;0;0;9.5;0;;
ПРОДУКТ;сок куинс касис;47;0;0;11;0;;
ПРОДУКТ;сок сады придонья яблочный прямого отжима;44;0;0;11;0;;
ПРОДУКТ;сок томатный;20;1;0;4;0;;
ПРОДУКТ;сок яблочно-персиковый с мякотью восстановленный;46;0;0;11.5;0;;
ПРОДУКТ;соломка с солью;346;10.5;4;67;0;;
ПРОДУКТ;соломка сладкая;380;10;5;73;0;;
ПРОДУКТ;солёные палочки;390;11;6;73;0;;
ПРОДУКТ;сос алиоли HEINZ;683;1.3;74;3.2;0;;
ПРОДУКТ;сос чеснов HAINZ;371;1.9;35;11;0;;
ПРОДУКТ;сосиски Зел.лин легкость;122.8;16.2;4.8;3.7;0;;
ПРОДУКТ;сосиски казанские;115.56;11.11;3.11;11.11;0;;
ПРОДУКТ;сосиски молочные из индейки;364;23.6;29.1;1.82;0;;
ПРОДУКТ;сосиски ретро;285;17;23;3.6;0;;
ПРОДУКТ;сосиски три поросенка;280;11;25;10;0;;
ПРОДУКТ;соус горчичный;151;2.5;4.9;24;0;;
ПРОДУКТ;соус для болоньезе;45;1;0.2;10;0;;
ПРОДУКТ;соус часниковий;357;0.6;35.5;8.5;0;;
ПРОДУКТ;станция;135;8.69;3.85;16.31;0;;
ПРОДУКТ;стрипсы в хрустящей панировке;172;16.5;8;8.5;0;;
ПРОДУКТ;строчек ПРЕЗИДЕНТ Natur;240;9;19.5;7;0;;
ПРОДУКТ;сублимированная клубника;387.8;4.7;1;90;0;;
ПРОДУКТ;сублимированные конфеты;200;3;0;0;0;;
ПРОДУКТ;суворовская каша;340;14;3;61;0;;
ПРОДУКТ;суп Гороховый сухой;350;18;5;58;0;;
ПРОДУКТ;суп грибной с овощами;100;2.5;3;15;0;;
ПРОДУКТ;суп-пюре с чечевицей;360;24;2;61;0;;
ПРОДУКТ;суфле;392.5;6;19.3;48.7;0;;
ПРОДУКТ;суфле Ворожея с ароматом ванили в кондитерской глазури;310;2.6;8;56.9;0;;
ПРОДУКТ;сухарики пшеничные со вкусом сметаны и лука;400;9.5;6.5;77;0;;
ПРОДУКТ;сухой завтрак;370;6.5;1;82;0;;
ПРОДУКТ;сушеное манго;319;2.45;1.18;76.18;0;;
ПРОДУКТ;сушки кукурузные;420;14;1;89;0;;
ПРОДУКТ;сыр Goya;381.93;31;20;1.4;0;;
ПРОДУКТ;сыр SEKTOR;220;12;16;7;0;;
ПРОДУКТ;сыр Моцарела HOCHLAND;307;24;23;1;0;;
ПРОДУКТ;сыр Финский Брест литовск;308;23;24;0;0;;
ПРОДУКТ;сыр бутербродный NEGGGLE TOAST;275;16;19;10;0;;
ПРОДУКТ;сыр воздушный;216;6;20;3;0;;
ПРОДУКТ;сыр дружба;280.5;12.5;25;1.6;0;;
ПРОДУКТ;сыр кантри;365;24;29;1;0;;
ПРОДУКТ;сыр класика;287;4.5;25.1;5;0;;
ПРОДУКТ;сыр копчёной косичка;352;25;28;0;0;;
ПРОДУКТ;сыр плавленный;305;11;28;2.3;0;;
ПРОДУКТ;сыр плавленый Сливочный PRESIDENT 45;204;7.8;17;5;0;;
ПРОДУКТ;сыр полутвердый башкирский медовый;353;23;29;0;0;;
ПРОДУКТ;сыр президент в большой банке сливочный;230;8.5;18;8.5;0;;
ПРОДУКТ;сыр сав. 5;65;9.06;2.78;0.83;0;;
ПРОДУКТ;сыр творожный hochland;233;6.1;21.3;4.2;0;;
ПРОДУКТ;сыр твёрдый GRAN MORAVIA;378;31;28;0.6;0;;
ПРОДУКТ;сыр тертый;340.1;26.3;26.19;0;0;;
ПРОДУКТ;сырники творожные;205;14;5;26;0;;
ПРОДУКТ;сырный крем;362;0.43;0.25;89.2;0;;
ПРОДУКТ;сырок аленка;357.8;7;23;30.7;0;;
ПРОДУКТ;сырок глазированный со вкусом ванили;384;7.3;24.7;33;0;;
ПРОДУКТ;сырок глпзированный Светаево;285.5;10;11.1;36.4;0;;
ПРОДУКТ;сырок молочная речка в морозилке кокос и банан;408;7;28;32;0;;
ПРОДУКТ;сырок с ромом;357.5;7.9;18.3;40.3;0;;
ПРОДУКТ;сырок творожный глазированный с ванилью в темном шоколаде Б.Ю.Александров;410;8.5;29;29;0;;
ПРОДУКТ;сырок творожный с ванилью, 45г;420;7.5;26;40;0;;
ПРОДУКТ;сырок топ;363.2;8;23.2;30.6;0;;
ПРОДУКТ;таорог мягкий;130;8;10;2;0;;
ПРОДУКТ;твикс экстра;494;3.9;24;65.4;0;;
ПРОДУКТ;твистер;470;9.5;18;66;0;;
ПРОДУКТ;творог 1;86;18;1;1.3;0;;
ПРОДУКТ;творог 15;205;14;15;4;0;;
ПРОДУКТ;творог 5;120;16;5;3.5;0;;
ПРОДУКТ;творог Литовский9;160;16;9;3.5;0;;
ПРОДУКТ;творог груша+персик;100;7.2;3.5;9.2;0;;
ПРОДУКТ;творог домик;91;7.9;5;3.6;0;;
ПРОДУКТ;творог зернистый;130;14;6;5;0;;
ПРОДУКТ;творог сав 700гр;117;16.5;5;1.5;0;;
ПРОДУКТ;творог твой смак Piatnica;243;6;23;3;0;;
ПРОДУКТ;творожная масса со вкусом ванилина;305;3;23;21;0;;
ПРОДУКТ;творожный десерт;130;2.5;6;17;0;;
ПРОДУКТ;творожный сыр зелень;200;5.2;20.4;0;0;;
ПРОДУКТ;творожный сыр экстрамягкий;190;4.5;19;0;0;;
ПРОДУКТ;творожный сырок картошка Пингвиненок Конго;390;7.7;23;38.8;0;;
ПРОДУКТ;творожок 2 слоя черника;135;4.3;4.2;20;0;;
ПРОДУКТ;творожок зерновой;92.3;7.69;2.31;9.23;0;;
ПРОДУКТ;творожок йогурт;125;10;3;2.2;0;;
ПРОДУКТ;тема;91;8.5;4.5;4;0;;
ПРОДУКТ;темный шоколад с клубникой;510;5;31;52;0;;
ПРОДУКТ;теос;68.2;4.5;1.8;8.5;0;;
ПРОДУКТ;теос большой;91.2;7;2;11.3;0;;
ПРОДУКТ;тирамису;235.5;3.2;11.1;30.7;0;;
ПРОДУКТ;том ям с креветками;76;3.1;3.57;7.86;0;;
ПРОДУКТ;тонди;420;4.5;16;65;0;;
ПРОДУКТ;торо наполеон оригинальный;413;5.9;32.7;23.8;0;;
ПРОДУКТ;торт бисквитный Пломбирное счастье;121;1.7;5.1;17;0;;
ПРОДУКТ;торт венский пирог вишня в коньяке;150;1.5;8;16;0;;
ПРОДУКТ;тофу твердый;100;10;5;4;0;;
ПРОДУКТ;тоффи;522;6;28.8;59;0;;
ПРОДУКТ;"три ореха; молочный шоколад фундук в карамели, миндаль и пекан";520;6;34;47;0;;
ПРОДУКТ;триски;97;20;0.8;1.9;0;;
ПРОДУКТ;троекурово котлеты куриные в панировке;220;14;15;8;0;;
ПРОДУКТ;трубочка светлогорье в холодильнике смотка;405;10.1;14.9;57.6;0;;
ПРОДУКТ;трюфель Matnez;607;3.57;46.4;46.4;0;;
ПРОДУКТ;тульский пряник с вареной сгущенкой;380;7;8;69;0;;
ПРОДУКТ;туна острая сажо;141;15.3;3.53;12.9;0;;
ПРОДУКТ;тунец в соусе болоньезе;98.4;8.3;1.6;12.7;0;;
ПРОДУКТ;тутти фрутти;70;2.7;1.5;11.4;0;;
ПРОДУКТ;тёмный шоколад;521;5.5;28;57;0;;
ПРОДУКТ;улитка С Шоколадом;407;5.7;22.6;45.2;0;;
ПРОДУКТ;урбеч из мякоти кокоса;660;13;65;14;0;;
ПРОДУКТ;фамилия диня;181;2.1;7.4;26;0;;
ПРОДУКТ;фансы чупа чупс;370;2.5;2.5;82;0;;
ПРОДУКТ;фанта 0,5;3;0;0;0.5;0;;
ПРОДУКТ;фасоль печеная;151;5;7;17;0;;
ПРОДУКТ;фелата;222;14;16.4;4.5;0;;
ПРОДУКТ;ферма вершки 20;204;2.5;20;3.6;0;;
ПРОДУКТ;фикс маги спагети карбонара 0878;370;14.5;12.9;45.7;0;;
ПРОДУКТ;филе Хека;166.9;12.35;6.7;14.3;0;;
ПРОДУКТ;филейная колбаса вареная;160;9;12;4;0;;
ПРОДУКТ;финик сушенный;100;2.5;0.4;67;0;;
ПРОДУКТ;финики Меджул;277;1.8;0.2;75;0;;
ПРОДУКТ;френч кофе;412.84;0;13.76;73.39;0;;
ПРОДУКТ;фруктовые палочки;303;1.1;0.7;68.8;0;;
ПРОДУКТ;фрутела ассорти;400;1;7;83;0;;
ПРОДУКТ;фрутела крутой микс;330;7.5;0.2;71;0;;
ПРОДУКТ;хайнз майонез;637;1;69;3;0;;
ПРОДУКТ;халва подсолнечная в глазури без сахара;565;10.3;36.5;48.7;0;;
ПРОДУКТ;хелб;287;9.8;4.1;51.7;0;;
ПРОДУКТ;хлеб fazer стройный рецепт;240;5.9;0.9;47.9;0;;
ПРОДУКТ;хлеб «Бабушкин;250;8;1;52;0;;
ПРОДУКТ;хлеб Золотая рожь;260;12;3.5;46;0;;
ПРОДУКТ;хлеб бородино;225.75;6.85;1.13;47.77;0;;
ПРОДУКТ;хлеб дарницкий (нарезка;210;7;1;45;0;;
ПРОДУКТ;хлеб картофельный с луком;269;7.1;4.8;48.3;0;;
ПРОДУКТ;хлеб ржаной дарница;197;6.1;1.2;39.9;0;;
ПРОДУКТ;хлеб рижский с тмином;228;7.1;0.8;48.1;0;;
ПРОДУКТ;хлебобулочные изделия, Сэндвич-лайт, ржаные;240;8;1;50;0;;
ПРОДУКТ;хлебцы гречневые щедрые;568;14;3.5;70;0;;
ПРОДУКТ;хлебцы доктор корнер бородинские смотка;330;12;3;55;0;;
ПРОДУКТ;хлебцы овсяные со льном и кунжутом;253.1;7.9;1.9;51.1;0;;
ПРОДУКТ;хлебцы пшеничные;321;11;1;67;0;;
ПРОДУКТ;хлебцы ржано-пшеничные;334.8;12.3;2.4;66;0;;
ПРОДУКТ;хлебцы ржаные вафельные;367;11.1;3.5;72.6;0;;
ПРОДУКТ;хлебцы ржаные тонкие со льном;330;11;5;63.5;0;;
ПРОДУКТ;хлебцы тонкие бородинские;363;12;3;72;0;;
ПРОДУКТ;хлебцы хрустящие мультиерновые;310;10;2;58;0;;
ПРОДУКТ;хлебцы хрустящие с отрубями;320;9.5;1.4;68;0;;
ПРОДУКТ;хлопья пост;376.67;3.33;1.67;86.67;0;;
ПРОДУКТ;хляб дивана със семена от тиква и слънчоглед;304;12.4;10;38;0;;
ПРОДУКТ;хляб типов с квас Айтос;243;9;0.2;51;0;;
ПРОДУКТ;хрустим стейк;440;9.4;16;61;0;;
ПРОДУКТ;хрустящие отруби пшеничные с гречкой;260;13;4.5;43;0;;
ПРОДУКТ;царь;330;11;2.5;66;0;;
ПРОДУКТ;царь 6 злаков;330;11;2.5;65;0;;
ПРОДУКТ;чебупицца курочка по-италлянски;270;8;13;29;0;;
ПРОДУКТ;чечевица;326;22;2.4;54;0;;
ПРОДУКТ;чечевица продовольственная красная тарелочная;284;24;1.5;52.02;0;;
ПРОДУКТ;чипс-крендель с розмарином;450;10;14;70;0;;
ПРОДУКТ;чипсф;500;6;24;64;0;;
ПРОДУКТ;чипсы брутто карт и морская соль;550;5.5;37;48;0;;
ПРОДУКТ;чипсы из картофеля с морской солью, розовым и чёрным перцем;570;5.5;38;53;0;;
ПРОДУКТ;чипсы кракс в тубе оригинал;520;6;26;62;0;;
ПРОДУКТ;читос кетчуп;500;8;23;63;0;;
ПРОДУКТ;читос сыр большие смотка;490;7.5;22;63;0;;
ПРОДУКТ;шампиньоны быстрозамороженные;38;1;0;8;0;;
ПРОДУКТ;шампиньоны свежие культивируемые охлажденные Гриль;27;4.3;1;0.1;0;;
ПРОДУКТ;шницелл куриный рубленный;170;17;10;3;0;;
ПРОДУКТ;шок.Милка молочный;560;7.33;35.33;50.67;0;;
ПРОДУКТ;шок.кекс(берёзка;474;5.5;25;55;0;;
ПРОДУКТ;шок.конфеты Фигаро 136 г;570;5.5;37;53;0;;
ПРОДУКТ;шоколад o,zera;550;9;46;26;0;;
ПРОДУКТ;шоколад vaverite катеричка млечен 90гр laima;569;11;38;44;0;;
ПРОДУКТ;шоколад Милка с целым орехом;563;8.2;37;47;0;;
ПРОДУКТ;шоколад Россия миндаль изюм смотка;515;6.7;27;58;0;;
ПРОДУКТ;шоколад евро;529;7.2;30;56;0;;
ПРОДУКТ;шоколад мишка на севере с вафлями и миндальной пастой;540;6;32;57;0;;
ПРОДУКТ;шоколад молочный с ореховой начинкой delicadore hazelnut;536;6.8;33;50;0;;
ПРОДУКТ;шоколад спартак с апельсином;520;5.5;30;53;0;;
ПРОДУКТ;шоколад темный на сорбите;560;7;42;40;0;;
ПРОДУКТ;шоколад элитный 75;520;11;36;32;0;;
ПРОДУКТ;шоколадка мерси смотка ореховый крем;502.55;8;34.1;54.5;0;;
ПРОДУКТ;шоколадная;566;8.5;35.7;54;0;;
ПРОДУКТ;шоколадные конфеты из молочного шоколада с цельным лесным орехом;550;6;34;55;0;;
ПРОДУКТ;шпикачки пара может;232;18;28;3;0;;
ПРОДУКТ;шунка от свински бут;95;14;3;3;0;;
ПРОДУКТ;эко ботаника Крекеры с картофелем и зеленью Eco-botanica;450;9;17;63;0;;
ПРОДУКТ;экспо;60;12;0;2.5;0;;
ПРОДУКТ;эмэмдэнс жёлтый 145гр;501;9.5;24.6;58.7;0;;
ПРОДУКТ;эпика;120;5.7;4.8;13.4;0;;
ПРОДУКТ;эрмигурт молочный;90;2.8;2.5;13.8;0;;
ПРОДУКТ;эсса 0 кокос;25;0;0;4.5;0;;
ПРОДУКТ;юбилейное;480;7;21;65;0;;
ПРОДУКТ;я люблю готовить. провансаль;620;0.5;67;3.2;0;;
ПРОДУКТ;яблоко, абрикос и сливки;67;0.5;1;14;0;;
ПРОДУКТ;ягодно-ореховый батончик;316;7;16;36;0;;
ПРОДУКТ;ядра орехов миндаля;280;11;36;26;0;;
ПРОДУКТ;яйца;144;12.7;10;0.7;0;;
ПРОДУКТ;яйца , категория А;158;13;12;1;0;;
ПРОДУКТ;яйца куриные пищевые;164;13;12;1;0;;
ПРОДУКТ;яйца куриные пищевые С-1;145.7;12.1;10.5;0.7;0;;
ПРОДУКТ;яйца куриные пищевые цветные столовые 1-й категории (С1;165;13;12.6;1;0;;
ПРОДУКТ;яйцо белое;155;14;11;0;0;;
ПРОДУКТ;яйцо куриное пищевое первой категории деревенское с1;157;12.7;11.5;0.7;0;;
ПРОДУКТ;японски рулца;84;8;1.9;8.7;0;;
ПРОДУКТ;яшкино кураман шоколадный;430;6.5;21;53;0;;
ПРОДУКТ;яшкино овсяное печенье;450;5.5;18;67;0;;
ПРОДУКТ;яшкино печенье с вишней смотка;380;3.5;9;70;0;;
ПРОДУКТ;نستله مليكا Triple Choco Cocoa;521;6;30;56;0;;
ПРОДУКТ;신라인 Strawberry;139.71;1.32;4.56;23.68;0;;
